user_id,embedding_row
13,0
36,1
193,2
268,3
688,4
822,5
1759,6
2032,7
2694,8
2916,9
3035,10
3841,11
4002,12
4297,13
4810,14
4955,15
5281,16
5933,17
6345,18
6351,19
6385,20
6783,21
6969,22
7303,23
7861,24
8338,25
8706,26
8741,27
8806,28
9482,29
9832,30
9865,31
10438,32
10571,33
10766,34
10967,35
10999,36
12036,37
12243,38
12381,39
13950,40
14351,41
14559,42
14892,43
14908,44
15350,45
15425,46
15745,47
16085,48
16289,49
16496,50
16904,51
17086,52
17453,53
18419,54
18600,55
18716,56
18809,57
19120,58
19173,59
19315,60
19341,61
19351,62
19621,63
19713,64
19878,65
19935,66
19946,67
20012,68
20019,69
20491,70
20511,71
20542,72
21179,73
21330,74
21513,75
21624,76
21671,77
21960,78
22046,79
22724,80
22917,81
23106,82
23511,83
24052,84
24603,85
24629,86
25397,87
27085,88
27753,89
28028,90
28257,91
28736,92
28936,93
29154,94
29603,95
29729,96
31023,97
31504,98
31637,99
33153,100
33388,101
33483,102
33527,103
33612,104
33848,105
34045,106
34354,107
34418,108
34435,109
35568,110
35666,111
35748,112
35788,113
36022,114
36183,115
36280,116
36318,117
36484,118
36896,119
37265,120
38058,121
38471,122
38909,123
39083,124
40831,125
41541,126
41659,127
42327,128
42333,129
42560,130
42919,131
43195,132
43543,133
44702,134
44738,135
45076,136
45085,137
45811,138
45890,139
46108,140
46119,141
46501,142
46549,143
46671,144
47061,145
47528,146
47702,147
48112,148
48246,149
48567,150
48591,151
48804,152
48812,153
49071,154
49689,155
50208,156
50340,157
50560,158
51645,159
51649,160
52400,161
52403,162
53666,163
53957,164
54005,165
54068,166
54343,167
54416,168
54485,169
54560,170
54876,171
55738,172
55794,173
56014,174
56074,175
56353,176
56737,177
57018,178
57074,179
57121,180
57263,181
57523,182
57737,183
57893,184
58111,185
58502,186
59332,187
59749,188
60061,189
60184,190
60638,191
60737,192
60864,193
61003,194
61105,195
61169,196
61237,197
61243,198
61372,199
61855,200
62364,201
62414,202
62519,203
62664,204
62977,205
63187,206
63293,207
63653,208
64203,209
64402,210
65064,211
65522,212
65538,213
65840,214
66049,215
66424,216
66659,217
66712,218
66852,219
67325,220
67368,221
67423,222
68037,223
68431,224
68456,225
68596,226
68797,227
68863,228
68875,229
69216,230
69306,231
69363,232
69459,233
69607,234
70246,235
71103,236
71559,237
72069,238
72691,239
73442,240
73461,241
73527,242
73570,243
73984,244
74088,245
74133,246
75052,247
75642,248
75701,249
76058,250
76072,251
76345,252
76577,253
76583,254
76813,255
77193,256
77253,257
77343,258
77523,259
77713,260
77871,261
78198,262
78402,263
79185,264
79463,265
80653,266
80784,267
81069,268
81339,269
81478,270
81623,271
82022,272
82562,273
82592,274
82625,275
83233,276
83385,277
83696,278
83931,279
84513,280
85178,281
85235,282
85308,283
85731,284
85824,285
85979,286
85999,287
86201,288
87090,289
87445,290
87491,291
87566,292
88065,293
88580,294
88630,295
88670,296
88690,297
88772,298
89005,299
89072,300
89135,301
89306,302
89526,303
89585,304
89589,305
89851,306
89969,307
90413,308
90549,309
90563,310
90624,311
90914,312
91411,313
91461,314
91867,315
91887,316
91951,317
91997,318
92815,319
93248,320
93366,321
93554,322
94527,323
94855,324
94990,325
95249,326
95873,327
95925,328
96050,329
96665,330
96822,331
97015,332
97039,333
97331,334
97791,335
97997,336
98080,337
98199,338
98487,339
98604,340
98954,341
99020,342
99330,343
99761,344
100181,345
100765,346
101039,347
101263,348
101404,349
101464,350
101538,351
101614,352
101781,353
101910,354
102259,355
102282,356
103623,357
103832,358
104345,359
104357,360
104681,361
105033,362
105526,363
105540,364
106201,365
106607,366
107891,367
107947,368
107951,369
108754,370
108967,371
109129,372
109408,373
109857,374
111406,375
111602,376
111675,377
112295,378
113377,379
113435,380
113455,381
113467,382
113851,383
114832,384
115324,385
115540,386
115597,387
115641,388
115669,389
115732,390
116074,391
116238,392
116589,393
116824,394
117163,395
117867,396
118418,397
118578,398
119078,399
119691,400
119784,401
120937,402
120998,403
121071,404
121764,405
121968,406
122395,407
122729,408
123228,409
123953,410
124099,411
124234,412
124510,413
124804,414
125348,415
126077,416
126231,417
127265,418
127387,419
127475,420
127857,421
127962,422
127963,423
128501,424
128678,425
128948,426
129104,427
129677,428
130116,429
130458,430
131597,431
131622,432
132526,433
133010,434
133244,435
133370,436
133382,437
133544,438
133902,439
135503,440
135661,441
136097,442
136310,443
136377,444
136457,445
136482,446
137200,447
137611,448
137716,449
137939,450
138761,451
138880,452
139128,453
139505,454
139603,455
139705,456
139911,457
140113,458
140413,459
140643,460
140833,461
140931,462
141146,463
141177,464
141538,465
141810,466
142661,467
142767,468
142881,469
142923,470
143118,471
143493,472
144125,473
144524,474
144984,475
145819,476
145876,477
146908,478
147280,479
147511,480
147595,481
147689,482
148134,483
148796,484
149064,485
149209,486
149560,487
149970,488
150529,489
151023,490
151334,491
151670,492
151758,493
152202,494
152311,495
152368,496
152508,497
152812,498
153018,499
153764,500
153810,501
154390,502
154698,503
154900,504
155086,505
155754,506
155817,507
155909,508
156030,509
156221,510
156402,511
156890,512
157126,513
158001,514
158146,515
158171,516
158520,517
159243,518
159366,519
159773,520
159848,521
159907,522
160053,523
160251,524
161172,525
161280,526
161395,527
161597,528
161635,529
161972,530
162017,531
162318,532
162779,533
163558,534
163828,535
164207,536
164849,537
165135,538
165263,539
165685,540
166311,541
166785,542
166807,543
167185,544
167354,545
167461,546
167952,547
168313,548
168346,549
168367,550
168857,551
169592,552
169739,553
169759,554
169850,555
169910,556
170073,557
170159,558
170474,559
170667,560
170718,561
171069,562
171363,563
171574,564
172013,565
172242,566
172521,567
172754,568
172920,569
172929,570
173028,571
173679,572
174077,573
174468,574
174474,575
174818,576
174835,577
175224,578
175340,579
175409,580
176049,581
176427,582
176924,583
177557,584
177676,585
177800,586
178439,587
178514,588
178651,589
179378,590
179643,591
179735,592
179964,593
180542,594
180557,595
180718,596
181266,597
181341,598
181522,599
182088,600
182999,601
184607,602
184664,603
184735,604
184844,605
185628,606
185908,607
186751,608
186814,609
187279,610
187682,611
188159,612
188727,613
188911,614
189330,615
189420,616
189469,617
189939,618
190222,619
190234,620
190541,621
191364,622
191536,623
191548,624
191813,625
192391,626
192672,627
192686,628
192792,629
193159,630
193714,631
194105,632
194279,633
194877,634
195214,635
196016,636
196414,637
196439,638
196521,639
196752,640
196921,641
197313,642
197370,643
197545,644
197744,645
197788,646
198170,647
198774,648
199291,649
199312,650
199804,651
200133,652
200627,653
201243,654
202140,655
202281,656
202362,657
202450,658
202471,659
202853,660
202881,661
202993,662
203262,663
205103,664
205417,665
206022,666
206265,667
207109,668
207550,669
207750,670
208049,671
208459,672
208631,673
208790,674
209151,675
210308,676
210563,677
211908,678
212083,679
212140,680
212324,681
212627,682
213487,683
213555,684
214366,685
214546,686
215581,687
216019,688
216152,689
216680,690
216952,691
217377,692
217486,693
217882,694
218006,695
218033,696
218228,697
218533,698
218536,699
219456,700
219980,701
220198,702
220253,703
220707,704
221017,705
221209,706
221259,707
221361,708
221525,709
221540,710
222209,711
222458,712
222460,713
222807,714
222867,715
223121,716
223178,717
223742,718
224210,719
224294,720
224351,721
224565,722
224601,723
225041,724
225046,725
226005,726
226126,727
226538,728
226769,729
226777,730
226937,731
226938,732
227142,733
227945,734
228106,735
228128,736
228692,737
228838,738
228841,739
229151,740
229226,741
229264,742
229635,743
229825,744
230570,745
230580,746
231399,747
231625,748
232873,749
232921,750
233008,751
233399,752
233430,753
234058,754
234091,755
234570,756
235076,757
235082,758
235345,759
235357,760
235731,761
235816,762
236388,763
236467,764
236468,765
236711,766
237203,767
237390,768
237559,769
237692,770
238014,771
238180,772
238188,773
238417,774
238598,775
238653,776
239762,777
240051,778
240370,779
240524,780
240615,781
241139,782
241318,783
241627,784
241886,785
241923,786
242953,787
243075,788
243486,789
243546,790
243671,791
243749,792
243999,793
244209,794
244476,795
244936,796
244955,797
245316,798
246103,799
247273,800
247327,801
247403,802
247628,803
248051,804
249000,805
250581,806
250778,807
251092,808
251793,809
251883,810
251908,811
252111,812
252351,813
252364,814
252462,815
252530,816
252863,817
253190,818
253244,819
253347,820
254504,821
254901,822
255239,823
255352,824
255744,825
255942,826
256068,827
256157,828
256190,829
256530,830
256990,831
257278,832
257848,833
258429,834
258547,835
258975,836
259103,837
259479,838
259690,839
259700,840
260005,841
260047,842
260422,843
260720,844
261179,845
261488,846
261716,847
262299,848
262824,849
262866,850
262966,851
263071,852
263250,853
263505,854
263725,855
263938,856
264007,857
264127,858
264376,859
264385,860
264986,861
265086,862
265339,863
266692,864
267428,865
267998,866
268822,867
268861,868
269030,869
269514,870
269653,871
269974,872
269987,873
270190,874
270271,875
270383,876
270877,877
271245,878
271742,879
271945,880
273917,881
274397,882
274569,883
274605,884
274748,885
275440,886
275634,887
275734,888
276817,889
276858,890
277229,891
277269,892
277350,893
278429,894
278524,895
279114,896
279371,897
279576,898
279646,899
280181,900
280203,901
282062,902
282146,903
282379,904
282609,905
282943,906
282966,907
283030,908
283083,909
284261,910
284571,911
284978,912
285447,913
285626,914
285641,915
285985,916
286038,917
286122,918
286180,919
286285,920
287187,921
287419,922
288086,923
288458,924
288465,925
288861,926
288969,927
289655,928
289782,929
291011,930
291145,931
291201,932
291344,933
291450,934
291485,935
291647,936
292334,937
292660,938
292919,939
292961,940
293769,941
295507,942
296721,943
297482,944
297498,945
297675,946
298170,947
298251,948
298558,949
298871,950
299076,951
299140,952
299345,953
299657,954
300149,955
300482,956
300547,957
301400,958
301620,959
302280,960
302487,961
304091,962
304706,963
305188,964
305462,965
305746,966
305887,967
306220,968
306864,969
307016,970
307121,971
307742,972
308043,973
308098,974
308445,975
308677,976
309280,977
310980,978
311159,979
311289,980
311618,981
312086,982
312587,983
312876,984
313419,985
313580,986
313595,987
314136,988
314437,989
314531,990
314719,991
315037,992
315585,993
315695,994
315926,995
316423,996
316864,997
317387,998
317873,999
318663,1000
318994,1001
319484,1002
320561,1003
320614,1004
321045,1005
321202,1006
321634,1007
321980,1008
322404,1009
322769,1010
323377,1011
324884,1012
325185,1013
325254,1014
325459,1015
325522,1016
325836,1017
326343,1018
326684,1019
326924,1020
327328,1021
327833,1022
327911,1023
328031,1024
328327,1025
328416,1026
328632,1027
328838,1028
329035,1029
329767,1030
330113,1031
330498,1032
330891,1033
331386,1034
331560,1035
331938,1036
331945,1037
331963,1038
332325,1039
332385,1040
332469,1041
332684,1042
332923,1043
333652,1044
333960,1045
334092,1046
334141,1047
334633,1048
334811,1049
335238,1050
335466,1051
335537,1052
335702,1053
336625,1054
337280,1055
337342,1056
337853,1057
337904,1058
338162,1059
338370,1060
338534,1061
338720,1062
339037,1063
339368,1064
339388,1065
340042,1066
340054,1067
341179,1068
341198,1069
341202,1070
341353,1071
341590,1072
341683,1073
342758,1074
343323,1075
344643,1076
344805,1077
344928,1078
345793,1079
347199,1080
347692,1081
347977,1082
348077,1083
348152,1084
348448,1085
348867,1086
349607,1087
350086,1088
350468,1089
350470,1090
350506,1091
350597,1092
350711,1093
350783,1094
351555,1095
352107,1096
352186,1097
352265,1098
352270,1099
352271,1100
352308,1101
352610,1102
352717,1103
353050,1104
353364,1105
353569,1106
354164,1107
354656,1108
354682,1109
355092,1110
355885,1111
355996,1112
357656,1113
357734,1114
358040,1115
358085,1116
358172,1117
358443,1118
358594,1119
358912,1120
358951,1121
358952,1122
359533,1123
359540,1124
359784,1125
359869,1126
360122,1127
361389,1128
361515,1129
361934,1130
362043,1131
362068,1132
362103,1133
362518,1134
362688,1135
362821,1136
363042,1137
363697,1138
363711,1139
363781,1140
363865,1141
363926,1142
364260,1143
364422,1144
364448,1145
364574,1146
365272,1147
365426,1148
365607,1149
365646,1150
365776,1151
365793,1152
366127,1153
366586,1154
366972,1155
367079,1156
367993,1157
368190,1158
368449,1159
368565,1160
368695,1161
369911,1162
370503,1163
371035,1164
371150,1165
371230,1166
371591,1167
371765,1168
371852,1169
371865,1170
372063,1171
372395,1172
372938,1173
373236,1174
373466,1175
373868,1176
374268,1177
374681,1178
375120,1179
375206,1180
375388,1181
375593,1182
375837,1183
376206,1184
376600,1185
376814,1186
376907,1187
376960,1188
377111,1189
377694,1190
377848,1191
378360,1192
378387,1193
378403,1194
378708,1195
378945,1196
379444,1197
380031,1198
380134,1199
380410,1200
380417,1201
380650,1202
380772,1203
380949,1204
381213,1205
381281,1206
381452,1207
381492,1208
382108,1209
382297,1210
382893,1211
383290,1212
383604,1213
383640,1214
384086,1215
384234,1216
384974,1217
385035,1218
385037,1219
386138,1220
386177,1221
386203,1222
386276,1223
386876,1224
387194,1225
387389,1226
387642,1227
387679,1228
387840,1229
388673,1230
388700,1231
389303,1232
389341,1233
389560,1234
389721,1235
390264,1236
390406,1237
390982,1238
391008,1239
391062,1240
391126,1241
392576,1242
394265,1243
394603,1244
394704,1245
395008,1246
395132,1247
395173,1248
395687,1249
395898,1250
396373,1251
396420,1252
397882,1253
398973,1254
399587,1255
399706,1256
400462,1257
400839,1258
401408,1259
401467,1260
401475,1261
402270,1262
402310,1263
402381,1264
402693,1265
402770,1266
403168,1267
403366,1268
404440,1269
405378,1270
405584,1271
405711,1272
405872,1273
406481,1274
407128,1275
407185,1276
407502,1277
407544,1278
408150,1279
408207,1280
408314,1281
408429,1282
408486,1283
408731,1284
408847,1285
408964,1286
409587,1287
409927,1288
410004,1289
410333,1290
410736,1291
411152,1292
411334,1293
411471,1294
411576,1295
411684,1296
411737,1297
411910,1298
412110,1299
412198,1300
412400,1301
413751,1302
413857,1303
413985,1304
414338,1305
415034,1306
415051,1307
415852,1308
416084,1309
416111,1310
416292,1311
416371,1312
416996,1313
416997,1314
418322,1315
418652,1316
419390,1317
419618,1318
419825,1319
420062,1320
420227,1321
420423,1322
420823,1323
420947,1324
421471,1325
422083,1326
422110,1327
422452,1328
423380,1329
423696,1330
423836,1331
424020,1332
424537,1333
424833,1334
425153,1335
425578,1336
425855,1337
426675,1338
426990,1339
427154,1340
427329,1341
427515,1342
427926,1343
427957,1344
428438,1345
428675,1346
428780,1347
428866,1348
428966,1349
429030,1350
429180,1351
430243,1352
430404,1353
430497,1354
430551,1355
430585,1356
430759,1357
430809,1358
431110,1359
431168,1360
431522,1361
431792,1362
432183,1363
432374,1364
432758,1365
433465,1366
433704,1367
433819,1368
434626,1369
434668,1370
435140,1371
435203,1372
435659,1373
435745,1374
436565,1375
436695,1376
436972,1377
437779,1378
437840,1379
437881,1380
438044,1381
438073,1382
438696,1383
439139,1384
440178,1385
440770,1386
440905,1387
441071,1388
441381,1389
441712,1390
441967,1391
442289,1392
442500,1393
442998,1394
443193,1395
443502,1396
444066,1397
444644,1398
444767,1399
445098,1400
445689,1401
446312,1402
446352,1403
446354,1404
446593,1405
446740,1406
448591,1407
448898,1408
449232,1409
450310,1410
450762,1411
450800,1412
451037,1413
451828,1414
451847,1415
451895,1416
452239,1417
452810,1418
452834,1419
452942,1420
453703,1421
453877,1422
454752,1423
455329,1424
455658,1425
455964,1426
456484,1427
456743,1428
457526,1429
457937,1430
458514,1431
458537,1432
458543,1433
459013,1434
459209,1435
459416,1436
459505,1437
459585,1438
459851,1439
460442,1440
462174,1441
462505,1442
462787,1443
462910,1444
463987,1445
464016,1446
464706,1447
464762,1448
464982,1449
465653,1450
465706,1451
466050,1452
466058,1453
466278,1454
467259,1455
467498,1456
467898,1457
468360,1458
468389,1459
469572,1460
470105,1461
470263,1462
470304,1463
470566,1464
470895,1465
471256,1466
471585,1467
472147,1468
472212,1469
472531,1470
473165,1471
473810,1472
473821,1473
474225,1474
474590,1475
474597,1476
474681,1477
475020,1478
475321,1479
475496,1480
475859,1481
475882,1482
476931,1483
476951,1484
477167,1485
477292,1486
478703,1487
478958,1488
479199,1489
479400,1490
479407,1491
479541,1492
480775,1493
481194,1494
481602,1495
482038,1496
482421,1497
482456,1498
483182,1499
483208,1500
483376,1501
483774,1502
483982,1503
484283,1504
484864,1505
484933,1506
485424,1507
485508,1508
485513,1509
485530,1510
486245,1511
486257,1512
486594,1513
486751,1514
487160,1515
487362,1516
487598,1517
488512,1518
488933,1519
488961,1520
488969,1521
489100,1522
489103,1523
489437,1524
489626,1525
490225,1526
490583,1527
490681,1528
491497,1529
491873,1530
491951,1531
492394,1532
492442,1533
492567,1534
492951,1535
493157,1536
493209,1537
493536,1538
493694,1539
493948,1540
494063,1541
494246,1542
495374,1543
495659,1544
495660,1545
496586,1546
497257,1547
497441,1548
498015,1549
498175,1550
498233,1551
498242,1552
498467,1553
498656,1554
498785,1555
499231,1556
499311,1557
499599,1558
499984,1559
500613,1560
500826,1561
500914,1562
501133,1563
502311,1564
502787,1565
502861,1566
503134,1567
503382,1568
503594,1569
503692,1570
503732,1571
503739,1572
503842,1573
503946,1574
504003,1575
504010,1576
504183,1577
504248,1578
504268,1579
504954,1580
504978,1581
505322,1582
505393,1583
505461,1584
506555,1585
506649,1586
507973,1587
508143,1588
509549,1589
509607,1590
510026,1591
510158,1592
510411,1593
510570,1594
510977,1595
511125,1596
511130,1597
511265,1598
511432,1599
511549,1600
511640,1601
511646,1602
512134,1603
512317,1604
512987,1605
513521,1606
513890,1607
514078,1608
514187,1609
514414,1610
514525,1611
515237,1612
516062,1613
517917,1614
518652,1615
518988,1616
519377,1617
520171,1618
520480,1619
520791,1620
521540,1621
521939,1622
522487,1623
522905,1624
523112,1625
523833,1626
525140,1627
525303,1628
525384,1629
526624,1630
526844,1631
526910,1632
526957,1633
527383,1634
527544,1635
527975,1636
528492,1637
528931,1638
529169,1639
529174,1640
530662,1641
530742,1642
530937,1643
531029,1644
531299,1645
531847,1646
532363,1647
532602,1648
532710,1649
532896,1650
532954,1651
533733,1652
533930,1653
534339,1654
534409,1655
534472,1656
534941,1657
535207,1658
536197,1659
536411,1660
536427,1661
536597,1662
536733,1663
537312,1664
537806,1665
538115,1666
538502,1667
538818,1668
538844,1669
539280,1670
539499,1671
540430,1672
540478,1673
540806,1674
541080,1675
541779,1676
542072,1677
542463,1678
542678,1679
542756,1680
542873,1681
543650,1682
543996,1683
544241,1684
545040,1685
545147,1686
545432,1687
545754,1688
545851,1689
546733,1690
546775,1691
547042,1692
547616,1693
548813,1694
548894,1695
549266,1696
549397,1697
549977,1698
549992,1699
550072,1700
550159,1701
550239,1702
550360,1703
550396,1704
550750,1705
550992,1706
551295,1707
551756,1708
552063,1709
552464,1710
552493,1711
552772,1712
552895,1713
553003,1714
553309,1715
553629,1716
554535,1717
554586,1718
554775,1719
555084,1720
556040,1721
556451,1722
556595,1723
556763,1724
557071,1725
557266,1726
557350,1727
557996,1728
558157,1729
558312,1730
558402,1731
558840,1732
558846,1733
558917,1734
559395,1735
559701,1736
560578,1737
560617,1738
561353,1739
561916,1740
562139,1741
562242,1742
562781,1743
562846,1744
562891,1745
562993,1746
563554,1747
563690,1748
563867,1749
564382,1750
564659,1751
564678,1752
565753,1753
566067,1754
566614,1755
566635,1756
567059,1757
567150,1758
567307,1759
567314,1760
567392,1761
567673,1762
567970,1763
568020,1764
568311,1765
568970,1766
569175,1767
569197,1768
569427,1769
569503,1770
569638,1771
569802,1772
569966,1773
570140,1774
570687,1775
570726,1776
571258,1777
571388,1778
571411,1779
571674,1780
571911,1781
571941,1782
572050,1783
572060,1784
572100,1785
572373,1786
572896,1787
572964,1788
573082,1789
573191,1790
573193,1791
573216,1792
573253,1793
573307,1794
573733,1795
574106,1796
574441,1797
574542,1798
574590,1799
574771,1800
576455,1801
576939,1802
577020,1803
577388,1804
577692,1805
578202,1806
578259,1807
578292,1808
578502,1809
578613,1810
578714,1811
579704,1812
580379,1813
580394,1814
580893,1815
581229,1816
581467,1817
581525,1818
581885,1819
582181,1820
582588,1821
582714,1822
583190,1823
583531,1824
583624,1825
583768,1826
584090,1827
584201,1828
584779,1829
585011,1830
585121,1831
585700,1832
586023,1833
586472,1834
587838,1835
587979,1836
588203,1837
588525,1838
589034,1839
589070,1840
589100,1841
589232,1842
589726,1843
590230,1844
590276,1845
590320,1846
590727,1847
590945,1848
591084,1849
591141,1850
591345,1851
591599,1852
591848,1853
591950,1854
592395,1855
593016,1856
593189,1857
593209,1858
593267,1859
593750,1860
594739,1861
594860,1862
595102,1863
595120,1864
595582,1865
595947,1866
596148,1867
596267,1868
596575,1869
596711,1870
597118,1871
597164,1872
597334,1873
597518,1874
598778,1875
598840,1876
598863,1877
599319,1878
599901,1879
599929,1880
600138,1881
601174,1882
601229,1883
601345,1884
601453,1885
601913,1886
602221,1887
603170,1888
603331,1889
603518,1890
603848,1891
604110,1892
604425,1893
604492,1894
604502,1895
605196,1896
605563,1897
605817,1898
605977,1899
606382,1900
606810,1901
607425,1902
607895,1903
607910,1904
608031,1905
608403,1906
608491,1907
609152,1908
609205,1909
609938,1910
609975,1911
610154,1912
610256,1913
610379,1914
611089,1915
611396,1916
611787,1917
612035,1918
612519,1919
613696,1920
614031,1921
614068,1922
614129,1923
614614,1924
616091,1925
616101,1926
616306,1927
616428,1928
616595,1929
617014,1930
617889,1931
618186,1932
618242,1933
618305,1934
618625,1935
620140,1936
620290,1937
620700,1938
621058,1939
621396,1940
621461,1941
621926,1942
622186,1943
622315,1944
622390,1945
622753,1946
622835,1947
623347,1948
623494,1949
623607,1950
623857,1951
623951,1952
624369,1953
624560,1954
625303,1955
625495,1956
626163,1957
626180,1958
626370,1959
626412,1960
626630,1961
626678,1962
627666,1963
627842,1964
628001,1965
628072,1966
628137,1967
628167,1968
628379,1969
628542,1970
629151,1971
629465,1972
629569,1973
629703,1974
629757,1975
629884,1976
630008,1977
630285,1978
630833,1979
630879,1980
630936,1981
630947,1982
631185,1983
631471,1984
631503,1985
632100,1986
632167,1987
632366,1988
632914,1989
633418,1990
633743,1991
633796,1992
633857,1993
633911,1994
634231,1995
634847,1996
635094,1997
635209,1998
635645,1999
635684,2000
635791,2001
635830,2002
636271,2003
636783,2004
637183,2005
637254,2006
637269,2007
637750,2008
637865,2009
638849,2010
639051,2011
639202,2012
639350,2013
639427,2014
639795,2015
639963,2016
640872,2017
640975,2018
641918,2019
642274,2020
642332,2021
642620,2022
642904,2023
643385,2024
644028,2025
644194,2026
644559,2027
644759,2028
645322,2029
645627,2030
646080,2031
648165,2032
648318,2033
648675,2034
648718,2035
649556,2036
649643,2037
650172,2038
650402,2039
650752,2040
650780,2041
651103,2042
651186,2043
651543,2044
652142,2045
652219,2046
652676,2047
652731,2048
652878,2049
653238,2050
653299,2051
653310,2052
653433,2053
654004,2054
654734,2055
654785,2056
654994,2057
655108,2058
656070,2059
656318,2060
656785,2061
657590,2062
657600,2063
657707,2064
657802,2065
657862,2066
658084,2067
658702,2068
658730,2069
658751,2070
658798,2071
658809,2072
658962,2073
659269,2074
659565,2075
659720,2076
660267,2077
660312,2078
660361,2079
660372,2080
660943,2081
661462,2082
661734,2083
661740,2084
662506,2085
663272,2086
663570,2087
663629,2088
663677,2089
663816,2090
665019,2091
665340,2092
665718,2093
665766,2094
665935,2095
666427,2096
666763,2097
666881,2098
668946,2099
669019,2100
670079,2101
670855,2102
671046,2103
672253,2104
672556,2105
672832,2106
672857,2107
672950,2108
673149,2109
673339,2110
673494,2111
673581,2112
674628,2113
674637,2114
674641,2115
675267,2116
675819,2117
676979,2118
677000,2119
677492,2120
678372,2121
679097,2122
679121,2123
679254,2124
679378,2125
680324,2126
680505,2127
680699,2128
680832,2129
680958,2130
681174,2131
681275,2132
682561,2133
682704,2134
682839,2135
682864,2136
682912,2137
683556,2138
683683,2139
684105,2140
684236,2141
684263,2142
684277,2143
684326,2144
684527,2145
684657,2146
685466,2147
685906,2148
686213,2149
686267,2150
686957,2151
687099,2152
688145,2153
688439,2154
688837,2155
689191,2156
689399,2157
690327,2158
690541,2159
690930,2160
691497,2161
692121,2162
692809,2163
692887,2164
693213,2165
693837,2166
694438,2167
694509,2168
694569,2169
694628,2170
694640,2171
695895,2172
696048,2173
696635,2174
696641,2175
698016,2176
698264,2177
698307,2178
698408,2179
698446,2180
698609,2181
699009,2182
699223,2183
699264,2184
699388,2185
699897,2186
700938,2187
700975,2188
701064,2189
701576,2190
701694,2191
702389,2192
702420,2193
703017,2194
703096,2195
703690,2196
703922,2197
704433,2198
704574,2199
704617,2200
705225,2201
705337,2202
705672,2203
705900,2204
706064,2205
706227,2206
706374,2207
706478,2208
706851,2209
706876,2210
706945,2211
707357,2212
708186,2213
709158,2214
709412,2215
709831,2216
710280,2217
710709,2218
710755,2219
710862,2220
710894,2221
711526,2222
711894,2223
712002,2224
712138,2225
712169,2226
712236,2227
712696,2228
712709,2229
712946,2230
713129,2231
713164,2232
713475,2233
713645,2234
713801,2235
714483,2236
714497,2237
714739,2238
714763,2239
714909,2240
715505,2241
716124,2242
716319,2243
717493,2244
717738,2245
718244,2246
718302,2247
718353,2248
718674,2249
718794,2250
719106,2251
719634,2252
719775,2253
719878,2254
720318,2255
720432,2256
720945,2257
720961,2258
721361,2259
721853,2260
722655,2261
723022,2262
723244,2263
723327,2264
723800,2265
724567,2266
724622,2267
724668,2268
724792,2269
725000,2270
725556,2271
726126,2272
726326,2273
726799,2274
727156,2275
727519,2276
727897,2277
728113,2278
729095,2279
729334,2280
730066,2281
730425,2282
730738,2283
730844,2284
730891,2285
731223,2286
731431,2287
731674,2288
731875,2289
733152,2290
733308,2291
733354,2292
733722,2293
733894,2294
734010,2295
734035,2296
734517,2297
734579,2298
734952,2299
736066,2300
736297,2301
736356,2302
736624,2303
736942,2304
737000,2305
737286,2306
738362,2307
738640,2308
738851,2309
739081,2310
739477,2311
739725,2312
739896,2313
739965,2314
740274,2315
740659,2316
740951,2317
741097,2318
741617,2319
742024,2320
742941,2321
743582,2322
744125,2323
744500,2324
745018,2325
746183,2326
746332,2327
746591,2328
746814,2329
747235,2330
747802,2331
748412,2332
748595,2333
748804,2334
749750,2335
750427,2336
751032,2337
751074,2338
751129,2339
751389,2340
751567,2341
751785,2342
752098,2343
752232,2344
753346,2345
753427,2346
753570,2347
753646,2348
754004,2349
754679,2350
754895,2351
755225,2352
755328,2353
755345,2354
755720,2355
756103,2356
756277,2357
756279,2358
756698,2359
756860,2360
757455,2361
757490,2362
757962,2363
758049,2364
758087,2365
758326,2366
758771,2367
758850,2368
759385,2369
759781,2370
760005,2371
760050,2372
760062,2373
760491,2374
760878,2375
761050,2376
761182,2377
761822,2378
762236,2379
762284,2380
762723,2381
762921,2382
762984,2383
763112,2384
763154,2385
764373,2386
764592,2387
765162,2388
765617,2389
765625,2390
766491,2391
766592,2392
767106,2393
767647,2394
767758,2395
767928,2396
768328,2397
768554,2398
768737,2399
769019,2400
769392,2401
770717,2402
772263,2403
772996,2404
773055,2405
773089,2406
773122,2407
774240,2408
774254,2409
774610,2410
775601,2411
775614,2412
776078,2413
776277,2414
776306,2415
776356,2416
776607,2417
776617,2418
777566,2419
777914,2420
778565,2421
778875,2422
779067,2423
780146,2424
780232,2425
780835,2426
780852,2427
780904,2428
781233,2429
781718,2430
781774,2431
782410,2432
783028,2433
783127,2434
784646,2435
784965,2436
785211,2437
785723,2438
786662,2439
786875,2440
786953,2441
787378,2442
787393,2443
788107,2444
788746,2445
789521,2446
789748,2447
790101,2448
790129,2449
791001,2450
791338,2451
791633,2452
792894,2453
793466,2454
793636,2455
794001,2456
794660,2457
795141,2458
795466,2459
795468,2460
795490,2461
796032,2462
796185,2463
796457,2464
796463,2465
796996,2466
798082,2467
798276,2468
798479,2469
798532,2470
798975,2471
799238,2472
799485,2473
799947,2474
799969,2475
800232,2476
800460,2477
800465,2478
800600,2479
800618,2480
801126,2481
801192,2482
801253,2483
802259,2484
802654,2485
802716,2486
802998,2487
803254,2488
803305,2489
803572,2490
804476,2491
804746,2492
804927,2493
805031,2494
805153,2495
805172,2496
805469,2497
806336,2498
807146,2499
807748,2500
808592,2501
808799,2502
809609,2503
810004,2504
810233,2505
810442,2506
810861,2507
811366,2508
811606,2509
812290,2510
813441,2511
813608,2512
813691,2513
813866,2514
814209,2515
814331,2516
814515,2517
814602,2518
814680,2519
815326,2520
815381,2521
815425,2522
815446,2523
816608,2524
817329,2525
817407,2526
817457,2527
817707,2528
818138,2529
818437,2530
818957,2531
819048,2532
819730,2533
819737,2534
820398,2535
820445,2536
820620,2537
820894,2538
821072,2539
821606,2540
822042,2541
822048,2542
822063,2543
822189,2544
822240,2545
822295,2546
823112,2547
823298,2548
824032,2549
824475,2550
824810,2551
825067,2552
825316,2553
825750,2554
826341,2555
827181,2556
827272,2557
827740,2558
827790,2559
828223,2560
828360,2561
828549,2562
828587,2563
828653,2564
828694,2565
829138,2566
829355,2567
829956,2568
829987,2569
830681,2570
830760,2571
831128,2572
832269,2573
832426,2574
832444,2575
832523,2576
832534,2577
832900,2578
833052,2579
833336,2580
833676,2581
833691,2582
833828,2583
834388,2584
834850,2585
834960,2586
835040,2587
835598,2588
835840,2589
836003,2590
836185,2591
836317,2592
836437,2593
836526,2594
836875,2595
837121,2596
838270,2597
839303,2598
839822,2599
840201,2600
840220,2601
840621,2602
840742,2603
841352,2604
841762,2605
841849,2606
842088,2607
842207,2608
842299,2609
842617,2610
842887,2611
843534,2612
843596,2613
843640,2614
843865,2615
844643,2616
844675,2617
844760,2618
845179,2619
845425,2620
845691,2621
845969,2622
846144,2623
846184,2624
846205,2625
846422,2626
846637,2627
846655,2628
847122,2629
847250,2630
847340,2631
848025,2632
848648,2633
849106,2634
849395,2635
849417,2636
850130,2637
850259,2638
850334,2639
850636,2640
851516,2641
851808,2642
851849,2643
851861,2644
851995,2645
852773,2646
853244,2647
853298,2648
853420,2649
853561,2650
853615,2651
853616,2652
853830,2653
854025,2654
854120,2655
854583,2656
854778,2657
854940,2658
855263,2659
855751,2660
856185,2661
856831,2662
856954,2663
857029,2664
857179,2665
857466,2666
857742,2667
858013,2668
858672,2669
858919,2670
858923,2671
859630,2672
860310,2673
861141,2674
862052,2675
862155,2676
863105,2677
863312,2678
863570,2679
863638,2680
864126,2681
864453,2682
864947,2683
865193,2684
865882,2685
866013,2686
866561,2687
868357,2688
868427,2689
868756,2690
868774,2691
868807,2692
868883,2693
868997,2694
869044,2695
870066,2696
870960,2697
871046,2698
871486,2699
871563,2700
871622,2701
871662,2702
871718,2703
871861,2704
871923,2705
871954,2706
872278,2707
873198,2708
873330,2709
873404,2710
873423,2711
873736,2712
873765,2713
873859,2714
874052,2715
874166,2716
874559,2717
874721,2718
875391,2719
875932,2720
876260,2721
876293,2722
876726,2723
876821,2724
877325,2725
878198,2726
878833,2727
880120,2728
880445,2729
881821,2730
882094,2731
882122,2732
882139,2733
882195,2734
882312,2735
882366,2736
882435,2737
882912,2738
883223,2739
883502,2740
884230,2741
884245,2742
884988,2743
885114,2744
885718,2745
886108,2746
886124,2747
886479,2748
886763,2749
887214,2750
887382,2751
888202,2752
888275,2753
888685,2754
888880,2755
889052,2756
889229,2757
890242,2758
890523,2759
890780,2760
891004,2761
891164,2762
891223,2763
891352,2764
891360,2765
891382,2766
891886,2767
892765,2768
893179,2769
893582,2770
893653,2771
893696,2772
894028,2773
894054,2774
894556,2775
894747,2776
894943,2777
894973,2778
894983,2779
895160,2780
895545,2781
896619,2782
896673,2783
896699,2784
896962,2785
897168,2786
897783,2787
897917,2788
898049,2789
898251,2790
898334,2791
898816,2792
898921,2793
899030,2794
899459,2795
899825,2796
900182,2797
900225,2798
900419,2799
900574,2800
900609,2801
900715,2802
902634,2803
902959,2804
903781,2805
904040,2806
904272,2807
904827,2808
905297,2809
905341,2810
905403,2811
906284,2812
906538,2813
906669,2814
906879,2815
907456,2816
907586,2817
907828,2818
907840,2819
908343,2820
908446,2821
908825,2822
909103,2823
909254,2824
909464,2825
910210,2826
910465,2827
910541,2828
910606,2829
910622,2830
910903,2831
910918,2832
911042,2833
911503,2834
911505,2835
911874,2836
913024,2837
913103,2838
913311,2839
913558,2840
914408,2841
914963,2842
915196,2843
915843,2844
916069,2845
916598,2846
916821,2847
917469,2848
918065,2849
918424,2850
918537,2851
918657,2852
918780,2853
919431,2854
919860,2855
920619,2856
920799,2857
921141,2858
921805,2859
921914,2860
921917,2861
921995,2862
923042,2863
923216,2864
923423,2865
923611,2866
924313,2867
924538,2868
925016,2869
925576,2870
925865,2871
926144,2872
926839,2873
926858,2874
928004,2875
928536,2876
928695,2877
928769,2878
929012,2879
930108,2880
930194,2881
930370,2882
930499,2883
930929,2884
931027,2885
931092,2886
931771,2887
932967,2888
933058,2889
933508,2890
933766,2891
933996,2892
934212,2893
934378,2894
934545,2895
934689,2896
935040,2897
935407,2898
935562,2899
935872,2900
935893,2901
936371,2902
936452,2903
936836,2904
936947,2905
936972,2906
937065,2907
937676,2908
939102,2909
939293,2910
939763,2911
940341,2912
940977,2913
941069,2914
941575,2915
943042,2916
943102,2917
943183,2918
943253,2919
943635,2920
943700,2921
944493,2922
944702,2923
944718,2924
945403,2925
945600,2926
945978,2927
946006,2928
946320,2929
946636,2930
946945,2931
947204,2932
947268,2933
947964,2934
948462,2935
948496,2936
948856,2937
949049,2938
949137,2939
949472,2940
949594,2941
950636,2942
951519,2943
951674,2944
951842,2945
952114,2946
952414,2947
952520,2948
952887,2949
952957,2950
953032,2951
953694,2952
954089,2953
954157,2954
954459,2955
955142,2956
955489,2957
956158,2958
956206,2959
956381,2960
956460,2961
956689,2962
956849,2963
957228,2964
957263,2965
957755,2966
958425,2967
958468,2968
958672,2969
958737,2970
959631,2971
959674,2972
960214,2973
960913,2974
961347,2975
961827,2976
961973,2977
962167,2978
962561,2979
963361,2980
963998,2981
964189,2982
964249,2983
964307,2984
964379,2985
964485,2986
964544,2987
964855,2988
965229,2989
965310,2990
965787,2991
966137,2992
966206,2993
966476,2994
966758,2995
966970,2996
967417,2997
967500,2998
967936,2999
968433,3000
968631,3001
968876,3002
969043,3003
969108,3004
969161,3005
969848,3006
969947,3007
969998,3008
970597,3009
971100,3010
971707,3011
971928,3012
972486,3013
972805,3014
973157,3015
973453,3016
973567,3017
973648,3018
973709,3019
973799,3020
973916,3021
974005,3022
974973,3023
975658,3024
976408,3025
976515,3026
976567,3027
976790,3028
977015,3029
977127,3030
977213,3031
977615,3032
978517,3033
978531,3034
978913,3035
979875,3036
979905,3037
980303,3038
980413,3039
980615,3040
981117,3041
981191,3042
981471,3043
981505,3044
981571,3045
981595,3046
981835,3047
982009,3048
982187,3049
982939,3050
983115,3051
983730,3052
983763,3053
983826,3054
984220,3055
984334,3056
985380,3057
986263,3058
986809,3059
987681,3060
988433,3061
988622,3062
989532,3063
989623,3064
989668,3065
989809,3066
989989,3067
990562,3068
991149,3069
991875,3070
992349,3071
992457,3072
992811,3073
992970,3074
993869,3075
993880,3076
994022,3077
994338,3078
994365,3079
994388,3080
994507,3081
994941,3082
995057,3083
996052,3084
996068,3085
996108,3086
997193,3087
997293,3088
997476,3089
997879,3090
998760,3091
998799,3092
998891,3093
999100,3094
999121,3095
1000102,3096
1000295,3097
1000316,3098
1000362,3099
1000947,3100
1001696,3101
1001830,3102
1003120,3103
1003211,3104
1003382,3105
1003518,3106
1003573,3107
1003998,3108
1004011,3109
1004077,3110
1005792,3111
1006383,3112
1006483,3113
1006791,3114
1007443,3115
1007512,3116
1007703,3117
1007875,3118
1007891,3119
1008045,3120
1008504,3121
1008610,3122
1008699,3123
1008849,3124
1009138,3125
1009825,3126
1010795,3127
1010987,3128
1011269,3129
1011325,3130
1011474,3131
1011862,3132
1012561,3133
1012752,3134
1013120,3135
1013709,3136
1014435,3137
1014880,3138
1015238,3139
1015368,3140
1015769,3141
1016122,3142
1016747,3143
1016876,3144
1016893,3145
1017121,3146
1017583,3147
1018458,3148
1018959,3149
1019195,3150
1019439,3151
1019896,3152
1020210,3153
1020224,3154
1020813,3155
1021533,3156
1021709,3157
1022452,3158
1022522,3159
1022658,3160
1022966,3161
1023116,3162
1023577,3163
1024098,3164
1024857,3165
1025160,3166
1025510,3167
1025686,3168
1026203,3169
1026291,3170
1026481,3171
1026777,3172
1026828,3173
1026965,3174
1027390,3175
1027607,3176
1028106,3177
1028521,3178
1028804,3179
1028951,3180
1029023,3181
1029196,3182
1030038,3183
1030299,3184
1030608,3185
1032166,3186
1032666,3187
1033091,3188
1033168,3189
1034132,3190
1035537,3191
1036175,3192
1036616,3193
1036701,3194
1036943,3195
1037387,3196
1037495,3197
1037801,3198
1037952,3199
1038182,3200
1038417,3201
1038960,3202
1039347,3203
1039409,3204
1039438,3205
1039503,3206
1040361,3207
1040433,3208
1040853,3209
1041385,3210
1042094,3211
1042654,3212
1043804,3213
1043852,3214
1044133,3215
1044185,3216
1044229,3217
1044458,3218
1044860,3219
1045541,3220
1045673,3221
1045987,3222
1046677,3223
1047594,3224
1048021,3225
1049565,3226
1050038,3227
1050182,3228
1050310,3229
1050717,3230
1050785,3231
1050871,3232
1052626,3233
1052835,3234
1053290,3235
1053859,3236
1053882,3237
1053899,3238
1054340,3239
1055261,3240
1055880,3241
1056325,3242
1056412,3243
1056675,3244
1056772,3245
1056920,3246
1057086,3247
1057365,3248
1057387,3249
1057976,3250
1058070,3251
1058391,3252
1059075,3253
1059321,3254
1059694,3255
1060272,3256
1061197,3257
1061293,3258
1062939,3259
1063106,3260
1063515,3261
1064617,3262
1065817,3263
1065865,3264
1066430,3265
1066483,3266
1066536,3267
1066932,3268
1067033,3269
1067164,3270
1067302,3271
1068379,3272
1068467,3273
1068618,3274
1068729,3275
1069012,3276
1069042,3277
1069487,3278
1069799,3279
1069892,3280
1070462,3281
1071490,3282
1072414,3283
1072724,3284
1072926,3285
1073206,3286
1073393,3287
1073527,3288
1073542,3289
1073641,3290
1073661,3291
1073776,3292
1073824,3293
1074305,3294
1074517,3295
1075316,3296
1075611,3297
1075872,3298
1075970,3299
1076144,3300
1078221,3301
1078480,3302
1079361,3303
1079794,3304
1079860,3305
1079931,3306
1080575,3307
1081080,3308
1081784,3309
1082641,3310
1082777,3311
1083096,3312
1083187,3313
1083288,3314
1083595,3315
1083807,3316
1084025,3317
1084292,3318
1084415,3319
1085388,3320
1085632,3321
1085690,3322
1085984,3323
1086181,3324
1086817,3325
1087079,3326
1087332,3327
1087348,3328
1087712,3329
1088007,3330
1088153,3331
1088659,3332
1088842,3333
1089341,3334
1090091,3335
1090538,3336
1090557,3337
1090779,3338
1090850,3339
1090921,3340
1091447,3341
1091946,3342
1092578,3343
1093349,3344
1093658,3345
1094130,3346
1094410,3347
1094414,3348
1094573,3349
1094622,3350
1094723,3351
1094972,3352
1095235,3353
1095463,3354
1096043,3355
1096885,3356
1098408,3357
1098637,3358
1098932,3359
1099417,3360
1100689,3361
1100809,3362
1101239,3363
1101749,3364
1102450,3365
1102466,3366
1102758,3367
1104061,3368
1104230,3369
1104505,3370
1105014,3371
1105044,3372
1105204,3373
1105404,3374
1105987,3375
1106164,3376
1106792,3377
1106990,3378
1107012,3379
1107806,3380
1108142,3381
1108173,3382
1108369,3383
1108827,3384
1109492,3385
1109907,3386
1109987,3387
1110016,3388
1110327,3389
1110977,3390
1111266,3391
1111569,3392
1111681,3393
1112682,3394
1112706,3395
1112732,3396
1113051,3397
1113475,3398
1113586,3399
1113894,3400
1114108,3401
1114504,3402
1114921,3403
1114950,3404
1115429,3405
1115693,3406
1115984,3407
1116423,3408
1116591,3409
1116853,3410
1117111,3411
1117216,3412
1117347,3413
1117988,3414
1118015,3415
1118179,3416
1118329,3417
1118370,3418
1118475,3419
1119251,3420
1119369,3421
1119677,3422
1119818,3423
1119823,3424
1120038,3425
1120146,3426
1120287,3427
1120386,3428
1122038,3429
1122060,3430
1122246,3431
1122497,3432
1122602,3433
1123074,3434
1123335,3435
1123812,3436
1123971,3437
1124195,3438
1124631,3439
1125149,3440
1125189,3441
1125239,3442
1126271,3443
1126333,3444
1127761,3445
1128512,3446
1128714,3447
1128764,3448
1129501,3449
1130338,3450
1131127,3451
1131217,3452
1131508,3453
1132247,3454
1132704,3455
1132741,3456
1133762,3457
1134102,3458
1134388,3459
1134701,3460
1134998,3461
1135639,3462
1135769,3463
1136501,3464
1136863,3465
1136954,3466
1137133,3467
1137685,3468
1138035,3469
1138239,3470
1138468,3471
1138749,3472
1138948,3473
1139015,3474
1139083,3475
1140891,3476
1141061,3477
1141395,3478
1142507,3479
1143069,3480
1143352,3481
1143736,3482
1143779,3483
1143938,3484
1144365,3485
1144677,3486
1144841,3487
1145829,3488
1145968,3489
1146035,3490
1146271,3491
1146567,3492
1146579,3493
1146883,3494
1146890,3495
1147218,3496
1147456,3497
1147607,3498
1147612,3499
1148362,3500
1148480,3501
1148525,3502
1148617,3503
1148799,3504
1148948,3505
1149003,3506
1149047,3507
1149274,3508
1149569,3509
1149863,3510
1150494,3511
1150930,3512
1150971,3513
1150976,3514
1151453,3515
1152289,3516
1152291,3517
1152419,3518
1153263,3519
1153594,3520
1153843,3521
1153880,3522
1154529,3523
1154855,3524
1154972,3525
1155590,3526
1156838,3527
1156932,3528
1157545,3529
1157582,3530
1157663,3531
1157703,3532
1158486,3533
1158940,3534
1159432,3535
1159623,3536
1159749,3537
1160219,3538
1160737,3539
1160738,3540
1160842,3541
1161322,3542
1161775,3543
1162163,3544
1162504,3545
1163073,3546
1163128,3547
1163246,3548
1163404,3549
1163528,3550
1163754,3551
1163801,3552
1163923,3553
1164412,3554
1164782,3555
1164935,3556
1165416,3557
1165666,3558
1165788,3559
1166170,3560
1166224,3561
1166542,3562
1166601,3563
1167295,3564
1167747,3565
1168231,3566
1168305,3567
1168690,3568
1171300,3569
1171637,3570
1171977,3571
1172002,3572
1172326,3573
1172407,3574
1172564,3575
1173664,3576
1173864,3577
1174441,3578
1174489,3579
1174928,3580
1175017,3581
1175508,3582
1175860,3583
1176275,3584
1177199,3585
1177336,3586
1177454,3587
1178056,3588
1178327,3589
1178534,3590
1179290,3591
1179380,3592
1179462,3593
1179647,3594
1179805,3595
1180153,3596
1180347,3597
1181498,3598
1181636,3599
1181874,3600
1182293,3601
1182343,3602
1182648,3603
1182732,3604
1183345,3605
1183376,3606
1183464,3607
1183507,3608
1183522,3609
1184064,3610
1184826,3611
1184910,3612
1185168,3613
1185481,3614
1185549,3615
1185673,3616
1186891,3617
1187166,3618
1187435,3619
1187859,3620
1187889,3621
1189871,3622
1189899,3623
1190146,3624
1190522,3625
1190584,3626
1191070,3627
1191623,3628
1191831,3629
1192112,3630
1192652,3631
1193546,3632
1193683,3633
1194388,3634
1194986,3635
1196123,3636
1196454,3637
1197073,3638
1197372,3639
1197985,3640
1198089,3641
1198097,3642
1198676,3643
1199241,3644
1199503,3645
1199914,3646
1200180,3647
1200530,3648
1200837,3649
1200890,3650
1201117,3651
1201339,3652
1201513,3653
1201782,3654
1201904,3655
1202172,3656
1202643,3657
1202908,3658
1204330,3659
1204461,3660
1204849,3661
1205058,3662
1205455,3663
1205641,3664
1206289,3665
1206487,3666
1206963,3667
1207508,3668
1207834,3669
1207937,3670
1207998,3671
1208009,3672
1208631,3673
1208802,3674
1209189,3675
1209331,3676
1209856,3677
1209994,3678
1210089,3679
1210907,3680
1210947,3681
1211284,3682
1211328,3683
1212339,3684
1212609,3685
1212682,3686
1212759,3687
1213054,3688
1213853,3689
1214597,3690
1214761,3691
1214852,3692
1215227,3693
1215442,3694
1215863,3695
1216134,3696
1216973,3697
1217610,3698
1217793,3699
1218042,3700
1218172,3701
1218226,3702
1218675,3703
1219418,3704
1219446,3705
1219667,3706
1219887,3707
1220761,3708
1221383,3709
1221471,3710
1221681,3711
1221809,3712
1221962,3713
1222017,3714
1222077,3715
1222546,3716
1222576,3717
1222666,3718
1223860,3719
1224628,3720
1225169,3721
1225314,3722
1225334,3723
1225740,3724
1227952,3725
1228336,3726
1229027,3727
1229233,3728
1229942,3729
1230318,3730
1230566,3731
1231233,3732
1231471,3733
1231638,3734
1232237,3735
1232258,3736
1232649,3737
1233996,3738
1234247,3739
1234252,3740
1234419,3741
1235321,3742
1235331,3743
1235630,3744
1235780,3745
1236105,3746
1236400,3747
1236487,3748
1236960,3749
1238176,3750
1238403,3751
1238418,3752
1239308,3753
1239553,3754
1240472,3755
1240736,3756
1241010,3757
1241373,3758
1242311,3759
1242639,3760
1242928,3761
1242946,3762
1243126,3763
1243204,3764
1243347,3765
1243488,3766
1243656,3767
1243749,3768
1243979,3769
1244479,3770
1245078,3771
1245384,3772
1246246,3773
1246792,3774
1247302,3775
1247398,3776
1247603,3777
1247623,3778
1248151,3779
1248413,3780
1248649,3781
1248767,3782
1248939,3783
1249545,3784
1249630,3785
1249708,3786
1250246,3787
1250443,3788
1250811,3789
1251125,3790
1251139,3791
1251160,3792
1252230,3793
1252581,3794
1253002,3795
1253619,3796
1253854,3797
1253886,3798
1254609,3799
1254627,3800
1254635,3801
1254964,3802
1255071,3803
1256930,3804
1257718,3805
1258277,3806
1260072,3807
1260490,3808
1262169,3809
1262413,3810
1262581,3811
1262938,3812
1262982,3813
1263051,3814
1263196,3815
1263348,3816
1263573,3817
1264114,3818
1264681,3819
1264927,3820
1265667,3821
1266327,3822
1266595,3823
1266824,3824
1266845,3825
1267404,3826
1267520,3827
1268362,3828
1268826,3829
1269077,3830
1269584,3831
1270227,3832
1270954,3833
1271227,3834
1271608,3835
1271739,3836
1272067,3837
1272225,3838
1272718,3839
1272835,3840
1273049,3841
1273089,3842
1273139,3843
1273173,3844
1273383,3845
1273467,3846
1273538,3847
1273622,3848
1274168,3849
1274455,3850
1274637,3851
1274689,3852
1274925,3853
1274959,3854
1275683,3855
1275807,3856
1275996,3857
1276759,3858
1276909,3859
1277478,3860
1278088,3861
1278550,3862
1279211,3863
1279336,3864
1279446,3865
1279476,3866
1280670,3867
1280841,3868
1281303,3869
1281482,3870
1282142,3871
1282500,3872
1282918,3873
1283137,3874
1283814,3875
1286760,3876
1287104,3877
1287181,3878
1287734,3879
1287998,3880
1288097,3881
1288350,3882
1288591,3883
1288725,3884
1289165,3885
1289456,3886
1289939,3887
1290824,3888
1290827,3889
1290840,3890
1290874,3891
1291022,3892
1291344,3893
1292324,3894
1292361,3895
1292449,3896
1293024,3897
1293221,3898
1295175,3899
1295738,3900
1295811,3901
1296292,3902
1296543,3903
1297054,3904
1297114,3905
1297179,3906
1297291,3907
1297432,3908
1297559,3909
1298950,3910
1299113,3911
1299519,3912
1299929,3913
1300262,3914
1300382,3915
1300644,3916
1301072,3917
1301202,3918
1301380,3919
1301531,3920
1301923,3921
1302042,3922
1302056,3923
1302072,3924
1302487,3925
1302516,3926
1302641,3927
1302866,3928
1302912,3929
1303471,3930
1303519,3931
1304725,3932
1305119,3933
1305208,3934
1305344,3935
1305825,3936
1306351,3937
1307186,3938
1307414,3939
1307496,3940
1307592,3941
1307665,3942
1307861,3943
1308215,3944
1308402,3945
1308603,3946
1308643,3947
1309422,3948
1309562,3949
1309914,3950
1309938,3951
1310041,3952
1311120,3953
1311405,3954
1311511,3955
1312010,3956
1312198,3957
1312356,3958
1312397,3959
1312628,3960
1313704,3961
1313843,3962
1314799,3963
1314851,3964
1315187,3965
1315319,3966
1316156,3967
1316220,3968
1317373,3969
1317845,3970
1318121,3971
1318158,3972
1318379,3973
1318429,3974
1319065,3975
1319297,3976
1319953,3977
1320353,3978
1320527,3979
1320657,3980
1321228,3981
1321513,3982
1321691,3983
1322263,3984
1322575,3985
1322598,3986
1322627,3987
1322743,3988
1323407,3989
1323525,3990
1323764,3991
1324613,3992
1324776,3993
1325030,3994
1325339,3995
1325623,3996
1325765,3997
1325978,3998
1328040,3999
1328810,4000
1328939,4001
1329294,4002
1329476,4003
1329620,4004
1329903,4005
1330557,4006
1330680,4007
1330684,4008
1330836,4009
1331226,4010
1331295,4011
1331637,4012
1331849,4013
1332332,4014
1332534,4015
1333606,4016
1333621,4017
1333993,4018
1334773,4019
1335748,4020
1335823,4021
1336851,4022
1337988,4023
1338017,4024
1338043,4025
1338296,4026
1339246,4027
1339994,4028
1340638,4029
1341741,4030
1341990,4031
1342938,4032
1343125,4033
1343411,4034
1343782,4035
1343830,4036
1344144,4037
1344159,4038
1344280,4039
1344337,4040
1344933,4041
1345202,4042
1345219,4043
1345508,4044
1345664,4045
1345914,4046
1346013,4047
1346715,4048
1347441,4049
1347791,4050
1347856,4051
1348331,4052
1348966,4053
1349193,4054
1349397,4055
1349563,4056
1349654,4057
1349855,4058
1350513,4059
1350548,4060
1350731,4061
1350875,4062
1351060,4063
1351660,4064
1351760,4065
1351915,4066
1352077,4067
1352590,4068
1352621,4069
1352792,4070
1352867,4071
1353173,4072
1353705,4073
1354437,4074
1354471,4075
1354825,4076
1354862,4077
1355803,4078
1355955,4079
1356350,4080
1356641,4081
1358112,4082
1358121,4083
1358266,4084
1358416,4085
1359120,4086
1359433,4087
1359460,4088
1359491,4089
1359579,4090
1359737,4091
1359874,4092
1360218,4093
1360439,4094
1361423,4095
1361757,4096
1362385,4097
1362457,4098
1363022,4099
1363107,4100
1363492,4101
1365027,4102
1365417,4103
1366167,4104
1366179,4105
1366793,4106
1366821,4107
1366921,4108
1367212,4109
1367792,4110
1367902,4111
1368270,4112
1368481,4113
1368567,4114
1368622,4115
1368890,4116
1368949,4117
1368997,4118
1369139,4119
1370544,4120
1370883,4121
1371130,4122
1371301,4123
1372589,4124
1373144,4125
1373627,4126
1373734,4127
1374315,4128
1374354,4129
1374529,4130
1375626,4131
1376287,4132
1376377,4133
1376645,4134
1376983,4135
1377431,4136
1377904,4137
1378840,4138
1379085,4139
1379172,4140
1379959,4141
1380033,4142
1381124,4143
1381361,4144
1381915,4145
1382888,4146
1382943,4147
1383585,4148
1383683,4149
1383798,4150
1383872,4151
1383952,4152
1384363,4153
1384454,4154
1384646,4155
1384790,4156
1385530,4157
1385733,4158
1385945,4159
1386263,4160
1386450,4161
1387015,4162
1387273,4163
1387807,4164
1388189,4165
1388547,4166
1389374,4167
1389740,4168
1391001,4169
1391099,4170
1391200,4171
1391211,4172
1391613,4173
1391622,4174
1391716,4175
1391769,4176
1392118,4177
1392511,4178
1392839,4179
1393213,4180
1393758,4181
1394112,4182
1395965,4183
1397117,4184
1397224,4185
1397283,4186
1397874,4187
1398361,4188
1398596,4189
1399610,4190
1399785,4191
1400065,4192
1400206,4193
1400233,4194
1401286,4195
1401820,4196
1401927,4197
1401973,4198
1402570,4199
1402799,4200
1403040,4201
1403106,4202
1403365,4203
1403602,4204
1404066,4205
1405396,4206
1405872,4207
1406761,4208
1406881,4209
1406962,4210
1407320,4211
1407417,4212
1407953,4213
1408219,4214
1408300,4215
1409594,4216
1409771,4217
1410811,4218
1411290,4219
1411681,4220
1411682,4221
1411931,4222
1411986,4223
1412579,4224
1413549,4225
1413553,4226
1413622,4227
1413956,4228
1414187,4229
1414405,4230
1414444,4231
1414647,4232
1415416,4233
1415458,4234
1415850,4235
1416228,4236
1416376,4237
1416831,4238
1416923,4239
1417702,4240
1417979,4241
1418061,4242
1418246,4243
1418378,4244
1418816,4245
1419046,4246
1419249,4247
1419315,4248
1419474,4249
1419608,4250
1419697,4251
1420048,4252
1420147,4253
1420533,4254
1422101,4255
1422184,4256
1422214,4257
1422235,4258
1422266,4259
1422493,4260
1423056,4261
1423541,4262
1423848,4263
1423967,4264
1424561,4265
1425164,4266
1425397,4267
1425622,4268
1425925,4269
1426764,4270
1427328,4271
1429269,4272
1429739,4273
1430485,4274
1431830,4275
1432345,4276
1432497,4277
1432724,4278
1432749,4279
1432922,4280
1433746,4281
1433793,4282
1434163,4283
1434444,4284
1435047,4285
1436033,4286
1436155,4287
1437248,4288
1437302,4289
1438741,4290
1438823,4291
1439667,4292
1439864,4293
1439937,4294
1440479,4295
1440697,4296
1440858,4297
1440988,4298
1441102,4299
1441429,4300
1441902,4301
1441905,4302
1442413,4303
1442739,4304
1442884,4305
1443021,4306
1443417,4307
1443757,4308
1444177,4309
1444409,4310
1444592,4311
1444608,4312
1444655,4313
1444886,4314
1445006,4315
1445294,4316
1445400,4317
1446087,4318
1446344,4319
1446899,4320
1447250,4321
1447488,4322
1447627,4323
1448130,4324
1448281,4325
1448289,4326
1448803,4327
1448848,4328
1448865,4329
1449329,4330
1450252,4331
1450283,4332
1450539,4333
1450571,4334
1451456,4335
1451522,4336
1452070,4337
1452700,4338
1452741,4339
1453055,4340
1453286,4341
1453451,4342
1453926,4343
1454134,4344
1454344,4345
1454642,4346
1454759,4347
1455752,4348
1456177,4349
1456333,4350
1456921,4351
1457144,4352
1458193,4353
1458748,4354
1458773,4355
1460036,4356
1460171,4357
1460412,4358
1460853,4359
1461020,4360
1461570,4361
1461956,4362
1462602,4363
1463025,4364
1463049,4365
1463251,4366
1463771,4367
1464261,4368
1464784,4369
1464920,4370
1465011,4371
1465229,4372
1465321,4373
1465366,4374
1465918,4375
1466302,4376
1466339,4377
1466478,4378
1466694,4379
1466955,4380
1466990,4381
1468128,4382
1468494,4383
1468530,4384
1468599,4385
1469435,4386
1469569,4387
1469647,4388
1470216,4389
1470559,4390
1470584,4391
1470732,4392
1470768,4393
1470926,4394
1471141,4395
1471237,4396
1472028,4397
1472567,4398
1472676,4399
1472789,4400
1473276,4401
1473631,4402
1473820,4403
1474120,4404
1474503,4405
1475338,4406
1475519,4407
1475560,4408
1475833,4409
1475894,4410
1476677,4411
1476717,4412
1476991,4413
1477148,4414
1477292,4415
1478291,4416
1478688,4417
1479017,4418
1479689,4419
1479933,4420
1480399,4421
1480473,4422
1480681,4423
1481505,4424
1481519,4425
1482197,4426
1482330,4427
1482488,4428
1483060,4429
1483121,4430
1483281,4431
1483306,4432
1483307,4433
1483705,4434
1483728,4435
1483918,4436
1484102,4437
1484589,4438
1485286,4439
1485762,4440
1486163,4441
1486743,4442
1487972,4443
1489060,4444
1489877,4445
1490923,4446
1491276,4447
1491555,4448
1491801,4449
1491806,4450
1492168,4451
1492675,4452
1492838,4453
1492883,4454
1492979,4455
1493325,4456
1493614,4457
1494122,4458
1494157,4459
1494550,4460
1494615,4461
1494851,4462
1495001,4463
1495949,4464
1498686,4465
1499063,4466
1499807,4467
1499927,4468
1501127,4469
1501627,4470
1502138,4471
1502799,4472
1503415,4473
1503694,4474
1503988,4475
1505004,4476
1505125,4477
1505288,4478
1505450,4479
1505505,4480
1505783,4481
1505803,4482
1505808,4483
1505912,4484
1506505,4485
1506723,4486
1507105,4487
1507309,4488
1507476,4489
1508012,4490
1508185,4491
1508443,4492
1509517,4493
1509908,4494
1509933,4495
1510062,4496
1510407,4497
1510700,4498
1510875,4499
1511009,4500
1511277,4501
1511360,4502
1512066,4503
1512292,4504
1512748,4505
1512955,4506
1513175,4507
1513387,4508
1514156,4509
1515044,4510
1515437,4511
1515971,4512
1516550,4513
1517457,4514
1517722,4515
1517815,4516
1517819,4517
1518499,4518
1518838,4519
1518955,4520
1519161,4521
1519230,4522
1520369,4523
1521648,4524
1521949,4525
1522307,4526
1522352,4527
1522888,4528
1523752,4529
1524096,4530
1525093,4531
1525268,4532
1525270,4533
1525554,4534
1525828,4535
1526062,4536
1526681,4537
1527032,4538
1527080,4539
1527209,4540
1527805,4541
1528178,4542
1528843,4543
1529031,4544
1529179,4545
1530606,4546
1531232,4547
1531366,4548
1531522,4549
1531677,4550
1532653,4551
1533609,4552
1533945,4553
1535015,4554
1535016,4555
1535178,4556
1535489,4557
1535674,4558
1537623,4559
1537682,4560
1537898,4561
1538044,4562
1538183,4563
1538363,4564
1538543,4565
1539261,4566
1539613,4567
1541053,4568
1541744,4569
1543235,4570
1543400,4571
1543643,4572
1544621,4573
1544624,4574
1544896,4575
1544913,4576
1545039,4577
1545338,4578
1545408,4579
1545592,4580
1545615,4581
1545658,4582
1545956,4583
1546041,4584
1546591,4585
1547942,4586
1549054,4587
1549246,4588
1549305,4589
1549418,4590
1549422,4591
1549956,4592
1549978,4593
1550388,4594
1551616,4595
1551801,4596
1552830,4597
1553265,4598
1553463,4599
1553592,4600
1553810,4601
1554217,4602
1555423,4603
1556660,4604
1556868,4605
1556972,4606
1557158,4607
1558057,4608
1559211,4609
1559596,4610
1559785,4611
1560053,4612
1560069,4613
1560466,4614
1560639,4615
1560650,4616
1561611,4617
1561661,4618
1561954,4619
1562830,4620
1562927,4621
1563064,4622
1563093,4623
1563387,4624
1563850,4625
1564002,4626
1564042,4627
1564393,4628
1564903,4629
1565003,4630
1565176,4631
1565369,4632
1565392,4633
1565701,4634
1566504,4635
1566643,4636
1567787,4637
1568239,4638
1568784,4639
1568902,4640
1569019,4641
1569257,4642
1569702,4643
1569750,4644
1570425,4645
1572734,4646
1572864,4647
1572971,4648
1573011,4649
1573318,4650
1573485,4651
1573617,4652
1573950,4653
1574019,4654
1574020,4655
1574101,4656
1574111,4657
1574398,4658
1574977,4659
1575092,4660
1575519,4661
1576344,4662
1576492,4663
1577860,4664
1578421,4665
1578641,4666
1579119,4667
1579143,4668
1579231,4669
1579507,4670
1579884,4671
1579974,4672
1580238,4673
1580524,4674
1580540,4675
1581305,4676
1581715,4677
1581989,4678
1582770,4679
1582872,4680
1583172,4681
1583588,4682
1583679,4683
1583836,4684
1584417,4685
1584818,4686
1585316,4687
1585914,4688
1586632,4689
1586660,4690
1586728,4691
1587783,4692
1588105,4693
1588189,4694
1588654,4695
1588661,4696
1588775,4697
1589014,4698
1589047,4699
1590372,4700
1590731,4701
1591219,4702
1591306,4703
1591575,4704
1592359,4705
1592527,4706
1592588,4707
1592591,4708
1592729,4709
1592943,4710
1593504,4711
1594558,4712
1594641,4713
1595640,4714
1595704,4715
1596556,4716
1596801,4717
1597109,4718
1597522,4719
1597525,4720
1598225,4721
1598520,4722
1598586,4723
1598757,4724
1599067,4725
1599742,4726
1600204,4727
1600287,4728
1600893,4729
1601032,4730
1601329,4731
1601423,4732
1602062,4733
1602983,4734
1603191,4735
1603279,4736
1603406,4737
1603556,4738
1603707,4739
1603886,4740
1604165,4741
1604174,4742
1604391,4743
1604743,4744
1605529,4745
1605577,4746
1606034,4747
1606299,4748
1606448,4749
1606843,4750
1606929,4751
1607332,4752
1607422,4753
1607826,4754
1608233,4755
1608712,4756
1608740,4757
1609265,4758
1609294,4759
1610686,4760
1610689,4761
1610699,4762
1610769,4763
1610921,4764
1611132,4765
1611539,4766
1611781,4767
1612218,4768
1612322,4769
1612707,4770
1612959,4771
1613937,4772
1614521,4773
1614816,4774
1614897,4775
1614973,4776
1615099,4777
1615115,4778
1616254,4779
1616473,4780
1616608,4781
1616808,4782
1617046,4783
1617518,4784
1617892,4785
1618036,4786
1618307,4787
1618528,4788
1619334,4789
1619713,4790
1619737,4791
1621306,4792
1621359,4793
1621535,4794
1621801,4795
1622068,4796
1622354,4797
1622493,4798
1623089,4799
1624435,4800
1624878,4801
1625172,4802
1625379,4803
1625676,4804
1625919,4805
1627538,4806
1628396,4807
1628458,4808
1628841,4809
1628872,4810
1629865,4811
1630592,4812
1630619,4813
1630625,4814
1630781,4815
1631149,4816
1631211,4817
1631834,4818
1631945,4819
1632658,4820
1632856,4821
1632989,4822
1633198,4823
1633497,4824
1633604,4825
1633674,4826
1633882,4827
1634243,4828
1634445,4829
1634681,4830
1634858,4831
1635719,4832
1637032,4833
1637314,4834
1637727,4835
1638136,4836
1638197,4837
1638308,4838
1639246,4839
1640173,4840
1640678,4841
1640696,4842
1641307,4843
1641784,4844
1642077,4845
1642083,4846
1642165,4847
1642593,4848
1643251,4849
1643484,4850
1644471,4851
1645825,4852
1647429,4853
1647837,4854
1648021,4855
1648303,4856
1649876,4857
1649885,4858
1650391,4859
1651090,4860
1651193,4861
1651733,4862
1652028,4863
1652211,4864
1652844,4865
1652944,4866
1653002,4867
1653119,4868
1654411,4869
1654475,4870
1654725,4871
1655949,4872
1656687,4873
1656813,4874
1657050,4875
1657254,4876
1657437,4877
1657686,4878
1657747,4879
1657947,4880
1658619,4881
1658840,4882
1659749,4883
1660922,4884
1660936,4885
1661699,4886
1661918,4887
1662040,4888
1662162,4889
1663073,4890
1663262,4891
1664067,4892
1664094,4893
1665013,4894
1665704,4895
1666441,4896
1667437,4897
1667525,4898
1669040,4899
1669043,4900
1669431,4901
1670672,4902
1670869,4903
1672220,4904
1672243,4905
1672459,4906
1673181,4907
1673266,4908
1673301,4909
1673343,4910
1673387,4911
1673404,4912
1674001,4913
1674009,4914
1674227,4915
1675431,4916
1675642,4917
1676263,4918
1677075,4919
1677634,4920
1677683,4921
1677797,4922
1678123,4923
1678162,4924
1678275,4925
1679164,4926
1679337,4927
1679350,4928
1679676,4929
1679979,4930
1680229,4931
1680500,4932
1681199,4933
1681252,4934
1681320,4935
1681475,4936
1682150,4937
1682890,4938
1683314,4939
1683528,4940
1683553,4941
1683744,4942
1684005,4943
1684163,4944
1684918,4945
1685711,4946
1685825,4947
1686081,4948
1686422,4949
1687249,4950
1687505,4951
1687565,4952
1687802,4953
1688019,4954
1688910,4955
1689241,4956
1689600,4957
1689812,4958
1689938,4959
1690002,4960
1690128,4961
1690664,4962
1690744,4963
1690822,4964
1690844,4965
1690936,4966
1692094,4967
1692308,4968
1693024,4969
1693090,4970
1693271,4971
1693322,4972
1693329,4973
1693366,4974
1693706,4975
1693904,4976
1694564,4977
1695366,4978
1695436,4979
1695808,4980
1695834,4981
1696046,4982
1696330,4983
1697103,4984
1697215,4985
1698567,4986
1699076,4987
1699101,4988
1699375,4989
1700081,4990
1700146,4991
1700206,4992
1700445,4993
1700500,4994
1701335,4995
1701399,4996
1701655,4997
1701841,4998
1702175,4999
1702665,5000
1702672,5001
1702938,5002
1702971,5003
1703171,5004
1703810,5005
1704169,5006
1704260,5007
1704333,5008
1704571,5009
1704864,5010
1705686,5011
1705878,5012
1706166,5013
1706579,5014
1707054,5015
1707292,5016
1709141,5017
1709266,5018
1709654,5019
1709697,5020
1711779,5021
1712042,5022
1712051,5023
1712277,5024
1712625,5025
1713269,5026
1713403,5027
1714416,5028
1714451,5029
1715482,5030
1715937,5031
1715956,5032
1716182,5033
1716261,5034
1717174,5035
1717180,5036
1717367,5037
1718025,5038
1718073,5039
1718275,5040
1718317,5041
1718591,5042
1718854,5043
1719917,5044
1720108,5045
1720320,5046
1720419,5047
1720704,5048
1720806,5049
1720979,5050
1721702,5051
1721980,5052
1722526,5053
1722562,5054
1722995,5055
1723445,5056
1723489,5057
1724012,5058
1724080,5059
1724180,5060
1724465,5061
1724676,5062
1725094,5063
1725311,5064
1725637,5065
1726869,5066
1726982,5067
1727189,5068
1727271,5069
1728095,5070
1728480,5071
1728965,5072
1729041,5073
1729459,5074
1729504,5075
1730151,5076
1730992,5077
1731008,5078
1731247,5079
1731285,5080
1731592,5081
1731652,5082
1731790,5083
1731805,5084
1731820,5085
1732411,5086
1732656,5087
1733025,5088
1733858,5089
1734092,5090
1734640,5091
1734889,5092
1735173,5093
1735378,5094
1735389,5095
1735431,5096
1735460,5097
1735577,5098
1735951,5099
1736469,5100
1736736,5101
1736853,5102
1736863,5103
1736927,5104
1737154,5105
1737421,5106
1738801,5107
1739522,5108
1740109,5109
1740316,5110
1740434,5111
1740827,5112
1740957,5113
1741465,5114
1741678,5115
1741893,5116
1742412,5117
1742736,5118
1742791,5119
1742858,5120
1742920,5121
1743771,5122
1743795,5123
1744388,5124
1744625,5125
1744821,5126
1744870,5127
1745101,5128
1745311,5129
1745490,5130
1745570,5131
1745589,5132
1745689,5133
1745956,5134
1746454,5135
1746583,5136
1746901,5137
1747421,5138
1747572,5139
1748436,5140
1748635,5141
1748965,5142
1749316,5143
1749995,5144
1750730,5145
1750793,5146
1750809,5147
1753172,5148
1753439,5149
1753712,5150
1753995,5151
1754544,5152
1755395,5153
1755465,5154
1756344,5155
1756576,5156
1757035,5157
1757796,5158
1758396,5159
1758814,5160
1758952,5161
1759923,5162
1760228,5163
1760976,5164
1761099,5165
1762392,5166
1762594,5167
1763005,5168
1763549,5169
1763688,5170
1763959,5171
1765487,5172
1765887,5173
1765974,5174
1766566,5175
1766992,5176
1767142,5177
1768292,5178
1768315,5179
1769473,5180
1769514,5181
1769723,5182
1770077,5183
1770129,5184
1770361,5185
1770401,5186
1771098,5187
1771166,5188
1771360,5189
1771903,5190
1772021,5191
1772110,5192
1772391,5193
1772768,5194
1772902,5195
1773092,5196
1773258,5197
1773269,5198
1773375,5199
1774452,5200
1774991,5201
1775008,5202
1775245,5203
1775672,5204
1775768,5205
1776418,5206
1776533,5207
1776534,5208
1777556,5209
1778160,5210
1778309,5211
1778333,5212
1778344,5213
1778691,5214
1779487,5215
1779810,5216
1780205,5217
1780371,5218
1780454,5219
1780462,5220
1780746,5221
1780929,5222
1781108,5223
1781409,5224
1781431,5225
1781551,5226
1781756,5227
1781761,5228
1782941,5229
1783407,5230
1783777,5231
1783858,5232
1784217,5233
1784528,5234
1785147,5235
1785402,5236
1785419,5237
1786293,5238
1786792,5239
1787297,5240
1787325,5241
1787373,5242
1787443,5243
1787961,5244
1788443,5245
1788564,5246
1789463,5247
1789628,5248
1790073,5249
1790236,5250
1790361,5251
1790767,5252
1790788,5253
1791175,5254
1791230,5255
1792164,5256
1792271,5257
1793298,5258
1793431,5259
1793919,5260
1794583,5261
1794662,5262
1794911,5263
1795528,5264
1795637,5265
1795794,5266
1796257,5267
1796375,5268
1796618,5269
1797178,5270
1797771,5271
1797887,5272
1798482,5273
1798538,5274
1799449,5275
1799523,5276
1799877,5277
1800216,5278
1800382,5279
1801230,5280
1801553,5281
1801904,5282
1802098,5283
1802171,5284
1802245,5285
1802318,5286
1802979,5287
1803078,5288
1803236,5289
1803317,5290
1803346,5291
1804302,5292
1804581,5293
1804588,5294
1804631,5295
1804919,5296
1805499,5297
1806082,5298
1806630,5299
1806665,5300
1807087,5301
1808196,5302
1808331,5303
1808705,5304
1809924,5305
1810255,5306
1810976,5307
1811115,5308
1811202,5309
1811501,5310
1811580,5311
1811752,5312
1811754,5313
1811995,5314
1812038,5315
1813147,5316
1813180,5317
1813728,5318
1813917,5319
1814101,5320
1814461,5321
1814563,5322
1814576,5323
1814669,5324
1814881,5325
1814909,5326
1814929,5327
1814962,5328
1815583,5329
1815674,5330
1815980,5331
1816089,5332
1816234,5333
1816403,5334
1816752,5335
1817085,5336
1817359,5337
1817428,5338
1817482,5339
1817615,5340
1817763,5341
1817794,5342
1817883,5343
1818268,5344
1818398,5345
1818821,5346
1819534,5347
1820273,5348
1820305,5349
1820371,5350
1820538,5351
1821290,5352
1821792,5353
1821915,5354
1822008,5355
1822284,5356
1822312,5357
1822757,5358
1822773,5359
1823375,5360
1823470,5361
1823511,5362
1823582,5363
1823669,5364
1823746,5365
1824303,5366
1824320,5367
1824353,5368
1824870,5369
1824967,5370
1825236,5371
1825316,5372
1825664,5373
1825781,5374
1826457,5375
1827712,5376
1828012,5377
1828204,5378
1828519,5379
1828994,5380
1829548,5381
1829584,5382
1830744,5383
1831766,5384
1832088,5385
1832885,5386
1832947,5387
1833207,5388
1833785,5389
1833955,5390
1834028,5391
1834066,5392
1834283,5393
1834935,5394
1835975,5395
1836106,5396
1836674,5397
1837045,5398
1837353,5399
1837528,5400
1837700,5401
1838063,5402
1838341,5403
1838936,5404
1839020,5405
1839884,5406
1839958,5407
1840711,5408
1840988,5409
1841184,5410
1841338,5411
1841340,5412
1841463,5413
1841582,5414
1841750,5415
1842115,5416
1843278,5417
1843402,5418
1843728,5419
1844088,5420
1844112,5421
1844128,5422
1844626,5423
1845344,5424
1845491,5425
1845550,5426
1846040,5427
1846216,5428
1847140,5429
1847154,5430
1847324,5431
1848785,5432
1849294,5433
1849435,5434
1849437,5435
1849569,5436
1849684,5437
1849934,5438
1850291,5439
1851218,5440
1851342,5441
1851584,5442
1852248,5443
1853304,5444
1853313,5445
1853732,5446
1854338,5447
1854527,5448
1855273,5449
1856355,5450
1856376,5451
1856775,5452
1856932,5453
1857102,5454
1857980,5455
1858212,5456
1858568,5457
1858797,5458
1858991,5459
1859368,5460
1859552,5461
1860596,5462
1860629,5463
1861133,5464
1861287,5465
1861349,5466
1861523,5467
1861534,5468
1861724,5469
1861753,5470
1861800,5471
1861866,5472
1862166,5473
1862236,5474
1862586,5475
1862802,5476
1862861,5477
1862862,5478
1863092,5479
1863468,5480
1863559,5481
1863601,5482
1864009,5483
1864446,5484
1864937,5485
1864953,5486
1865699,5487
1865946,5488
1866329,5489
1866473,5490
1866638,5491
1867005,5492
1867560,5493
1867845,5494
1867928,5495
1868368,5496
1868622,5497
1869298,5498
1869603,5499
1869641,5500
1869909,5501
1870411,5502
1870685,5503
1871086,5504
1871634,5505
1871667,5506
1872902,5507
1873840,5508
1874410,5509
1874787,5510
1875679,5511
1875703,5512
1876322,5513
1876857,5514
1877025,5515
1877859,5516
1878081,5517
1878327,5518
1879001,5519
1879053,5520
1879189,5521
1879271,5522
1879390,5523
1879699,5524
1879869,5525
1879925,5526
1879952,5527
1881681,5528
1881823,5529
1883296,5530
1883297,5531
1883593,5532
1883981,5533
1884066,5534
1884263,5535
1884384,5536
1885549,5537
1885664,5538
1886226,5539
1886431,5540
1886591,5541
1886868,5542
1887238,5543
1887286,5544
1887325,5545
1888103,5546
1888772,5547
1888800,5548
1888965,5549
1888970,5550
1889080,5551
1889162,5552
1889245,5553
1889312,5554
1889912,5555
1889930,5556
1890934,5557
1891482,5558
1892645,5559
1893032,5560
1893082,5561
1893155,5562
1893746,5563
1894231,5564
1894316,5565
1894317,5566
1894368,5567
1894442,5568
1894772,5569
1895139,5570
1895250,5571
1895370,5572
1895548,5573
1897537,5574
1897756,5575
1897927,5576
1898572,5577
1898829,5578
1899004,5579
1899423,5580
1899805,5581
1901099,5582
1902322,5583
1902898,5584
1902988,5585
1903643,5586
1903713,5587
1904244,5588
1904657,5589
1904801,5590
1905215,5591
1905291,5592
1905556,5593
1906613,5594
1906620,5595
1906766,5596
1906999,5597
1907282,5598
1907292,5599
1907540,5600
1907548,5601
1907690,5602
1907776,5603
1907860,5604
1908239,5605
1908323,5606
1908339,5607
1908678,5608
1908860,5609
1909323,5610
1909845,5611
1910017,5612
1910123,5613
1910424,5614
1910958,5615
1911176,5616
1911196,5617
1911507,5618
1911748,5619
1912418,5620
1912502,5621
1913380,5622
1913465,5623
1914116,5624
1914275,5625
1914701,5626
1915111,5627
1915422,5628
1915947,5629
1916055,5630
1916100,5631
1916239,5632
1916295,5633
1916445,5634
1917520,5635
1918788,5636
1919045,5637
1919114,5638
1919546,5639
1920059,5640
1921687,5641
1921732,5642
1923488,5643
1923986,5644
1924382,5645
1924628,5646
1925222,5647
1925418,5648
1925622,5649
1925864,5650
1926283,5651
1927105,5652
1927302,5653
1927528,5654
1928427,5655
1928437,5656
1928475,5657
1929774,5658
1930076,5659
1930551,5660
1930957,5661
1932515,5662
1932737,5663
1933472,5664
1934308,5665
1934711,5666
1935175,5667
1935272,5668
1935629,5669
1935788,5670
1936303,5671
1936332,5672
1936457,5673
1936522,5674
1936588,5675
1937141,5676
1937347,5677
1937729,5678
1939137,5679
1939705,5680
1939881,5681
1940046,5682
1940536,5683
1941022,5684
1941300,5685
1942011,5686
1942040,5687
1942167,5688
1942242,5689
1942420,5690
1943302,5691
1943611,5692
1943675,5693
1944184,5694
1944692,5695
1944995,5696
1945146,5697
1945564,5698
1945886,5699
1946134,5700
1946323,5701
1946572,5702
1947002,5703
1947282,5704
1947500,5705
1947507,5706
1947695,5707
1948210,5708
1948528,5709
1948669,5710
1949034,5711
1949122,5712
1949594,5713
1949947,5714
1950313,5715
1951532,5716
1952050,5717
1952625,5718
1953049,5719
1953067,5720
1953393,5721
1955340,5722
1955533,5723
1955592,5724
1955780,5725
1956548,5726
1957285,5727
1957432,5728
1957666,5729
1957956,5730
1958335,5731
1958368,5732
1958392,5733
1958567,5734
1959050,5735
1959399,5736
1959534,5737
1959850,5738
1960311,5739
1960588,5740
1961024,5741
1962880,5742
1963276,5743
1963505,5744
1963757,5745
1963790,5746
1964036,5747
1964317,5748
1964949,5749
1965127,5750
1965151,5751
1965486,5752
1965879,5753
1966234,5754
1966319,5755
1966419,5756
1966673,5757
1966721,5758
1966781,5759
1967085,5760
1967844,5761
1968157,5762
1968431,5763
1968789,5764
1968807,5765
1969257,5766
1969360,5767
1970184,5768
1970677,5769
1971291,5770
1971344,5771
1971511,5772
1971781,5773
1972873,5774
1973144,5775
1973168,5776
1974195,5777
1974907,5778
1974999,5779
1975368,5780
1975536,5781
1976200,5782
1976716,5783
1977220,5784
1977368,5785
1978044,5786
1981491,5787
1981695,5788
1981880,5789
1982426,5790
1982704,5791
1984772,5792
1984937,5793
1985209,5794
1985253,5795
1985408,5796
1986337,5797
1986955,5798
1986993,5799
1987783,5800
1988110,5801
1988874,5802
1989597,5803
1989639,5804
1989835,5805
1989900,5806
1990198,5807
1990256,5808
1990547,5809
1990772,5810
1991061,5811
1991109,5812
1991253,5813
1991609,5814
1991661,5815
1991700,5816
1992065,5817
1992190,5818
1992557,5819
1992922,5820
1993376,5821
1993463,5822
1993863,5823
1994165,5824
1994198,5825
1994351,5826
1994559,5827
1995048,5828
1995125,5829
1995307,5830
1995484,5831
1996313,5832
1996924,5833
1997605,5834
1997883,5835
1998394,5836
1998508,5837
1999125,5838
1999198,5839
1999891,5840
1999948,5841
2000010,5842
2000418,5843
2000593,5844
2000968,5845
2001464,5846
2002145,5847
2002322,5848
2002745,5849
2002969,5850
2003169,5851
2003303,5852
2004161,5853
2004451,5854
2004651,5855
2005699,5856
2006245,5857
2006683,5858
2007036,5859
2007611,5860
2008378,5861
2008811,5862
2009428,5863
2009685,5864
2009938,5865
2009956,5866
2009997,5867
2010012,5868
2010664,5869
2011353,5870
2012226,5871
2012539,5872
2013490,5873
2013704,5874
2014633,5875
2014832,5876
2015128,5877
2016806,5878
2017022,5879
2017071,5880
2017478,5881
2017558,5882
2017716,5883
2017742,5884
2018619,5885
2019758,5886
2021024,5887
2021317,5888
2021571,5889
2021954,5890
2022007,5891
2022072,5892
2022925,5893
2023130,5894
2023241,5895
2023407,5896
2023735,5897
2024537,5898
2025083,5899
2025663,5900
2025693,5901
2026292,5902
2026844,5903
2027188,5904
2027258,5905
2027614,5906
2028239,5907
2029418,5908
2029613,5909
2030387,5910
2030670,5911
2031010,5912
2031870,5913
2032152,5914
2032373,5915
2032547,5916
2032640,5917
2032883,5918
2033126,5919
2033365,5920
2033416,5921
2033473,5922
2034495,5923
2034871,5924
2034995,5925
2035205,5926
2035523,5927
2035697,5928
2035917,5929
2036054,5930
2036580,5931
2036759,5932
2036816,5933
2037136,5934
2037350,5935
2037352,5936
2037662,5937
2037952,5938
2038110,5939
2038392,5940
2038651,5941
2038882,5942
2039166,5943
2039221,5944
2039318,5945
2039648,5946
2039920,5947
2040234,5948
2040593,5949
2040607,5950
2041014,5951
2041586,5952
2041759,5953
2042591,5954
2042676,5955
2042995,5956
2043000,5957
2043021,5958
2043366,5959
2043848,5960
2043917,5961
2044260,5962
2044410,5963
2044488,5964
2044971,5965
2045214,5966
2045952,5967
2046416,5968
2046474,5969
2046657,5970
2046684,5971
2046884,5972
2046908,5973
2047060,5974
2047113,5975
2047221,5976
2048161,5977
2049567,5978
2050063,5979
2050192,5980
2050194,5981
2050437,5982
2051221,5983
2051335,5984
2051684,5985
2052342,5986
2052823,5987
2053166,5988
2053202,5989
2053768,5990
2054788,5991
2054973,5992
2056859,5993
2057189,5994
2057474,5995
2057833,5996
2057838,5997
2058799,5998
2059393,5999
2061075,6000
2061228,6001
2061373,6002
2061499,6003
2061601,6004
2062424,6005
2063168,6006
2063428,6007
2063882,6008
2063914,6009
2064465,6010
2064884,6011
2065136,6012
2066534,6013
2066748,6014
2066959,6015
2067140,6016
2068448,6017
2068964,6018
2069665,6019
2069778,6020
2071217,6021
2072128,6022
2072598,6023
2072718,6024
2072765,6025
2072952,6026
2074103,6027
2074557,6028
2075928,6029
2076823,6030
2077038,6031
2077305,6032
2077805,6033
2078030,6034
2078459,6035
2079932,6036
2080464,6037
2081188,6038
2081289,6039
2082202,6040
2082588,6041
2084229,6042
2084761,6043
2086829,6044
2087396,6045
2087683,6046
2089388,6047
2090351,6048
2091559,6049
2092167,6050
2092671,6051
2092892,6052
2093049,6053
2093083,6054
2093355,6055
2093945,6056
2094816,6057
2095018,6058
2095398,6059
2096384,6060
2097141,6061
2097367,6062
2097630,6063
2097843,6064
2097955,6065
2098072,6066
2098800,6067
2099185,6068
2099418,6069
2099446,6070
2099642,6071
2099662,6072
2099864,6073
2099870,6074
2102356,6075
2102730,6076
2103350,6077
2103499,6078
2103901,6079
2104243,6080
2104549,6081
2104604,6082
2104663,6083
2104711,6084
2105684,6085
2105700,6086
2106284,6087
2106697,6088
2106841,6089
2107072,6090
2107440,6091
2108209,6092
2108213,6093
2108581,6094
2110426,6095
2110910,6096
2111023,6097
2111233,6098
2111537,6099
2111731,6100
2112104,6101
2113320,6102
2113905,6103
2114200,6104
2114543,6105
2115244,6106
2115712,6107
2115957,6108
2116045,6109
2116051,6110
2116413,6111
2117227,6112
2118386,6113
2118402,6114
2118553,6115
2119227,6116
2119725,6117
2119752,6118
2121190,6119
2121308,6120
2122137,6121
2122453,6122
2122610,6123
2122697,6124
2123151,6125
2123414,6126
2123425,6127
2124068,6128
2124413,6129
2125666,6130
2126055,6131
2126277,6132
2126356,6133
2127041,6134
2127600,6135
2127708,6136
2127901,6137
2128382,6138
2128578,6139
2129148,6140
2129245,6141
2130398,6142
2130929,6143
2131191,6144
2131452,6145
2131534,6146
2131761,6147
2132272,6148
2132600,6149
2132612,6150
2132938,6151
2133089,6152
2133799,6153
2134248,6154
2134753,6155
2135588,6156
2135887,6157
2135942,6158
2135968,6159
2136000,6160
2136301,6161
2136423,6162
2136857,6163
2136962,6164
2137474,6165
2137592,6166
2137745,6167
2137846,6168
2138060,6169
2138347,6170
2138761,6171
2138830,6172
2140278,6173
2140667,6174
2140716,6175
2141311,6176
2141561,6177
2141782,6178
2141921,6179
2141943,6180
2142980,6181
2143475,6182
2143488,6183
2143841,6184
2143842,6185
2144315,6186
2144377,6187
2145384,6188
2145590,6189
2145700,6190
2145806,6191
2146118,6192
2146215,6193
2146373,6194
2146798,6195
2147219,6196
2147318,6197
2148239,6198
2148311,6199
2148344,6200
2149297,6201
2149382,6202
2149867,6203
2149882,6204
2149922,6205
2149945,6206
2150116,6207
2150507,6208
2150996,6209
2151004,6210
2151653,6211
2151822,6212
2152054,6213
2152134,6214
2153194,6215
2153531,6216
2154131,6217
2154634,6218
2154929,6219
2155614,6220
2155933,6221
2156281,6222
2156453,6223
2156499,6224
2156874,6225
2157753,6226
2158196,6227
2158273,6228
2158800,6229
2158808,6230
2158941,6231
2158981,6232
2159578,6233
2159602,6234
2160184,6235
2160278,6236
2160313,6237
2160433,6238
2160667,6239
2160682,6240
2160719,6241
2161078,6242
2161788,6243
2161928,6244
2162110,6245
2162335,6246
2163102,6247
2163115,6248
2163149,6249
2163313,6250
2163369,6251
2164075,6252
2164311,6253
2164664,6254
2165157,6255
2165283,6256
2165496,6257
2165564,6258
2165678,6259
2166451,6260
2167601,6261
2167767,6262
2167909,6263
2169285,6264
2169485,6265
2169983,6266
2170137,6267
2170426,6268
2170594,6269
2171007,6270
2172445,6271
2172979,6272
2173252,6273
2173284,6274
2174408,6275
2174768,6276
2174793,6277
2175265,6278
2175284,6279
2176242,6280
2176483,6281
2176487,6282
2176570,6283
2176976,6284
2177280,6285
2177499,6286
2177955,6287
2178904,6288
2179481,6289
2180215,6290
2180641,6291
2180769,6292
2181307,6293
2181439,6294
2181495,6295
2181589,6296
2182108,6297
2183443,6298
2183990,6299
2184484,6300
2184523,6301
2184817,6302
2185590,6303
2186774,6304
2186896,6305
2186930,6306
2187997,6307
2188033,6308
2188663,6309
2188894,6310
2189654,6311
2190244,6312
2190591,6313
2191282,6314
2191999,6315
2192057,6316
2192498,6317
2192619,6318
2193429,6319
2193840,6320
2193968,6321
2194013,6322
2194329,6323
2195315,6324
2195338,6325
2195510,6326
2195517,6327
2196342,6328
2196899,6329
2197208,6330
2197775,6331
2197939,6332
2198941,6333
2199095,6334
2199828,6335
2200214,6336
2200255,6337
2201162,6338
2201191,6339
2201278,6340
2201824,6341
2201874,6342
2201993,6343
2203919,6344
2204622,6345
2204807,6346
2205019,6347
2205027,6348
2205212,6349
2205552,6350
2206919,6351
2207863,6352
2207966,6353
2208324,6354
2208350,6355
2208712,6356
2208746,6357
2208988,6358
2209438,6359
2209757,6360
2209883,6361
2210302,6362
2210473,6363
2210843,6364
2210922,6365
2211254,6366
2212900,6367
2213412,6368
2214854,6369
2214932,6370
2215166,6371
2215593,6372
2216057,6373
2216432,6374
2216461,6375
2216966,6376
2217236,6377
2217354,6378
2218276,6379
2218691,6380
2219051,6381
2219350,6382
2219612,6383
2220040,6384
2220261,6385
2220402,6386
2221172,6387
2222098,6388
2222853,6389
2222987,6390
2223042,6391
2224335,6392
2225721,6393
2225822,6394
2226174,6395
2226262,6396
2226471,6397
2226668,6398
2226790,6399
2227753,6400
2228283,6401
2228778,6402
2228843,6403
2229090,6404
2230013,6405
2230291,6406
2230522,6407
2230851,6408
2230865,6409
2231518,6410
2231827,6411
2232055,6412
2232143,6413
2232305,6414
2232555,6415
2233510,6416
2233796,6417
2235265,6418
2235445,6419
2236179,6420
2236821,6421
2237310,6422
2237380,6423
2237490,6424
2237501,6425
2237802,6426
2237924,6427
2237943,6428
2238151,6429
2238563,6430
2239275,6431
2239329,6432
2239709,6433
2240060,6434
2240473,6435
2240723,6436
2241287,6437
2241329,6438
2241436,6439
2241962,6440
2242218,6441
2242419,6442
2242885,6443
2243746,6444
2244020,6445
2244464,6446
2244719,6447
2245022,6448
2245324,6449
2246018,6450
2246089,6451
2246819,6452
2247155,6453
2247354,6454
2247362,6455
2247654,6456
2248280,6457
2248335,6458
2248525,6459
2248717,6460
2249265,6461
2249812,6462
2249830,6463
2249873,6464
2250042,6465
2250126,6466
2250610,6467
2250922,6468
2251274,6469
2252211,6470
2252726,6471
2253053,6472
2253286,6473
2253524,6474
2253671,6475
2254071,6476
2254559,6477
2254585,6478
2254956,6479
2255344,6480
2257823,6481
2257830,6482
2258453,6483
2258500,6484
2259456,6485
2260002,6486
2260223,6487
2260820,6488
2261033,6489
2261371,6490
2262352,6491
2262373,6492
2263153,6493
2263281,6494
2263428,6495
2263686,6496
2264143,6497
2265507,6498
2267633,6499
2268200,6500
2268233,6501
2268272,6502
2269402,6503
2269685,6504
2270327,6505
2270731,6506
2271083,6507
2271951,6508
2272401,6509
2273432,6510
2274087,6511
2275446,6512
2275462,6513
2276183,6514
2276288,6515
2276710,6516
2277042,6517
2277910,6518
2278536,6519
2279096,6520
2279585,6521
2281038,6522
2281469,6523
2281542,6524
2281793,6525
2281908,6526
2282111,6527
2282643,6528
2282972,6529
2283329,6530
2284248,6531
2284323,6532
2285814,6533
2286512,6534
2287128,6535
2289090,6536
2289282,6537
2290022,6538
2290283,6539
2290433,6540
2290776,6541
2290816,6542
2291439,6543
2291752,6544
2291764,6545
2292318,6546
2293537,6547
2293813,6548
2293905,6549
2294304,6550
2294903,6551
2295838,6552
2296608,6553
2298116,6554
2299676,6555
2300392,6556
2301701,6557
2303164,6558
2303262,6559
2304152,6560
2304156,6561
2304542,6562
2304745,6563
2306086,6564
2306122,6565
2306347,6566
2306382,6567
2306485,6568
2306991,6569
2307279,6570
2307291,6571
2307686,6572
2308224,6573
2308233,6574
2308384,6575
2308808,6576
2308820,6577
2309183,6578
2309205,6579
2309206,6580
2309407,6581
2309464,6582
2309995,6583
2310445,6584
2310537,6585
2311292,6586
2311841,6587
2312094,6588
2312741,6589
2312902,6590
2313063,6591
2313335,6592
2313489,6593
2313749,6594
2313775,6595
2313800,6596
2313859,6597
2314190,6598
2314289,6599
2314856,6600
2315120,6601
2315264,6602
2315641,6603
2315805,6604
2316477,6605
2316504,6606
2317467,6607
2317495,6608
2318833,6609
2320028,6610
2320063,6611
2320427,6612
2320459,6613
2320760,6614
2321158,6615
2321230,6616
2321242,6617
2322263,6618
2325045,6619
2325450,6620
2326813,6621
2326828,6622
2327509,6623
2327976,6624
2328347,6625
2328640,6626
2329198,6627
2329383,6628
2329396,6629
2330088,6630
2330231,6631
2330247,6632
2330293,6633
2330741,6634
2330795,6635
2330847,6636
2331349,6637
2332517,6638
2333112,6639
2333812,6640
2334092,6641
2335123,6642
2335427,6643
2335879,6644
2337318,6645
2337520,6646
2338031,6647
2338384,6648
2338468,6649
2339039,6650
2339090,6651
2339349,6652
2339388,6653
2339504,6654
2339639,6655
2340579,6656
2340894,6657
2341587,6658
2341703,6659
2341939,6660
2342032,6661
2342839,6662
2343301,6663
2343780,6664
2344230,6665
2344256,6666
2344272,6667
2344509,6668
2344663,6669
2344975,6670
2345713,6671
2346226,6672
2347080,6673
2347669,6674
2348787,6675
2349189,6676
2349261,6677
2349611,6678
2349696,6679
2349903,6680
2349989,6681
2350455,6682
2350520,6683
2351025,6684
2351540,6685
2351844,6686
2351860,6687
2352015,6688
2353027,6689
2353150,6690
2353272,6691
2353545,6692
2354655,6693
2354873,6694
2355137,6695
2355395,6696
2355397,6697
2355452,6698
2356049,6699
2356232,6700
2357599,6701
2357823,6702
2358011,6703
2358186,6704
2358312,6705
2358985,6706
2359214,6707
2359265,6708
2360696,6709
2361056,6710
2361060,6711
2361366,6712
2362049,6713
2362221,6714
2362360,6715
2362670,6716
2363002,6717
2363126,6718
2363648,6719
2363774,6720
2364060,6721
2364344,6722
2364812,6723
2364985,6724
2367076,6725
2367087,6726
2367222,6727
2368057,6728
2368060,6729
2368429,6730
2368451,6731
2369124,6732
2369477,6733
2369704,6734
2369773,6735
2369985,6736
2369987,6737
2370587,6738
2370853,6739
2371196,6740
2371959,6741
2372174,6742
2372484,6743
2373120,6744
2373234,6745
2373431,6746
2374062,6747
2374265,6748
2374647,6749
2375903,6750
2375966,6751
2375994,6752
2376195,6753
2376252,6754
2377012,6755
2377079,6756
2377220,6757
2377604,6758
2377615,6759
2378097,6760
2378899,6761
2379359,6762
2379617,6763
2380261,6764
2380622,6765
2380918,6766
2381229,6767
2381737,6768
2382118,6769
2382969,6770
2383007,6771
2383112,6772
2383194,6773
2383256,6774
2383723,6775
2384011,6776
2384509,6777
2384854,6778
2385199,6779
2385340,6780
2385441,6781
2385684,6782
2386199,6783
2386770,6784
2387989,6785
2388043,6786
2388612,6787
2388941,6788
2389285,6789
2391631,6790
2391826,6791
2391888,6792
2393934,6793
2394190,6794
2394539,6795
2396021,6796
2396127,6797
2396214,6798
2396582,6799
2396612,6800
2396713,6801
2396774,6802
2397184,6803
2397331,6804
2398111,6805
2398284,6806
2398563,6807
2398572,6808
2399062,6809
2399272,6810
2399331,6811
2399621,6812
2400118,6813
2400310,6814
2400394,6815
2400651,6816
2400986,6817
2401257,6818
2401602,6819
2402625,6820
2403069,6821
2403429,6822
2404323,6823
2404719,6824
2404990,6825
2405758,6826
2406809,6827
2407267,6828
2407283,6829
2407434,6830
2407761,6831
2408784,6832
2409218,6833
2409247,6834
2411750,6835
2411941,6836
2412035,6837
2412085,6838
2412174,6839
2412436,6840
2412621,6841
2412813,6842
2413818,6843
2414242,6844
2414460,6845
2414494,6846
2414641,6847
2414767,6848
2414876,6849
2415259,6850
2415533,6851
2415741,6852
2416538,6853
2417584,6854
2417836,6855
2417979,6856
2418194,6857
2418567,6858
2418991,6859
2419114,6860
2419933,6861
2420113,6862
2420825,6863
2421650,6864
2422531,6865
2422616,6866
2424049,6867
2424608,6868
2424732,6869
2425146,6870
2425318,6871
2425823,6872
2426115,6873
2426320,6874
2427415,6875
2427990,6876
2428258,6877
2428691,6878
2428764,6879
2429590,6880
2429611,6881
2429643,6882
2430200,6883
2430253,6884
2431150,6885
2431245,6886
2431611,6887
2432009,6888
2432168,6889
2432230,6890
2432478,6891
2432876,6892
2434196,6893
2434397,6894
2434610,6895
2434665,6896
2434846,6897
2435150,6898
2435472,6899
2435854,6900
2436381,6901
2436765,6902
2437023,6903
2438181,6904
2438216,6905
2438756,6906
2438942,6907
2439191,6908
2439247,6909
2439766,6910
2439881,6911
2440144,6912
2440458,6913
2440752,6914
2441229,6915
2441303,6916
2441778,6917
2442034,6918
2442112,6919
2442401,6920
2442486,6921
2443332,6922
2444138,6923
2444760,6924
2444825,6925
2444937,6926
2444958,6927
2445011,6928
2445316,6929
2445480,6930
2445588,6931
2445964,6932
2446384,6933
2446508,6934
2447084,6935
2447103,6936
2447168,6937
2447678,6938
2449309,6939
2450431,6940
2450757,6941
2450768,6942
2451204,6943
2451774,6944
2452070,6945
2452453,6946
2453037,6947
2454294,6948
2454830,6949
2455452,6950
2457706,6951
2457775,6952
2458665,6953
2458856,6954
2458872,6955
2459129,6956
2459295,6957
2459924,6958
2460018,6959
2460502,6960
2460520,6961
2460934,6962
2461754,6963
2462099,6964
2462412,6965
2462422,6966
2463052,6967
2463412,6968
2463460,6969
2463922,6970
2464884,6971
2465093,6972
2465301,6973
2465545,6974
2465558,6975
2466198,6976
2466426,6977
2466428,6978
2466860,6979
2467145,6980
2467670,6981
2468446,6982
2468757,6983
2469180,6984
2469375,6985
2469979,6986
2470531,6987
2471495,6988
2471646,6989
2471677,6990
2471920,6991
2472271,6992
2472422,6993
2472465,6994
2472597,6995
2472624,6996
2472994,6997
2473070,6998
2473492,6999
2473605,7000
2474131,7001
2474136,7002
2474164,7003
2474584,7004
2474682,7005
2475443,7006
2475468,7007
2475728,7008
2476732,7009
2477341,7010
2477624,7011
2478396,7012
2478430,7013
2478814,7014
2478887,7015
2479412,7016
2479748,7017
2480270,7018
2480319,7019
2480708,7020
2481108,7021
2481439,7022
2481495,7023
2482022,7024
2482060,7025
2482170,7026
2482604,7027
2483039,7028
2484124,7029
2484522,7030
2484765,7031
2485389,7032
2485984,7033
2486388,7034
2487347,7035
2488380,7036
2489764,7037
2490001,7038
2490265,7039
2490987,7040
2491663,7041
2492146,7042
2492617,7043
2493061,7044
2493710,7045
2493753,7046
2493820,7047
2494086,7048
2494416,7049
2495164,7050
2495197,7051
2495278,7052
2495584,7053
2495756,7054
2496307,7055
2496407,7056
2496819,7057
2497103,7058
2497110,7059
2497882,7060
2498190,7061
2499149,7062
2499668,7063
2500439,7064
2501460,7065
2501655,7066
2502869,7067
2503000,7068
2503276,7069
2503524,7070
2503654,7071
2504550,7072
2504895,7073
2505030,7074
2505408,7075
2505440,7076
2505804,7077
2506140,7078
2506487,7079
2506532,7080
2507563,7081
2508121,7082
2508123,7083
2508167,7084
2508217,7085
2508627,7086
2508783,7087
2508891,7088
2509522,7089
2509637,7090
2509738,7091
2509874,7092
2509982,7093
2510092,7094
2510379,7095
2511498,7096
2511711,7097
2513162,7098
2513232,7099
2513414,7100
2513645,7101
2514521,7102
2515035,7103
2515116,7104
2515523,7105
2515551,7106
2515974,7107
2517578,7108
2518112,7109
2518397,7110
2518441,7111
2518908,7112
2519381,7113
2519573,7114
2519793,7115
2520021,7116
2521178,7117
2521294,7118
2521338,7119
2521509,7120
2521545,7121
2521740,7122
2521961,7123
2522878,7124
2523543,7125
2523892,7126
2524327,7127
2524693,7128
2524716,7129
2524987,7130
2525229,7131
2525711,7132
2525898,7133
2527001,7134
2527632,7135
2527730,7136
2527760,7137
2527769,7138
2527816,7139
2528166,7140
2528167,7141
2528231,7142
2528299,7143
2528447,7144
2528530,7145
2529165,7146
2529388,7147
2529455,7148
2529591,7149
2529751,7150
2529781,7151
2529829,7152
2530181,7153
2530281,7154
2530329,7155
2530866,7156
2531319,7157
2531769,7158
2532225,7159
2532241,7160
2532389,7161
2532525,7162
2532911,7163
2533082,7164
2533178,7165
2533724,7166
2534199,7167
2534239,7168
2534242,7169
2535225,7170
2535477,7171
2536608,7172
2536752,7173
2537468,7174
2537891,7175
2537966,7176
2538452,7177
2538673,7178
2539156,7179
2539561,7180
2539746,7181
2540078,7182
2540400,7183
2541352,7184
2541364,7185
2541392,7186
2541502,7187
2542150,7188
2542419,7189
2542430,7190
2542530,7191
2542959,7192
2544795,7193
2545126,7194
2545829,7195
2546826,7196
2547065,7197
2548199,7198
2548309,7199
2548873,7200
2549969,7201
2550200,7202
2550541,7203
2550615,7204
2552665,7205
2552731,7206
2553034,7207
2553126,7208
2553216,7209
2553392,7210
2553464,7211
2553653,7212
2553679,7213
2554399,7214
2554441,7215
2555205,7216
2555987,7217
2556783,7218
2556839,7219
2557078,7220
2557858,7221
2558079,7222
2558125,7223
2558552,7224
2558766,7225
2558778,7226
2558852,7227
2558855,7228
2561390,7229
2561507,7230
2561879,7231
2562236,7232
2563135,7233
2563651,7234
2563903,7235
2564640,7236
2565417,7237
2566377,7238
2566790,7239
2566918,7240
2566929,7241
2567086,7242
2567125,7243
2567257,7244
2567688,7245
2567924,7246
2568375,7247
2568675,7248
2568960,7249
2569333,7250
2569353,7251
2569450,7252
2569454,7253
2569460,7254
2569539,7255
2569696,7256
2569701,7257
2569809,7258
2569996,7259
2570168,7260
2570184,7261
2570207,7262
2570626,7263
2571014,7264
2571312,7265
2571628,7266
2572000,7267
2572802,7268
2573136,7269
2573362,7270
2573417,7271
2573554,7272
2573749,7273
2573860,7274
2573989,7275
2574088,7276
2575111,7277
2576541,7278
2576604,7279
2576747,7280
2576927,7281
2578045,7282
2578767,7283
2579669,7284
2580767,7285
2581123,7286
2581505,7287
2581823,7288
2582046,7289
2583453,7290
2583566,7291
2584967,7292
2585240,7293
2585513,7294
2586634,7295
2586680,7296
2587821,7297
2587997,7298
2588951,7299
2589788,7300
2589914,7301
2590196,7302
2590469,7303
2590592,7304
2590769,7305
2590923,7306
2591023,7307
2592526,7308
2592857,7309
2593746,7310
2595933,7311
2596147,7312
2596366,7313
2596808,7314
2597459,7315
2597474,7316
2597610,7317
2597712,7318
2597993,7319
2598118,7320
2598558,7321
2598668,7322
2599083,7323
2599192,7324
2600044,7325
2600387,7326
2600612,7327
2600853,7328
2601181,7329
2601252,7330
2601291,7331
2601517,7332
2602045,7333
2602532,7334
2603284,7335
2603746,7336
2603806,7337
2604017,7338
2604785,7339
2605148,7340
2605174,7341
2605947,7342
2606218,7343
2606318,7344
2606998,7345
2607105,7346
2607212,7347
2607465,7348
2607600,7349
2608228,7350
2609362,7351
2609915,7352
2612335,7353
2613057,7354
2614341,7355
2614731,7356
2614792,7357
2614953,7358
2615093,7359
2615705,7360
2616763,7361
2616836,7362
2617262,7363
2618796,7364
2618830,7365
2618953,7366
2620091,7367
2620717,7368
2620719,7369
2620983,7370
2621401,7371
2621634,7372
2621670,7373
2621892,7374
2621996,7375
2622086,7376
2622111,7377
2622343,7378
2624050,7379
2624593,7380
2626532,7381
2626540,7382
2626646,7383
2627634,7384
2627767,7385
2628245,7386
2628388,7387
2628581,7388
2628783,7389
2629344,7390
2630273,7391
2630472,7392
2630626,7393
2632305,7394
2632773,7395
2632835,7396
2633117,7397
2633627,7398
2634241,7399
2634912,7400
2635043,7401
2635886,7402
2635935,7403
2636806,7404
2637892,7405
2637936,7406
2639223,7407
2639774,7408
2640040,7409
2640202,7410
2640942,7411
2640986,7412
2641751,7413
2641852,7414
2642571,7415
2643755,7416
2643881,7417
2644393,7418
2644443,7419
2644875,7420
2645176,7421
2645275,7422
2645298,7423
2645346,7424
2645416,7425
2645462,7426
2645997,7427
2646044,7428
2646754,7429
2646907,7430
2647592,7431
2647887,7432
2648137,7433
2648981,7434
2651234,7435
2651576,7436
2651734,7437
2652021,7438
2652154,7439
2652284,7440
2652627,7441
2652786,7442
2653292,7443
2653346,7444
2653743,7445
2653788,7446
2653955,7447
2654426,7448
2654995,7449
2656198,7450
2656344,7451
2657241,7452
2657981,7453
2659077,7454
2660776,7455
2661223,7456
2661300,7457
2661471,7458
2662440,7459
2662898,7460
2662911,7461
2663145,7462
2663787,7463
2663896,7464
2664203,7465
2664367,7466
2664642,7467
2665173,7468
2665218,7469
2665522,7470
2665695,7471
2665788,7472
2665946,7473
2666365,7474
2667570,7475
2667842,7476
2668275,7477
2668281,7478
2669038,7479
2669052,7480
2669298,7481
2669347,7482
2669596,7483
2669618,7484
2669838,7485
2669840,7486
2670988,7487
2671029,7488
2671255,7489
2671817,7490
2672046,7491
2672311,7492
2672849,7493
2673414,7494
2674046,7495
2674919,7496
2675892,7497
2676875,7498
2676896,7499
2677520,7500
2677659,7501
2679682,7502
2680064,7503
2681631,7504
2681869,7505
2682892,7506
2683136,7507
2683656,7508
2683769,7509
2684145,7510
2685066,7511
2685469,7512
2685909,7513
2686082,7514
2687817,7515
2688137,7516
2688717,7517
2689226,7518
2689657,7519
2689699,7520
2689773,7521
2690065,7522
2690821,7523
2690919,7524
2690952,7525
2691032,7526
2691443,7527
2691562,7528
2691619,7529
2691741,7530
2691929,7531
2692804,7532
2693316,7533
2693678,7534
2693840,7535
2693953,7536
2694004,7537
2694141,7538
2694685,7539
2695275,7540
2695960,7541
2696365,7542
2696453,7543
2696846,7544
2697262,7545
2697354,7546
2697942,7547
2698345,7548
2698629,7549
2698664,7550
2699863,7551
2700141,7552
2700574,7553
2700601,7554
2700863,7555
2701342,7556
2701634,7557
2702990,7558
2703311,7559
2703757,7560
2704370,7561
2704449,7562
2704552,7563
2704750,7564
2704818,7565
2705786,7566
2705902,7567
2705923,7568
2706210,7569
2706311,7570
2706768,7571
2707805,7572
2708422,7573
2708598,7574
2708658,7575
2708738,7576
2708813,7577
2708958,7578
2709114,7579
2710248,7580
2710280,7581
2710384,7582
2710656,7583
2710955,7584
2711312,7585
2711341,7586
2711642,7587
2711757,7588
2711836,7589
2712267,7590
2712868,7591
2713068,7592
2713106,7593
2713174,7594
2713205,7595
2714373,7596
2714867,7597
2714955,7598
2715947,7599
2716391,7600
2717463,7601
2717772,7602
2718079,7603
2718358,7604
2718634,7605
2718884,7606
2719260,7607
2719825,7608
2720367,7609
2721216,7610
2721366,7611
2721412,7612
2721728,7613
2723696,7614
2723815,7615
2724041,7616
2724645,7617
2724686,7618
2725161,7619
2725202,7620
2725398,7621
2727094,7622
2727218,7623
2727479,7624
2727614,7625
2727920,7626
2728135,7627
2729698,7628
2730272,7629
2730288,7630
2730307,7631
2730474,7632
2731173,7633
2732336,7634
2732660,7635
2733085,7636
2733631,7637
2734515,7638
2734655,7639
2734752,7640
2736392,7641
2736815,7642
2737348,7643
2737417,7644
2738321,7645
2738356,7646
2739209,7647
2739406,7648
2739569,7649
2740176,7650
2740232,7651
2740419,7652
2740537,7653
2740984,7654
2741633,7655
2742045,7656
2742083,7657
2743118,7658
2743419,7659
2743993,7660
2744266,7661
2745191,7662
2745622,7663
2747011,7664
2747469,7665
2747720,7666
2748329,7667
2748490,7668
2748695,7669
2749611,7670
2750263,7671
2750397,7672
2750404,7673
2750520,7674
2750550,7675
2750564,7676
2750633,7677
2750662,7678
2750974,7679
2751074,7680
2751808,7681
2752185,7682
2752330,7683
2752359,7684
2752892,7685
2754087,7686
2754091,7687
2754280,7688
2754309,7689
2754344,7690
2754353,7691
2754449,7692
2754683,7693
2754728,7694
2755025,7695
2755852,7696
2756604,7697
2756645,7698
2757028,7699
2757373,7700
2757571,7701
2757977,7702
2758189,7703
2758786,7704
2759640,7705
2760087,7706
2760140,7707
2760376,7708
2760396,7709
2760682,7710
2761074,7711
2761077,7712
2761326,7713
2761889,7714
2762284,7715
2763241,7716
2763751,7717
2763841,7718
2763928,7719
2764986,7720
2765084,7721
2765532,7722
2765655,7723
2765666,7724
2766994,7725
2767524,7726
2768386,7727
2769722,7728
2769921,7729
2770196,7730
2770372,7731
2770569,7732
2770807,7733
2771333,7734
2771529,7735
2772009,7736
2772098,7737
2772296,7738
2772536,7739
2774163,7740
2774239,7741
2774474,7742
2774651,7743
2774809,7744
2775636,7745
2775890,7746
2776003,7747
2776875,7748
2778823,7749
2779260,7750
2779571,7751
2780157,7752
2780203,7753
2780474,7754
2781783,7755
2781803,7756
2782926,7757
2783294,7758
2783540,7759
2784133,7760
2784920,7761
2785286,7762
2785524,7763
2785578,7764
2785712,7765
2785842,7766
2786196,7767
2786430,7768
2786439,7769
2786575,7770
2786931,7771
2787420,7772
2788187,7773
2788508,7774
2788622,7775
2788742,7776
2789810,7777
2790521,7778
2790923,7779
2791005,7780
2791426,7781
2791741,7782
2792173,7783
2792466,7784
2792521,7785
2792555,7786
2792588,7787
2792904,7788
2793315,7789
2793680,7790
2793927,7791
2794556,7792
2794608,7793
2794771,7794
2795275,7795
2795747,7796
2796096,7797
2796117,7798
2796233,7799
2796686,7800
2797313,7801
2798016,7802
2798188,7803
2798744,7804
2798747,7805
2798794,7806
2799389,7807
2800007,7808
2800432,7809
2801017,7810
2801112,7811
2801121,7812
2801507,7813
2801553,7814
2802075,7815
2802200,7816
2802307,7817
2802801,7818
2803675,7819
2803709,7820
2804803,7821
2805254,7822
2805509,7823
2805968,7824
2806383,7825
2806528,7826
2806783,7827
2806954,7828
2807296,7829
2807569,7830
2807735,7831
2807813,7832
2808781,7833
2809512,7834
2809723,7835
2809845,7836
2810054,7837
2810381,7838
2810691,7839
2810980,7840
2812445,7841
2812763,7842
2813365,7843
2814266,7844
2814328,7845
2814433,7846
2814489,7847
2814771,7848
2814787,7849
2815088,7850
2815435,7851
2815792,7852
2815972,7853
2816255,7854
2816385,7855
2817027,7856
2817097,7857
2817714,7858
2817997,7859
2818313,7860
2818381,7861
2818949,7862
2819185,7863
2819322,7864
2820684,7865
2820878,7866
2821351,7867
2822339,7868
2822382,7869
2822565,7870
2823010,7871
2823159,7872
2823433,7873
2824084,7874
2824871,7875
2825385,7876
2826070,7877
2826351,7878
2826434,7879
2826554,7880
2826692,7881
2826816,7882
2827020,7883
2827322,7884
2827390,7885
2827455,7886
2828040,7887
2828114,7888
2828172,7889
2828276,7890
2828871,7891
2829091,7892
2829668,7893
2831212,7894
2831228,7895
2832857,7896
2833090,7897
2833145,7898
2833921,7899
2834169,7900
2834538,7901
2834891,7902
2835525,7903
2835731,7904
2836165,7905
2837025,7906
2837056,7907
2837153,7908
2838408,7909
2838662,7910
2838701,7911
2839415,7912
2839611,7913
2839844,7914
2840389,7915
2840899,7916
2842254,7917
2843934,7918
2844857,7919
2845385,7920
2845595,7921
2845611,7922
2845690,7923
2846073,7924
2846147,7925
2846532,7926
2846713,7927
2846838,7928
2846857,7929
2846895,7930
2846921,7931
2847877,7932
2848153,7933
2848269,7934
2848415,7935
2849493,7936
2849517,7937
2849782,7938
2850225,7939
2850308,7940
2850510,7941
2850908,7942
2851904,7943
2853441,7944
2853586,7945
2854124,7946
2854210,7947
2854219,7948
2854608,7949
2855605,7950
2855739,7951
2855842,7952
2855951,7953
2856003,7954
2856525,7955
2856707,7956
2856751,7957
2858447,7958
2858843,7959
2859041,7960
2859529,7961
2859851,7962
2860356,7963
2861297,7964
2861601,7965
2861789,7966
2861838,7967
2861911,7968
2862066,7969
2862386,7970
2862639,7971
2863852,7972
2864056,7973
2864171,7974
2864337,7975
2864354,7976
2864388,7977
2864450,7978
2864479,7979
2865590,7980
2865593,7981
2866261,7982
2866265,7983
2866756,7984
2867287,7985
2868596,7986
2868885,7987
2869490,7988
2870462,7989
2870763,7990
2871479,7991
2871793,7992
2872096,7993
2872435,7994
2872585,7995
2873020,7996
2873188,7997
2873453,7998
2873584,7999
2874075,8000
2874153,8001
2874173,8002
2874270,8003
2874394,8004
2874748,8005
2874894,8006
2875519,8007
2876803,8008
2876870,8009
2877099,8010
2877338,8011
2877890,8012
2878132,8013
2878734,8014
2879411,8015
2880809,8016
2880875,8017
2881811,8018
2881893,8019
2883279,8020
2883290,8021
2884581,8022
2885017,8023
2885499,8024
2885747,8025
2885792,8026
2886284,8027
2887024,8028
2887290,8029
2887892,8030
2887993,8031
2888055,8032
2888132,8033
2888224,8034
2888300,8035
2889094,8036
2889381,8037
2889624,8038
2889655,8039
2889940,8040
2890156,8041
2890459,8042
2890792,8043
2890974,8044
2891176,8045
2892090,8046
2892711,8047
2893413,8048
2893469,8049
2893474,8050
2893708,8051
2894338,8052
2894562,8053
2894810,8054
2895284,8055
2896140,8056
2897158,8057
2897859,8058
2898313,8059
2898413,8060
2898757,8061
2898761,8062
2898928,8063
2898994,8064
2899385,8065
2900118,8066
2900205,8067
2900483,8068
2900752,8069
2900958,8070
2901194,8071
2902013,8072
2902232,8073
2902452,8074
2902573,8075
2903674,8076
2903910,8077
2903976,8078
2904020,8079
2904245,8080
2904401,8081
2905157,8082
2905342,8083
2905427,8084
2905568,8085
2905888,8086
2905986,8087
2906907,8088
2907009,8089
2907092,8090
2907375,8091
2907572,8092
2907615,8093
2907680,8094
2908638,8095
2908682,8096
2908998,8097
2909053,8098
2909349,8099
2909475,8100
2909506,8101
2909620,8102
2910002,8103
2910952,8104
2911048,8105
2911283,8106
2912741,8107
2913224,8108
2913598,8109
2913617,8110
2914046,8111
2914367,8112
2914855,8113
2915481,8114
2915824,8115
2916290,8116
2916329,8117
2916511,8118
2916721,8119
2917104,8120
2917930,8121
2918007,8122
2918070,8123
2918403,8124
2919971,8125
2920354,8126
2921619,8127
2921635,8128
2922309,8129
2922593,8130
2923095,8131
2924057,8132
2924080,8133
2924142,8134
2924187,8135
2924443,8136
2925107,8137
2925657,8138
2925716,8139
2926363,8140
2927912,8141
2927975,8142
2929047,8143
2929086,8144
2929235,8145
2929692,8146
2929840,8147
2929890,8148
2930152,8149
2930443,8150
2931194,8151
2931461,8152
2932230,8153
2932272,8154
2932529,8155
2932616,8156
2933374,8157
2934710,8158
2934718,8159
2935724,8160
2935930,8161
2936580,8162
2936682,8163
2937995,8164
2938289,8165
2938818,8166
2939384,8167
2939419,8168
2940150,8169
2940274,8170
2940555,8171
2940721,8172
2940788,8173
2940964,8174
2941057,8175
2941920,8176
2942246,8177
2942452,8178
2942871,8179
2942999,8180
2943226,8181
2943601,8182
2943947,8183
2943978,8184
2944291,8185
2944970,8186
2945126,8187
2945307,8188
2945447,8189
2945651,8190
2946295,8191
2946298,8192
2947017,8193
2947218,8194
2948023,8195
2948553,8196
2949250,8197
2950085,8198
2950102,8199
2950393,8200
2951351,8201
2951675,8202
2951687,8203
2951706,8204
2952376,8205
2952519,8206
2953758,8207
2953862,8208
2954083,8209
2954354,8210
2956263,8211
2956860,8212
2957166,8213
2958343,8214
2958392,8215
2958611,8216
2958998,8217
2959151,8218
2959207,8219
2959413,8220
2960211,8221
2961796,8222
2962094,8223
2963230,8224
2963307,8225
2963343,8226
2963682,8227
2964094,8228
2964111,8229
2964514,8230
2965070,8231
2965862,8232
2966004,8233
2967374,8234
2967826,8235
2968035,8236
2968040,8237
2968538,8238
2969526,8239
2969936,8240
2970138,8241
2970877,8242
2970984,8243
2972260,8244
2972419,8245
2972580,8246
2973398,8247
2973993,8248
2974009,8249
2975188,8250
2975531,8251
2975925,8252
2976178,8253
2976434,8254
2976488,8255
2977238,8256
2977316,8257
2977351,8258
2978645,8259
2979943,8260
2981020,8261
2981512,8262
2981535,8263
2981986,8264
2983047,8265
2983626,8266
2984161,8267
2984421,8268
2984424,8269
2984679,8270
2984781,8271
2984821,8272
2984830,8273
2985314,8274
2986275,8275
2986319,8276
2987381,8277
2987491,8278
2987511,8279
2988031,8280
2988439,8281
2988859,8282
2989696,8283
2990753,8284
2990830,8285
2991194,8286
2993036,8287
2993759,8288
2993873,8289
2993963,8290
2994284,8291
2994306,8292
2994765,8293
2995226,8294
2995721,8295
2996452,8296
2997341,8297
2998104,8298
2998116,8299
2999612,8300
2999684,8301
2999854,8302
3000325,8303
3000547,8304
3000714,8305
3000751,8306
3000986,8307
3001825,8308
3002033,8309
3002208,8310
3002290,8311
3003174,8312
3003315,8313
3003572,8314
3004788,8315
3004976,8316
3005242,8317
3005317,8318
3005837,8319
3006880,8320
3007267,8321
3007653,8322
3008290,8323
3008781,8324
3009212,8325
3009261,8326
3009788,8327
3010408,8328
3010948,8329
3011028,8330
3011182,8331
3012516,8332
3013214,8333
3013781,8334
3014129,8335
3014512,8336
3014575,8337
3014794,8338
3016263,8339
3016554,8340
3016673,8341
3017224,8342
3017255,8343
3017485,8344
3017628,8345
3017657,8346
3017917,8347
3018019,8348
3018051,8349
3018238,8350
3018434,8351
3018683,8352
3019463,8353
3019493,8354
3019584,8355
3019593,8356
3021879,8357
3022133,8358
3022203,8359
3022309,8360
3022482,8361
3022995,8362
3024119,8363
3024127,8364
3024761,8365
3025122,8366
3025692,8367
3025851,8368
3026108,8369
3026643,8370
3028397,8371
3029129,8372
3029201,8373
3029308,8374
3029579,8375
3029722,8376
3030178,8377
3030214,8378
3030702,8379
3030820,8380
3031627,8381
3031809,8382
3031969,8383
3033423,8384
3033583,8385
3033681,8386
3034058,8387
3034348,8388
3034570,8389
3034625,8390
3034737,8391
3034796,8392
3035728,8393
3035859,8394
3036116,8395
3037609,8396
3037807,8397
3038370,8398
3038481,8399
3038796,8400
3038984,8401
3039455,8402
3039638,8403
3039708,8404
3040216,8405
3040393,8406
3040579,8407
3040580,8408
3040645,8409
3040734,8410
3040853,8411
3041361,8412
3041424,8413
3041723,8414
3042520,8415
3042674,8416
3042759,8417
3043488,8418
3043711,8419
3044596,8420
3044617,8421
3044890,8422
3044977,8423
3045182,8424
3045327,8425
3045922,8426
3046259,8427
3046391,8428
3046696,8429
3048082,8430
3048396,8431
3049396,8432
3049442,8433
3049668,8434
3051202,8435
3051968,8436
3052324,8437
3052456,8438
3052651,8439
3052779,8440
3053336,8441
3053748,8442
3053763,8443
3054331,8444
3054417,8445
3054541,8446
3054787,8447
3055196,8448
3055345,8449
3055372,8450
3057481,8451
3057876,8452
3058047,8453
3059709,8454
3059781,8455
3060038,8456
3060526,8457
3060613,8458
3061305,8459
3061478,8460
3061793,8461
3061983,8462
3062322,8463
3063679,8464
3064147,8465
3064175,8466
3065028,8467
3065166,8468
3065351,8469
3065690,8470
3065955,8471
3066253,8472
3066757,8473
3066955,8474
3067070,8475
3067769,8476
3068263,8477
3069444,8478
3069671,8479
3069751,8480
3071232,8481
3071283,8482
3071506,8483
3071728,8484
3072418,8485
3072668,8486
3073102,8487
3073507,8488
3073748,8489
3073940,8490
3074067,8491
3074595,8492
3074623,8493
3074714,8494
3075211,8495
3075300,8496
3076164,8497
3076356,8498
3076508,8499
3076619,8500
3077050,8501
3077154,8502
3077560,8503
3077688,8504
3077725,8505
3078158,8506
3078218,8507
3078279,8508
3078453,8509
3078889,8510
3079165,8511
3079308,8512
3079849,8513
3080049,8514
3080266,8515
3080304,8516
3080319,8517
3080322,8518
3080330,8519
3080658,8520
3080898,8521
3081079,8522
3081408,8523
3081458,8524
3082053,8525
3082112,8526
3082128,8527
3082317,8528
3082848,8529
3083107,8530
3083836,8531
3084999,8532
3085208,8533
3085869,8534
3086105,8535
3086113,8536
3087642,8537
3087877,8538
3088030,8539
3088585,8540
3089885,8541
3089909,8542
3091152,8543
3091321,8544
3091368,8545
3091495,8546
3091641,8547
3091979,8548
3092586,8549
3092769,8550
3092832,8551
3093001,8552
3093241,8553
3093616,8554
3093961,8555
3094684,8556
3094825,8557
3095239,8558
3095522,8559
3095678,8560
3095879,8561
3096161,8562
3096742,8563
3096745,8564
3096983,8565
3098393,8566
3098959,8567
3098974,8568
3099938,8569
3100109,8570
3100553,8571
3100895,8572
3101993,8573
3102596,8574
3102972,8575
3102990,8576
3103608,8577
3103617,8578
3103950,8579
3104382,8580
3104736,8581
3104830,8582
3105535,8583
3106021,8584
3106984,8585
3107013,8586
3107716,8587
3108012,8588
3108733,8589
3109850,8590
3110370,8591
3110425,8592
3110851,8593
3111045,8594
3111573,8595
3111785,8596
3112350,8597
3112476,8598
3112630,8599
3112906,8600
3113569,8601
3114322,8602
3114446,8603
3115462,8604
3115477,8605
3115742,8606
3116038,8607
3116423,8608
3116492,8609
3116640,8610
3116653,8611
3116946,8612
3117049,8613
3117931,8614
3118459,8615
3118858,8616
3119223,8617
3119569,8618
3119719,8619
3120347,8620
3120517,8621
3120613,8622
3121088,8623
3122130,8624
3122550,8625
3122639,8626
3123254,8627
3123427,8628
3124152,8629
3124463,8630
3124734,8631
3125103,8632
3125600,8633
3126880,8634
3126927,8635
3127743,8636
3128405,8637
3128448,8638
3128502,8639
3129535,8640
3130017,8641
3130587,8642
3131486,8643
3131643,8644
3132168,8645
3132798,8646
3133045,8647
3133732,8648
3134026,8649
3134069,8650
3134182,8651
3134279,8652
3134309,8653
3134934,8654
3134951,8655
3135071,8656
3135420,8657
3135588,8658
3135603,8659
3135925,8660
3135927,8661
3136155,8662
3136217,8663
3137146,8664
3137307,8665
3137359,8666
3137432,8667
3137445,8668
3137555,8669
3137664,8670
3138275,8671
3139425,8672
3139638,8673
3139664,8674
3139768,8675
3140037,8676
3140226,8677
3140300,8678
3140763,8679
3141405,8680
3143153,8681
3143570,8682
3143940,8683
3143962,8684
3144118,8685
3144162,8686
3144299,8687
3144990,8688
3145656,8689
3148033,8690
3148323,8691
3148499,8692
3149674,8693
3150156,8694
3150464,8695
3150908,8696
3151513,8697
3151829,8698
3151878,8699
3152697,8700
3153001,8701
3153125,8702
3153198,8703
3153438,8704
3153660,8705
3153771,8706
3153947,8707
3154335,8708
3154852,8709
3155202,8710
3155235,8711
3155554,8712
3155609,8713
3156899,8714
3157128,8715
3157736,8716
3158007,8717
3158579,8718
3159031,8719
3159071,8720
3159782,8721
3160382,8722
3161022,8723
3161134,8724
3161864,8725
3161919,8726
3162838,8727
3163044,8728
3163411,8729
3163558,8730
3164226,8731
3164590,8732
3164759,8733
3165334,8734
3165661,8735
3165877,8736
3166247,8737
3166503,8738
3166658,8739
3166992,8740
3167165,8741
3167444,8742
3167949,8743
3168081,8744
3168769,8745
3168918,8746
3169030,8747
3169223,8748
3169884,8749
3170683,8750
3170834,8751
3171155,8752
3171445,8753
3171557,8754
3172010,8755
3172076,8756
3172146,8757
3172661,8758
3173015,8759
3173023,8760
3173144,8761
3173440,8762
3173615,8763
3173644,8764
3174055,8765
3175910,8766
3176263,8767
3177572,8768
3178757,8769
3179513,8770
3179880,8771
3179913,8772
3179940,8773
3180060,8774
3180650,8775
3180918,8776
3180956,8777
3181285,8778
3182295,8779
3182651,8780
3182855,8781
3183323,8782
3183325,8783
3184213,8784
3184464,8785
3184520,8786
3184684,8787
3184710,8788
3185199,8789
3185688,8790
3186828,8791
3187201,8792
3187480,8793
3187621,8794
3187740,8795
3187955,8796
3188924,8797
3189111,8798
3189779,8799
3190176,8800
3190252,8801
3190401,8802
3190779,8803
3191464,8804
3191555,8805
3191672,8806
3191947,8807
3192281,8808
3193674,8809
3194072,8810
3194683,8811
3196219,8812
3196538,8813
3197053,8814
3197103,8815
3197298,8816
3197660,8817
3197701,8818
3198146,8819
3198645,8820
3198775,8821
3199021,8822
3199631,8823
3199755,8824
3200926,8825
3202014,8826
3202368,8827
3202693,8828
3202968,8829
3203390,8830
3203527,8831
3203576,8832
3204308,8833
3204994,8834
3205060,8835
3205323,8836
3205557,8837
3205739,8838
3205773,8839
3205980,8840
3206535,8841
3206559,8842
3207515,8843
3208460,8844
3208914,8845
3209086,8846
3209310,8847
3209555,8848
3209697,8849
3209823,8850
3210889,8851
3211379,8852
3212124,8853
3212243,8854
3212431,8855
3213502,8856
3213743,8857
3214463,8858
3214491,8859
3215452,8860
3216612,8861
3216830,8862
3216926,8863
3217085,8864
3217765,8865
3218283,8866
3218879,8867
3219259,8868
3220046,8869
3220351,8870
3220549,8871
3220701,8872
3221235,8873
3221502,8874
3221705,8875
3221752,8876
3222009,8877
3223415,8878
3224141,8879
3224695,8880
3225404,8881
3225608,8882
3226443,8883
3227058,8884
3227729,8885
3227944,8886
3228427,8887
3229058,8888
3229241,8889
3230344,8890
3230907,8891
3230911,8892
3231279,8893
3231681,8894
3231750,8895
3232012,8896
3232078,8897
3232108,8898
3232172,8899
3232521,8900
3232629,8901
3232814,8902
3232818,8903
3232963,8904
3233146,8905
3233422,8906
3233501,8907
3233679,8908
3233745,8909
3233968,8910
3234209,8911
3234603,8912
3235882,8913
3236053,8914
3236122,8915
3236533,8916
3236820,8917
3237770,8918
3237988,8919
3238241,8920
3238914,8921
3238953,8922
3239597,8923
3240788,8924
3241010,8925
3241365,8926
3241780,8927
3242650,8928
3242741,8929
3242968,8930
3243542,8931
3243774,8932
3244013,8933
3245156,8934
3245807,8935
3245958,8936
3246166,8937
3247381,8938
3247519,8939
3247681,8940
3247753,8941
3248346,8942
3248577,8943
3249721,8944
3249722,8945
3250482,8946
3251277,8947
3251903,8948
3252326,8949
3252699,8950
3253721,8951
3254003,8952
3254295,8953
3254456,8954
3254572,8955
3254695,8956
3255247,8957
3255913,8958
3256085,8959
3256436,8960
3256639,8961
3256741,8962
3257116,8963
3257432,8964
3257791,8965
3258125,8966
3258385,8967
3258477,8968
3258833,8969
3259524,8970
3259626,8971
3260006,8972
3260743,8973
3260746,8974
3261245,8975
3261487,8976
3261489,8977
3261694,8978
3262090,8979
3262927,8980
3263074,8981
3263267,8982
3263589,8983
3264051,8984
3264159,8985
3265003,8986
3265069,8987
3265100,8988
3265428,8989
3265614,8990
3266566,8991
3266607,8992
3266622,8993
3267081,8994
3268354,8995
3268382,8996
3268952,8997
3269406,8998
3269470,8999
3270760,9000
3270761,9001
3270766,9002
3271286,9003
3271315,9004
3271509,9005
3271720,9006
3271767,9007
3271974,9008
3272020,9009
3272088,9010
3272343,9011
3272444,9012
3272924,9013
3273859,9014
3273968,9015
3273996,9016
3274062,9017
3274464,9018
3274537,9019
3274604,9020
3275140,9021
3275474,9022
3276436,9023
3277326,9024
3278646,9025
3280058,9026
3280386,9027
3280763,9028
3281524,9029
3282125,9030
3282607,9031
3282814,9032
3282912,9033
3283328,9034
3284063,9035
3284278,9036
3284500,9037
3285848,9038
3285939,9039
3285978,9040
3286221,9041
3286330,9042
3286375,9043
3286538,9044
3287171,9045
3287281,9046
3287795,9047
3289514,9048
3289769,9049
3290346,9050
3290363,9051
3291077,9052
3291142,9053
3292021,9054
3292171,9055
3292916,9056
3292979,9057
3292995,9058
3293274,9059
3293417,9060
3293923,9061
3294516,9062
3294691,9063
3295459,9064
3295692,9065
3295734,9066
3296433,9067
3298480,9068
3298485,9069
3299562,9070
3299868,9071
3300385,9072
3300442,9073
3300674,9074
3300688,9075
3300782,9076
3300843,9077
3300994,9078
3301021,9079
3302186,9080
3302224,9081
3302842,9082
3302900,9083
3303109,9084
3303483,9085
3303982,9086
3304048,9087
3304467,9088
3304640,9089
3304658,9090
3304675,9091
3305052,9092
3305703,9093
3306065,9094
3306137,9095
3306391,9096
3308458,9097
3309446,9098
3310043,9099
3310316,9100
3310368,9101
3310387,9102
3310674,9103
3311184,9104
3311395,9105
3312827,9106
3313926,9107
3314850,9108
3315064,9109
3316196,9110
3316663,9111
3316671,9112
3316780,9113
3317516,9114
3317542,9115
3317565,9116
3318432,9117
3318459,9118
3319236,9119
3319368,9120
3320674,9121
3320835,9122
3321293,9123
3321876,9124
3322050,9125
3322055,9126
3322174,9127
3322279,9128
3322488,9129
3323153,9130
3323788,9131
3324887,9132
3325059,9133
3325366,9134
3325573,9135
3326041,9136
3326442,9137
3326859,9138
3327187,9139
3328314,9140
3328404,9141
3328709,9142
3329228,9143
3329800,9144
3331097,9145
3331145,9146
3331449,9147
3331793,9148
3331958,9149
3332187,9150
3332523,9151
3332608,9152
3332610,9153
3333059,9154
3333064,9155
3333180,9156
3334137,9157
3334961,9158
3335593,9159
3335602,9160
3336134,9161
3336166,9162
3336220,9163
3336286,9164
3337324,9165
3337443,9166
3337525,9167
3338262,9168
3338355,9169
3338661,9170
3338920,9171
3339051,9172
3339281,9173
3339553,9174
3339973,9175
3340613,9176
3340637,9177
3340803,9178
3341226,9179
3341533,9180
3343046,9181
3343487,9182
3344136,9183
3344139,9184
3344159,9185
3344572,9186
3345188,9187
3345377,9188
3345665,9189
3345707,9190
3346665,9191
3346969,9192
3347520,9193
3347815,9194
3348308,9195
3348759,9196
3349472,9197
3350842,9198
3351394,9199
3351410,9200
3351520,9201
3351847,9202
3352102,9203
3352273,9204
3352657,9205
3352680,9206
3353636,9207
3353651,9208
3353737,9209
3354605,9210
3354883,9211
3355539,9212
3357021,9213
3357886,9214
3358550,9215
3359077,9216
3359218,9217
3359426,9218
3359469,9219
3359503,9220
3360030,9221
3360088,9222
3361153,9223
3362888,9224
3363180,9225
3363740,9226
3366216,9227
3366247,9228
3366612,9229
3366613,9230
3367166,9231
3368278,9232
3369307,9233
3370228,9234
3370440,9235
3370730,9236
3371357,9237
3372508,9238
3372620,9239
3376590,9240
3378832,9241
3379536,9242
3379544,9243
3379928,9244
3380012,9245
3380256,9246
3380444,9247
3381879,9248
3382567,9249
3383320,9250
3383476,9251
3384091,9252
3384617,9253
3385140,9254
3385830,9255
3385945,9256
3386416,9257
3386516,9258
3386638,9259
3387465,9260
3387678,9261
3387854,9262
3388434,9263
3388652,9264
3389042,9265
3390100,9266
3390549,9267
3391112,9268
3391647,9269
3391704,9270
3392246,9271
3392640,9272
3393039,9273
3393529,9274
3393758,9275
3393857,9276
3393957,9277
3394014,9278
3394096,9279
3394295,9280
3394842,9281
3395234,9282
3396061,9283
3396584,9284
3397376,9285
3397917,9286
3398258,9287
3398648,9288
3398780,9289
3398892,9290
3399834,9291
3399973,9292
3400206,9293
3400647,9294
3400652,9295
3400911,9296
3401459,9297
3401761,9298
3401853,9299
3401920,9300
3401990,9301
3402029,9302
3403211,9303
3403945,9304
3404226,9305
3404324,9306
3404966,9307
3405120,9308
3405280,9309
3405564,9310
3406089,9311
3406469,9312
3407366,9313
3407583,9314
3408182,9315
3410575,9316
3410736,9317
3410813,9318
3411067,9319
3411719,9320
3411923,9321
3412452,9322
3412795,9323
3414804,9324
3415057,9325
3415271,9326
3415824,9327
3415852,9328
3416028,9329
3416167,9330
3417783,9331
3417911,9332
3417937,9333
3418408,9334
3418488,9335
3419237,9336
3419433,9337
3420903,9338
3421073,9339
3421526,9340
3422143,9341
3422176,9342
3422882,9343
3422888,9344
3424538,9345
3425051,9346
3425484,9347
3425508,9348
3425528,9349
3425822,9350
3425966,9351
3426481,9352
3426719,9353
3426850,9354
3428095,9355
3428683,9356
3428932,9357
3430228,9358
3430911,9359
3431372,9360
3431549,9361
3431962,9362
3432792,9363
3433235,9364
3433506,9365
3433536,9366
3433615,9367
3433649,9368
3435992,9369
3436489,9370
3436579,9371
3437932,9372
3439403,9373
3439420,9374
3439432,9375
3440391,9376
3441087,9377
3441273,9378
3441424,9379
3441970,9380
3441987,9381
3442408,9382
3442690,9383
3442831,9384
3443261,9385
3443811,9386
3445579,9387
3446193,9388
3446299,9389
3447157,9390
3447343,9391
3447546,9392
3448070,9393
3448267,9394
3448333,9395
3448406,9396
3448786,9397
3449418,9398
3450131,9399
3450413,9400
3451113,9401
3451966,9402
3452975,9403
3453456,9404
3453650,9405
3453825,9406
3454298,9407
3454697,9408
3455957,9409
3456342,9410
3456640,9411
3456895,9412
3458032,9413
3458074,9414
3458876,9415
3459205,9416
3459665,9417
3459856,9418
3460124,9419
3460231,9420
3460305,9421
3460696,9422
3461008,9423
3461312,9424
3461747,9425
3463055,9426
3463320,9427
3463352,9428
3464179,9429
3464221,9430
3464293,9431
3466124,9432
3466459,9433
3466980,9434
3467564,9435
3468048,9436
3468549,9437
3469027,9438
3469305,9439
3469453,9440
3469875,9441
3470367,9442
3470442,9443
3470558,9444
3470898,9445
3471219,9446
3471563,9447
3471776,9448
3471808,9449
3471889,9450
3473297,9451
3476020,9452
3476683,9453
3477020,9454
3477608,9455
3478225,9456
3478478,9457
3478714,9458
3478805,9459
3479368,9460
3479731,9461
3481312,9462
3482408,9463
3482452,9464
3482524,9465
3483487,9466
3484590,9467
3485935,9468
3486298,9469
3487371,9470
3487602,9471
3488262,9472
3488866,9473
3488882,9474
3488889,9475
3489456,9476
3490292,9477
3490432,9478
3490743,9479
3490761,9480
3491355,9481
3491598,9482
3491746,9483
3491758,9484
3492467,9485
3493122,9486
3494683,9487
3494815,9488
3494997,9489
3495635,9490
3496813,9491
3497626,9492
3497697,9493
3497761,9494
3497925,9495
3497997,9496
3498169,9497
3498852,9498
3499104,9499
3499742,9500
3499795,9501
3499977,9502
3500118,9503
3500319,9504
3500928,9505
3501177,9506
3503362,9507
3503802,9508
3504296,9509
3504468,9510
3504659,9511
3504905,9512
3505161,9513
3505199,9514
3506274,9515
3506484,9516
3507810,9517
3508115,9518
3508262,9519
3508395,9520
3509748,9521
3510354,9522
3510497,9523
3510560,9524
3510979,9525
3511903,9526
3511996,9527
3512074,9528
3512308,9529
3512982,9530
3513131,9531
3514720,9532
3515052,9533
3515180,9534
3515203,9535
3515215,9536
3515495,9537
3515592,9538
3516135,9539
3516471,9540
3517102,9541
3517932,9542
3518010,9543
3518471,9544
3518618,9545
3518930,9546
3519360,9547
3519520,9548
3519605,9549
3519801,9550
3520918,9551
3521265,9552
3521667,9553
3521757,9554
3522186,9555
3522329,9556
3522331,9557
3522689,9558
3522700,9559
3523042,9560
3523169,9561
3523590,9562
3524186,9563
3524280,9564
3524667,9565
3527620,9566
3528407,9567
3528695,9568
3529530,9569
3529662,9570
3529875,9571
3530400,9572
3530454,9573
3531177,9574
3531905,9575
3532007,9576
3533030,9577
3534566,9578
3534901,9579
3535528,9580
3536191,9581
3536851,9582
3536999,9583
3537680,9584
3537884,9585
3538602,9586
3539262,9587
3539475,9588
3540791,9589
3540866,9590
3540912,9591
3541251,9592
3541411,9593
3541529,9594
3542776,9595
3543108,9596
3543383,9597
3543634,9598
3544037,9599
3544776,9600
3544863,9601
3544869,9602
3545600,9603
3545885,9604
3547229,9605
3547252,9606
3547261,9607
3547651,9608
3547706,9609
3547848,9610
3548137,9611
3549283,9612
3549771,9613
3550390,9614
3550487,9615
3550540,9616
3550623,9617
3550701,9618
3551511,9619
3551650,9620
3551693,9621
3552064,9622
3552426,9623
3553391,9624
3553462,9625
3553679,9626
3554055,9627
3554067,9628
3554458,9629
3555142,9630
3555215,9631
3555824,9632
3556469,9633
3556842,9634
3556917,9635
3557106,9636
3557162,9637
3558209,9638
3558408,9639
3558565,9640
3558892,9641
3558905,9642
3559118,9643
3559142,9644
3559213,9645
3559793,9646
3560673,9647
3560784,9648
3561031,9649
3561071,9650
3561105,9651
3561764,9652
3561793,9653
3561906,9654
3562954,9655
3563888,9656
3564754,9657
3564804,9658
3564839,9659
3565313,9660
3565320,9661
3565439,9662
3565860,9663
3565902,9664
3567362,9665
3567574,9666
3567956,9667
3568053,9668
3568282,9669
3569887,9670
3571398,9671
3571660,9672
3572517,9673
3573205,9674
3573409,9675
3573487,9676
3573826,9677
3573884,9678
3574137,9679
3575296,9680
3575975,9681
3576634,9682
3577736,9683
3580359,9684
3581100,9685
3581172,9686
3581275,9687
3582640,9688
3583129,9689
3583706,9690
3583893,9691
3583896,9692
3584110,9693
3584352,9694
3584535,9695
3584809,9696
3585204,9697
3585255,9698
3585356,9699
3585652,9700
3586158,9701
3586253,9702
3586909,9703
3587203,9704
3587510,9705
3587935,9706
3588442,9707
3589074,9708
3589234,9709
3589316,9710
3589441,9711
3589645,9712
3589721,9713
3589758,9714
3589949,9715
3590702,9716
3592680,9717
3592850,9718
3592864,9719
3593050,9720
3593310,9721
3593824,9722
3594421,9723
3595372,9724
3595994,9725
3596364,9726
3596409,9727
3598037,9728
3598355,9729
3598814,9730
3599602,9731
3599809,9732
3600345,9733
3600525,9734
3600577,9735
3601249,9736
3601488,9737
3601568,9738
3601733,9739
3602689,9740
3605114,9741
3605660,9742
3606804,9743
3606933,9744
3607058,9745
3607467,9746
3607805,9747
3608976,9748
3609422,9749
3609657,9750
3610089,9751
3611065,9752
3611123,9753
3611530,9754
3611539,9755
3612494,9756
3613231,9757
3613708,9758
3614440,9759
3614632,9760
3614639,9761
3616106,9762
3616743,9763
3616764,9764
3617603,9765
3617693,9766
3618276,9767
3618479,9768
3618690,9769
3618924,9770
3619988,9771
3620572,9772
3620700,9773
3620724,9774
3620849,9775
3621805,9776
3622340,9777
3622579,9778
3622907,9779
3623096,9780
3623552,9781
3624074,9782
3624624,9783
3625101,9784
3625134,9785
3625249,9786
3625576,9787
3625807,9788
3626038,9789
3626685,9790
3627686,9791
3629236,9792
3629681,9793
3629778,9794
3630591,9795
3630851,9796
3632395,9797
3632766,9798
3633109,9799
3633689,9800
3633696,9801
3634045,9802
3634716,9803
3635863,9804
3635904,9805
3636844,9806
3637160,9807
3637254,9808
3637671,9809
3637865,9810
3637970,9811
3638118,9812
3638332,9813
3639621,9814
3639678,9815
3639700,9816
3640133,9817
3640188,9818
3640769,9819
3641095,9820
3641398,9821
3641483,9822
3641556,9823
3642437,9824
3642608,9825
3643132,9826
3643166,9827
3643195,9828
3643498,9829
3644415,9830
3645126,9831
3645325,9832
3646014,9833
3646488,9834
3647579,9835
3647991,9836
3648332,9837
3648588,9838
3648807,9839
3648880,9840
3648989,9841
3649288,9842
3649310,9843
3649534,9844
3650582,9845
3650616,9846
3651195,9847
3651375,9848
3651517,9849
3651784,9850
3651960,9851
3652170,9852
3652482,9853
3652745,9854
3653872,9855
3654169,9856
3654358,9857
3655251,9858
3655557,9859
3655737,9860
3655766,9861
3656214,9862
3656963,9863
3657179,9864
3657236,9865
3657495,9866
3657767,9867
3658127,9868
3658362,9869
3658523,9870
3658682,9871
3658753,9872
3659691,9873
3659836,9874
3660065,9875
3660668,9876
3660878,9877
3661538,9878
3661570,9879
3662191,9880
3663168,9881
3663226,9882
3663337,9883
3663376,9884
3663432,9885
3663617,9886
3663853,9887
3666871,9888
3667436,9889
3667585,9890
3667700,9891
3667767,9892
3668068,9893
3668575,9894
3668603,9895
3669092,9896
3670399,9897
3670590,9898
3670689,9899
3671106,9900
3671998,9901
3672032,9902
3672349,9903
3672562,9904
3673004,9905
3674422,9906
3674697,9907
3674929,9908
3674975,9909
3675020,9910
3675546,9911
3675863,9912
3676031,9913
3676339,9914
3676444,9915
3677580,9916
3677682,9917
3679366,9918
3681341,9919
3681719,9920
3681999,9921
3682680,9922
3683664,9923
3684339,9924
3684717,9925
3685045,9926
3685074,9927
3685512,9928
3685678,9929
3686405,9930
3686933,9931
3687255,9932
3687952,9933
3688303,9934
3688699,9935
3690223,9936
3690913,9937
3690973,9938
3691122,9939
3691393,9940
3691403,9941
3692124,9942
3692636,9943
3693403,9944
3693452,9945
3694356,9946
3694363,9947
3695407,9948
3696880,9949
3697475,9950
3697764,9951
3698125,9952
3699062,9953
3699325,9954
3700170,9955
3700207,9956
3700213,9957
3700311,9958
3700892,9959
3701206,9960
3701537,9961
3701685,9962
3702586,9963
3702788,9964
3703011,9965
3703389,9966
3703479,9967
3703559,9968
3703631,9969
3703733,9970
3703772,9971
3704660,9972
3704823,9973
3705470,9974
3705634,9975
3705982,9976
3706050,9977
3706083,9978
3706142,9979
3706156,9980
3706299,9981
3706533,9982
3706578,9983
3707495,9984
3707688,9985
3708527,9986
3708708,9987
3709357,9988
3709617,9989
3710126,9990
3710299,9991
3711074,9992
3711800,9993
3712301,9994
3712513,9995
3712957,9996
3713427,9997
3714164,9998
3714771,9999
3714823,10000
3715705,10001
3716535,10002
3716771,10003
3717090,10004
3717194,10005
3717682,10006
3717912,10007
3718841,10008
3719362,10009
3719854,10010
3720086,10011
3720105,10012
3720149,10013
3720672,10014
3720807,10015
3721820,10016
3721859,10017
3722198,10018
3722397,10019
3723205,10020
3723749,10021
3723789,10022
3724014,10023
3724117,10024
3724226,10025
3724401,10026
3725967,10027
3725992,10028
3726127,10029
3726493,10030
3727764,10031
3728399,10032
3728505,10033
3728777,10034
3729752,10035
3729900,10036
3730243,10037
3730421,10038
3730470,10039
3730796,10040
3730867,10041
3730896,10042
3730899,10043
3731577,10044
3731834,10045
3732767,10046
3734793,10047
3735422,10048
3735635,10049
3736461,10050
3736567,10051
3737118,10052
3737655,10053
3737688,10054
3737889,10055
3739253,10056
3740323,10057
3740709,10058
3740905,10059
3741370,10060
3741856,10061
3741959,10062
3742062,10063
3742087,10064
3743058,10065
3743212,10066
3744040,10067
3744132,10068
3744222,10069
3744372,10070
3744779,10071
3744837,10072
3745178,10073
3745973,10074
3746536,10075
3746567,10076
3746692,10077
3746854,10078
3747597,10079
3748337,10080
3748382,10081
3748403,10082
3749845,10083
3750331,10084
3750446,10085
3750579,10086
3750589,10087
3751382,10088
3751461,10089
3751907,10090
3752208,10091
3752508,10092
3752997,10093
3753085,10094
3753650,10095
3753870,10096
3754064,10097
3754267,10098
3754922,10099
3754987,10100
3755071,10101
3755248,10102
3756266,10103
3756731,10104
3756967,10105
3757498,10106
3757538,10107
3757653,10108
3758028,10109
3758223,10110
3758397,10111
3759271,10112
3759435,10113
3759710,10114
3761273,10115
3761299,10116
3761863,10117
3762841,10118
3763049,10119
3764634,10120
3765902,10121
3766515,10122
3767684,10123
3767812,10124
3769057,10125
3769157,10126
3769400,10127
3769813,10128
3769989,10129
3770327,10130
3770868,10131
3771805,10132
3771839,10133
3772337,10134
3773875,10135
3773986,10136
3774122,10137
3775006,10138
3775320,10139
3775515,10140
3776134,10141
3776527,10142
3777081,10143
3777164,10144
3777228,10145
3777454,10146
3778797,10147
3779221,10148
3779357,10149
3779433,10150
3779502,10151
3779582,10152
3779755,10153
3780414,10154
3780933,10155
3781114,10156
3781788,10157
3781853,10158
3781981,10159
3782025,10160
3782655,10161
3782775,10162
3782922,10163
3783447,10164
3784589,10165
3784605,10166
3784610,10167
3784758,10168
3785155,10169
3785767,10170
3785831,10171
3786516,10172
3786813,10173
3786861,10174
3787565,10175
3787768,10176
3787958,10177
3788587,10178
3788743,10179
3788754,10180
3790837,10181
3790862,10182
3792401,10183
3792740,10184
3792938,10185
3793027,10186
3794041,10187
3794272,10188
3794500,10189
3794636,10190
3796762,10191
3796934,10192
3797029,10193
3797710,10194
3799192,10195
3799507,10196
3800048,10197
3801098,10198
3802984,10199
3803384,10200
3803856,10201
3804802,10202
3804839,10203
3805088,10204
3805149,10205
3805324,10206
3805832,10207
3805985,10208
3806001,10209
3807133,10210
3807215,10211
3808509,10212
3808678,10213
3808975,10214
3809166,10215
3809372,10216
3809460,10217
3809566,10218
3809962,10219
3810211,10220
3810414,10221
3810760,10222
3810831,10223
3811665,10224
3811766,10225
3812592,10226
3814791,10227
3815813,10228
3815945,10229
3816797,10230
3816909,10231
3817769,10232
3818543,10233
3818715,10234
3819568,10235
3819882,10236
3820764,10237
3821028,10238
3821071,10239
3821174,10240
3822053,10241
3822233,10242
3822912,10243
3823731,10244
3824000,10245
3824783,10246
3825207,10247
3825288,10248
3825351,10249
3826872,10250
3828283,10251
3828355,10252
3828429,10253
3829256,10254
3829575,10255
3829697,10256
3829699,10257
3829730,10258
3830219,10259
3830444,10260
3831029,10261
3831081,10262
3832229,10263
3832271,10264
3832995,10265
3832999,10266
3833137,10267
3833728,10268
3833764,10269
3833872,10270
3835503,10271
3836153,10272
3836206,10273
3836208,10274
3836482,10275
3838243,10276
3838345,10277
3839814,10278
3840171,10279
3841673,10280
3841724,10281
3843741,10282
3844002,10283
3844339,10284
3845503,10285
3845684,10286
3846138,10287
3847261,10288
3847471,10289
3848312,10290
3848644,10291
3848738,10292
3848930,10293
3848997,10294
3849579,10295
3849971,10296
3850626,10297
3851264,10298
3852572,10299
3852740,10300
3852804,10301
3852943,10302
3853960,10303
3854226,10304
3854834,10305
3855179,10306
3855974,10307
3856376,10308
3858660,10309
3858904,10310
3859192,10311
3859604,10312
3859982,10313
3860734,10314
3862226,10315
3863985,10316
3864353,10317
3864639,10318
3864808,10319
3865364,10320
3865503,10321
3865875,10322
3865943,10323
3866066,10324
3866461,10325
3866850,10326
3867307,10327
3867678,10328
3867883,10329
3867952,10330
3867997,10331
3868110,10332
3868338,10333
3868417,10334
3868553,10335
3868627,10336
3868641,10337
3868656,10338
3869462,10339
3871111,10340
3872464,10341
3872949,10342
3873117,10343
3873270,10344
3873742,10345
3874576,10346
3874807,10347
3874826,10348
3875869,10349
3876272,10350
3876762,10351
3877287,10352
3877461,10353
3878205,10354
3878711,10355
3880032,10356
3881021,10357
3881323,10358
3882881,10359
3883616,10360
3883814,10361
3884912,10362
3885634,10363
3887791,10364
3888541,10365
3889839,10366
3890108,10367
3890571,10368
3891544,10369
3892459,10370
3892650,10371
3892792,10372
3894672,10373
3894797,10374
3895604,10375
3895675,10376
3895792,10377
3897144,10378
3897172,10379
3897225,10380
3898053,10381
3900374,10382
3900704,10383
3901001,10384
3902274,10385
3902749,10386
3903156,10387
3903435,10388
3903493,10389
3903652,10390
3903907,10391
3904034,10392
3906254,10393
3906453,10394
3909918,10395
3909964,10396
3910376,10397
3910499,10398
3910847,10399
3910883,10400
3911095,10401
3911130,10402
3911387,10403
3912180,10404
3912538,10405
3913115,10406
3913244,10407
3913538,10408
3914408,10409
3915749,10410
3916334,10411
3916716,10412
3917476,10413
3917942,10414
3918070,10415
3918520,10416
3918557,10417
3918905,10418
3919903,10419
3919956,10420
3920117,10421
3920310,10422
3920605,10423
3920725,10424
3920904,10425
3921417,10426
3921473,10427
3921604,10428
3923259,10429
3925215,10430
3926007,10431
3926059,10432
3926253,10433
3926321,10434
3927078,10435
3928332,10436
3928819,10437
3929972,10438
3931203,10439
3931321,10440
3931905,10441
3932053,10442
3932258,10443
3932323,10444
3932704,10445
3933291,10446
3934405,10447
3934545,10448
3936437,10449
3936959,10450
3937472,10451
3937880,10452
3938660,10453
3939149,10454
3939243,10455
3939319,10456
3940028,10457
3941678,10458
3941924,10459
3941989,10460
3942745,10461
3943348,10462
3943534,10463
3944126,10464
3944214,10465
3944428,10466
3944647,10467
3945001,10468
3945404,10469
3945799,10470
3946105,10471
3947164,10472
3947366,10473
3947607,10474
3947678,10475
3947916,10476
3947923,10477
3948088,10478
3948528,10479
3949140,10480
3951115,10481
3951525,10482
3951920,10483
3953953,10484
3954018,10485
3954160,10486
3954344,10487
3954465,10488
3954665,10489
3954696,10490
3955746,10491
3955846,10492
3956328,10493
3956433,10494
3957507,10495
3958302,10496
3958740,10497
3958790,10498
3958848,10499
3958953,10500
3959244,10501
3959651,10502
3959862,10503
3960450,10504
3960786,10505
3960912,10506
3961103,10507
3961498,10508
3961972,10509
3963053,10510
3964115,10511
3964325,10512
3964921,10513
3965291,10514
3965442,10515
3965531,10516
3966261,10517
3966490,10518
3966545,10519
3966608,10520
3966706,10521
3967827,10522
3969043,10523
3969328,10524
3969520,10525
3969963,10526
3970393,10527
3970433,10528
3970723,10529
3970724,10530
3971699,10531
3972877,10532
3974648,10533
3974904,10534
3976059,10535
3976160,10536
3976231,10537
3977152,10538
3978049,10539
3978139,10540
3978674,10541
3978834,10542
3979283,10543
3979426,10544
3979433,10545
3979624,10546
3980197,10547
3980206,10548
3980675,10549
3981061,10550
3981216,10551
3981684,10552
3982110,10553
3982390,10554
3982404,10555
3982460,10556
3982656,10557
3983555,10558
3983667,10559
3983826,10560
3983986,10561
3987090,10562
3987600,10563
3987734,10564
3988252,10565
3988353,10566
3988662,10567
3989014,10568
3991289,10569
3991507,10570
3992207,10571
3993028,10572
3993771,10573
3993968,10574
3994866,10575
3995263,10576
3995392,10577
3995802,10578
3995867,10579
3996178,10580
3996707,10581
3997045,10582
3997107,10583
3997403,10584
3997617,10585
3997692,10586
3998087,10587
3999159,10588
3999632,10589
3999638,10590
3999663,10591
3999912,10592
4000682,10593
4000937,10594
4000995,10595
4001059,10596
4001414,10597
4003363,10598
4003680,10599
4005395,10600
4006174,10601
4006234,10602
4006250,10603
4006490,10604
4006566,10605
4007404,10606
4007409,10607
4007881,10608
4007897,10609
4008114,10610
4008674,10611
4009216,10612
4009437,10613
4010151,10614
4010168,10615
4011407,10616
4011559,10617
4012428,10618
4012519,10619
4013015,10620
4013642,10621
4014690,10622
4014714,10623
4014855,10624
4015802,10625
4016026,10626
4016063,10627
4016712,10628
4017248,10629
4017506,10630
4017975,10631
4019531,10632
4020216,10633
4021397,10634
4022015,10635
4022641,10636
4023168,10637
4023777,10638
4023823,10639
4024004,10640
4024155,10641
4024878,10642
4024986,10643
4025368,10644
4026016,10645
4026164,10646
4026183,10647
4028536,10648
4028777,10649
4029435,10650
4029446,10651
4029621,10652
4030235,10653
4031248,10654
4031338,10655
4031553,10656
4032410,10657
4033087,10658
4033120,10659
4033498,10660
4034184,10661
4034535,10662
4034790,10663
4035012,10664
4035100,10665
4035405,10666
4035677,10667
4035841,10668
4035960,10669
4036122,10670
4036325,10671
4036429,10672
4037196,10673
4039302,10674
4040115,10675
4040357,10676
4040554,10677
4041727,10678
4042127,10679
4042504,10680
4042764,10681
4042855,10682
4042935,10683
4043528,10684
4043594,10685
4043849,10686
4043923,10687
4043949,10688
4044451,10689
4044524,10690
4044707,10691
4044804,10692
4046557,10693
4046805,10694
4046827,10695
4047077,10696
4047524,10697
4047682,10698
4047880,10699
4047983,10700
4048564,10701
4049030,10702
4050320,10703
4050522,10704
4050632,10705
4050794,10706
4051203,10707
4051253,10708
4051885,10709
4051913,10710
4052008,10711
4052020,10712
4052703,10713
4052851,10714
4052999,10715
4053885,10716
4053917,10717
4055018,10718
4055094,10719
4055556,10720
4055750,10721
4055916,10722
4055935,10723
4056034,10724
4056124,10725
4056724,10726
4057006,10727
4059474,10728
4059967,10729
4060206,10730
4060233,10731
4060461,10732
4060822,10733
4061598,10734
4062214,10735
4062492,10736
4062837,10737
4063404,10738
4064980,10739
4065049,10740
4065091,10741
4065597,10742
4065792,10743
4066517,10744
4066521,10745
4066841,10746
4067049,10747
4067103,10748
4068169,10749
4068696,10750
4068711,10751
4068715,10752
4069073,10753
4069276,10754
4069281,10755
4069296,10756
4069320,10757
4069400,10758
4071896,10759
4072433,10760
4072478,10761
4072644,10762
4072721,10763
4073451,10764
4073823,10765
4074352,10766
4074683,10767
4074717,10768
4074859,10769
4075354,10770
4075584,10771
4075940,10772
4076707,10773
4077036,10774
4077366,10775
4078015,10776
4078084,10777
4078403,10778
4078613,10779
4079121,10780
4079245,10781
4079519,10782
4080110,10783
4080209,10784
4080700,10785
4081210,10786
4081320,10787
4081473,10788
4081548,10789
4081914,10790
4082048,10791
4082245,10792
4082592,10793
4083252,10794
4083377,10795
4083550,10796
4083957,10797
4083965,10798
4085255,10799
4085589,10800
4085678,10801
4085944,10802
4086266,10803
4086778,10804
4086918,10805
4086926,10806
4087003,10807
4087335,10808
4087966,10809
4088326,10810
4088508,10811
4088889,10812
4088906,10813
4089636,10814
4090027,10815
4090398,10816
4090715,10817
4091587,10818
4091729,10819
4091839,10820
4092012,10821
4092192,10822
4092244,10823
4092461,10824
4092606,10825
4092692,10826
4092869,10827
4093358,10828
4093383,10829
4093464,10830
4093886,10831
4093888,10832
4094064,10833
4094157,10834
4094185,10835
4094853,10836
4095157,10837
4095217,10838
4095401,10839
4096540,10840
4096593,10841
4097253,10842
4097452,10843
4097546,10844
4098141,10845
4098286,10846
4098296,10847
4098495,10848
4098586,10849
4098598,10850
4098866,10851
4098869,10852
4099365,10853
4099641,10854
4100324,10855
4100533,10856
4101015,10857
4101172,10858
4101301,10859
4101925,10860
4102169,10861
4102173,10862
4102372,10863
4102929,10864
4102996,10865
4104378,10866
4104411,10867
4105073,10868
4105640,10869
4105752,10870
4106621,10871
4106768,10872
4106865,10873
4106997,10874
4107198,10875
4107201,10876
4107470,10877
4108148,10878
4108220,10879
4108280,10880
4108562,10881
4109168,10882
4109884,10883
4110199,10884
4110865,10885
4111053,10886
4112570,10887
4112691,10888
4112759,10889
4112856,10890
4113297,10891
4113943,10892
4115910,10893
4116469,10894
4116482,10895
4116594,10896
4116648,10897
4116820,10898
4117015,10899
4117114,10900
4117446,10901
4117582,10902
4118435,10903
4118459,10904
4118684,10905
4119317,10906
4119579,10907
4119632,10908
4120810,10909
4120930,10910
4121165,10911
4121264,10912
4121387,10913
4121809,10914
4122098,10915
4122708,10916
4123357,10917
4124219,10918
4124305,10919
4126792,10920
4126794,10921
4127678,10922
4127743,10923
4128147,10924
4128278,10925
4128545,10926
4128678,10927
4128898,10928
4129896,10929
4130121,10930
4130125,10931
4130209,10932
4130706,10933
4130847,10934
4131681,10935
4131918,10936
4132115,10937
4132438,10938
4133025,10939
4133056,10940
4133098,10941
4133332,10942
4133892,10943
4133916,10944
4134730,10945
4135118,10946
4135670,10947
4135729,10948
4136051,10949
4136139,10950
4136244,10951
4136616,10952
4136721,10953
4136930,10954
4137428,10955
4137513,10956
4137595,10957
4137680,10958
4137833,10959
4138297,10960
4138593,10961
4138662,10962
4139620,10963
4139711,10964
4140112,10965
4140871,10966
4140902,10967
4140974,10968
4141496,10969
4142000,10970
4142014,10971
4142361,10972
4142493,10973
4142883,10974
4143512,10975
4143717,10976
4143864,10977
4143934,10978
4144309,10979
4144329,10980
4145006,10981
4145087,10982
4145269,10983
4145943,10984
4146543,10985
4146657,10986
4146724,10987
4147060,10988
4147093,10989
4147268,10990
4147298,10991
4147893,10992
4148020,10993
4148069,10994
4148154,10995
4148694,10996
4148814,10997
4149130,10998
4149173,10999
4149198,11000
4149475,11001
4149677,11002
4149986,11003
4150756,11004
4151218,11005
4151458,11006
4152242,11007
4152472,11008
4152591,11009
4152830,11010
4152983,11011
4153196,11012
4153445,11013
4153755,11014
4154183,11015
4154429,11016
4154684,11017
4155057,11018
4155068,11019
4155300,11020
4155520,11021
4155575,11022
4155641,11023
4156134,11024
4156416,11025
4156544,11026
4156662,11027
4156837,11028
4156993,11029
4157032,11030
4157209,11031
4157392,11032
4157500,11033
4157808,11034
4158550,11035
4158841,11036
4159139,11037
4159386,11038
4159504,11039
4159589,11040
4159898,11041
4160037,11042
4160125,11043
4160260,11044
4160323,11045
4160336,11046
4160488,11047
4160657,11048
4160946,11049
4161099,11050
4161570,11051
4161824,11052
4162011,11053
4162367,11054
4162403,11055
4162721,11056
4162904,11057
4163115,11058
4163156,11059
4163514,11060
4163721,11061
4164302,11062
4164555,11063
4164627,11064
4165697,11065
4167944,11066
4168350,11067
4168364,11068
4168518,11069
4168581,11070
4168834,11071
4169274,11072
4169405,11073
4169610,11074
4169886,11075
4170259,11076
4170399,11077
4170634,11078
4170861,11079
4170936,11080
4171055,11081
4171783,11082
4171969,11083
4172243,11084
4172413,11085
4172502,11086
4172525,11087
4172545,11088
4172616,11089
4172988,11090
4173083,11091
4173529,11092
4173829,11093
4174204,11094
4175344,11095
4175599,11096
4175604,11097
4175756,11098
4175762,11099
4175951,11100
4176225,11101
4176369,11102
4176499,11103
4176508,11104
4177554,11105
4177569,11106
4177708,11107
4177778,11108
4178022,11109
4178034,11110
4178306,11111
4178421,11112
4178844,11113
4178908,11114
4178913,11115
4179244,11116
4179618,11117
4179997,11118
4180328,11119
4180404,11120
4180916,11121
4181271,11122
4181663,11123
4181828,11124
4182060,11125
4182085,11126
4182238,11127
4182372,11128
4182631,11129
4182755,11130
4183963,11131
4183970,11132
4184165,11133
4184245,11134
4184379,11135
4184613,11136
4184829,11137
4184882,11138
4185415,11139
4185676,11140
4185923,11141
4186844,11142
4187145,11143
4187258,11144
4187357,11145
4187404,11146
4187500,11147
4187677,11148
4188471,11149
4188529,11150
4188635,11151
4189068,11152
4189218,11153
4189534,11154
4189659,11155
4190051,11156
4190510,11157
4190837,11158
4192388,11159
4192477,11160
4192568,11161
4193256,11162
4194075,11163
4194139,11164
4194322,11165
4195489,11166
4195677,11167
4196254,11168
4196440,11169
4197280,11170
4197488,11171
4197745,11172
4198244,11173
4198304,11174
4198887,11175
4199705,11176
4200391,11177
4200664,11178
4200671,11179
4201047,11180
4201486,11181
4201651,11182
4202042,11183
4202109,11184
4202164,11185
4202692,11186
4202924,11187
4203200,11188
4203475,11189
4204127,11190
4204203,11191
4204511,11192
4204816,11193
4206041,11194
4206095,11195
4206215,11196
4206329,11197
4206420,11198
4206632,11199
4206655,11200
4206712,11201
4206947,11202
4207241,11203
4207262,11204
4208306,11205
4208831,11206
4208834,11207
4209007,11208
4209338,11209
4209354,11210
4209711,11211
4210511,11212
4210748,11213
4211222,11214
4211686,11215
4211809,11216
4211866,11217
4211903,11218
4212136,11219
4213135,11220
4213359,11221
4214051,11222
4214280,11223
4214433,11224
4215052,11225
4215524,11226
4215807,11227
4216364,11228
4216855,11229
4217235,11230
4217510,11231
4217977,11232
4217989,11233
4218046,11234
4218393,11235
4218655,11236
4219065,11237
4219240,11238
4219316,11239
4220050,11240
4220676,11241
4220715,11242
4221215,11243
4221959,11244
4222604,11245
4222693,11246
4222785,11247
4223039,11248
4223112,11249
4223122,11250
4223562,11251
4223846,11252
4224344,11253
4224414,11254
4224603,11255
4224841,11256
4225252,11257
4225355,11258
4225782,11259
4226297,11260
4226510,11261
4226538,11262
4226859,11263
4227276,11264
4227423,11265
4227872,11266
4228140,11267
4228998,11268
4229011,11269
4229404,11270
4229627,11271
4229741,11272
4229842,11273
4230129,11274
4230592,11275
4230617,11276
4230800,11277
4231006,11278
4231230,11279
4231391,11280
4231406,11281
4231528,11282
4231718,11283
4231777,11284
4231912,11285
4232735,11286
4233585,11287
4233609,11288
4233769,11289
4233900,11290
4234200,11291
4234625,11292
4234929,11293
4235583,11294
4235886,11295
4235990,11296
4236015,11297
4236557,11298
4236727,11299
4236782,11300
4237791,11301
4237807,11302
4237990,11303
4238517,11304
4239170,11305
4239191,11306
4239232,11307
4239316,11308
4239802,11309
4239899,11310
4240003,11311
4240018,11312
4240528,11313
4240778,11314
4241007,11315
4241122,11316
4241217,11317
4241550,11318
4241556,11319
4241880,11320
4241959,11321
4242170,11322
4242338,11323
4243049,11324
4243581,11325
4243695,11326
4243832,11327
4244482,11328
4244621,11329
4244747,11330
4245371,11331
4245593,11332
4245918,11333
4246038,11334
4246462,11335
4246583,11336
4246608,11337
4246715,11338
4247585,11339
4247603,11340
4248361,11341
4248390,11342
4249156,11343
4249256,11344
4249632,11345
4250021,11346
4250082,11347
4250118,11348
4250162,11349
4250971,11350
4251326,11351
4251438,11352
4251786,11353
4251907,11354
4251974,11355
4252151,11356
4252456,11357
4253124,11358
4253452,11359
4253663,11360
4253784,11361
4253958,11362
4254218,11363
4254268,11364
4254375,11365
4254401,11366
4254524,11367
4255188,11368
4255330,11369
4255761,11370
4256289,11371
4256805,11372
4256993,11373
4257195,11374
4257392,11375
4257749,11376
4257807,11377
4257963,11378
4258147,11379
4258174,11380
4258310,11381
4258782,11382
4259119,11383
4259226,11384
4259500,11385
4259769,11386
4259844,11387
4260016,11388
4260357,11389
4260791,11390
4261497,11391
4261629,11392
4261716,11393
4262839,11394
4262898,11395
4263105,11396
4263113,11397
4263237,11398
4263627,11399
4263648,11400
4263756,11401
4264211,11402
4264863,11403
4265450,11404
4265477,11405
4265763,11406
4266222,11407
4266672,11408
4266990,11409
4267094,11410
4267279,11411
4267297,11412
4267389,11413
4267497,11414
4267955,11415
4267973,11416
4268771,11417
4268806,11418
4268865,11419
4268967,11420
4269049,11421
4269415,11422
4269418,11423
4269944,11424
4269968,11425
4270063,11426
4270336,11427
4270556,11428
4270864,11429
4271114,11430
4271874,11431
4272052,11432
4272127,11433
4272176,11434
4272570,11435
4272583,11436
4272618,11437
4273145,11438
4273150,11439
4273249,11440
4273656,11441
4273820,11442
4273908,11443
4274048,11444
4274317,11445
4274371,11446
4274885,11447
4276065,11448
4276094,11449
4276327,11450
4276536,11451
4278139,11452
4278453,11453
4278926,11454
4278968,11455
4279077,11456
4279479,11457
4279537,11458
4279591,11459
4280095,11460
4280864,11461
4280876,11462
4280926,11463
4281009,11464
4281371,11465
4281465,11466
4281925,11467
4282215,11468
4282268,11469
4282423,11470
4282903,11471
4283439,11472
4283755,11473
4284337,11474
4285045,11475
4285452,11476
4285530,11477
4285976,11478
4285984,11479
4286597,11480
4287290,11481
4287867,11482
4287914,11483
4288091,11484
4288237,11485
4288290,11486
4288597,11487
4288801,11488
4288885,11489
4289139,11490
4289706,11491
4289821,11492
4289881,11493
4290161,11494
4290187,11495
4290396,11496
4290548,11497
4290571,11498
4290954,11499
4291366,11500
4291677,11501
4291907,11502
4292125,11503
4292241,11504
4293307,11505
4293479,11506
4293570,11507
4293693,11508
4293853,11509
4293942,11510
4294027,11511
4294284,11512
4294735,11513
4295151,11514
4295464,11515
4295819,11516
4295962,11517
4296075,11518
4296246,11519
4296279,11520
4296626,11521
4296840,11522
4297069,11523
4297164,11524
4297630,11525
4297759,11526
4297882,11527
4298498,11528
4298752,11529
4298956,11530
4299248,11531
4299516,11532
4299687,11533
4300339,11534
4300540,11535
4300558,11536
4300819,11537
4301905,11538
4302632,11539
4302836,11540
4302848,11541
4302861,11542
4302914,11543
4303302,11544
4304044,11545
4304263,11546
4304446,11547
4305721,11548
4305753,11549
4306039,11550
4306358,11551
4306482,11552
4307190,11553
4307442,11554
4307563,11555
4307566,11556
4307638,11557
4308323,11558
4308621,11559
4308669,11560
4309041,11561
4309199,11562
4309719,11563
4310076,11564
4310191,11565
4310219,11566
4310725,11567
4311115,11568
4311770,11569
4312410,11570
4313267,11571
4313403,11572
4313735,11573
4313815,11574
4314306,11575
4315002,11576
4315406,11577
4315538,11578
4315575,11579
4315942,11580
4315943,11581
4316193,11582
4316436,11583
4316458,11584
4316832,11585
4317367,11586
4317393,11587
4317529,11588
4318334,11589
4318382,11590
4318892,11591
4319148,11592
4319187,11593
4319307,11594
4319310,11595
4319420,11596
4319584,11597
4319840,11598
4320095,11599
4320253,11600
4320363,11601
4320389,11602
4321013,11603
4321504,11604
4321740,11605
4321842,11606
4322184,11607
4323210,11608
4323428,11609
4323601,11610
4323754,11611
4324388,11612
4324760,11613
4325217,11614
4325320,11615
4325511,11616
4326058,11617
4326362,11618
4326564,11619
4326652,11620
4326940,11621
4327727,11622
4328125,11623
4328143,11624
4328342,11625
4328497,11626
4328559,11627
4328926,11628
4329140,11629
4329178,11630
4329377,11631
4329395,11632
4329424,11633
4329440,11634
4329514,11635
4329651,11636
4330891,11637
4331657,11638
4332050,11639
4332204,11640
4332597,11641
4332756,11642
4333368,11643
4333691,11644
4333786,11645
4333878,11646
4334112,11647
4334471,11648
4334677,11649
4334779,11650
4334816,11651
4334909,11652
4335520,11653
4335533,11654
4335853,11655
4335880,11656
4336086,11657
4336789,11658
4336813,11659
4336843,11660
4336901,11661
4336930,11662
4337021,11663
4337072,11664
4337087,11665
4337193,11666
4337233,11667
4337276,11668
4337449,11669
4338089,11670
4338103,11671
4338459,11672
4338700,11673
4338797,11674
4338902,11675
4339056,11676
4339097,11677
4339458,11678
4339626,11679
4339982,11680
4340066,11681
4340248,11682
4340765,11683
4340964,11684
4341498,11685
4341530,11686
4341929,11687
4342241,11688
4342368,11689
4342386,11690
4342846,11691
4342891,11692
4343024,11693
4343142,11694
4344159,11695
4344162,11696
4344421,11697
4344920,11698
4345290,11699
4345371,11700
4345419,11701
4345538,11702
4345666,11703
4346671,11704
4347674,11705
4347889,11706
4347985,11707
4347994,11708
4348298,11709
4348339,11710
4349077,11711
4349274,11712
4349285,11713
4349504,11714
4349750,11715
4350088,11716
4350456,11717
4350580,11718
4350613,11719
4350617,11720
4350723,11721
4351100,11722
4351254,11723
4351257,11724
4351307,11725
4351897,11726
4351981,11727
4352503,11728
4352561,11729
4352803,11730
4352953,11731
4352977,11732
4352992,11733
4353184,11734
4353523,11735
4354042,11736
4354499,11737
4354861,11738
4355180,11739
4355670,11740
4355928,11741
4355954,11742
4355996,11743
4356026,11744
4356708,11745
4356833,11746
4357178,11747
4357180,11748
4357354,11749
4357977,11750
4358014,11751
4358102,11752
4358477,11753
4358524,11754
4358979,11755
4359035,11756
4359105,11757
4359169,11758
4359528,11759
4360307,11760
4360397,11761
4360605,11762
4360641,11763
4360658,11764
4360702,11765
4360936,11766
4360970,11767
4361009,11768
4361111,11769
4361239,11770
4361263,11771
4361274,11772
4361284,11773
4361461,11774
4361525,11775
4361576,11776
4361606,11777
4361707,11778
4362334,11779
4362670,11780
4362952,11781
4363145,11782
4363286,11783
4363478,11784
4364021,11785
4364149,11786
4364172,11787
4364238,11788
4364272,11789
4364386,11790
4364710,11791
4364772,11792
4364954,11793
4364972,11794
4365310,11795
4366337,11796
4366363,11797
4366445,11798
4366552,11799
4366558,11800
4366663,11801
4366792,11802
4366905,11803
4367062,11804
4367145,11805
4367223,11806
4367894,11807
4368231,11808
4368337,11809
4368523,11810
4368560,11811
4368593,11812
4368881,11813
4369212,11814
4369495,11815
4369677,11816
4370325,11817
4371392,11818
4372187,11819
4372503,11820
4372768,11821
4372848,11822
4372910,11823
4373015,11824
4373024,11825
4373032,11826
4373242,11827
4373385,11828
4373432,11829
4373505,11830
4373586,11831
4373709,11832
4373824,11833
4373901,11834
4374739,11835
4374955,11836
4375482,11837
4375788,11838
4375914,11839
4376085,11840
4376164,11841
4376253,11842
4376579,11843
4377010,11844
4377232,11845
4377534,11846
4377622,11847
4377640,11848
4378242,11849
4378610,11850
4378739,11851
4378784,11852
4378917,11853
4379094,11854
4379392,11855
4379495,11856
4379641,11857
4379699,11858
4379729,11859
4379759,11860
4379835,11861
4379982,11862
4380251,11863
4380260,11864
4380287,11865
4380349,11866
4380359,11867
4380676,11868
4380709,11869
4381330,11870
4381429,11871
4382309,11872
4382341,11873
4382373,11874
4382672,11875
4382826,11876
4383138,11877
4383163,11878
4383306,11879
4383982,11880
4384093,11881
4384275,11882
4385093,11883
4385133,11884
4385384,11885
4385886,11886
4386063,11887
4386280,11888
4386526,11889
4386636,11890
4386979,11891
4387273,11892
4387640,11893
4388240,11894
4388527,11895
4388692,11896
4388726,11897
4388790,11898
4388878,11899
4388931,11900
4389367,11901
4390095,11902
4390121,11903
4390179,11904
4390429,11905
4390506,11906
4390661,11907
4390779,11908
4391045,11909
4391524,11910
4391739,11911
4392072,11912
4392325,11913
4392496,11914
4392920,11915
4393029,11916
4393203,11917
4393269,11918
4393521,11919
4394170,11920
4394281,11921
4394423,11922
4394749,11923
4395179,11924
4395230,11925
4395651,11926
4395827,11927
4396140,11928
4396442,11929
4396792,11930
4397071,11931
4397088,11932
4397181,11933
4397854,11934
4397962,11935
4398148,11936
4398408,11937
4398458,11938
4398730,11939
4398924,11940
4398953,11941
4399024,11942
4399121,11943
4399184,11944
4399846,11945
4400314,11946
4400466,11947
4400682,11948
4400692,11949
4401478,11950
4401659,11951
4402008,11952
4402013,11953
4402813,11954
4403202,11955
4403230,11956
4403236,11957
4403237,11958
4403325,11959
4403978,11960
4404651,11961
4404724,11962
4404751,11963
4404874,11964
4405263,11965
4405672,11966
4405896,11967
4405991,11968
4406602,11969
4407102,11970
4407200,11971
4407210,11972
4407728,11973
4407806,11974
4408180,11975
4408661,11976
4409044,11977
4409301,11978
4409343,11979
4410006,11980
4410444,11981
4410525,11982
4410613,11983
4410850,11984
4410964,11985
4411944,11986
4412002,11987
4412313,11988
4412331,11989
4412419,11990
4412467,11991
4412506,11992
4412595,11993
4412809,11994
4412990,11995
4413425,11996
4413484,11997
4413736,11998
4413813,11999
4413978,12000
4414184,12001
4414678,12002
4415219,12003
4416066,12004
4416461,12005
4417165,12006
4417275,12007
4417392,12008
4417478,12009
4417530,12010
4417539,12011
4417571,12012
4417989,12013
4418351,12014
4418415,12015
4419301,12016
4419587,12017
4419718,12018
4419837,12019
4420287,12020
4420439,12021
4420662,12022
4420782,12023
4420951,12024
4421566,12025
4421671,12026
4421751,12027
4422148,12028
4422876,12029
4423106,12030
4423115,12031
4423137,12032
4423445,12033
4423620,12034
4423668,12035
4423910,12036
4424028,12037
4424546,12038
4424653,12039
4425110,12040
4425308,12041
4425669,12042
4425881,12043
4425983,12044
4426105,12045
4426686,12046
4426732,12047
4427095,12048
4427283,12049
4427443,12050
4427877,12051
4427973,12052
4428178,12053
4428258,12054
4428367,12055
4428655,12056
4428734,12057
4429094,12058
4429203,12059
4429460,12060
4429553,12061
4429599,12062
4429775,12063
4429945,12064
4430035,12065
4430180,12066
4430253,12067
4430523,12068
4430538,12069
4431410,12070
4431962,12071
4432041,12072
4432543,12073
4432952,12074
4432972,12075
4433229,12076
4433302,12077
4434038,12078
4434529,12079
4434872,12080
4434913,12081
4435080,12082
4435332,12083
4435342,12084
4435945,12085
4435962,12086
4436200,12087
4436266,12088
4436883,12089
4437080,12090
4437217,12091
4438534,12092
4438950,12093
4439105,12094
4439255,12095
4439956,12096
4440311,12097
4440379,12098
4440864,12099
4440967,12100
4441178,12101
4441271,12102
4441512,12103
4441899,12104
4442197,12105
4442231,12106
4442290,12107
4442350,12108
4442555,12109
4442556,12110
4442737,12111
4442851,12112
4443354,12113
4443389,12114
4443679,12115
4443851,12116
4443912,12117
4444070,12118
4444121,12119
4444291,12120
4444718,12121
4444907,12122
4445369,12123
4445574,12124
4445634,12125
4445674,12126
4445747,12127
4445895,12128
4446066,12129
4446152,12130
4446316,12131
4446602,12132
4447368,12133
4447742,12134
4448187,12135
4448483,12136
4448496,12137
4448607,12138
4448654,12139
4448857,12140
4450042,12141
4451328,12142
4451595,12143
4451760,12144
4451975,12145
4452365,12146
4452436,12147
4453532,12148
4453567,12149
4453693,12150
4454970,12151
4455190,12152
4455912,12153
4456071,12154
4456934,12155
4457188,12156
4457629,12157
4458139,12158
4458469,12159
4459138,12160
4460418,12161
4460426,12162
4460711,12163
4461579,12164
4461631,12165
4462021,12166
4462160,12167
4462320,12168
4463093,12169
4463158,12170
4463236,12171
4463238,12172
4463583,12173
4463663,12174
4464114,12175
4465971,12176
4466482,12177
4466639,12178
4466680,12179
4467079,12180
4467723,12181
4467761,12182
4468468,12183
4468627,12184
4469139,12185
4469486,12186
4469559,12187
4469565,12188
4469614,12189
4469632,12190
4470010,12191
4470162,12192
4470174,12193
4470362,12194
4470620,12195
4470951,12196
4471214,12197
4471841,12198
4471907,12199
4472134,12200
4472235,12201
4473259,12202
4473627,12203
4474045,12204
4474282,12205
4474640,12206
4474854,12207
4474939,12208
4475273,12209
4475275,12210
4475464,12211
4475779,12212
4475931,12213
4476121,12214
4476167,12215
4476255,12216
4476357,12217
4476595,12218
4476743,12219
4477174,12220
4477183,12221
4477535,12222
4477824,12223
4478396,12224
4478643,12225
4478869,12226
4479452,12227
4479806,12228
4479991,12229
4480249,12230
4480336,12231
4480452,12232
4480916,12233
4481547,12234
4481748,12235
4482039,12236
4482513,12237
4482646,12238
4483033,12239
4483205,12240
4483843,12241
4484142,12242
4484525,12243
4484573,12244
4484581,12245
4484669,12246
4484672,12247
4484686,12248
4485136,12249
4485986,12250
4486167,12251
4486193,12252
4486277,12253
4486386,12254
4486460,12255
4486525,12256
4487088,12257
4487792,12258
4488349,12259
4488414,12260
4488615,12261
4489461,12262
4489468,12263
4490571,12264
4490643,12265
4491308,12266
4491779,12267
4491809,12268
4492160,12269
4492465,12270
4492669,12271
4493126,12272
4493809,12273
4494026,12274
4494115,12275
4494248,12276
4494445,12277
4494917,12278
4495431,12279
4495753,12280
4496081,12281
4496192,12282
4496720,12283
4496906,12284
4496997,12285
4497220,12286
4497670,12287
4498013,12288
4498071,12289
4498533,12290
4499168,12291
4499680,12292
4499686,12293
4499923,12294
4500378,12295
4500415,12296
4500827,12297
4500934,12298
4501572,12299
4501702,12300
4501871,12301
4502125,12302
4502694,12303
4502704,12304
4502755,12305
4502964,12306
4503252,12307
4503295,12308
4503863,12309
4504345,12310
4504576,12311
4504760,12312
4505969,12313
4506175,12314
4506597,12315
4506760,12316
4506768,12317
4507022,12318
4507308,12319
4507617,12320
4508177,12321
4508240,12322
4508350,12323
4508508,12324
4508631,12325
4508682,12326
4508833,12327
4509050,12328
4509084,12329
4509562,12330
4509710,12331
4509777,12332
4509998,12333
4510163,12334
4511032,12335
4511738,12336
4512252,12337
4512353,12338
4512612,12339
4512613,12340
4512706,12341
4512737,12342
4512989,12343
4513053,12344
4513348,12345
4513536,12346
4513973,12347
4514146,12348
4514434,12349
4514452,12350
4514560,12351
4514739,12352
4514857,12353
4514946,12354
4514961,12355
4515414,12356
4515572,12357
4515663,12358
4515980,12359
4516238,12360
4517016,12361
4517254,12362
4517423,12363
4517564,12364
4517722,12365
4518406,12366
4519525,12367
4519659,12368
4519827,12369
4519856,12370
4520116,12371
4520732,12372
4520868,12373
4520948,12374
4521060,12375
4521298,12376
4521692,12377
4521718,12378
4522467,12379
4522986,12380
4523538,12381
4524259,12382
4524648,12383
4524722,12384
4525078,12385
4525286,12386
4525442,12387
4525632,12388
4525865,12389
4525906,12390
4526616,12391
4526720,12392
4526950,12393
4527325,12394
4527572,12395
4527674,12396
4527680,12397
4527794,12398
4527917,12399
4528001,12400
4528105,12401
4528115,12402
4528225,12403
4528632,12404
4528813,12405
4529171,12406
4529327,12407
4529687,12408
4530207,12409
4530545,12410
4530897,12411
4531501,12412
4531638,12413
4531831,12414
4532110,12415
4532340,12416
4532917,12417
4533136,12418
4533267,12419
4533583,12420
4534434,12421
4534444,12422
4535058,12423
4535675,12424
4535960,12425
4536209,12426
4536613,12427
4536673,12428
4536916,12429
4537039,12430
4537277,12431
4537688,12432
4538060,12433
4538178,12434
4538286,12435
4538429,12436
4538602,12437
4539111,12438
4539134,12439
4539258,12440
4539442,12441
4539679,12442
4539760,12443
4539780,12444
4539850,12445
4539863,12446
4540098,12447
4541683,12448
4541718,12449
4541776,12450
4542276,12451
4542416,12452
4542426,12453
4542610,12454
4542614,12455
4543674,12456
4543819,12457
4544011,12458
4544145,12459
4544185,12460
4544816,12461
4545059,12462
4546329,12463
4546640,12464
4548371,12465
4548573,12466
4549572,12467
4550037,12468
4550564,12469
4551285,12470
4551304,12471
4551466,12472
4551530,12473
4552091,12474
4552474,12475
4552554,12476
4553042,12477
4553056,12478
4553236,12479
4554304,12480
4554347,12481
4554621,12482
4554650,12483
4555239,12484
4555297,12485
4555571,12486
4556075,12487
4556138,12488
4557402,12489
4557509,12490
4558310,12491
4558818,12492
4558987,12493
4559084,12494
4559459,12495
4559524,12496
4559753,12497
4560329,12498
4560382,12499
4560518,12500
4560540,12501
4560726,12502
4560887,12503
4561137,12504
4561349,12505
4561370,12506
4561528,12507
4561803,12508
4561864,12509
4561984,12510
4562119,12511
4562420,12512
4564080,12513
4564180,12514
4564417,12515
4565589,12516
4565601,12517
4566002,12518
4567275,12519
4567465,12520
4568044,12521
4568134,12522
4568685,12523
4568690,12524
4568879,12525
4569445,12526
4569636,12527
4569744,12528
4569804,12529
4570120,12530
4570319,12531
4570404,12532
4570471,12533
4570665,12534
4570909,12535
4571566,12536
4572619,12537
4572623,12538
4573089,12539
4573539,12540
4573741,12541
4573929,12542
4574161,12543
4574635,12544
4574669,12545
4574825,12546
4574991,12547
4575414,12548
4576167,12549
4576576,12550
4576837,12551
4577853,12552
4577959,12553
4578340,12554
4578366,12555
4579008,12556
4579139,12557
4579758,12558
4579761,12559
4579910,12560
4580267,12561
4580762,12562
4581188,12563
4581203,12564
4581307,12565
4581418,12566
4581611,12567
4582161,12568
4582428,12569
4582700,12570
4583809,12571
4583997,12572
4584419,12573
4585200,12574
4585408,12575
4585818,12576
4586945,12577
4587519,12578
4587657,12579
4587691,12580
4587695,12581
4587966,12582
4588166,12583
4588401,12584
4588889,12585
4589524,12586
4589727,12587
4589746,12588
4589935,12589
4590304,12590
4591105,12591
4592273,12592
4592533,12593
4592970,12594
4593500,12595
4593610,12596
4594207,12597
4594213,12598
4595935,12599
4597208,12600
4597640,12601
4598795,12602
4599516,12603
4600842,12604
4600948,12605
4601463,12606
4601851,12607
4602081,12608
4602427,12609
4602850,12610
4602894,12611
4603023,12612
4603063,12613
4603096,12614
4603967,12615
4605086,12616
4605232,12617
4605483,12618
4611031,12619
4611571,12620
4611652,12621
4611941,12622
4612701,12623
4612922,12624
4613053,12625
4613059,12626
4613342,12627
4613525,12628
4613564,12629
4614688,12630
4614850,12631
4616452,12632
4617200,12633
4617732,12634
4617785,12635
4619779,12636
4620280,12637
4620450,12638
4620496,12639
4621293,12640
4621830,12641
4621906,12642
4622298,12643
4622577,12644
4622699,12645
4623374,12646
4623514,12647
4623626,12648
4623705,12649
4624009,12650
4624779,12651
4625152,12652
4625440,12653
4626072,12654
4626532,12655
4627707,12656
4627725,12657
4627827,12658
4628001,12659
4628384,12660
4629108,12661
4629163,12662
4629366,12663
4629742,12664
4629784,12665
4630409,12666
4630437,12667
4633391,12668
4633595,12669
4633689,12670
4634501,12671
4634963,12672
4635599,12673
4635789,12674
4635820,12675
4636055,12676
4636575,12677
4638505,12678
4638658,12679
4639305,12680
4639611,12681
4640639,12682
4640642,12683
4640716,12684
4641597,12685
4641762,12686
4642006,12687
4642153,12688
4643040,12689
4643169,12690
4643860,12691
4644063,12692
4644227,12693
4644769,12694
4645002,12695
4645539,12696
4645720,12697
4645958,12698
4646098,12699
4646103,12700
4646730,12701
4647756,12702
4648121,12703
4648791,12704
4648800,12705
4649056,12706
4649481,12707
4650433,12708
4651394,12709
4651417,12710
4651568,12711
4653096,12712
4653627,12713
4655172,12714
4655325,12715
4655399,12716
4655575,12717
4655608,12718
4656158,12719
4656406,12720
4657075,12721
4657492,12722
4658239,12723
4658407,12724
4658409,12725
4658648,12726
4659156,12727
4659692,12728
4659740,12729
4659746,12730
4661219,12731
4661368,12732
4661381,12733
4661484,12734
4662341,12735
4663141,12736
4663209,12737
4664374,12738
4664797,12739
4665520,12740
4665858,12741
4666546,12742
4667042,12743
4667376,12744
4667572,12745
4667826,12746
4667974,12747
4668130,12748
4668266,12749
4668334,12750
4668384,12751
4669160,12752
4669204,12753
4669645,12754
4670644,12755
4670928,12756
4672168,12757
4672295,12758
4672795,12759
4672859,12760
4673043,12761
4673392,12762
4673745,12763
4673758,12764
4674095,12765
4674134,12766
4674621,12767
4675024,12768
4675308,12769
4675757,12770
4675915,12771
4676274,12772
4676490,12773
4676657,12774
4676708,12775
4676714,12776
4677245,12777
4677845,12778
4677874,12779
4678786,12780
4679566,12781
4680111,12782
4680530,12783
4680589,12784
4680680,12785
4681075,12786
4681106,12787
4681419,12788
4681803,12789
4682219,12790
4682222,12791
4682309,12792
4682397,12793
4682935,12794
4683809,12795
4684641,12796
4684981,12797
4685081,12798
4685107,12799
4685900,12800
4685943,12801
4686161,12802
4686321,12803
4686334,12804
4686864,12805
4686913,12806
4688359,12807
4688377,12808
4688519,12809
4688632,12810
4688717,12811
4688848,12812
4689251,12813
4689492,12814
4689704,12815
4689798,12816
4690096,12817
4690113,12818
4690253,12819
4690352,12820
4690832,12821
4690906,12822
4691036,12823
4691910,12824
4692824,12825
4693229,12826
4693553,12827
4694048,12828
4695007,12829
4695049,12830
4695376,12831
4696094,12832
4696193,12833
4697472,12834
4697552,12835
4697910,12836
4698029,12837
4698100,12838
4698256,12839
4698414,12840
4698759,12841
4698814,12842
4699112,12843
4699412,12844
4699452,12845
4700580,12846
4700671,12847
4700840,12848
4700977,12849
4701058,12850
4701064,12851
4701517,12852
4701589,12853
4701963,12854
4702219,12855
4702721,12856
4702763,12857
4702772,12858
4703219,12859
4703396,12860
4703567,12861
4703636,12862
4704217,12863
4704396,12864
4704533,12865
4704672,12866
4704718,12867
4704920,12868
4704943,12869
4704982,12870
4705379,12871
4705553,12872
4705735,12873
4706551,12874
4706676,12875
4707587,12876
4708418,12877
4708735,12878
4708829,12879
4708845,12880
4708895,12881
4709151,12882
4710142,12883
4710168,12884
4710331,12885
4710943,12886
4711117,12887
4711565,12888
4711741,12889
4712056,12890
4713143,12891
4713441,12892
4713684,12893
4713714,12894
4714892,12895
4715007,12896
4715385,12897
4715929,12898
4716462,12899
4716523,12900
4716602,12901
4717318,12902
4717399,12903
4717980,12904
4718538,12905
4718608,12906
4718635,12907
4718859,12908
4719220,12909
4719435,12910
4719712,12911
4720327,12912
4721212,12913
4721962,12914
4722116,12915
4722340,12916
4722387,12917
4722394,12918
4722419,12919
4722432,12920
4722557,12921
4723217,12922
4723332,12923
4723390,12924
4724329,12925
4724515,12926
4724526,12927
4724562,12928
4724602,12929
4724727,12930
4724986,12931
4725789,12932
4726834,12933
4727487,12934
4727692,12935
4727702,12936
4727920,12937
4728115,12938
4728316,12939
4728863,12940
4729683,12941
4729943,12942
4730332,12943
4731137,12944
4731394,12945
4731828,12946
4732143,12947
4732195,12948
4733099,12949
4733863,12950
4733873,12951
4734236,12952
4734541,12953
4734693,12954
4735146,12955
4735244,12956
4736210,12957
4736363,12958
4736423,12959
4736719,12960
4737104,12961
4737549,12962
4737592,12963
4737777,12964
4738063,12965
4738143,12966
4738656,12967
4738983,12968
4740639,12969
4740960,12970
4741200,12971
4741710,12972
4741850,12973
4742024,12974
4742571,12975
4742578,12976
4742622,12977
4743378,12978
4743385,12979
4743470,12980
4743520,12981
4743548,12982
4743794,12983
4743947,12984
4744531,12985
4744764,12986
4745038,12987
4745237,12988
4745644,12989
4745807,12990
4746748,12991
4746924,12992
4747484,12993
4747934,12994
4747967,12995
4748238,12996
4748347,12997
4748588,12998
4749084,12999
4749691,13000
4749937,13001
4749962,13002
4750835,13003
4750910,13004
4750989,13005
4751246,13006
4751426,13007
4751568,13008
4752028,13009
4752105,13010
4752213,13011
4752390,13012
4752464,13013
4753068,13014
4753267,13015
4753373,13016
4753933,13017
4754591,13018
4755284,13019
4755869,13020
4756009,13021
4756306,13022
4756413,13023
4756553,13024
4756742,13025
4756827,13026
4756828,13027
4757090,13028
4757197,13029
4757511,13030
4757950,13031
4758163,13032
4758380,13033
4759358,13034
4759395,13035
4759448,13036
4759535,13037
4759750,13038
4759987,13039
4760863,13040
4761211,13041
4761259,13042
4761367,13043
4761988,13044
4762620,13045
4762681,13046
4762922,13047
4763377,13048
4763379,13049
4763496,13050
4763505,13051
4763688,13052
4763965,13053
4764225,13054
4764596,13055
4765013,13056
4765364,13057
4765637,13058
4765772,13059
4765971,13060
4766002,13061
4766014,13062
4766021,13063
4766023,13064
4766414,13065
4766642,13066
4766667,13067
4766699,13068
4767164,13069
4767291,13070
4767545,13071
4768183,13072
4768224,13073
4768397,13074
4768611,13075
4768771,13076
4769351,13077
4769422,13078
4769586,13079
4770242,13080
4770621,13081
4770904,13082
4771016,13083
4771271,13084
4771380,13085
4771629,13086
4772077,13087
4772149,13088
4772189,13089
4772272,13090
4772487,13091
4772543,13092
4772601,13093
4773601,13094
4773737,13095
4774114,13096
4775128,13097
4775235,13098
4775631,13099
4775685,13100
4776007,13101
4776487,13102
4776684,13103
4776972,13104
4777046,13105
4777142,13106
4777441,13107
4777912,13108
4778421,13109
4778975,13110
4779094,13111
4779459,13112
4779772,13113
4779844,13114
4779965,13115
4780017,13116
4780338,13117
4780678,13118
4780926,13119
4781146,13120
4782568,13121
4782587,13122
4782845,13123
4782922,13124
4782951,13125
4782964,13126
4783358,13127
4783745,13128
4783798,13129
4783840,13130
4783896,13131
4783986,13132
4784189,13133
4784807,13134
4784855,13135
4784936,13136
4785068,13137
4785102,13138
4785924,13139
4786032,13140
4786656,13141
4786982,13142
4787092,13143
4787524,13144
4787759,13145
4787791,13146
4788013,13147
4788265,13148
4788375,13149
4788648,13150
4788920,13151
4789020,13152
4789053,13153
4789757,13154
4789758,13155
4789767,13156
4790301,13157
4790474,13158
4790630,13159
4790745,13160
4791083,13161
4791578,13162
4791649,13163
4792149,13164
4792208,13165
4792335,13166
4792372,13167
4792465,13168
4792512,13169
4792628,13170
4792854,13171
4792914,13172
4794488,13173
4794566,13174
4794887,13175
4795062,13176
4795507,13177
4795625,13178
4795741,13179
4795799,13180
4796153,13181
4796365,13182
4796445,13183
4796679,13184
4796949,13185
4796953,13186
4796983,13187
4797410,13188
4798106,13189
4798405,13190
4798440,13191
4799075,13192
4799411,13193
4799684,13194
4799756,13195
4799771,13196
4799795,13197
4799865,13198
4799958,13199
4800336,13200
4800475,13201
4800716,13202
4801028,13203
4801472,13204
4802207,13205
4802452,13206
4803125,13207
4803704,13208
4804261,13209
4804327,13210
4804536,13211
4804908,13212
4805188,13213
4805236,13214
4805625,13215
4805835,13216
4806505,13217
4806723,13218
4806894,13219
4806953,13220
4807087,13221
4807317,13222
4807498,13223
4808405,13224
4808519,13225
4808837,13226
4809415,13227
4810425,13228
4811228,13229
4811407,13230
4811526,13231
4811586,13232
4811601,13233
4811689,13234
4811832,13235
4811952,13236
4812080,13237
4812109,13238
4812331,13239
4812805,13240
4813509,13241
4813596,13242
4813639,13243
4813951,13244
4814096,13245
4814669,13246
4814740,13247
4814823,13248
4814936,13249
4815132,13250
4815522,13251
4815738,13252
4816217,13253
4816345,13254
4816362,13255
4816381,13256
4816632,13257
4817464,13258
4817548,13259
4817716,13260
4817981,13261
4818740,13262
4818986,13263
4819699,13264
4820100,13265
4820261,13266
4820274,13267
4820465,13268
4820634,13269
4820704,13270
4820755,13271
4820951,13272
4821073,13273
4821182,13274
4821486,13275
4821614,13276
4821717,13277
4821789,13278
4821870,13279
4821955,13280
4822071,13281
4822113,13282
4822467,13283
4823064,13284
4823249,13285
4824168,13286
4824330,13287
4824802,13288
4825342,13289
4825368,13290
4826624,13291
4826736,13292
4827036,13293
4827072,13294
4827787,13295
4828058,13296
4828262,13297
4828288,13298
4828737,13299
4829181,13300
4829519,13301
4829876,13302
4830621,13303
4830680,13304
4830681,13305
4831188,13306
4831239,13307
4831588,13308
4832232,13309
4832669,13310
4833392,13311
4833404,13312
4834221,13313
4834381,13314
4834598,13315
4834716,13316
4835127,13317
4835962,13318
4836321,13319
4836476,13320
4836479,13321
4837147,13322
4837182,13323
4837460,13324
4838017,13325
4838061,13326
4838829,13327
4838899,13328
4838937,13329
4840103,13330
4840762,13331
4841758,13332
4841793,13333
4841947,13334
4842126,13335
4842193,13336
4842378,13337
4842548,13338
4843065,13339
4843129,13340
4843167,13341
4843169,13342
4843494,13343
4843571,13344
4843894,13345
4844078,13346
4844079,13347
4844378,13348
4844541,13349
4844569,13350
4844663,13351
4844822,13352
4844924,13353
4845030,13354
4845503,13355
4846056,13356
4846600,13357
4847140,13358
4847305,13359
4847435,13360
4847723,13361
4849068,13362
4849770,13363
4849785,13364
4850058,13365
4850066,13366
4850371,13367
4850600,13368
4851130,13369
4851954,13370
4851976,13371
4852354,13372
4852442,13373
4852484,13374
4852519,13375
4852617,13376
4852801,13377
4853207,13378
4853572,13379
4853597,13380
4854820,13381
4854858,13382
4855240,13383
4855957,13384
4856124,13385
4856438,13386
4856936,13387
4856982,13388
4857016,13389
4857813,13390
4858331,13391
4858535,13392
4858959,13393
4859300,13394
4859569,13395
4859820,13396
4860329,13397
4860792,13398
4861460,13399
4861521,13400
4861535,13401
4862144,13402
4862158,13403
4862228,13404
4862308,13405
4863376,13406
4863804,13407
4864283,13408
4864325,13409
4864827,13410
4864844,13411
4865446,13412
4866284,13413
4866439,13414
4866498,13415
4867034,13416
4869262,13417
4869405,13418
4870056,13419
4870211,13420
4870664,13421
4870798,13422
4870993,13423
4871021,13424
4871067,13425
4871136,13426
4871548,13427
4872176,13428
4872413,13429
4872845,13430
4872881,13431
4874157,13432
4874238,13433
4874609,13434
4876258,13435
4876434,13436
4877150,13437
4877768,13438
4878321,13439
4878509,13440
4879283,13441
4879510,13442
4880106,13443
4881479,13444
4881534,13445
4881820,13446
4882211,13447
4882316,13448
4882745,13449
4883789,13450
4883949,13451
4884283,13452
4884957,13453
4885014,13454
4885335,13455
4885761,13456
4885924,13457
4886442,13458
4886675,13459
4887342,13460
4888094,13461
4888586,13462
4888977,13463
4889310,13464
4889498,13465
4889516,13466
4889571,13467
4889712,13468
4889871,13469
4890673,13470
4891881,13471
4892145,13472
4892268,13473
4892360,13474
4892854,13475
4893011,13476
4893129,13477
4893231,13478
4893263,13479
4893268,13480
4893532,13481
4893676,13482
4893737,13483
4893963,13484
4893984,13485
4894094,13486
4894578,13487
4895142,13488
4895220,13489
4895320,13490
4896145,13491
4896596,13492
4896876,13493
4897069,13494
4897430,13495
4897554,13496
4897753,13497
4898060,13498
4899079,13499
4899322,13500
4900339,13501
4901160,13502
4901449,13503
4901533,13504
4901655,13505
4901675,13506
4901704,13507
4902625,13508
4904067,13509
4904250,13510
4904434,13511
4904697,13512
4904768,13513
4905361,13514
4905362,13515
4905708,13516
4906437,13517
4906448,13518
4906699,13519
4906722,13520
4906727,13521
4907147,13522
4907694,13523
4907975,13524
4907996,13525
4908091,13526
4908282,13527
4908383,13528
4908790,13529
4908932,13530
4909055,13531
4909544,13532
4909621,13533
4909632,13534
4909743,13535
4909994,13536
4910109,13537
4910313,13538
4911147,13539
4911181,13540
4912085,13541
4912161,13542
4912655,13543
4913149,13544
4913168,13545
4913208,13546
4913605,13547
4913654,13548
4913708,13549
4913745,13550
4913996,13551
4914173,13552
4914397,13553
4914646,13554
4914726,13555
4915118,13556
4915220,13557
4915295,13558
4915382,13559
4915603,13560
4915620,13561
4915699,13562
4915987,13563
4916037,13564
4916164,13565
4916175,13566
4916300,13567
4916814,13568
4917000,13569
4918367,13570
4918445,13571
4918608,13572
4918889,13573
4918910,13574
4919077,13575
4919149,13576
4919195,13577
4919820,13578
4920095,13579
4920267,13580
4920795,13581
4920929,13582
4921442,13583
4921476,13584
4921574,13585
4921627,13586
4921825,13587
4922033,13588
4922755,13589
4922772,13590
4922918,13591
4923713,13592
4923826,13593
4923904,13594
4923942,13595
4924402,13596
4924473,13597
4924537,13598
4925117,13599
4925445,13600
4925609,13601
4925655,13602
4925796,13603
4925849,13604
4925892,13605
4926133,13606
4926170,13607
4926262,13608
4926430,13609
4926610,13610
4927109,13611
4927190,13612
4927247,13613
4927281,13614
4927335,13615
4927484,13616
4927537,13617
4928260,13618
4928315,13619
4929234,13620
4929597,13621
4929673,13622
4930001,13623
4930225,13624
4930257,13625
4930380,13626
4930412,13627
4931001,13628
4931028,13629
4931106,13630
4931149,13631
4931508,13632
4931582,13633
4931927,13634
4931958,13635
4932159,13636
4932590,13637
4933090,13638
4933793,13639
4934116,13640
4934181,13641
4934795,13642
4935237,13643
4935539,13644
4936046,13645
4936358,13646
4936965,13647
4937432,13648
4937941,13649
4937986,13650
4938116,13651
4938283,13652
4938373,13653
4938742,13654
4938937,13655
4939066,13656
4939242,13657
4939493,13658
4939510,13659
4940365,13660
4940397,13661
4941031,13662
4941538,13663
4941671,13664
4942214,13665
4942896,13666
4943035,13667
4943085,13668
4943621,13669
4943797,13670
4944748,13671
4945610,13672
4945630,13673
4945688,13674
4946031,13675
4946096,13676
4946252,13677
4946441,13678
4947059,13679
4947172,13680
4947597,13681
4947875,13682
4947977,13683
4948238,13684
4948533,13685
4949038,13686
4949280,13687
4949542,13688
4949630,13689
4949859,13690
4950053,13691
4950146,13692
4950236,13693
4950276,13694
4950459,13695
4950707,13696
4950755,13697
4951247,13698
4951626,13699
4952308,13700
4953045,13701
4953633,13702
4953801,13703
4954034,13704
4954295,13705
4954537,13706
4954572,13707
4954999,13708
4956154,13709
4956784,13710
4958343,13711
4958383,13712
4958419,13713
4958688,13714
4958740,13715
4958790,13716
4959250,13717
4959764,13718
4960166,13719
4960236,13720
4960267,13721
4960427,13722
4960886,13723
4961072,13724
4961224,13725
4961698,13726
4961892,13727
4962101,13728
4962290,13729
4962400,13730
4963413,13731
4963771,13732
4963787,13733
4964403,13734
4964411,13735
4964606,13736
4964690,13737
4964996,13738
4965455,13739
4965625,13740
4965627,13741
4965776,13742
4965833,13743
4966177,13744
4966439,13745
4966721,13746
4967940,13747
4968094,13748
4968195,13749
4969212,13750
4969285,13751
4969733,13752
4969876,13753
4969910,13754
4969954,13755
4969959,13756
4970007,13757
4970062,13758
4970705,13759
4970720,13760
4970883,13761
4971471,13762
4971840,13763
4972156,13764
4972169,13765
4972841,13766
4973485,13767
4973649,13768
4974560,13769
4974930,13770
4975069,13771
4975071,13772
4975232,13773
4975333,13774
4975589,13775
4975809,13776
4975832,13777
4975850,13778
4976116,13779
4976320,13780
4977092,13781
4977264,13782
4977687,13783
4978126,13784
4978191,13785
4978593,13786
4979025,13787
4979142,13788
4979989,13789
4980319,13790
4980400,13791
4980489,13792
4980589,13793
4980881,13794
4980960,13795
4981127,13796
4981568,13797
4981656,13798
4982111,13799
4982316,13800
4982690,13801
4982810,13802
4984104,13803
4984202,13804
4984292,13805
4984294,13806
4984703,13807
4985482,13808
4986416,13809
4986665,13810
4986747,13811
4986887,13812
4986921,13813
4986988,13814
4987091,13815
4987777,13816
4988115,13817
4988182,13818
4988327,13819
4988782,13820
4989101,13821
4989250,13822
4989278,13823
4989651,13824
4989698,13825
4989753,13826
4989864,13827
4990069,13828
4990748,13829
4992103,13830
4992478,13831
4992522,13832
4992558,13833
4992931,13834
4993211,13835
4993423,13836
4993922,13837
4994063,13838
4994394,13839
4994516,13840
4994752,13841
4995137,13842
4995615,13843
4995643,13844
4995693,13845
4995708,13846
4996274,13847
4996433,13848
4996454,13849
4996539,13850
4997356,13851
4998293,13852
4998526,13853
4998562,13854
4998984,13855
4998988,13856
4999141,13857
4999336,13858
4999744,13859
4999932,13860
5000025,13861
5000289,13862
5000467,13863
5000623,13864
5000718,13865
5001216,13866
5001373,13867
5001812,13868
5001855,13869
5002315,13870
5002572,13871
5002863,13872
5003153,13873
5003368,13874
5003467,13875
5004387,13876
5004495,13877
5004768,13878
5004780,13879
5004895,13880
5004961,13881
5005149,13882
5005187,13883
5005324,13884
5005372,13885
5005417,13886
5005464,13887
5005616,13888
5006377,13889
5006596,13890
5006626,13891
5006654,13892
5007056,13893
5007502,13894
5007685,13895
5007835,13896
5007901,13897
5008163,13898
5008919,13899
5009081,13900
5009957,13901
5010171,13902
5010387,13903
5010481,13904
5010635,13905
5010639,13906
5011234,13907
5011279,13908
5011337,13909
5011566,13910
5011653,13911
5011882,13912
5012040,13913
5012190,13914
5012354,13915
5012610,13916
5012926,13917
5013221,13918
5013787,13919
5013930,13920
5014145,13921
5014375,13922
5014551,13923
5014569,13924
5014855,13925
5015063,13926
5015503,13927
5015588,13928
5015705,13929
5015815,13930
5015968,13931
5016343,13932
5016494,13933
5016640,13934
5016689,13935
5017264,13936
5017386,13937
5017700,13938
5017929,13939
5018103,13940
5018196,13941
5018737,13942
5018817,13943
5018874,13944
5019297,13945
5019640,13946
5019820,13947
5019991,13948
5020154,13949
5020206,13950
5020889,13951
5021225,13952
5021783,13953
5021872,13954
5022221,13955
5022660,13956
5022668,13957
5022862,13958
5023280,13959
5023543,13960
5023875,13961
5024543,13962
5024729,13963
5024925,13964
5025419,13965
5025476,13966
5025671,13967
5025715,13968
5025925,13969
5026386,13970
5027465,13971
5027580,13972
5027606,13973
5027644,13974
5027809,13975
5028283,13976
5028414,13977
5029056,13978
5029464,13979
5029667,13980
5029723,13981
5029919,13982
5030048,13983
5030107,13984
5030167,13985
5030456,13986
5031213,13987
5031486,13988
5031643,13989
5032211,13990
5032489,13991
5032944,13992
5033062,13993
5033545,13994
5033699,13995
5033965,13996
5034052,13997
5034531,13998
5034879,13999
5034945,14000
5035632,14001
5035646,14002
5036886,14003
5037008,14004
5037161,14005
5037412,14006
5037573,14007
5037581,14008
5038397,14009
5038409,14010
5038480,14011
5038576,14012
5038602,14013
5039060,14014
5039097,14015
5039440,14016
5039639,14017
5039986,14018
5040102,14019
5040172,14020
5040308,14021
5040609,14022
5040857,14023
5041325,14024
5041588,14025
5041774,14026
5041855,14027
5044180,14028
5044254,14029
5044532,14030
5044653,14031
5045587,14032
5045613,14033
5045651,14034
5045761,14035
5045929,14036
5046045,14037
5046060,14038
5046104,14039
5046925,14040
5047042,14041
5047535,14042
5047636,14043
5047667,14044
5047925,14045
5048002,14046
5048147,14047
5048347,14048
5048571,14049
5048635,14050
5048713,14051
5048832,14052
5048914,14053
5049433,14054
5049498,14055
5049878,14056
5050380,14057
5050847,14058
5051450,14059
5051594,14060
5051812,14061
5051848,14062
5052246,14063
5052612,14064
5052713,14065
5052830,14066
5053599,14067
5053623,14068
5054071,14069
5054349,14070
5054503,14071
5054675,14072
5055378,14073
5055439,14074
5055743,14075
5055825,14076
5056144,14077
5056719,14078
5056745,14079
5057011,14080
5057276,14081
5057724,14082
5057794,14083
5057929,14084
5057933,14085
5058631,14086
5058684,14087
5058827,14088
5059005,14089
5059014,14090
5059064,14091
5059123,14092
5059494,14093
5059557,14094
5059979,14095
5060009,14096
5060247,14097
5060812,14098
5060820,14099
5060940,14100
5061019,14101
5061269,14102
5061894,14103
5062091,14104
5062144,14105
5062159,14106
5062493,14107
5063199,14108
5063215,14109
5063238,14110
5064109,14111
5064115,14112
5065122,14113
5065410,14114
5065424,14115
5065482,14116
5065732,14117
5065814,14118
5065882,14119
5066214,14120
5066524,14121
5066623,14122
5066789,14123
5067071,14124
5067285,14125
5067732,14126
5067858,14127
5068560,14128
5068909,14129
5069057,14130
5069077,14131
5069123,14132
5069215,14133
5069244,14134
5069355,14135
5069562,14136
5069577,14137
5069721,14138
5069724,14139
5069994,14140
5070121,14141
5070612,14142
5070615,14143
5071002,14144
5071131,14145
5071623,14146
5071660,14147
5071678,14148
5073392,14149
5073805,14150
5074193,14151
5074221,14152
5074457,14153
5074916,14154
5075044,14155
5075281,14156
5075284,14157
5075298,14158
5075312,14159
5075699,14160
5075846,14161
5076053,14162
5076156,14163
5076532,14164
5076731,14165
5076809,14166
5078209,14167
5078886,14168
5079039,14169
5079216,14170
5079696,14171
5079991,14172
5081016,14173
5081032,14174
5081521,14175
5081879,14176
5081916,14177
5081928,14178
5082448,14179
5082463,14180
5083098,14181
5083591,14182
5084032,14183
5084038,14184
5084183,14185
5084186,14186
5084200,14187
5084214,14188
5084342,14189
5084547,14190
5084937,14191
5085084,14192
5085719,14193
5085739,14194
5085954,14195
5086356,14196
5086372,14197
5086382,14198
5086582,14199
5086626,14200
5086863,14201
5087205,14202
5087460,14203
5087497,14204
5087629,14205
5087763,14206
5087943,14207
5088150,14208
5088324,14209
5089234,14210
5089245,14211
5089328,14212
5089329,14213
5089336,14214
5089625,14215
5090344,14216
5090436,14217
5090468,14218
5090473,14219
5090514,14220
5091003,14221
5091523,14222
5091701,14223
5091850,14224
5092476,14225
5092660,14226
5092868,14227
5093725,14228
5093733,14229
5094057,14230
5094131,14231
5094233,14232
5094313,14233
5094332,14234
5094403,14235
5094699,14236
5094776,14237
5095056,14238
5095135,14239
5095575,14240
5095611,14241
5095793,14242
5096214,14243
5096346,14244
5096396,14245
5096451,14246
5096653,14247
5096756,14248
5096899,14249
5097224,14250
5097800,14251
5097903,14252
5097963,14253
5098440,14254
5098687,14255
5099018,14256
5100174,14257
5100622,14258
5100871,14259
5101058,14260
5101255,14261
5101744,14262
5101877,14263
5102004,14264
5102275,14265
5102628,14266
5102641,14267
5102782,14268
5103234,14269
5103260,14270
5103751,14271
5103756,14272
5103812,14273
5103861,14274
5104243,14275
5104345,14276
5104508,14277
5104559,14278
5105311,14279
5105551,14280
5106553,14281
5106656,14282
5106711,14283
5106892,14284
5107283,14285
5107548,14286
5107803,14287
5107818,14288
5108619,14289
5108631,14290
5108635,14291
5108663,14292
5109063,14293
5109201,14294
5109320,14295
5109348,14296
5109400,14297
5109653,14298
5109704,14299
5109721,14300
5109763,14301
5109850,14302
5110252,14303
5110561,14304
5110898,14305
5112149,14306
5112598,14307
5112845,14308
5113265,14309
5113653,14310
5113741,14311
5114186,14312
5114840,14313
5115180,14314
5115248,14315
5115279,14316
5115314,14317
5115540,14318
5115903,14319
5116069,14320
5116362,14321
5116363,14322
5116425,14323
5116638,14324
5117091,14325
5117390,14326
5117677,14327
5117992,14328
5118051,14329
5118470,14330
5118512,14331
5118596,14332
5118611,14333
5118690,14334
5119126,14335
5119187,14336
5119316,14337
5119475,14338
5120085,14339
5120547,14340
5120725,14341
5121245,14342
5121618,14343
5122329,14344
5122567,14345
5123191,14346
5123466,14347
5123528,14348
5123840,14349
5123981,14350
5124382,14351
5124588,14352
5125144,14353
5125247,14354
5125250,14355
5125558,14356
5125723,14357
5125840,14358
5125923,14359
5125925,14360
5126669,14361
5126965,14362
5127150,14363
5127260,14364
5127301,14365
5127962,14366
5128061,14367
5128162,14368
5128684,14369
5128779,14370
5129287,14371
5129758,14372
5129781,14373
5129878,14374
5129927,14375
5130017,14376
5130106,14377
5130114,14378
5130348,14379
5130375,14380
5130538,14381
5130914,14382
5131343,14383
5131413,14384
5131419,14385
5131609,14386
5131620,14387
5131952,14388
5132570,14389
5132677,14390
5133268,14391
5133400,14392
5133443,14393
5133653,14394
5133702,14395
5133786,14396
5133919,14397
5134253,14398
5134264,14399
5134730,14400
5134753,14401
5135087,14402
5135249,14403
5135265,14404
5135324,14405
5135685,14406
5135945,14407
5136049,14408
5136538,14409
5136540,14410
5136716,14411
5137812,14412
5137850,14413
5137855,14414
5138043,14415
5138181,14416
5138711,14417
5138947,14418
5139180,14419
5139321,14420
5139932,14421
5140335,14422
5140393,14423
5141282,14424
5141335,14425
5141675,14426
5141755,14427
5141850,14428
5141946,14429
5141947,14430
5142327,14431
5143285,14432
5143908,14433
5144582,14434
5144601,14435
5145156,14436
5145394,14437
5145418,14438
5145669,14439
5145764,14440
5146069,14441
5146235,14442
5146829,14443
5147076,14444
5147816,14445
5147881,14446
5148470,14447
5148507,14448
5148597,14449
5148712,14450
5148926,14451
5149248,14452
5149251,14453
5149266,14454
5149476,14455
5149588,14456
5149663,14457
5149672,14458
5149684,14459
5149877,14460
5149943,14461
5150092,14462
5150178,14463
5150232,14464
5151149,14465
5151196,14466
5151413,14467
5152260,14468
5152996,14469
5153095,14470
5153118,14471
5153532,14472
5153714,14473
5153864,14474
5153926,14475
5154104,14476
5154140,14477
5154263,14478
5154422,14479
5154516,14480
5154604,14481
5154618,14482
5154670,14483
5154751,14484
5154831,14485
5155221,14486
5155283,14487
5155290,14488
5155423,14489
5155789,14490
5155824,14491
5156124,14492
5156245,14493
5156533,14494
5156700,14495
5156711,14496
5156899,14497
5157017,14498
5157048,14499
5157250,14500
5157350,14501
5157357,14502
5157387,14503
5157731,14504
5158188,14505
5158217,14506
5158378,14507
5158579,14508
5158735,14509
5158758,14510
5159016,14511
5159294,14512
5159305,14513
5159525,14514
5159983,14515
5160206,14516
5160800,14517
5160805,14518
5160866,14519
5160930,14520
5161105,14521
5161317,14522
5162069,14523
5162707,14524
5163416,14525
5164006,14526
5164313,14527
5164479,14528
5164547,14529
5165336,14530
5165385,14531
5166033,14532
5166075,14533
5166076,14534
5166470,14535
5166637,14536
5166817,14537
5167048,14538
5167226,14539
5167311,14540
5167374,14541
5167527,14542
5167671,14543
5168190,14544
5168703,14545
5168770,14546
5168816,14547
5169529,14548
5169765,14549
5169809,14550
5169932,14551
5170256,14552
5170345,14553
5170537,14554
5170762,14555
5170857,14556
5170942,14557
5171024,14558
5171140,14559
5171229,14560
5171333,14561
5171377,14562
5171415,14563
5171507,14564
5171875,14565
5172475,14566
5172554,14567
5172930,14568
5172981,14569
5173099,14570
5173249,14571
5173578,14572
5173704,14573
5173859,14574
5173948,14575
5173956,14576
5174397,14577
5174476,14578
5174518,14579
5175492,14580
5175816,14581
5175876,14582
5175982,14583
5176110,14584
5176207,14585
5176684,14586
5176927,14587
5176939,14588
5177403,14589
5177416,14590
5177636,14591
5177946,14592
5178176,14593
5178311,14594
5178490,14595
5178569,14596
5178665,14597
5178960,14598
5179170,14599
5179298,14600
5179605,14601
5180002,14602
5180239,14603
5180252,14604
5180729,14605
5181114,14606
5181432,14607
5181680,14608
5181743,14609
5182846,14610
5182958,14611
5183226,14612
5183498,14613
5183549,14614
5183576,14615
5183713,14616
5184462,14617
5184514,14618
5184819,14619
5185098,14620
5185190,14621
5186047,14622
5186071,14623
5186809,14624
5186889,14625
5187041,14626
5187318,14627
5187346,14628
5187427,14629
5187504,14630
5187532,14631
5187583,14632
5187741,14633
5187852,14634
5187919,14635
5187997,14636
5188157,14637
5188357,14638
5188645,14639
5188714,14640
5188737,14641
5188807,14642
5189422,14643
5189803,14644
5189933,14645
5189960,14646
5190056,14647
5190165,14648
5190460,14649
5190620,14650
5191128,14651
5191475,14652
5192243,14653
5192387,14654
5193217,14655
5193527,14656
5193553,14657
5193579,14658
5194142,14659
5194150,14660
5194301,14661
5194339,14662
5194645,14663
5195007,14664
5195080,14665
5195130,14666
5195189,14667
5195358,14668
5195833,14669
5195861,14670
5195984,14671
5196030,14672
5196111,14673
5196447,14674
5196537,14675
5197187,14676
5197321,14677
5197788,14678
5198212,14679
5198252,14680
5198754,14681
5199053,14682
5199383,14683
5199419,14684
5199684,14685
5199753,14686
5199754,14687
5199900,14688
5200014,14689
5200115,14690
5200571,14691
5200673,14692
5200843,14693
5200941,14694
5201027,14695
5201109,14696
5201285,14697
5201305,14698
5201812,14699
5202036,14700
5202825,14701
5203134,14702
5203275,14703
5203556,14704
5203622,14705
5203881,14706
5203925,14707
5203927,14708
5203935,14709
5204688,14710
5204696,14711
5204985,14712
5205010,14713
5205298,14714
5205505,14715
5205818,14716
5206598,14717
5206684,14718
5206809,14719
5207239,14720
5207275,14721
5207285,14722
5207325,14723
5207474,14724
5207544,14725
5207656,14726
5207680,14727
5207891,14728
5208075,14729
5208138,14730
5208468,14731
5208504,14732
5208573,14733
5208640,14734
5208944,14735
5209022,14736
5209164,14737
5209305,14738
5209522,14739
5209645,14740
5209791,14741
5209867,14742
5210168,14743
5210285,14744
5210791,14745
5210873,14746
5211116,14747
5211273,14748
5211393,14749
5211402,14750
5211462,14751
5211778,14752
5212551,14753
5212605,14754
5212875,14755
5212921,14756
5213001,14757
5213117,14758
5213345,14759
5213390,14760
5213439,14761
5213786,14762
5213821,14763
5214048,14764
5214467,14765
5214847,14766
5215057,14767
5215230,14768
5215472,14769
5215544,14770
5215561,14771
5215650,14772
5215668,14773
5215880,14774
5216042,14775
5216175,14776
5216563,14777
5216675,14778
5217301,14779
5218013,14780
5218083,14781
5218742,14782
5218766,14783
5219021,14784
5219804,14785
5219897,14786
5220150,14787
5220196,14788
5220627,14789
5221028,14790
5221596,14791
5221709,14792
5221763,14793
5221944,14794
5222186,14795
5222294,14796
5222475,14797
5222810,14798
5222843,14799
5222844,14800
5222866,14801
5222939,14802
5223011,14803
5223125,14804
5223555,14805
5223858,14806
5224599,14807
5224678,14808
5225194,14809
5226356,14810
5226671,14811
5226856,14812
5226927,14813
5227016,14814
5227033,14815
5227258,14816
5227462,14817
5227492,14818
5227734,14819
5227955,14820
5228052,14821
5228112,14822
5228117,14823
5228153,14824
5228173,14825
5228242,14826
5228384,14827
5228410,14828
5228414,14829
5228542,14830
5228848,14831
5229160,14832
5229247,14833
5229332,14834
5229427,14835
5229437,14836
5229597,14837
5229797,14838
5229828,14839
5229905,14840
5230031,14841
5230700,14842
5230776,14843
5230845,14844
5231052,14845
5231296,14846
5231352,14847
5231390,14848
5231701,14849
5231758,14850
5231781,14851
5232137,14852
5232285,14853
5232539,14854
5232545,14855
5232580,14856
5232700,14857
5233420,14858
5233620,14859
5233744,14860
5233774,14861
5233825,14862
5233946,14863
5234263,14864
5234433,14865
5234660,14866
5234791,14867
5235411,14868
5235664,14869
5235896,14870
5236145,14871
5236496,14872
5236632,14873
5236765,14874
5237222,14875
5237779,14876
5237976,14877
5238015,14878
5238372,14879
5238515,14880
5238769,14881
5238875,14882
5239039,14883
5239189,14884
5239391,14885
5239552,14886
5239607,14887
5239687,14888
5239879,14889
5239885,14890
5240805,14891
5240873,14892
5240881,14893
5241232,14894
5241414,14895
5242120,14896
5242233,14897
5242868,14898
5242885,14899
5243192,14900
5243234,14901
5243513,14902
5243560,14903
5243828,14904
5243949,14905
5244453,14906
5244568,14907
5244713,14908
5244895,14909
5245134,14910
5245355,14911
5245360,14912
5245378,14913
5245770,14914
5246434,14915
5246588,14916
5246719,14917
5246831,14918
5246867,14919
5247132,14920
5247246,14921
5247351,14922
5247406,14923
5247580,14924
5247592,14925
5247814,14926
5248041,14927
5248259,14928
5248358,14929
5248364,14930
5248431,14931
5248542,14932
5248636,14933
5248684,14934
5249771,14935
5250360,14936
5250442,14937
5250849,14938
5250910,14939
5250936,14940
5251110,14941
5251282,14942
5251352,14943
5251453,14944
5251493,14945
5251658,14946
5251763,14947
5251803,14948
5252288,14949
5252598,14950
5252630,14951
5252737,14952
5253092,14953
5253147,14954
5253756,14955
5254008,14956
5254238,14957
5254381,14958
5254445,14959
5255405,14960
5256270,14961
5256331,14962
5256377,14963
5256821,14964
5257134,14965
5257285,14966
5257331,14967
5257519,14968
5257691,14969
5257750,14970
5258075,14971
5258201,14972
5258206,14973
5258376,14974
5258439,14975
5258466,14976
5259339,14977
5259366,14978
5260042,14979
5260200,14980
5260347,14981
5260383,14982
5260438,14983
5260590,14984
5261157,14985
5261194,14986
5261197,14987
5261221,14988
5261299,14989
5261462,14990
5261816,14991
5262237,14992
5262433,14993
5262458,14994
5262756,14995
5262800,14996
5263011,14997
5263088,14998
5263174,14999
5263254,15000
5263386,15001
5263410,15002
5263436,15003
5263852,15004
5264079,15005
5264514,15006
5265166,15007
5265230,15008
5265375,15009
5265482,15010
5266137,15011
5266877,15012
5267440,15013
5267907,15014
5269477,15015
5269524,15016
5269981,15017
5270232,15018
5270290,15019
5271357,15020
5271417,15021
5271513,15022
5271637,15023
5271856,15024
5272403,15025
5272421,15026
5272463,15027
5272576,15028
5273522,15029
5273597,15030
5273674,15031
5273876,15032
5274365,15033
5274588,15034
5274670,15035
5274765,15036
5275095,15037
5275658,15038
5275794,15039
5275892,15040
5276094,15041
5277131,15042
5277463,15043
5277467,15044
5277550,15045
5277578,15046
5277825,15047
5278003,15048
5278045,15049
5278333,15050
5278503,15051
5278927,15052
5278956,15053
5279015,15054
5279133,15055
5279343,15056
5279374,15057
5279998,15058
5280194,15059
5280329,15060
5280412,15061
5280651,15062
5281082,15063
5281097,15064
5281232,15065
5281424,15066
5281667,15067
5281756,15068
5281854,15069
5281915,15070
5282168,15071
5283020,15072
5283106,15073
5283611,15074
5283956,15075
5283995,15076
5284107,15077
5284580,15078
5284615,15079
5284644,15080
5284646,15081
5284718,15082
5285002,15083
5285186,15084
5285430,15085
5285453,15086
5285835,15087
5285917,15088
5286198,15089
5286723,15090
5287037,15091
5287345,15092
5287383,15093
5287811,15094
5287878,15095
5288255,15096
5288272,15097
5288311,15098
5288620,15099
5289144,15100
5289369,15101
5289568,15102
5289613,15103
5290522,15104
5290731,15105
5290812,15106
5290849,15107
5291279,15108
5291318,15109
5291382,15110
5291410,15111
5291441,15112
5291468,15113
5291564,15114
5292048,15115
5292154,15116
5292205,15117
5292739,15118
5293004,15119
5293178,15120
5293696,15121
5293899,15122
5294661,15123
5294786,15124
5294896,15125
5294917,15126
5295029,15127
5295195,15128
5295414,15129
5296234,15130
5296814,15131
5296923,15132
5297485,15133
5297821,15134
5297831,15135
5298244,15136
5298280,15137
5298526,15138
5298667,15139
5298867,15140
5299332,15141
5299388,15142
5299659,15143
5299888,15144
5300018,15145
5300125,15146
5300824,15147
5301052,15148
5301360,15149
5301412,15150
5301538,15151
5301578,15152
5301605,15153
5301619,15154
5301871,15155
5302076,15156
5302134,15157
5302162,15158
5302600,15159
5303190,15160
5303365,15161
5303707,15162
5303902,15163
5305008,15164
5305109,15165
5305365,15166
5305452,15167
5305466,15168
5305585,15169
5305607,15170
5305735,15171
5305917,15172
5306314,15173
5306527,15174
5306541,15175
5306916,15176
5306919,15177
5307066,15178
5307168,15179
5307215,15180
5307401,15181
5307467,15182
5307580,15183
5307913,15184
5308976,15185
5309278,15186
5309337,15187
5310178,15188
5310457,15189
5310645,15190
5310743,15191
5311122,15192
5311227,15193
5311344,15194
5311486,15195
5311731,15196
5311742,15197
5311887,15198
5312078,15199
5312746,15200
5312850,15201
5313051,15202
5313306,15203
5313582,15204
5314441,15205
5315061,15206
5315320,15207
5315622,15208
5315723,15209
5316226,15210
5316469,15211
5316681,15212
5316709,15213
5316800,15214
5317227,15215
5317255,15216
5317477,15217
5317874,15218
5319224,15219
5319261,15220
5319300,15221
5319601,15222
5319869,15223
5320215,15224
5320376,15225
5320499,15226
5320987,15227
5321025,15228
5321662,15229
5321736,15230
5321823,15231
5321851,15232
5322082,15233
5323201,15234
5323616,15235
5323672,15236
5323910,15237
5324795,15238
5325090,15239
5325256,15240
5325371,15241
5325842,15242
5326175,15243
5326738,15244
5327298,15245
5327768,15246
5327945,15247
5328527,15248
5328974,15249
5329256,15250
5329271,15251
5329403,15252
5329421,15253
5329479,15254
5329529,15255
5329542,15256
5329816,15257
5330100,15258
5330274,15259
5330971,15260
5331245,15261
5331365,15262
5331481,15263
5332243,15264
5332314,15265
5332367,15266
5332471,15267
5332586,15268
5332622,15269
5332848,15270
5332971,15271
5333192,15272
5333289,15273
5334038,15274
5334139,15275
5334291,15276
5334387,15277
5334966,15278
5335040,15279
5335349,15280
5335450,15281
5335545,15282
5336167,15283
5336434,15284
5336643,15285
5336956,15286
5337160,15287
5337531,15288
5337572,15289
5338837,15290
5338886,15291
5339312,15292
5339739,15293
5339768,15294
5339845,15295
5339969,15296
5340007,15297
5340240,15298
5340430,15299
5340442,15300
5340523,15301
5341490,15302
5341855,15303
5342106,15304
5342189,15305
5342696,15306
5342710,15307
5342788,15308
5342800,15309
5343040,15310
5343058,15311
5343611,15312
5343693,15313
5343956,15314
5344108,15315
5344240,15316
5344287,15317
5344588,15318
5345535,15319
5345547,15320
5345601,15321
5345767,15322
5345769,15323
5346044,15324
5346370,15325
5346810,15326
5346980,15327
5347312,15328
5347631,15329
5347713,15330
5347977,15331
5348251,15332
5348623,15333
5348876,15334
5349796,15335
5350049,15336
5350082,15337
5350113,15338
5350485,15339
5350490,15340
5350604,15341
5350913,15342
5351310,15343
5351403,15344
5352410,15345
5352470,15346
5352816,15347
5352855,15348
5353052,15349
5353090,15350
5353760,15351
5353777,15352
5353946,15353
5354234,15354
5354463,15355
5354548,15356
5354558,15357
5354575,15358
5354623,15359
5354749,15360
5354762,15361
5354930,15362
5355052,15363
5355145,15364
5355361,15365
5355372,15366
5355397,15367
5355567,15368
5356969,15369
5357101,15370
5357177,15371
5357243,15372
5357420,15373
5357437,15374
5357557,15375
5357564,15376
5357650,15377
5357747,15378
5357867,15379
5358013,15380
5358361,15381
5358568,15382
5358920,15383
5359057,15384
5359308,15385
5359430,15386
5359991,15387
5360199,15388
5360956,15389
5361183,15390
5361746,15391
5361759,15392
5361893,15393
5362220,15394
5362273,15395
5362284,15396
5362370,15397
5362545,15398
5362666,15399
5362848,15400
5362994,15401
5363336,15402
5363737,15403
5363758,15404
5364004,15405
5364181,15406
5364234,15407
5364411,15408
5364679,15409
5364747,15410
5364748,15411
5365141,15412
5365815,15413
5365877,15414
5365946,15415
5366260,15416
5366424,15417
5366436,15418
5366442,15419
5366510,15420
5366763,15421
5366814,15422
5367368,15423
5367966,15424
5368158,15425
5368161,15426
5368453,15427
5368491,15428
5368497,15429
5368633,15430
5368957,15431
5369074,15432
5369171,15433
5369472,15434
5369589,15435
5369994,15436
5370012,15437
5370379,15438
5370412,15439
5370518,15440
5370754,15441
5370886,15442
5371032,15443
5371140,15444
5371475,15445
5371549,15446
5371608,15447
5371621,15448
5371806,15449
5373982,15450
5374012,15451
5374189,15452
5374350,15453
5374448,15454
5374521,15455
5374668,15456
5375284,15457
5375722,15458
5375730,15459
5376075,15460
5376097,15461
5376108,15462
5376127,15463
5376280,15464
5376329,15465
5376525,15466
5376602,15467
5376759,15468
5376762,15469
5377007,15470
5377442,15471
5377688,15472
5378167,15473
5378382,15474
5378521,15475
5378531,15476
5379133,15477
5379251,15478
5379414,15479
5379610,15480
5379992,15481
5380122,15482
5380179,15483
5380369,15484
5380464,15485
5380584,15486
5381085,15487
5381318,15488
5381428,15489
5382010,15490
5382096,15491
5382212,15492
5382214,15493
5382315,15494
5382318,15495
5382864,15496
5383004,15497
5383456,15498
5383796,15499
5383882,15500
5383953,15501
5384080,15502
5384377,15503
5384386,15504
5384435,15505
5384524,15506
5384687,15507
5384733,15508
5385161,15509
5385241,15510
5385438,15511
5385727,15512
5385929,15513
5386035,15514
5386359,15515
5387048,15516
5387070,15517
5387419,15518
5387420,15519
5387559,15520
5387596,15521
5387727,15522
5387864,15523
5388107,15524
5388416,15525
5389245,15526
5389477,15527
5390308,15528
5390330,15529
5391117,15530
5391356,15531
5391713,15532
5392022,15533
5392026,15534
5392030,15535
5392154,15536
5392295,15537
5392381,15538
5392507,15539
5392801,15540
5392991,15541
5393260,15542
5393548,15543
5393949,15544
5394076,15545
5394264,15546
5394273,15547
5395214,15548
5395485,15549
5395513,15550
5395622,15551
5395748,15552
5395808,15553
5396015,15554
5396327,15555
5396340,15556
5396387,15557
5396472,15558
5396490,15559
5397762,15560
5398422,15561
5398586,15562
5398728,15563
5398732,15564
5399166,15565
5399291,15566
5399617,15567
5399745,15568
5400708,15569
5401130,15570
5401269,15571
5401419,15572
5401633,15573
5402462,15574
5403016,15575
5403325,15576
5403679,15577
5404055,15578
5404531,15579
5405067,15580
5405251,15581
5405614,15582
5405945,15583
5406020,15584
5406410,15585
5406411,15586
5406629,15587
5407329,15588
5407568,15589
5408016,15590
5408438,15591
5409298,15592
5409345,15593
5409554,15594
5410025,15595
5410275,15596
5410331,15597
5411117,15598
5411253,15599
5411751,15600
5411778,15601
5411952,15602
5412179,15603
5412228,15604
5412404,15605
5412546,15606
5412804,15607
5412907,15608
5413217,15609
5413899,15610
5413999,15611
5414435,15612
5414515,15613
5414718,15614
5415158,15615
5415348,15616
5415657,15617
5416091,15618
5416146,15619
5417032,15620
5417227,15621
5417255,15622
5417847,15623
5418502,15624
5418724,15625
5419472,15626
5419903,15627
5420270,15628
5420345,15629
5420435,15630
5420610,15631
5420707,15632
5420971,15633
5421122,15634
5421169,15635
5421195,15636
5421419,15637
5421787,15638
5421931,15639
5421958,15640
5422080,15641
5422130,15642
5422139,15643
5422244,15644
5422717,15645
5423079,15646
5423699,15647
5424147,15648
5424570,15649
5424573,15650
5424991,15651
5425105,15652
5425847,15653
5425893,15654
5426324,15655
5426537,15656
5427181,15657
5427323,15658
5427392,15659
5427444,15660
5427739,15661
5427813,15662
5427827,15663
5427897,15664
5428215,15665
5428561,15666
5429369,15667
5429709,15668
5429766,15669
5430198,15670
5430261,15671
5430406,15672
5430501,15673
5430558,15674
5431022,15675
5431333,15676
5431404,15677
5432156,15678
5432742,15679
5432810,15680
5432897,15681
5432971,15682
5432996,15683
5433033,15684
5433262,15685
5433470,15686
5433551,15687
5433594,15688
5433873,15689
5433894,15690
5434310,15691
5434583,15692
5434864,15693
5435299,15694
5435300,15695
5435409,15696
5435711,15697
5435826,15698
5435935,15699
5435976,15700
5436030,15701
5436034,15702
5436093,15703
5436149,15704
5436451,15705
5436528,15706
5436656,15707
5436666,15708
5436743,15709
5436781,15710
5436784,15711
5437120,15712
5437228,15713
5437326,15714
5437484,15715
5438084,15716
5438488,15717
5438500,15718
5439005,15719
5439021,15720
5439195,15721
5439326,15722
5439680,15723
5439924,15724
5440097,15725
5440491,15726
5440561,15727
5440768,15728
5441060,15729
5441390,15730
5441431,15731
5441845,15732
5442252,15733
5442261,15734
5442722,15735
5443141,15736
5443545,15737
5443609,15738
5443632,15739
5443782,15740
5444106,15741
5444290,15742
5444678,15743
5445065,15744
5445271,15745
5445347,15746
5445449,15747
5445920,15748
5445932,15749
5446411,15750
5446483,15751
5446856,15752
5446858,15753
5447003,15754
5447036,15755
5447130,15756
5447270,15757
5447524,15758
5447528,15759
5447798,15760
5448214,15761
5448766,15762
5449619,15763
5449626,15764
5449782,15765
5449866,15766
5450763,15767
5450772,15768
5450881,15769
5450941,15770
5451075,15771
5451134,15772
5451380,15773
5451419,15774
5451620,15775
5451835,15776
5452050,15777
5452072,15778
5452170,15779
5452565,15780
5452587,15781
5452812,15782
5453061,15783
5453299,15784
5453323,15785
5454049,15786
5454216,15787
5454761,15788
5455026,15789
5455094,15790
5455525,15791
5455648,15792
5455702,15793
5456344,15794
5456365,15795
5456627,15796
5457038,15797
5457236,15798
5457466,15799
5457663,15800
5458014,15801
5458050,15802
5458616,15803
5458883,15804
5459062,15805
5459242,15806
5459369,15807
5459558,15808
5459891,15809
5460106,15810
5460114,15811
5460206,15812
5460798,15813
5460808,15814
5460974,15815
5461048,15816
5461256,15817
5461364,15818
5461831,15819
5461911,15820
5462098,15821
5462181,15822
5462508,15823
5462897,15824
5463069,15825
5463589,15826
5463658,15827
5464084,15828
5464309,15829
5464414,15830
5465018,15831
5465859,15832
5466005,15833
5466212,15834
5467222,15835
5467501,15836
5467659,15837
5467670,15838
5467874,15839
5468781,15840
5468940,15841
5469077,15842
5469257,15843
5469561,15844
5469566,15845
5469593,15846
5469601,15847
5469784,15848
5469833,15849
5470141,15850
5470211,15851
5470721,15852
5470956,15853
5471000,15854
5471328,15855
5471553,15856
5471564,15857
5471632,15858
5471742,15859
5471811,15860
5472156,15861
5472209,15862
5472274,15863
5472297,15864
5472720,15865
5473222,15866
5473288,15867
5473588,15868
5473803,15869
5474328,15870
5474389,15871
5474465,15872
5474528,15873
5474802,15874
5474948,15875
5474987,15876
5475074,15877
5475125,15878
5475477,15879
5475833,15880
5476091,15881
5476735,15882
5476736,15883
5476757,15884
5476781,15885
5476887,15886
5477064,15887
5477494,15888
5477521,15889
5477575,15890
5477609,15891
5478059,15892
5478591,15893
5478850,15894
5479199,15895
5479298,15896
5479353,15897
5479578,15898
5479899,15899
5479978,15900
5480319,15901
5481228,15902
5481302,15903
5481418,15904
5482022,15905
5482339,15906
5482735,15907
5482997,15908
5483290,15909
5483335,15910
5483729,15911
5483998,15912
5484394,15913
5484702,15914
5485452,15915
5486067,15916
5486296,15917
5486355,15918
5486365,15919
5486390,15920
5486546,15921
5486785,15922
5486796,15923
5486873,15924
5487441,15925
5487604,15926
5488108,15927
5488162,15928
5488234,15929
5488306,15930
5488356,15931
5489152,15932
5489196,15933
5489232,15934
5489255,15935
5489514,15936
5489590,15937
5489826,15938
5489853,15939
5489979,15940
5490122,15941
5490759,15942
5490961,15943
5491621,15944
5491846,15945
5492120,15946
5492342,15947
5492496,15948
5492689,15949
5492698,15950
5493074,15951
5493078,15952
5493280,15953
5493372,15954
5493440,15955
5493466,15956
5493772,15957
5493932,15958
5494710,15959
5494863,15960
5494898,15961
5494903,15962
5495097,15963
5495111,15964
5495331,15965
5495514,15966
5495706,15967
5495805,15968
5496233,15969
5496866,15970
5496874,15971
5496949,15972
5496996,15973
5497003,15974
5497234,15975
5498036,15976
5498160,15977
5498892,15978
5499184,15979
5499216,15980
5499304,15981
5499831,15982
5499881,15983
5500213,15984
5500721,15985
5501047,15986
5501618,15987
5501626,15988
5501771,15989
5502012,15990
5502438,15991
5503544,15992
5503962,15993
5504006,15994
5504038,15995
5504045,15996
5504276,15997
5504571,15998
5504599,15999
5504621,16000
5504978,16001
5505038,16002
5505473,16003
5505654,16004
5505816,16005
5506783,16006
5506838,16007
5507033,16008
5507140,16009
5507494,16010
5508474,16011
5508958,16012
5509231,16013
5509265,16014
5509290,16015
5509427,16016
5509605,16017
5509639,16018
5509687,16019
5510095,16020
5510518,16021
5510636,16022
5510867,16023
5511596,16024
5511669,16025
5511818,16026
5512311,16027
5512384,16028
5512866,16029
5513384,16030
5513511,16031
5513537,16032
5513659,16033
5513708,16034
5513727,16035
5513752,16036
5513870,16037
5514143,16038
5514183,16039
5514966,16040
5515068,16041
5515159,16042
5515402,16043
5515571,16044
5515842,16045
5516090,16046
5516213,16047
5516541,16048
5516570,16049
5516990,16050
5517187,16051
5518041,16052
5518048,16053
5518087,16054
5518121,16055
5518337,16056
5518350,16057
5518389,16058
5518468,16059
5518507,16060
5518744,16061
5518850,16062
5518860,16063
5518917,16064
5519297,16065
5519319,16066
5519565,16067
5519575,16068
5520018,16069
5520426,16070
5520693,16071
5520909,16072
5521177,16073
5521365,16074
5521586,16075
5521853,16076
5522010,16077
5522350,16078
5522462,16079
5522545,16080
5522619,16081
5522739,16082
5522850,16083
5523039,16084
5523834,16085
5523877,16086
5523948,16087
5524163,16088
5524170,16089
5524273,16090
5524536,16091
5524565,16092
5524726,16093
5525021,16094
5525126,16095
5525328,16096
5525364,16097
5525780,16098
5526618,16099
5527683,16100
5529225,16101
5529545,16102
5529669,16103
5529823,16104
5530008,16105
5530307,16106
5530460,16107
5530492,16108
5530919,16109
5531084,16110
5531263,16111
5531587,16112
5531929,16113
5532030,16114
5532523,16115
5532545,16116
5532619,16117
5532704,16118
5532799,16119
5532918,16120
5533163,16121
5533780,16122
5533799,16123
5533841,16124
5534225,16125
5534337,16126
5534972,16127
5535192,16128
5535391,16129
5535475,16130
5535509,16131
5536072,16132
5536172,16133
5536891,16134
5537268,16135
5537539,16136
5537543,16137
5537587,16138
5537729,16139
5537909,16140
5538003,16141
5538013,16142
5538018,16143
5538040,16144
5538108,16145
5538228,16146
5538464,16147
5538761,16148
5538769,16149
5538981,16150
5539035,16151
5539624,16152
5539967,16153
5540132,16154
5540179,16155
5540659,16156
5540831,16157
5541054,16158
5541104,16159
5541422,16160
5541582,16161
5541588,16162
5541720,16163
5541969,16164
5542415,16165
5542606,16166
5542870,16167
5542917,16168
5542929,16169
5543307,16170
5543392,16171
5543961,16172
5544409,16173
5544465,16174
5544560,16175
5544595,16176
5545066,16177
5545366,16178
5545386,16179
5545467,16180
5546011,16181
5546236,16182
5546443,16183
5546544,16184
5546684,16185
5546745,16186
5547178,16187
5547215,16188
5547545,16189
5547809,16190
5547811,16191
5548952,16192
5549217,16193
5549243,16194
5549700,16195
5549947,16196
5550602,16197
5551072,16198
5551179,16199
5551408,16200
5551637,16201
5551849,16202
5551948,16203
5552006,16204
5552424,16205
5552490,16206
5552662,16207
5552731,16208
5553275,16209
5553345,16210
5553485,16211
5553659,16212
5554011,16213
5554051,16214
5554113,16215
5554143,16216
5554405,16217
5554514,16218
5554602,16219
5554912,16220
5554923,16221
5555153,16222
5555313,16223
5555535,16224
5556746,16225
5556889,16226
5556970,16227
5557085,16228
5557244,16229
5557425,16230
5557601,16231
5557604,16232
5557690,16233
5557803,16234
5558108,16235
5558226,16236
5559056,16237
5559355,16238
5559457,16239
5559643,16240
5559756,16241
5559800,16242
5559917,16243
5560073,16244
5561434,16245
5561676,16246
5561836,16247
5561847,16248
5562066,16249
5562719,16250
5563070,16251
5563707,16252
5564168,16253
5564266,16254
5564289,16255
5564334,16256
5564365,16257
5564476,16258
5564688,16259
5565153,16260
5565275,16261
5565707,16262
5565779,16263
5566520,16264
5566574,16265
5566614,16266
5566759,16267
5566828,16268
5567062,16269
5567562,16270
5568763,16271
5568953,16272
5569128,16273
5569234,16274
5569309,16275
5569854,16276
5570403,16277
5570461,16278
5570625,16279
5570822,16280
5571043,16281
5571085,16282
5571194,16283
5571286,16284
5571388,16285
5571418,16286
5571613,16287
5571665,16288
5571703,16289
5572139,16290
5572548,16291
5572636,16292
5572961,16293
5572968,16294
5573174,16295
5574546,16296
5574818,16297
5575214,16298
5575331,16299
5575442,16300
5575506,16301
5575627,16302
5575992,16303
5576045,16304
5576060,16305
5576160,16306
5576666,16307
5577020,16308
5577131,16309
5577373,16310
5577431,16311
5577548,16312
5577727,16313
5578119,16314
5578191,16315
5578199,16316
5578485,16317
5579151,16318
5579294,16319
5579496,16320
5579517,16321
5579805,16322
5580217,16323
5580218,16324
5580450,16325
5580495,16326
5580550,16327
5580600,16328
5581052,16329
5581266,16330
5581587,16331
5581657,16332
5581670,16333
5581881,16334
5582028,16335
5582142,16336
5582362,16337
5582496,16338
5582598,16339
5582634,16340
5582656,16341
5582676,16342
5582861,16343
5583041,16344
5583184,16345
5583507,16346
5583570,16347
5583855,16348
5584288,16349
5584386,16350
5584638,16351
5584705,16352
5584790,16353
5585226,16354
5585438,16355
5585566,16356
5585803,16357
5585876,16358
5585995,16359
5586512,16360
5586667,16361
5587067,16362
5587165,16363
5587412,16364
5587601,16365
5587629,16366
5587977,16367
5588198,16368
5588607,16369
5588735,16370
5589433,16371
5590774,16372
5590900,16373
5591042,16374
5591116,16375
5591590,16376
5591702,16377
5591752,16378
5592008,16379
5592100,16380
5592117,16381
5592216,16382
5592498,16383
5592649,16384
5592740,16385
5592815,16386
5592925,16387
5593165,16388
5593187,16389
5593725,16390
5593747,16391
5593926,16392
5594615,16393
5595105,16394
5595230,16395
5595327,16396
5595349,16397
5595511,16398
5595699,16399
5596121,16400
5596383,16401
5597079,16402
5597406,16403
5597589,16404
5597593,16405
5598516,16406
5598584,16407
5598869,16408
5599003,16409
5599308,16410
5599843,16411
5600074,16412
5600345,16413
5600636,16414
5601342,16415
5601557,16416
5601566,16417
5601811,16418
5601913,16419
5601929,16420
5602094,16421
5602219,16422
5602251,16423
5602896,16424
5602971,16425
5603412,16426
5603564,16427
5603973,16428
5604065,16429
5604421,16430
5604523,16431
5604662,16432
5604709,16433
5605520,16434
5605590,16435
5605601,16436
5605623,16437
5605921,16438
5605963,16439
5606143,16440
5606155,16441
5606383,16442
5606584,16443
5606760,16444
5607624,16445
5607736,16446
5607754,16447
5608426,16448
5608777,16449
5608923,16450
5609277,16451
5609474,16452
5609719,16453
5610034,16454
5610422,16455
5610786,16456
5610949,16457
5611060,16458
5611221,16459
5611268,16460
5611456,16461
5612158,16462
5612291,16463
5612617,16464
5612868,16465
5612873,16466
5613336,16467
5613973,16468
5614482,16469
5614783,16470
5614793,16471
5614976,16472
5615206,16473
5616483,16474
5616652,16475
5616737,16476
5616766,16477
5616901,16478
5616950,16479
5617022,16480
5617037,16481
5617340,16482
5617364,16483
5618335,16484
5618685,16485
5618783,16486
5618978,16487
5619900,16488
5620098,16489
5620218,16490
5620570,16491
5620726,16492
5621055,16493
5621105,16494
5621124,16495
5621858,16496
5621922,16497
5621932,16498
5621994,16499
5622606,16500
5622778,16501
5623042,16502
5623332,16503
5623538,16504
5623567,16505
5623893,16506
5624053,16507
5624102,16508
5624175,16509
5624209,16510
5624213,16511
5624351,16512
5624528,16513
5624792,16514
5624828,16515
5625125,16516
5625147,16517
5625701,16518
5626067,16519
5626328,16520
5626572,16521
5626903,16522
5626985,16523
5627090,16524
5627267,16525
5627529,16526
5627587,16527
5628241,16528
5628492,16529
5628620,16530
5628901,16531
5629153,16532
5629186,16533
5629235,16534
5629255,16535
5629294,16536
5629312,16537
5629407,16538
5629849,16539
5629853,16540
5629979,16541
5630217,16542
5630356,16543
5630555,16544
5630596,16545
5630843,16546
5630976,16547
5631090,16548
5631109,16549
5631271,16550
5631916,16551
5631964,16552
5632565,16553
5632715,16554
5632868,16555
5632887,16556
5632917,16557
5633003,16558
5633340,16559
5633380,16560
5633570,16561
5633663,16562
5633685,16563
5633719,16564
5634454,16565
5634909,16566
5635135,16567
5635146,16568
5635274,16569
5635339,16570
5635536,16571
5635649,16572
5635972,16573
5636006,16574
5636520,16575
5636587,16576
5637644,16577
5637654,16578
5637673,16579
5638136,16580
5638510,16581
5638669,16582
5638937,16583
5639154,16584
5639277,16585
5639507,16586
5639735,16587
5639782,16588
5639865,16589
5639914,16590
5640114,16591
5640283,16592
5640450,16593
5641030,16594
5641201,16595
5641214,16596
5641677,16597
5641882,16598
5642153,16599
5642288,16600
5642780,16601
5643620,16602
5643699,16603
5643859,16604
5644024,16605
5644184,16606
5644202,16607
5644492,16608
5644814,16609
5644873,16610
5645241,16611
5645319,16612
5645614,16613
5646290,16614
5646455,16615
5646580,16616
5646627,16617
5647030,16618
5647188,16619
5647722,16620
5648422,16621
5648468,16622
5648503,16623
5648865,16624
5649738,16625
5650209,16626
5650791,16627
5651116,16628
5651129,16629
5651192,16630
5651337,16631
5651580,16632
5651617,16633
5651886,16634
5652522,16635
5652585,16636
5652622,16637
5652864,16638
5652969,16639
5653146,16640
5653222,16641
5654027,16642
5654125,16643
5654348,16644
5654394,16645
5654435,16646
5654558,16647
5654918,16648
5655154,16649
5655272,16650
5655559,16651
5655642,16652
5656124,16653
5656271,16654
5656966,16655
5657375,16656
5657559,16657
5658479,16658
5658496,16659
5659418,16660
5659918,16661
5659989,16662
5660083,16663
5660424,16664
5660436,16665
5660557,16666
5660792,16667
5660867,16668
5661415,16669
5661620,16670
5661661,16671
5661725,16672
5661990,16673
5662252,16674
5662330,16675
5662334,16676
5662360,16677
5662668,16678
5662813,16679
5662924,16680
5663107,16681
5663364,16682
5664437,16683
5664525,16684
5664539,16685
5664553,16686
5664573,16687
5664987,16688
5665022,16689
5665052,16690
5665615,16691
5665692,16692
5665703,16693
5666453,16694
5666613,16695
5666683,16696
5666794,16697
5666982,16698
5667010,16699
5667417,16700
5667462,16701
5667522,16702
5668493,16703
5668650,16704
5669038,16705
5669291,16706
5669585,16707
5670164,16708
5670253,16709
5670328,16710
5670620,16711
5670672,16712
5671940,16713
5672478,16714
5672493,16715
5672685,16716
5672851,16717
5673005,16718
5673910,16719
5673946,16720
5674535,16721
5674572,16722
5675403,16723
5675520,16724
5675767,16725
5675870,16726
5676075,16727
5676115,16728
5676125,16729
5676488,16730
5676593,16731
5676723,16732
5676791,16733
5676857,16734
5676893,16735
5677071,16736
5677394,16737
5677398,16738
5677606,16739
5678118,16740
5678486,16741
5678752,16742
5678892,16743
5678952,16744
5679327,16745
5679471,16746
5679545,16747
5680141,16748
5680455,16749
5680690,16750
5680721,16751
5680788,16752
5680954,16753
5680997,16754
5681355,16755
5681366,16756
5681567,16757
5682248,16758
5683102,16759
5683159,16760
5683183,16761
5683800,16762
5683826,16763
5683838,16764
5683932,16765
5684036,16766
5684071,16767
5684300,16768
5684613,16769
5684690,16770
5684771,16771
5684781,16772
5684898,16773
5685501,16774
5685838,16775
5685845,16776
5685883,16777
5686168,16778
5686318,16779
5686355,16780
5686599,16781
5686898,16782
5687006,16783
5687721,16784
5688338,16785
5688423,16786
5688522,16787
5688544,16788
5688800,16789
5689880,16790
5689971,16791
5690103,16792
5690324,16793
5690822,16794
5690886,16795
5690895,16796
5691039,16797
5691046,16798
5691070,16799
5691176,16800
5691250,16801
5691501,16802
5691520,16803
5692344,16804
5692608,16805
5693008,16806
5693026,16807
5693033,16808
5693554,16809
5693598,16810
5693902,16811
5694134,16812
5694329,16813
5694713,16814
5694870,16815
5695272,16816
5695287,16817
5695660,16818
5695750,16819
5695898,16820
5696176,16821
5696299,16822
5696620,16823
5696654,16824
5696977,16825
5697675,16826
5697765,16827
5697935,16828
5698130,16829
5698187,16830
5699164,16831
5699700,16832
5700313,16833
5700701,16834
5700748,16835
5701637,16836
5701700,16837
5701949,16838
5701970,16839
5702078,16840
5702163,16841
5702447,16842
5702657,16843
5702690,16844
5702977,16845
5703124,16846
5703558,16847
5703908,16848
5704092,16849
5704259,16850
5704323,16851
5704930,16852
5704960,16853
5705049,16854
5705052,16855
5705179,16856
5705287,16857
5706280,16858
5706505,16859
5706535,16860
5706818,16861
5706829,16862
5706978,16863
5707000,16864
5707151,16865
5707498,16866
5707727,16867
5707774,16868
5708028,16869
5708539,16870
5708655,16871
5708773,16872
5709856,16873
5709990,16874
5710254,16875
5710423,16876
5710736,16877
5711293,16878
5711412,16879
5711471,16880
5712072,16881
5712257,16882
5712322,16883
5712568,16884
5712979,16885
5713001,16886
5713047,16887
5713331,16888
5713413,16889
5713915,16890
5713920,16891
5714107,16892
5714153,16893
5714386,16894
5714400,16895
5714407,16896
5714415,16897
5714950,16898
5715079,16899
5715299,16900
5715584,16901
5715649,16902
5715728,16903
5715792,16904
5716087,16905
5717176,16906
5717253,16907
5717308,16908
5717321,16909
5717340,16910
5717363,16911
5717782,16912
5717870,16913
5717927,16914
5718344,16915
5718748,16916
5718929,16917
5719250,16918
5719356,16919
5719654,16920
5719987,16921
5720065,16922
5720268,16923
5721111,16924
5721556,16925
5721664,16926
5722329,16927
5722536,16928
5723008,16929
5723263,16930
5723470,16931
5723529,16932
5723550,16933
5723911,16934
5724086,16935
5724286,16936
5724316,16937
5724343,16938
5725250,16939
5725265,16940
5725369,16941
5725508,16942
5725563,16943
5725689,16944
5725696,16945
5725724,16946
5726226,16947
5726648,16948
5726786,16949
5727372,16950
5727689,16951
5728346,16952
5728610,16953
5729067,16954
5729263,16955
5729436,16956
5729597,16957
5729611,16958
5729669,16959
5729676,16960
5730229,16961
5730258,16962
5730621,16963
5730800,16964
5730874,16965
5730972,16966
5731017,16967
5731368,16968
5731533,16969
5731857,16970
5732091,16971
5732195,16972
5732306,16973
5732518,16974
5732628,16975
5732800,16976
5732900,16977
5733093,16978
5733094,16979
5733142,16980
5733363,16981
5733455,16982
5733945,16983
5733977,16984
5734031,16985
5734281,16986
5734340,16987
5734803,16988
5734813,16989
5735021,16990
5735223,16991
5735286,16992
5735597,16993
5736150,16994
5736269,16995
5736460,16996
5736714,16997
5736867,16998
5737173,16999
5737401,17000
5738154,17001
5738449,17002
5738696,17003
5739382,17004
5739617,17005
5739711,17006
5739808,17007
5740194,17008
5740720,17009
5740721,17010
5740883,17011
5740911,17012
5741119,17013
5741146,17014
5741168,17015
5741319,17016
5741354,17017
5741600,17018
5741889,17019
5741946,17020
5742147,17021
5742316,17022
5743204,17023
5743262,17024
5743922,17025
5744120,17026
5744289,17027
5744339,17028
5744433,17029
5744442,17030
5744521,17031
5744809,17032
5744998,17033
5745582,17034
5745616,17035
5745778,17036
5746454,17037
5746875,17038
5747154,17039
5747453,17040
5747473,17041
5747856,17042
5747885,17043
5748272,17044
5748521,17045
5749327,17046
5749739,17047
5749872,17048
5750360,17049
5750400,17050
5750481,17051
5750842,17052
5750856,17053
5750990,17054
5750992,17055
5751186,17056
5751451,17057
5751697,17058
5751781,17059
5751801,17060
5752170,17061
5752479,17062
5752659,17063
5752856,17064
5753013,17065
5753535,17066
5753994,17067
5754312,17068
5754422,17069
5755010,17070
5755276,17071
5755386,17072
5756329,17073
5756465,17074
5756933,17075
5757272,17076
5757513,17077
5757763,17078
5757850,17079
5758573,17080
5758574,17081
5758672,17082
5758686,17083
5758757,17084
5758949,17085
5759168,17086
5759237,17087
5759239,17088
5759331,17089
5759471,17090
5759523,17091
5759756,17092
5759912,17093
5759920,17094
5760233,17095
5760803,17096
5760905,17097
5760949,17098
5760982,17099
5761130,17100
5761169,17101
5761199,17102
5761211,17103
5761543,17104
5761704,17105
5761713,17106
5762145,17107
5762479,17108
5762539,17109
5762561,17110
5762785,17111
5763109,17112
5763423,17113
5763433,17114
5763453,17115
5763588,17116
5763763,17117
5764174,17118
5764473,17119
5764541,17120
5764629,17121
5764754,17122
5764884,17123
5765051,17124
5765351,17125
5765530,17126
5765590,17127
5765743,17128
5765798,17129
5766321,17130
5766780,17131
5766932,17132
5767298,17133
5767386,17134
5767477,17135
5767561,17136
5767668,17137
5767864,17138
5768219,17139
5768350,17140
5768439,17141
5768826,17142
5769035,17143
5769195,17144
5769453,17145
5769589,17146
5770297,17147
5770365,17148
5770738,17149
5770922,17150
5771262,17151
5771597,17152
5771629,17153
5771667,17154
5772075,17155
5772159,17156
5772351,17157
5772382,17158
5772631,17159
5772726,17160
5772767,17161
5772776,17162
5772824,17163
5773089,17164
5773221,17165
5773452,17166
5773489,17167
5773561,17168
5773590,17169
5773784,17170
5773794,17171
5774004,17172
5774122,17173
5774427,17174
5774470,17175
5774480,17176
5774677,17177
5774958,17178
5775045,17179
5775319,17180
5775587,17181
5775979,17182
5776125,17183
5776524,17184
5776640,17185
5776781,17186
5776955,17187
5777301,17188
5777382,17189
5777606,17190
5778133,17191
5778151,17192
5778364,17193
5778596,17194
5778675,17195
5778700,17196
5778806,17197
5778972,17198
5779432,17199
5779474,17200
5779549,17201
5779636,17202
5779756,17203
5779936,17204
5779987,17205
5780755,17206
5781136,17207
5781203,17208
5781513,17209
5781693,17210
5781738,17211
5781768,17212
5781878,17213
5782256,17214
5782896,17215
5783365,17216
5783401,17217
5783656,17218
5783737,17219
5784453,17220
5784474,17221
5784550,17222
5784656,17223
5785151,17224
5785229,17225
5785384,17226
5785655,17227
5785791,17228
5786160,17229
5786454,17230
5786511,17231
5786808,17232
5787094,17233
5787286,17234
5787681,17235
5787696,17236
5788182,17237
5788296,17238
5788336,17239
5788423,17240
5788453,17241
5788697,17242
5789341,17243
5789395,17244
5789887,17245
5790059,17246
5790101,17247
5790165,17248
5790416,17249
5790579,17250
5790644,17251
5791390,17252
5791560,17253
5792110,17254
5792960,17255
5792968,17256
5793302,17257
5793606,17258
5793643,17259
5794501,17260
5795485,17261
5795499,17262
5795671,17263
5795685,17264
5795817,17265
5796163,17266
5796267,17267
5796578,17268
5796654,17269
5796759,17270
5796802,17271
5796883,17272
5797208,17273
5797399,17274
5797411,17275
5797558,17276
5797796,17277
5798052,17278
5798110,17279
5798387,17280
5798464,17281
5798641,17282
5798646,17283
5798681,17284
5799006,17285
5799101,17286
5799114,17287
5799129,17288
5799170,17289
5799283,17290
5799308,17291
5799313,17292
5799734,17293
5800636,17294
5800723,17295
5800731,17296
5800752,17297
5800776,17298
5801013,17299
5801257,17300
5801275,17301
5801347,17302
5801710,17303
5801714,17304
5802210,17305
5802499,17306
5802658,17307
5802669,17308
5803026,17309
5803033,17310
5803131,17311
5803432,17312
5803521,17313
5803732,17314
5803770,17315
5803785,17316
5804096,17317
5804213,17318
5804462,17319
5804572,17320
5805293,17321
5805940,17322
5805982,17323
5806507,17324
5806585,17325
5806670,17326
5807071,17327
5807289,17328
5807675,17329
5807796,17330
5807897,17331
5808150,17332
5808627,17333
5808760,17334
5808821,17335
5808831,17336
5808877,17337
5808979,17338
5809186,17339
5809389,17340
5809593,17341
5809712,17342
5810687,17343
5810893,17344
5811051,17345
5811687,17346
5811877,17347
5812270,17348
5812314,17349
5812564,17350
5812793,17351
5812968,17352
5813033,17353
5813157,17354
5813550,17355
5813594,17356
5813635,17357
5813760,17358
5814299,17359
5814678,17360
5814821,17361
5815150,17362
5815855,17363
5816173,17364
5816823,17365
5817744,17366
5817846,17367
5818078,17368
5818088,17369
5818164,17370
5818813,17371
5818870,17372
5819043,17373
5819095,17374
5819127,17375
5819241,17376
5819293,17377
5819415,17378
5819471,17379
5819714,17380
5820239,17381
5820272,17382
5820494,17383
5820617,17384
5820676,17385
5820833,17386
5821177,17387
5821311,17388
5821383,17389
5821901,17390
5822859,17391
5823423,17392
5823765,17393
5823857,17394
5823876,17395
5823974,17396
5824381,17397
5824764,17398
5824897,17399
5824984,17400
5825147,17401
5825151,17402
5825197,17403
5825211,17404
5825445,17405
5825747,17406
5825798,17407
5825873,17408
5825976,17409
5826086,17410
5826430,17411
5826869,17412
5826892,17413
5827128,17414
5827352,17415
5827396,17416
5827461,17417
5827787,17418
5828062,17419
5828137,17420
5828556,17421
5828718,17422
5828740,17423
5828742,17424
5828938,17425
5829611,17426
5829633,17427
5829795,17428
5829859,17429
5829863,17430
5830022,17431
5830133,17432
5830377,17433
5830437,17434
5830461,17435
5830840,17436
5830929,17437
5831292,17438
5831350,17439
5831522,17440
5831594,17441
5832525,17442
5832554,17443
5832619,17444
5833129,17445
5833570,17446
5833658,17447
5833951,17448
5834120,17449
5834213,17450
5834227,17451
5834375,17452
5834515,17453
5834879,17454
5835236,17455
5835250,17456
5835297,17457
5835365,17458
5835764,17459
5835836,17460
5835904,17461
5836148,17462
5836319,17463
5836387,17464
5836945,17465
5837113,17466
5837231,17467
5837463,17468
5837533,17469
5838004,17470
5838176,17471
5838521,17472
5839039,17473
5839343,17474
5839425,17475
5839498,17476
5839644,17477
5839935,17478
5840062,17479
5840104,17480
5840108,17481
5840111,17482
5840878,17483
5841115,17484
5841300,17485
5841851,17486
5842832,17487
5843008,17488
5844086,17489
5844352,17490
5844695,17491
5844869,17492
5844890,17493
5845456,17494
5845542,17495
5846011,17496
5846046,17497
5846094,17498
5846514,17499
5846590,17500
5846865,17501
5846999,17502
5847492,17503
5847707,17504
5848452,17505
5848596,17506
5848600,17507
5848882,17508
5849041,17509
5849446,17510
5849827,17511
5849942,17512
5849968,17513
5849983,17514
5849990,17515
5850199,17516
5850357,17517
5850433,17518
5850690,17519
5851287,17520
5851504,17521
5851710,17522
5851835,17523
5852163,17524
5852320,17525
5852378,17526
5852808,17527
5852824,17528
5853289,17529
5853331,17530
5853930,17531
5854512,17532
5854666,17533
5855251,17534
5855507,17535
5855899,17536
5855998,17537
5855999,17538
5856520,17539
5856654,17540
5856683,17541
5856909,17542
5856978,17543
5857159,17544
5857234,17545
5857435,17546
5857795,17547
5857847,17548
5858219,17549
5858354,17550
5858459,17551
5858532,17552
5858704,17553
5858827,17554
5859012,17555
5859172,17556
5859865,17557
5859876,17558
5859944,17559
5860055,17560
5860286,17561
5860333,17562
5860632,17563
5860782,17564
5861662,17565
5861887,17566
5861944,17567
5861990,17568
5862213,17569
5862217,17570
5862279,17571
5862331,17572
5862471,17573
5862546,17574
5863054,17575
5863092,17576
5863101,17577
5864057,17578
5864201,17579
5864443,17580
5864714,17581
5864745,17582
5865066,17583
5865135,17584
5865493,17585
5866041,17586
5866098,17587
5866182,17588
5866405,17589
5866511,17590
5866610,17591
5866966,17592
5867353,17593
5867698,17594
5868446,17595
5868806,17596
5868840,17597
5868969,17598
5869395,17599
5869561,17600
5869805,17601
5870340,17602
5870424,17603
5870602,17604
5870668,17605
5871300,17606
5871575,17607
5871606,17608
5871790,17609
5871903,17610
5872583,17611
5872592,17612
5872717,17613
5873465,17614
5873491,17615
5873527,17616
5873666,17617
5873940,17618
5874215,17619
5874229,17620
5874452,17621
5874663,17622
5874764,17623
5874806,17624
5875371,17625
5875880,17626
5876962,17627
5877085,17628
5877124,17629
5877602,17630
5877942,17631
5878117,17632
5878365,17633
5878384,17634
5878668,17635
5878673,17636
5878779,17637
5878849,17638
5878931,17639
5878993,17640
5879210,17641
5879828,17642
5879843,17643
5879877,17644
5879885,17645
5880163,17646
5880211,17647
5880506,17648
5880560,17649
5880621,17650
5880778,17651
5881132,17652
5881444,17653
5881535,17654
5882078,17655
5882405,17656
5882543,17657
5882581,17658
5883678,17659
5884124,17660
5884143,17661
5884303,17662
5884575,17663
5884695,17664
5884817,17665
5884850,17666
5885035,17667
5885442,17668
5885658,17669
5885977,17670
5886629,17671
5887189,17672
5887594,17673
5887686,17674
5888128,17675
5888264,17676
5888566,17677
5888569,17678
5888576,17679
5888886,17680
5889111,17681
5889155,17682
5889707,17683
5889844,17684
5890224,17685
5890469,17686
5890629,17687
5891039,17688
5891086,17689
5891211,17690
5892394,17691
5892496,17692
5892783,17693
5892953,17694
5893086,17695
5893231,17696
5893496,17697
5893622,17698
5893634,17699
5893769,17700
5893862,17701
5893887,17702
5894366,17703
5895242,17704
5895493,17705
5895554,17706
5895702,17707
5895902,17708
5896346,17709
5897424,17710
5897688,17711
5898734,17712
5898735,17713
5899063,17714
5899876,17715
5899941,17716
5899991,17717
5900523,17718
5900706,17719
5901024,17720
5901097,17721
5901386,17722
5901962,17723
5902451,17724
5902726,17725
5903343,17726
5903479,17727
5903914,17728
5903992,17729
5904025,17730
5904388,17731
5904571,17732
5904771,17733
5904809,17734
5904994,17735
5905114,17736
5905183,17737
5905202,17738
5905455,17739
5905504,17740
5905510,17741
5905700,17742
5905938,17743
5905977,17744
5906197,17745
5906203,17746
5906470,17747
5906598,17748
5906617,17749
5906707,17750
5906861,17751
5907692,17752
5907773,17753
5907821,17754
5907862,17755
5907875,17756
5908198,17757
5908449,17758
5908695,17759
5908728,17760
5909036,17761
5909247,17762
5909854,17763
5910165,17764
5910264,17765
5910797,17766
5910804,17767
5911047,17768
5911631,17769
5911913,17770
5912411,17771
5912446,17772
5912553,17773
5912908,17774
5913423,17775
5913462,17776
5913541,17777
5914277,17778
5914327,17779
5914435,17780
5914637,17781
5914923,17782
5915072,17783
5915387,17784
5915769,17785
5916155,17786
5916318,17787
5916358,17788
5916691,17789
5916697,17790
5916949,17791
5917095,17792
5917189,17793
5917513,17794
5917616,17795
5917753,17796
5918084,17797
5918150,17798
5918915,17799
5918984,17800
5919333,17801
5919599,17802
5919619,17803
5919830,17804
5919857,17805
5920157,17806
5920182,17807
5920446,17808
5920448,17809
5920702,17810
5920711,17811
5920777,17812
5921029,17813
5921185,17814
5921292,17815
5921362,17816
5921646,17817
5921676,17818
5921699,17819
5921807,17820
5922670,17821
5922673,17822
5922860,17823
5922960,17824
5923041,17825
5923217,17826
5923346,17827
5923547,17828
5923617,17829
5924113,17830
5924522,17831
5924914,17832
5925218,17833
5925579,17834
5925626,17835
5925815,17836
5925918,17837
5925935,17838
5926044,17839
5926372,17840
5926415,17841
5926732,17842
5926755,17843
5926988,17844
5927051,17845
5927168,17846
5927247,17847
5927452,17848
5927633,17849
5927674,17850
5927696,17851
5927818,17852
5928326,17853
5928896,17854
5928998,17855
5929019,17856
5929258,17857
5929370,17858
5929400,17859
5930098,17860
5930284,17861
5930418,17862
5930430,17863
5930438,17864
5930558,17865
5930736,17866
5931010,17867
5931204,17868
5931249,17869
5931721,17870
5931886,17871
5932092,17872
5932238,17873
5932507,17874
5932798,17875
5932949,17876
5933093,17877
5933132,17878
5933372,17879
5933661,17880
5933696,17881
5933697,17882
5934078,17883
5934134,17884
5934507,17885
5934860,17886
5935137,17887
5935489,17888
5935766,17889
5936183,17890
5936752,17891
5937087,17892
5937551,17893
5937843,17894
5937917,17895
5938090,17896
5938378,17897
5938405,17898
5938777,17899
5938952,17900
5939181,17901
5939413,17902
5939491,17903
5940028,17904
5940108,17905
5940214,17906
5940551,17907
5940681,17908
5940726,17909
5940991,17910
5941720,17911
5941854,17912
5942213,17913
5942215,17914
5942433,17915
5942454,17916
5942870,17917
5942885,17918
5943128,17919
5943445,17920
5943485,17921
5943505,17922
5943535,17923
5944003,17924
5944013,17925
5944120,17926
5944280,17927
5944484,17928
5944556,17929
5944603,17930
5944784,17931
5945073,17932
5945867,17933
5946052,17934
5946410,17935
5946679,17936
5947251,17937
5947402,17938
5947814,17939
5948041,17940
5948053,17941
5948290,17942
5948372,17943
5948561,17944
5948601,17945
5949229,17946
5949345,17947
5949465,17948
5949643,17949
5949854,17950
5949869,17951
5950010,17952
5950208,17953
5950288,17954
5950688,17955
5950743,17956
5951217,17957
5951535,17958
5951853,17959
5952085,17960
5952219,17961
5952229,17962
5953301,17963
5953549,17964
5953712,17965
5954030,17966
5954157,17967
5954424,17968
5954459,17969
5955363,17970
5955513,17971
5955951,17972
5956254,17973
5956507,17974
5956633,17975
5956734,17976
5956855,17977
5956941,17978
5957352,17979
5957488,17980
5957515,17981
5957663,17982
5957725,17983
5958543,17984
5959021,17985
5959415,17986
5959629,17987
5959715,17988
5960066,17989
5960365,17990
5960582,17991
5961136,17992
5961158,17993
5961286,17994
5961733,17995
5961799,17996
5962221,17997
5962260,17998
5962580,17999
5962975,18000
5963227,18001
5963367,18002
5963393,18003
5963478,18004
5963680,18005
5964501,18006
5965162,18007
5965432,18008
5965518,18009
5965634,18010
5965659,18011
5965699,18012
5965807,18013
5965882,18014
5965997,18015
5966135,18016
5966198,18017
5966624,18018
5966891,18019
5967614,18020
5967960,18021
5968190,18022
5968244,18023
5968493,18024
5968574,18025
5968647,18026
5970220,18027
5970275,18028
5970319,18029
5970374,18030
5970416,18031
5970485,18032
5970759,18033
5970789,18034
5970869,18035
5971058,18036
5971141,18037
5971414,18038
5972134,18039
5972179,18040
5972366,18041
5972443,18042
5972619,18043
5973249,18044
5973299,18045
5973431,18046
5973486,18047
5973680,18048
5973797,18049
5974136,18050
5974236,18051
5974352,18052
5974368,18053
5974477,18054
5974736,18055
5975964,18056
5977485,18057
5977899,18058
5978048,18059
5978142,18060
5978554,18061
5978629,18062
5978747,18063
5978793,18064
5979534,18065
5980175,18066
5980227,18067
5980493,18068
5980520,18069
5980661,18070
5980853,18071
5980955,18072
5981101,18073
5981491,18074
5981545,18075
5982095,18076
5982203,18077
5982320,18078
5982425,18079
5982432,18080
5982820,18081
5983063,18082
5983192,18083
5983895,18084
5983950,18085
5983993,18086
5984129,18087
5984901,18088
5985292,18089
5985735,18090
5986173,18091
5986486,18092
5987032,18093
5987066,18094
5987549,18095
5987955,18096
5988161,18097
5988559,18098
5989075,18099
5989151,18100
5989207,18101
5989801,18102
5989860,18103
5990302,18104
5990318,18105
5990504,18106
5990507,18107
5990767,18108
5990906,18109
5991163,18110
5991370,18111
5992298,18112
5992300,18113
5992320,18114
5992613,18115
5992638,18116
5992673,18117
5992684,18118
5992840,18119
5992843,18120
5993046,18121
5993243,18122
5993554,18123
5993851,18124
5993952,18125
5994155,18126
5994331,18127
5994401,18128
5994453,18129
5994529,18130
5994573,18131
5994917,18132
5994991,18133
5995420,18134
5995503,18135
5995524,18136
5995639,18137
5995925,18138
5995930,18139
5996420,18140
5996507,18141
5997040,18142
5997159,18143
5997206,18144
5998091,18145
5998720,18146
5998740,18147
5999069,18148
5999181,18149
5999212,18150
5999319,18151
5999581,18152
5999976,18153
6000221,18154
6000692,18155
6000705,18156
6001597,18157
6001842,18158
6001850,18159
6002023,18160
6002042,18161
6002201,18162
6002339,18163
6002444,18164
6002594,18165
6002893,18166
6002985,18167
6003045,18168
6003074,18169
6003379,18170
6004014,18171
6004023,18172
6004509,18173
6004751,18174
6004812,18175
6005690,18176
6005951,18177
6006296,18178
6006945,18179
6006949,18180
6007163,18181
6008042,18182
6008145,18183
6008247,18184
6008706,18185
6009121,18186
6009998,18187
6010063,18188
6010333,18189
6010559,18190
6010626,18191
6010992,18192
6011081,18193
6011284,18194
6011334,18195
6011664,18196
6011743,18197
6012232,18198
6012496,18199
6012620,18200
6012717,18201
6013026,18202
6013218,18203
6013544,18204
6013583,18205
6013689,18206
6014270,18207
6014303,18208
6014786,18209
6015216,18210
6015718,18211
6015734,18212
6015849,18213
6015898,18214
6015902,18215
6016147,18216
6016157,18217
6016578,18218
6016633,18219
6017579,18220
6018325,18221
6018365,18222
6018722,18223
6018740,18224
6018995,18225
6019956,18226
6019978,18227
6020054,18228
6020107,18229
6020378,18230
6020432,18231
6020746,18232
6020893,18233
6021201,18234
6021616,18235
6021670,18236
6021688,18237
6021761,18238
6022454,18239
6022595,18240
6022669,18241
6023174,18242
6023242,18243
6023335,18244
6023800,18245
6024170,18246
6024233,18247
6024281,18248
6024447,18249
6024525,18250
6024954,18251
6025146,18252
6025167,18253
6025403,18254
6025636,18255
6026117,18256
6026243,18257
6026509,18258
6026851,18259
6027365,18260
6027484,18261
6028096,18262
6028426,18263
6029257,18264
6029593,18265
6030235,18266
6030397,18267
6030572,18268
6031006,18269
6031510,18270
6031515,18271
6031539,18272
6031819,18273
6031947,18274
6032241,18275
6032311,18276
6032360,18277
6032475,18278
6032901,18279
6033267,18280
6033338,18281
6033740,18282
6033900,18283
6033921,18284
6034031,18285
6034500,18286
6034622,18287
6034787,18288
6035103,18289
6035494,18290
6035732,18291
6036186,18292
6036440,18293
6036751,18294
6036796,18295
6036917,18296
6037106,18297
6037255,18298
6038051,18299
6038672,18300
6038716,18301
6039050,18302
6039134,18303
6039835,18304
6039879,18305
6040043,18306
6040282,18307
6040310,18308
6040603,18309
6040903,18310
6041099,18311
6041367,18312
6041400,18313
6041538,18314
6041581,18315
6041895,18316
6041919,18317
6041996,18318
6042166,18319
6042184,18320
6043327,18321
6043401,18322
6043593,18323
6043614,18324
6043697,18325
6043926,18326
6044335,18327
6044413,18328
6044453,18329
6044826,18330
6045226,18331
6045240,18332
6045335,18333
6045446,18334
6045473,18335
6045771,18336
6046381,18337
6046427,18338
6046483,18339
6046979,18340
6047084,18341
6047297,18342
6047732,18343
6047794,18344
6047982,18345
6048307,18346
6048425,18347
6048778,18348
6049050,18349
6049254,18350
6049982,18351
6050167,18352
6050317,18353
6050370,18354
6050409,18355
6050464,18356
6050774,18357
6051239,18358
6051339,18359
6051981,18360
6052057,18361
6052261,18362
6052348,18363
6052374,18364
6053132,18365
6053149,18366
6053968,18367
6054522,18368
6055998,18369
6056084,18370
6056277,18371
6056407,18372
6056573,18373
6056680,18374
6056759,18375
6057002,18376
6057124,18377
6057144,18378
6057340,18379
6058395,18380
6058514,18381
6058679,18382
6058696,18383
6058837,18384
6059071,18385
6059629,18386
6060105,18387
6060458,18388
6060708,18389
6060849,18390
6060928,18391
6061051,18392
6061084,18393
6061264,18394
6061606,18395
6061657,18396
6061937,18397
6062175,18398
6062511,18399
6062646,18400
6062979,18401
6063216,18402
6063282,18403
6063548,18404
6063941,18405
6064108,18406
6064110,18407
6064587,18408
6064880,18409
6065249,18410
6065468,18411
6065567,18412
6065652,18413
6065711,18414
6065890,18415
6065979,18416
6066227,18417
6066555,18418
6067124,18419
6067353,18420
6067645,18421
6067654,18422
6067690,18423
6068319,18424
6068575,18425
6068775,18426
6069344,18427
6069377,18428
6069590,18429
6069671,18430
6069695,18431
6070211,18432
6070230,18433
6070598,18434
6070935,18435
6071099,18436
6071447,18437
6071501,18438
6071861,18439
6071994,18440
6072089,18441
6072283,18442
6072375,18443
6072896,18444
6072974,18445
6073574,18446
6073791,18447
6074551,18448
6074834,18449
6074954,18450
6075117,18451
6075221,18452
6075337,18453
6075382,18454
6075407,18455
6075682,18456
6076030,18457
6076109,18458
6076293,18459
6076942,18460
6076971,18461
6077004,18462
6077158,18463
6077168,18464
6077689,18465
6077892,18466
6078653,18467
6079120,18468
6079132,18469
6079867,18470
6080171,18471
6080445,18472
6080465,18473
6080721,18474
6080877,18475
6081083,18476
6081468,18477
6081547,18478
6081569,18479
6081607,18480
6081960,18481
6081980,18482
6082395,18483
6082670,18484
6083871,18485
6084027,18486
6084083,18487
6084282,18488
6084523,18489
6084867,18490
6084884,18491
6085038,18492
6085214,18493
6085299,18494
6085393,18495
6085586,18496
6085808,18497
6086190,18498
6086395,18499
6086553,18500
6086732,18501
6086755,18502
6086920,18503
6087031,18504
6087048,18505
6087187,18506
6087723,18507
6087835,18508
6088565,18509
6088749,18510
6088844,18511
6089146,18512
6090102,18513
6090560,18514
6090750,18515
6090772,18516
6090822,18517
6090852,18518
6090992,18519
6091477,18520
6091935,18521
6092443,18522
6093118,18523
6093201,18524
6093617,18525
6094014,18526
6094468,18527
6094500,18528
6094772,18529
6095194,18530
6095251,18531
6095574,18532
6096026,18533
6096400,18534
6096629,18535
6096693,18536
6096713,18537
6097121,18538
6097205,18539
6097581,18540
6097713,18541
6098073,18542
6098089,18543
6098410,18544
6098528,18545
6098953,18546
6098974,18547
6099037,18548
6099494,18549
6100360,18550
6100490,18551
6100734,18552
6100767,18553
6101317,18554
6101441,18555
6101607,18556
6101767,18557
6101806,18558
6101927,18559
6102100,18560
6102447,18561
6102922,18562
6102928,18563
6102929,18564
6103100,18565
6103405,18566
6103549,18567
6104280,18568
6104331,18569
6104671,18570
6105304,18571
6106108,18572
6106859,18573
6107026,18574
6107064,18575
6107069,18576
6107686,18577
6108395,18578
6108647,18579
6109384,18580
6109500,18581
6109587,18582
6109898,18583
6110438,18584
6110537,18585
6110680,18586
6110693,18587
6110707,18588
6110745,18589
6111071,18590
6111111,18591
6111276,18592
6111361,18593
6111377,18594
6111530,18595
6111845,18596
6112408,18597
6112731,18598
6112871,18599
6112887,18600
6113119,18601
6113147,18602
6113154,18603
6113367,18604
6113715,18605
6113845,18606
6113918,18607
6114339,18608
6114941,18609
6114956,18610
6114959,18611
6115031,18612
6115422,18613
6115426,18614
6115553,18615
6115796,18616
6116321,18617
6116379,18618
6116603,18619
6116850,18620
6117205,18621
6117559,18622
6117584,18623
6117601,18624
6117750,18625
6118254,18626
6118330,18627
6118411,18628
6118458,18629
6118908,18630
6118912,18631
6119135,18632
6119205,18633
6119714,18634
6119860,18635
6119926,18636
6120182,18637
6120187,18638
6120315,18639
6120498,18640
6121164,18641
6121302,18642
6121566,18643
6121666,18644
6121724,18645
6122083,18646
6122309,18647
6122561,18648
6122790,18649
6122973,18650
6123221,18651
6123642,18652
6123808,18653
6123972,18654
6124019,18655
6124372,18656
6124385,18657
6124609,18658
6124625,18659
6124654,18660
6125463,18661
6125544,18662
6125605,18663
6125706,18664
6126258,18665
6126269,18666
6126281,18667
6126502,18668
6126906,18669
6127274,18670
6127364,18671
6127499,18672
6128357,18673
6128476,18674
6129060,18675
6129246,18676
6129262,18677
6129603,18678
6129640,18679
6129862,18680
6130202,18681
6130231,18682
6130257,18683
6130268,18684
6130343,18685
6130427,18686
6130636,18687
6130904,18688
6131078,18689
6132078,18690
6132283,18691
6132515,18692
6132778,18693
6133250,18694
6133524,18695
6133614,18696
6133778,18697
6133861,18698
6134156,18699
6134439,18700
6134769,18701
6134803,18702
6135587,18703
6135770,18704
6136130,18705
6136318,18706
6136632,18707
6136722,18708
6136928,18709
6137200,18710
6137403,18711
6137428,18712
6137673,18713
6137907,18714
6137953,18715
6138004,18716
6138205,18717
6138249,18718
6138659,18719
6139154,18720
6139588,18721
6139774,18722
6139864,18723
6139880,18724
6140010,18725
6140501,18726
6140976,18727
6141049,18728
6141434,18729
6141475,18730
6141597,18731
6142336,18732
6142419,18733
6142684,18734
6142750,18735
6142818,18736
6143519,18737
6143703,18738
6143722,18739
6143814,18740
6144402,18741
6144739,18742
6145623,18743
6145780,18744
6146056,18745
6146256,18746
6146859,18747
6146884,18748
6147136,18749
6147787,18750
6148013,18751
6148140,18752
6148459,18753
6148505,18754
6148902,18755
6148910,18756
6150146,18757
6150653,18758
6150689,18759
6151012,18760
6152198,18761
6153006,18762
6153128,18763
6153237,18764
6153562,18765
6153591,18766
6153732,18767
6153782,18768
6154019,18769
6154023,18770
6154093,18771
6154210,18772
6154409,18773
6154577,18774
6154693,18775
6154812,18776
6155957,18777
6156277,18778
6156456,18779
6156944,18780
6157035,18781
6157048,18782
6157054,18783
6157209,18784
6157559,18785
6157578,18786
6157889,18787
6158116,18788
6158130,18789
6158446,18790
6158534,18791
6158964,18792
6159030,18793
6159255,18794
6159623,18795
6159654,18796
6159716,18797
6160007,18798
6160524,18799
6160525,18800
6160908,18801
6161169,18802
6161170,18803
6161197,18804
6161593,18805
6161633,18806
6162055,18807
6162090,18808
6162144,18809
6162201,18810
6162419,18811
6162600,18812
6162846,18813
6163262,18814
6163384,18815
6163402,18816
6163522,18817
6163543,18818
6164177,18819
6164197,18820
6164260,18821
6164522,18822
6164784,18823
6164901,18824
6165090,18825
6165234,18826
6165388,18827
6165639,18828
6165916,18829
6166155,18830
6166208,18831
6166362,18832
6166620,18833
6167175,18834
6167672,18835
6167994,18836
6168669,18837
6168879,18838
6169016,18839
6169428,18840
6169881,18841
6170001,18842
6170247,18843
6170315,18844
6170412,18845
6170831,18846
6171021,18847
6171204,18848
6171415,18849
6171442,18850
6172437,18851
6172469,18852
6173217,18853
6173270,18854
6173377,18855
6173417,18856
6173619,18857
6173632,18858
6173812,18859
6174344,18860
6174493,18861
6174677,18862
6174863,18863
6175028,18864
6175139,18865
6175614,18866
6175747,18867
6175806,18868
6176441,18869
6176738,18870
6177430,18871
6177699,18872
6178521,18873
6179009,18874
6179123,18875
6180219,18876
6180471,18877
6180698,18878
6180912,18879
6181109,18880
6181173,18881
6181478,18882
6181606,18883
6182020,18884
6182061,18885
6182085,18886
6182105,18887
6182251,18888
6182931,18889
6182982,18890
6183200,18891
6183647,18892
6183761,18893
6183873,18894
6183932,18895
6184009,18896
6184024,18897
6184494,18898
6184927,18899
6185162,18900
6185512,18901
6185731,18902
6186009,18903
6186021,18904
6186198,18905
6186916,18906
6186981,18907
6187148,18908
6187806,18909
6188069,18910
6188211,18911
6188620,18912
6188918,18913
6189201,18914
6189586,18915
6189793,18916
6189859,18917
6190034,18918
6190193,18919
6190485,18920
6190510,18921
6190734,18922
6191014,18923
6191145,18924
6191748,18925
6192552,18926
6192897,18927
6192989,18928
6193231,18929
6193478,18930
6194153,18931
6194990,18932
6195338,18933
6196120,18934
6196332,18935
6196474,18936
6196707,18937
6196945,18938
6197165,18939
6197168,18940
6197264,18941
6197307,18942
6197333,18943
6197367,18944
6197735,18945
6197773,18946
6198492,18947
6200071,18948
6201366,18949
6201430,18950
6201601,18951
6202108,18952
6202517,18953
6202592,18954
6202656,18955
6202924,18956
6203103,18957
6203891,18958
6204022,18959
6204185,18960
6204406,18961
6204537,18962
6204704,18963
6204886,18964
6204935,18965
6204968,18966
6205250,18967
6205414,18968
6205644,18969
6205848,18970
6205954,18971
6206033,18972
6206193,18973
6206326,18974
6206339,18975
6206489,18976
6206509,18977
6206969,18978
6207031,18979
6207264,18980
6207361,18981
6207750,18982
6207894,18983
6207949,18984
6208074,18985
6208583,18986
6208685,18987
6209035,18988
6209185,18989
6209592,18990
6210202,18991
6210205,18992
6210353,18993
6210459,18994
6210988,18995
6211061,18996
6211217,18997
6211254,18998
6211260,18999
6211443,19000
6212038,19001
6212160,19002
6212482,19003
6213735,19004
6213832,19005
6213934,19006
6214153,19007
6214173,19008
6214250,19009
6214705,19010
6215167,19011
6215288,19012
6215898,19013
6215905,19014
6216088,19015
6216776,19016
6217366,19017
6219230,19018
6219251,19019
6219699,19020
6219836,19021
6219908,19022
6220475,19023
6220668,19024
6221006,19025
6221141,19026
6221206,19027
6222034,19028
6222209,19029
6222786,19030
6223053,19031
6223054,19032
6223095,19033
6223125,19034
6223541,19035
6223874,19036
6224536,19037
6224677,19038
6225542,19039
6225582,19040
6225979,19041
6226235,19042
6226290,19043
6226501,19044
6226507,19045
6227153,19046
6227163,19047
6227404,19048
6227659,19049
6228499,19050
6229100,19051
6229140,19052
6229216,19053
6229801,19054
6229872,19055
6229987,19056
6230021,19057
6230317,19058
6230469,19059
6230604,19060
6230651,19061
6231005,19062
6231306,19063
6231670,19064
6232372,19065
6232425,19066
6232472,19067
6233169,19068
6233903,19069
6233921,19070
6234028,19071
6234202,19072
6235009,19073
6235396,19074
6235506,19075
6235894,19076
6236098,19077
6236194,19078
6236345,19079
6236532,19080
6236551,19081
6236556,19082
6236850,19083
6236921,19084
6237661,19085
6237736,19086
6237900,19087
6238247,19088
6238334,19089
6238507,19090
6238788,19091
6239921,19092
6240432,19093
6240459,19094
6240522,19095
6240885,19096
6240987,19097
6241354,19098
6242018,19099
6242143,19100
6242173,19101
6242237,19102
6242428,19103
6242727,19104
6242782,19105
6243009,19106
6243512,19107
6243638,19108
6243793,19109
6244045,19110
6244541,19111
6244747,19112
6244831,19113
6244959,19114
6245181,19115
6245433,19116
6245711,19117
6246509,19118
6246967,19119
6247112,19120
6247430,19121
6247765,19122
6247773,19123
6248331,19124
6248507,19125
6248673,19126
6249101,19127
6249371,19128
6249418,19129
6249544,19130
6249604,19131
6249698,19132
6250253,19133
6250412,19134
6250747,19135
6251096,19136
6251141,19137
6251212,19138
6251496,19139
6251657,19140
6251885,19141
6252504,19142
6252917,19143
6252978,19144
6253029,19145
6253040,19146
6253290,19147
6253376,19148
6253464,19149
6253484,19150
6253822,19151
6253997,19152
6254025,19153
6254574,19154
6254727,19155
6255450,19156
6255465,19157
6256003,19158
6256461,19159
6256824,19160
6257237,19161
6257238,19162
6257266,19163
6257368,19164
6257505,19165
6257514,19166
6257559,19167
6257962,19168
6258114,19169
6258407,19170
6258470,19171
6258488,19172
6258995,19173
6259021,19174
6259542,19175
6259624,19176
6259944,19177
6260037,19178
6260402,19179
6260469,19180
6260576,19181
6260973,19182
6261004,19183
6261626,19184
6261701,19185
6261935,19186
6261950,19187
6262411,19188
6262817,19189
6262967,19190
6263472,19191
6264001,19192
6264074,19193
6264122,19194
6264252,19195
6264259,19196
6264274,19197
6264511,19198
6265092,19199
6265591,19200
6265719,19201
6266072,19202
6266080,19203
6266705,19204
6266728,19205
6266897,19206
6266907,19207
6267153,19208
6267284,19209
6267436,19210
6267459,19211
6267587,19212
6267781,19213
6268149,19214
6268280,19215
6268922,19216
6268956,19217
6269788,19218
6270090,19219
6270196,19220
6270306,19221
6271139,19222
6271225,19223
6271332,19224
6271504,19225
6271945,19226
6272273,19227
6272330,19228
6272610,19229
6272696,19230
6272701,19231
6272814,19232
6272825,19233
6272927,19234
6273244,19235
6273914,19236
6273999,19237
6274116,19238
6274601,19239
6274749,19240
6274762,19241
6274794,19242
6274840,19243
6275094,19244
6275383,19245
6275525,19246
6275754,19247
6275757,19248
6276859,19249
6277110,19250
6278414,19251
6278507,19252
6278615,19253
6278696,19254
6278886,19255
6278972,19256
6279141,19257
6279156,19258
6279542,19259
6280003,19260
6280161,19261
6280259,19262
6280404,19263
6280513,19264
6280525,19265
6281015,19266
6281816,19267
6281910,19268
6282050,19269
6282684,19270
6283135,19271
6283539,19272
6283750,19273
6283980,19274
6284079,19275
6284305,19276
6284780,19277
6284929,19278
6284983,19279
6285020,19280
6285610,19281
6285644,19282
6285782,19283
6285963,19284
6286207,19285
6286472,19286
6286524,19287
6286590,19288
6286863,19289
6286999,19290
6287199,19291
6287297,19292
6288340,19293
6288508,19294
6289573,19295
6289899,19296
6289944,19297
6290371,19298
6290396,19299
6290436,19300
6290769,19301
6290951,19302
6291034,19303
6291235,19304
6291344,19305
6291896,19306
6292302,19307
6292520,19308
6292668,19309
6292988,19310
6293463,19311
6293584,19312
6293619,19313
6293639,19314
6293993,19315
6294006,19316
6294187,19317
6294240,19318
6294375,19319
6294817,19320
6295095,19321
6295114,19322
6295220,19323
6295922,19324
6296872,19325
6297223,19326
6297394,19327
6297645,19328
6297914,19329
6299025,19330
6299469,19331
6299529,19332
6299794,19333
6299994,19334
6300024,19335
6300217,19336
6300361,19337
6300552,19338
6300998,19339
6301200,19340
6301413,19341
6302290,19342
6302758,19343
6302860,19344
6302923,19345
6303036,19346
6303113,19347
6303206,19348
6303217,19349
6303443,19350
6303633,19351
6303736,19352
6303848,19353
6304277,19354
6304428,19355
6304772,19356
6305088,19357
6305283,19358
6305396,19359
6305453,19360
6305733,19361
6306609,19362
6306777,19363
6306861,19364
6307006,19365
6307030,19366
6307167,19367
6307229,19368
6307268,19369
6307721,19370
6307731,19371
6307811,19372
6307933,19373
6307997,19374
6308541,19375
6309234,19376
6309416,19377
6309477,19378
6309504,19379
6310048,19380
6310660,19381
6311155,19382
6311603,19383
6312335,19384
6312446,19385
6313054,19386
6313110,19387
6313228,19388
6313279,19389
6313351,19390
6313662,19391
6313725,19392
6314058,19393
6314120,19394
6314497,19395
6314699,19396
6314748,19397
6314783,19398
6314802,19399
6314807,19400
6315044,19401
6315447,19402
6316335,19403
6316396,19404
6316807,19405
6316837,19406
6317161,19407
6317472,19408
6317499,19409
6317766,19410
6318247,19411
6318286,19412
6318336,19413
6319118,19414
6319247,19415
6319456,19416
6319720,19417
6320091,19418
6320250,19419
6320413,19420
6320820,19421
6321085,19422
6321093,19423
6321119,19424
6321352,19425
6321362,19426
6321636,19427
6321877,19428
6322090,19429
6322362,19430
6322624,19431
6322682,19432
6322775,19433
6322779,19434
6322952,19435
6323462,19436
6323941,19437
6324123,19438
6324160,19439
6324289,19440
6324531,19441
6324679,19442
6324963,19443
6325467,19444
6325997,19445
6326338,19446
6326441,19447
6327243,19448
6327504,19449
6327511,19450
6327515,19451
6327975,19452
6327984,19453
6328585,19454
6328991,19455
6329180,19456
6329189,19457
6329770,19458
6329849,19459
6330641,19460
6330928,19461
6331456,19462
6331800,19463
6332096,19464
6332170,19465
6332913,19466
6333325,19467
6333747,19468
6333813,19469
6334229,19470
6334783,19471
6334959,19472
6335021,19473
6335472,19474
6335522,19475
6335619,19476
6335668,19477
6336154,19478
6336245,19479
6336246,19480
6336505,19481
6336774,19482
6337132,19483
6337563,19484
6338210,19485
6338913,19486
6338964,19487
6339251,19488
6339362,19489
6339419,19490
6339625,19491
6339679,19492
6339789,19493
6339941,19494
6340221,19495
6340484,19496
6340542,19497
6340611,19498
6340744,19499
6340776,19500
6341244,19501
6341440,19502
6341481,19503
6341570,19504
6341853,19505
6342212,19506
6342278,19507
6342478,19508
6342538,19509
6342719,19510
6343004,19511
6343446,19512
6343504,19513
6343621,19514
6343679,19515
6343780,19516
6344280,19517
6344437,19518
6344509,19519
6345225,19520
6345409,19521
6345786,19522
6345794,19523
6346054,19524
6346088,19525
6346455,19526
6346531,19527
6346811,19528
6347150,19529
6347379,19530
6347718,19531
6347847,19532
6347945,19533
6348286,19534
6348650,19535
6348766,19536
6348858,19537
6348929,19538
6349002,19539
6349091,19540
6349576,19541
6349617,19542
6350133,19543
6350233,19544
6350466,19545
6350814,19546
6350827,19547
6351067,19548
6351072,19549
6351181,19550
6351242,19551
6351504,19552
6351520,19553
6351929,19554
6352030,19555
6352569,19556
6352673,19557
6352803,19558
6353020,19559
6353179,19560
6353184,19561
6353201,19562
6353508,19563
6353742,19564
6353887,19565
6353948,19566
6354486,19567
6354773,19568
6355249,19569
6355514,19570
6356035,19571
6356054,19572
6356721,19573
6357112,19574
6357212,19575
6357380,19576
6357915,19577
6357964,19578
6357972,19579
6358475,19580
6358631,19581
6358693,19582
6358800,19583
6359210,19584
6359357,19585
6359615,19586
6359651,19587
6359782,19588
6360065,19589
6360257,19590
6360293,19591
6360332,19592
6360371,19593
6360548,19594
6361180,19595
6361637,19596
6361699,19597
6361906,19598
6362063,19599
6362269,19600
6362781,19601
6362861,19602
6362969,19603
6363157,19604
6363391,19605
6363892,19606
6363965,19607
6364559,19608
6364623,19609
6364667,19610
6364931,19611
6364932,19612
6364973,19613
6365208,19614
6365450,19615
6365763,19616
6366111,19617
6366132,19618
6366212,19619
6366361,19620
6366389,19621
6366398,19622
6366925,19623
6366993,19624
6367095,19625
6367431,19626
6367863,19627
6367923,19628
6368166,19629
6368274,19630
6368488,19631
6368494,19632
6368893,19633
6369275,19634
6369436,19635
6369726,19636
6369730,19637
6369986,19638
6370024,19639
6370386,19640
6370663,19641
6371034,19642
6371178,19643
6371182,19644
6372517,19645
6372853,19646
6374267,19647
6374462,19648
6374624,19649
6374786,19650
6374889,19651
6375116,19652
6375280,19653
6375511,19654
6376044,19655
6376053,19656
6376160,19657
6376295,19658
6376612,19659
6376769,19660
6376914,19661
6376929,19662
6376967,19663
6377619,19664
6377622,19665
6377667,19666
6377822,19667
6378337,19668
6378850,19669
6378871,19670
6378945,19671
6379013,19672
6379107,19673
6379370,19674
6379496,19675
6379852,19676
6380066,19677
6380086,19678
6380123,19679
6380493,19680
6380845,19681
6381811,19682
6382684,19683
6383330,19684
6383485,19685
6383643,19686
6383668,19687
6383759,19688
6383809,19689
6384039,19690
6384318,19691
6384708,19692
6384776,19693
6384925,19694
6384947,19695
6385034,19696
6386122,19697
6386190,19698
6386524,19699
6386618,19700
6387074,19701
6387183,19702
6387256,19703
6387680,19704
6387762,19705
6388109,19706
6388321,19707
6388344,19708
6388848,19709
6389041,19710
6389047,19711
6389078,19712
6389610,19713
6389649,19714
6389926,19715
6390147,19716
6390167,19717
6390225,19718
6390408,19719
6390556,19720
6390665,19721
6390909,19722
6391088,19723
6391278,19724
6391616,19725
6391709,19726
6392282,19727
6392540,19728
6392598,19729
6392602,19730
6392762,19731
6392935,19732
6393067,19733
6393070,19734
6393119,19735
6393397,19736
6393454,19737
6393704,19738
6394074,19739
6394091,19740
6394169,19741
6394606,19742
6394684,19743
6395507,19744
6395508,19745
6396040,19746
6396161,19747
6396245,19748
6396775,19749
6397352,19750
6397687,19751
6398064,19752
6398370,19753
6398578,19754
6399299,19755
6399613,19756
6399766,19757
6400268,19758
6400401,19759
6400702,19760
6400733,19761
6400977,19762
6400990,19763
6401068,19764
6401157,19765
6401416,19766
6401840,19767
6402017,19768
6402333,19769
6403302,19770
6403390,19771
6403622,19772
6403760,19773
6403906,19774
6404279,19775
6404377,19776
6404455,19777
6404743,19778
6404799,19779
6404988,19780
6405180,19781
6405201,19782
6405249,19783
6405543,19784
6405700,19785
6405721,19786
6405901,19787
6405932,19788
6406594,19789
6406811,19790
6407058,19791
6407096,19792
6407209,19793
6407478,19794
6407824,19795
6407858,19796
6407898,19797
6408187,19798
6408366,19799
6409010,19800
6409171,19801
6409570,19802
6410137,19803
6410149,19804
6410826,19805
6410882,19806
6410906,19807
6411081,19808
6411187,19809
6411284,19810
6411330,19811
6411423,19812
6411529,19813
6411557,19814
6411658,19815
6411663,19816
6412178,19817
6412329,19818
6412344,19819
6412413,19820
6413123,19821
6413236,19822
6413269,19823
6413453,19824
6413925,19825
6413994,19826
6414126,19827
6414301,19828
6414703,19829
6414862,19830
6415121,19831
6415430,19832
6415506,19833
6415800,19834
6415844,19835
6416569,19836
6416608,19837
6416767,19838
6416862,19839
6416914,19840
6417337,19841
6417798,19842
6417841,19843
6418037,19844
6418087,19845
6418257,19846
6418651,19847
6418706,19848
6418726,19849
6418954,19850
6419124,19851
6419521,19852
6419744,19853
6419869,19854
6420266,19855
6420395,19856
6420421,19857
6420510,19858
6420574,19859
6420797,19860
6420826,19861
6420828,19862
6420943,19863
6420977,19864
6421225,19865
6422396,19866
6422565,19867
6422926,19868
6423263,19869
6423641,19870
6424070,19871
6424149,19872
6424166,19873
6424494,19874
6424905,19875
6424956,19876
6424987,19877
6425421,19878
6425463,19879
6425528,19880
6425572,19881
6425640,19882
6425860,19883
6426240,19884
6426376,19885
6426396,19886
6426412,19887
6426494,19888
6426514,19889
6426517,19890
6426605,19891
6427019,19892
6428117,19893
6428417,19894
6428589,19895
6428663,19896
6429102,19897
6429119,19898
6429256,19899
6429458,19900
6429527,19901
6429617,19902
6429995,19903
6430065,19904
6430156,19905
6430297,19906
6430590,19907
6430721,19908
6430746,19909
6430877,19910
6430887,19911
6430920,19912
6431086,19913
6431123,19914
6431132,19915
6431152,19916
6431684,19917
6431801,19918
6432098,19919
6432665,19920
6433488,19921
6434330,19922
6434903,19923
6435261,19924
6435265,19925
6435325,19926
6435544,19927
6436285,19928
6436356,19929
6436948,19930
6437064,19931
6437118,19932
6437215,19933
6437238,19934
6437745,19935
6437856,19936
6438473,19937
6438869,19938
6438953,19939
6439316,19940
6439394,19941
6439983,19942
6440274,19943
6440277,19944
6440298,19945
6440743,19946
6441067,19947
6441216,19948
6441239,19949
6441640,19950
6441748,19951
6441772,19952
6441819,19953
6442125,19954
6442682,19955
6442765,19956
6442982,19957
6443309,19958
6443460,19959
6443553,19960
6443814,19961
6443934,19962
6444042,19963
6444159,19964
6444378,19965
6444629,19966
6444658,19967
6444744,19968
6444821,19969
6444851,19970
6445349,19971
6445360,19972
6445365,19973
6445507,19974
6445520,19975
6445797,19976
6445956,19977
6446557,19978
6446683,19979
6446859,19980
6447256,19981
6448212,19982
6448255,19983
6448889,19984
6449191,19985
6449215,19986
6449227,19987
6449550,19988
6449795,19989
6449881,19990
6450331,19991
6450439,19992
6450595,19993
6450753,19994
6450772,19995
6451277,19996
6451485,19997
6451618,19998
6451638,19999
6451845,20000
6451998,20001
6452064,20002
6452464,20003
6452484,20004
6452523,20005
6452583,20006
6452654,20007
6452667,20008
6453042,20009
6453087,20010
6453400,20011
6453410,20012
6453482,20013
6453554,20014
6453645,20015
6454372,20016
6454873,20017
6454918,20018
6455844,20019
6455949,20020
6456335,20021
6456418,20022
6456619,20023
6456865,20024
6456900,20025
6456964,20026
6457260,20027
6457679,20028
6457775,20029
6457831,20030
6458493,20031
6458546,20032
6458602,20033
6458730,20034
6458754,20035
6458969,20036
6459017,20037
6459088,20038
6459336,20039
6459433,20040
6459459,20041
6459903,20042
6459928,20043
6459999,20044
6460023,20045
6460292,20046
6460670,20047
6460772,20048
6460874,20049
6461072,20050
6461570,20051
6461670,20052
6462219,20053
6462959,20054
6463035,20055
6463503,20056
6463609,20057
6463674,20058
6463969,20059
6464264,20060
6464472,20061
6464527,20062
6464743,20063
6465037,20064
6465201,20065
6465255,20066
6465543,20067
6465548,20068
6466098,20069
6466418,20070
6466466,20071
6466562,20072
6467493,20073
6467573,20074
6467633,20075
6467640,20076
6467710,20077
6468049,20078
6469509,20079
6470597,20080
6470774,20081
6470797,20082
6470973,20083
6471193,20084
6471307,20085
6471311,20086
6472175,20087
6472338,20088
6472396,20089
6472508,20090
6472881,20091
6473187,20092
6473348,20093
6473616,20094
6473617,20095
6473675,20096
6473708,20097
6473792,20098
6473830,20099
6474113,20100
6474145,20101
6474237,20102
6475263,20103
6475349,20104
6475383,20105
6475892,20106
6476303,20107
6476711,20108
6477015,20109
6477370,20110
6477473,20111
6477530,20112
6477900,20113
6478041,20114
6478427,20115
6478512,20116
6478620,20117
6478636,20118
6478706,20119
6479034,20120
6479177,20121
6479256,20122
6479411,20123
6479555,20124
6479585,20125
6479589,20126
6479849,20127
6480316,20128
6480344,20129
6480500,20130
6480646,20131
6481004,20132
6481084,20133
6481263,20134
6481394,20135
6481962,20136
6482249,20137
6482493,20138
6483436,20139
6483507,20140
6483782,20141
6484253,20142
6484551,20143
6484640,20144
6484781,20145
6484806,20146
6484911,20147
6485062,20148
6485132,20149
6485646,20150
6486836,20151
6487767,20152
6488128,20153
6488248,20154
6488505,20155
6488855,20156
6488998,20157
6489483,20158
6489505,20159
6489875,20160
6490663,20161
6490749,20162
6491656,20163
6492143,20164
6492299,20165
6492345,20166
6492419,20167
6492517,20168
6492778,20169
6493078,20170
6493322,20171
6493346,20172
6493453,20173
6493717,20174
6494855,20175
6495217,20176
6495504,20177
6495673,20178
6496214,20179
6496786,20180
6496856,20181
6496990,20182
6497153,20183
6497658,20184
6497693,20185
6497699,20186
6497737,20187
6498317,20188
6498404,20189
6498405,20190
6498441,20191
6498588,20192
6499234,20193
6499687,20194
6499773,20195
6499934,20196
6500213,20197
6500816,20198
6501000,20199
6501433,20200
6501870,20201
6502539,20202
6502572,20203
6502667,20204
6502923,20205
6502978,20206
6503223,20207
6503410,20208
6503661,20209
6504652,20210
6504739,20211
6504913,20212
6505061,20213
6505120,20214
6505160,20215
6505686,20216
6505732,20217
6505883,20218
6505930,20219
6506578,20220
6506654,20221
6506752,20222
6506880,20223
6507539,20224
6508794,20225
6508856,20226
6509367,20227
6509597,20228
6510472,20229
6510903,20230
6511204,20231
6511325,20232
6511327,20233
6511566,20234
6512082,20235
6512348,20236
6512509,20237
6512916,20238
6513272,20239
6513649,20240
6513790,20241
6513838,20242
6514767,20243
6514771,20244
6515784,20245
6516254,20246
6516292,20247
6516350,20248
6516403,20249
6516525,20250
6516599,20251
6516653,20252
6517185,20253
6517565,20254
6518536,20255
6518751,20256
6518893,20257
6518896,20258
6519369,20259
6520621,20260
6521279,20261
6521317,20262
6521558,20263
6521650,20264
6521738,20265
6522474,20266
6522613,20267
6522785,20268
6523411,20269
6523657,20270
6523896,20271
6523969,20272
6524237,20273
6524293,20274
6524581,20275
6524655,20276
6524896,20277
6525187,20278
6525424,20279
6525729,20280
6525936,20281
6526458,20282
6526913,20283
6527061,20284
6527459,20285
6527474,20286
6527534,20287
6527889,20288
6528135,20289
6528175,20290
6528624,20291
6529554,20292
6529638,20293
6529932,20294
6529950,20295
6530010,20296
6530028,20297
6530237,20298
6530393,20299
6530397,20300
6531421,20301
6531527,20302
6531646,20303
6531731,20304
6533209,20305
6533273,20306
6533284,20307
6534142,20308
6534392,20309
6534474,20310
6534507,20311
6534633,20312
6535308,20313
6535680,20314
6535780,20315
6536078,20316
6536567,20317
6536718,20318
6536984,20319
6537052,20320
6537057,20321
6537166,20322
6537769,20323
6537828,20324
6538119,20325
6538260,20326
6538646,20327
6539032,20328
6539294,20329
6539611,20330
6539621,20331
6540268,20332
6540941,20333
6540963,20334
6540972,20335
6541068,20336
6541248,20337
6541336,20338
6541455,20339
6541752,20340
6541951,20341
6542047,20342
6542179,20343
6542747,20344
6542776,20345
6543001,20346
6543197,20347
6544441,20348
6544539,20349
6544660,20350
6544903,20351
6545214,20352
6545892,20353
6546042,20354
6546474,20355
6546845,20356
6546940,20357
6547124,20358
6547346,20359
6547924,20360
6548052,20361
6548150,20362
6548298,20363
6548316,20364
6548460,20365
6548544,20366
6548593,20367
6548652,20368
6548696,20369
6548849,20370
6549985,20371
6550480,20372
6550615,20373
6550878,20374
6550958,20375
6550959,20376
6551317,20377
6551999,20378
6552057,20379
6552330,20380
6552917,20381
6553305,20382
6553461,20383
6553654,20384
6553694,20385
6553801,20386
6554100,20387
6554946,20388
6555090,20389
6555111,20390
6555203,20391
6555212,20392
6555533,20393
6555592,20394
6555725,20395
6555760,20396
6555961,20397
6555983,20398
6556324,20399
6556473,20400
6556522,20401
6556560,20402
6556764,20403
6557111,20404
6557193,20405
6557479,20406
6557629,20407
6557886,20408
6558300,20409
6558367,20410
6558509,20411
6558859,20412
6558880,20413
6558912,20414
6559101,20415
6559534,20416
6559784,20417
6560168,20418
6560220,20419
6560291,20420
6560938,20421
6561171,20422
6561453,20423
6561460,20424
6561557,20425
6561783,20426
6562253,20427
6562679,20428
6562800,20429
6562882,20430
6563063,20431
6563318,20432
6563362,20433
6563420,20434
6563561,20435
6563623,20436
6563936,20437
6564186,20438
6564222,20439
6564478,20440
6564637,20441
6564675,20442
6564830,20443
6564851,20444
6565211,20445
6565359,20446
6565677,20447
6566608,20448
6566913,20449
6567228,20450
6567312,20451
6567973,20452
6568261,20453
6568325,20454
6568394,20455
6568584,20456
6568658,20457
6568786,20458
6569085,20459
6569110,20460
6569121,20461
6569291,20462
6569625,20463
6570278,20464
6570351,20465
6570492,20466
6570969,20467
6572024,20468
6572179,20469
6572201,20470
6572907,20471
6573614,20472
6573630,20473
6574714,20474
6574775,20475
6574908,20476
6574918,20477
6575079,20478
6575246,20479
6575955,20480
6576197,20481
6576328,20482
6576662,20483
6576746,20484
6576916,20485
6577114,20486
6577266,20487
6577471,20488
6578324,20489
6579012,20490
6579051,20491
6579271,20492
6579943,20493
6580049,20494
6580196,20495
6580254,20496
6580661,20497
6581815,20498
6581824,20499
6581918,20500
6582098,20501
6582352,20502
6582576,20503
6582628,20504
6582731,20505
6582753,20506
6583002,20507
6583335,20508
6583358,20509
6583597,20510
6583737,20511
6583831,20512
6583924,20513
6584139,20514
6584172,20515
6584287,20516
6584421,20517
6584464,20518
6584512,20519
6585030,20520
6585507,20521
6585643,20522
6585781,20523
6586233,20524
6586304,20525
6586446,20526
6586799,20527
6587208,20528
6587209,20529
6587281,20530
6587438,20531
6587484,20532
6587560,20533
6587998,20534
6588062,20535
6588169,20536
6588438,20537
6588441,20538
6588465,20539
6588596,20540
6588695,20541
6588883,20542
6588889,20543
6589190,20544
6589796,20545
6589828,20546
6589853,20547
6589866,20548
6589957,20549
6590190,20550
6590581,20551
6590583,20552
6590841,20553
6591017,20554
6591119,20555
6591685,20556
6592037,20557
6592063,20558
6592206,20559
6593271,20560
6593413,20561
6594049,20562
6594153,20563
6594229,20564
6594457,20565
6594743,20566
6595180,20567
6595332,20568
6596086,20569
6596098,20570
6596703,20571
6597017,20572
6597050,20573
6597067,20574
6597239,20575
6597315,20576
6597715,20577
6598109,20578
6598556,20579
6598722,20580
6598809,20581
6598875,20582
6599124,20583
6599171,20584
6599272,20585
6599426,20586
6599570,20587
6599598,20588
6600296,20589
6601178,20590
6601531,20591
6601572,20592
6602090,20593
6602132,20594
6602312,20595
6602454,20596
6602486,20597
6602983,20598
6603107,20599
6603108,20600
6603467,20601
6603512,20602
6604021,20603
6604379,20604
6604779,20605
6604819,20606
6604894,20607
6605561,20608
6605641,20609
6605900,20610
6605926,20611
6605983,20612
6605989,20613
6606452,20614
6606507,20615
6606626,20616
6607804,20617
6608021,20618
6608668,20619
6608916,20620
6609546,20621
6609794,20622
6610180,20623
6610337,20624
6610505,20625
6610604,20626
6610685,20627
6610999,20628
6611155,20629
6611317,20630
6611348,20631
6611443,20632
6611600,20633
6611818,20634
6612013,20635
6612753,20636
6612910,20637
6612926,20638
6613090,20639
6613197,20640
6613318,20641
6613939,20642
6614257,20643
6614885,20644
6615065,20645
6615440,20646
6615854,20647
6616049,20648
6616623,20649
6616719,20650
6616944,20651
6616991,20652
6617352,20653
6617446,20654
6617913,20655
6618069,20656
6618087,20657
6618614,20658
6618817,20659
6618899,20660
6618905,20661
6619152,20662
6619174,20663
6619250,20664
6619479,20665
6619840,20666
6620117,20667
6620126,20668
6620779,20669
6621075,20670
6621101,20671
6621174,20672
6621224,20673
6621769,20674
6621827,20675
6622868,20676
6623107,20677
6623158,20678
6623545,20679
6623575,20680
6623711,20681
6623751,20682
6623964,20683
6624412,20684
6624478,20685
6624658,20686
6626147,20687
6626859,20688
6627062,20689
6627285,20690
6627484,20691
6627564,20692
6628096,20693
6628303,20694
6628784,20695
6628924,20696
6628988,20697
6629304,20698
6629310,20699
6629336,20700
6629688,20701
6629855,20702
6630119,20703
6630641,20704
6630684,20705
6630963,20706
6631106,20707
6631140,20708
6631567,20709
6631706,20710
6632092,20711
6632568,20712
6632791,20713
6632986,20714
6633124,20715
6633267,20716
6634069,20717
6634215,20718
6634804,20719
6634912,20720
6634975,20721
6635016,20722
6635140,20723
6635355,20724
6635511,20725
6636425,20726
6636447,20727
6636656,20728
6637294,20729
6637311,20730
6637675,20731
6637878,20732
6638009,20733
6638088,20734
6638425,20735
6638532,20736
6638613,20737
6638956,20738
6639347,20739
6640253,20740
6640540,20741
6640595,20742
6641150,20743
6641323,20744
6641433,20745
6641512,20746
6641647,20747
6641774,20748
6641882,20749
6641935,20750
6642048,20751
6642067,20752
6642180,20753
6642771,20754
6642790,20755
6642945,20756
6643028,20757
6644122,20758
6644403,20759
6644466,20760
6644600,20761
6644698,20762
6644977,20763
6645272,20764
6645508,20765
6645614,20766
6645657,20767
6645665,20768
6646341,20769
6646372,20770
6646782,20771
6647005,20772
6647100,20773
6647558,20774
6647951,20775
6648079,20776
6648197,20777
6648505,20778
6648513,20779
6648556,20780
6648588,20781
6648687,20782
6648921,20783
6648956,20784
6648966,20785
6648983,20786
6649002,20787
6649200,20788
6649223,20789
6649284,20790
6649572,20791
6649957,20792
6650126,20793
6650765,20794
6651075,20795
6651218,20796
6651249,20797
6651744,20798
6651853,20799
6652129,20800
6652314,20801
6652545,20802
6652801,20803
6653036,20804
6653123,20805
6653256,20806
6653441,20807
6654154,20808
6654567,20809
6654664,20810
6654723,20811
6654824,20812
6655251,20813
6655908,20814
6656095,20815
6656305,20816
6656893,20817
6657079,20818
6657273,20819
6657411,20820
6657445,20821
6657666,20822
6657729,20823
6658466,20824
6658900,20825
6659215,20826
6659282,20827
6659412,20828
6659510,20829
6659665,20830
6660636,20831
6661020,20832
6661555,20833
6661582,20834
6662221,20835
6663122,20836
6663220,20837
6663252,20838
6663786,20839
6663824,20840
6664023,20841
6664140,20842
6664475,20843
6664543,20844
6664559,20845
6664574,20846
6664842,20847
6665120,20848
6665166,20849
6665405,20850
6665535,20851
6665545,20852
6665719,20853
6665789,20854
6665906,20855
6665963,20856
6666100,20857
6666659,20858
6666718,20859
6666983,20860
6667536,20861
6667648,20862
6667686,20863
6667914,20864
6668103,20865
6668406,20866
6668694,20867
6668708,20868
6668776,20869
6669077,20870
6669283,20871
6669352,20872
6669491,20873
6669643,20874
6670477,20875
6670724,20876
6671104,20877
6671195,20878
6671342,20879
6671386,20880
6671424,20881
6672468,20882
6672569,20883
6672615,20884
6672752,20885
6672943,20886
6673184,20887
6673371,20888
6673408,20889
6673959,20890
6674063,20891
6674262,20892
6674352,20893
6674386,20894
6674411,20895
6674484,20896
6674545,20897
6675080,20898
6675131,20899
6675201,20900
6675335,20901
6675653,20902
6675814,20903
6676010,20904
6676184,20905
6676305,20906
6676595,20907
6676611,20908
6676680,20909
6676735,20910
6677095,20911
6677244,20912
6677509,20913
6677543,20914
6677846,20915
6677993,20916
6678043,20917
6678075,20918
6678412,20919
6678800,20920
6679752,20921
6680144,20922
6680334,20923
6680405,20924
6680593,20925
6680778,20926
6680904,20927
6681089,20928
6681635,20929
6682132,20930
6682269,20931
6682600,20932
6682694,20933
6683013,20934
6683242,20935
6683628,20936
6683722,20937
6683733,20938
6683933,20939
6684398,20940
6684425,20941
6684573,20942
6684917,20943
6684984,20944
6685026,20945
6685157,20946
6685705,20947
6685960,20948
6686568,20949
6686739,20950
6686957,20951
6687035,20952
6687040,20953
6687297,20954
6687917,20955
6687922,20956
6688137,20957
6688434,20958
6688910,20959
6689501,20960
6689538,20961
6689599,20962
6690012,20963
6690123,20964
6690712,20965
6690935,20966
6691238,20967
6691453,20968
6691510,20969
6691688,20970
6691860,20971
6691939,20972
6692025,20973
6692074,20974
6692313,20975
6692478,20976
6692540,20977
6693656,20978
6693745,20979
6693861,20980
6693996,20981
6694065,20982
6694267,20983
6694665,20984
6694720,20985
6694902,20986
6695178,20987
6695474,20988
6695905,20989
6696352,20990
6696692,20991
6696780,20992
6697149,20993
6697214,20994
6697681,20995
6697890,20996
6698001,20997
6698345,20998
6698684,20999
6698970,21000
6699084,21001
6699285,21002
6699399,21003
6699722,21004
6699850,21005
6700062,21006
6700186,21007
6700218,21008
6700441,21009
6700493,21010
6700563,21011
6700656,21012
6700866,21013
6700963,21014
6701070,21015
6701245,21016
6701542,21017
6701779,21018
6701934,21019
6702498,21020
6702695,21021
6702749,21022
6702818,21023
6702833,21024
6702862,21025
6703005,21026
6703032,21027
6703651,21028
6703799,21029
6703844,21030
6704291,21031
6704425,21032
6704664,21033
6705283,21034
6705287,21035
6705325,21036
6705419,21037
6705484,21038
6706512,21039
6706696,21040
6706945,21041
6706947,21042
6707024,21043
6707127,21044
6707170,21045
6707311,21046
6707540,21047
6708165,21048
6708188,21049
6708385,21050
6708769,21051
6709264,21052
6710096,21053
6710189,21054
6710283,21055
6710329,21056
6710958,21057
6711479,21058
6712103,21059
6712333,21060
6712593,21061
6712629,21062
6713004,21063
6713414,21064
6713487,21065
6713601,21066
6714401,21067
6714648,21068
6714775,21069
6714866,21070
6715201,21071
6715243,21072
6715420,21073
6715630,21074
6715661,21075
6715801,21076
6716420,21077
6716475,21078
6716681,21079
6716754,21080
6716849,21081
6716862,21082
6716940,21083
6716973,21084
6717094,21085
6717235,21086
6717262,21087
6717873,21088
6718215,21089
6718315,21090
6718322,21091
6718797,21092
6719103,21093
6719436,21094
6719572,21095
6719721,21096
6719813,21097
6720208,21098
6720578,21099
6720611,21100
6720707,21101
6720773,21102
6721010,21103
6721011,21104
6721085,21105
6721646,21106
6721913,21107
6722015,21108
6722073,21109
6722725,21110
6722727,21111
6723313,21112
6723373,21113
6723447,21114
6723596,21115
6723714,21116
6724426,21117
6724897,21118
6724913,21119
6725531,21120
6725624,21121
6725946,21122
6726082,21123
6726192,21124
6726574,21125
6727284,21126
6727880,21127
6727973,21128
6728351,21129
6728356,21130
6728471,21131
6728892,21132
6729070,21133
6729240,21134
6729516,21135
6729987,21136
6730292,21137
6730301,21138
6730586,21139
6730649,21140
6730688,21141
6731472,21142
6731794,21143
6731956,21144
6732018,21145
6732171,21146
6732197,21147
6732842,21148
6732897,21149
6732975,21150
6733033,21151
6734239,21152
6734386,21153
6734466,21154
6734734,21155
6734954,21156
6735024,21157
6735300,21158
6735492,21159
6735623,21160
6735890,21161
6735991,21162
6736058,21163
6736119,21164
6736139,21165
6736214,21166
6736265,21167
6736504,21168
6736544,21169
6736591,21170
6736976,21171
6737318,21172
6737354,21173
6737789,21174
6737893,21175
6737997,21176
6738292,21177
6738345,21178
6738787,21179
6739089,21180
6739181,21181
6739365,21182
6739910,21183
6739990,21184
6740339,21185
6740450,21186
6740796,21187
6741503,21188
6741512,21189
6741717,21190
6741814,21191
6741889,21192
6741978,21193
6742014,21194
6742980,21195
6743270,21196
6743348,21197
6743397,21198
6743917,21199
6744035,21200
6744339,21201
6744388,21202
6744650,21203
6744842,21204
6744850,21205
6745209,21206
6745794,21207
6745838,21208
6746042,21209
6746393,21210
6746506,21211
6746546,21212
6746918,21213
6746947,21214
6747363,21215
6747472,21216
6748618,21217
6748671,21218
6748735,21219
6748955,21220
6750709,21221
6750726,21222
6750832,21223
6751029,21224
6751097,21225
6751213,21226
6751299,21227
6751426,21228
6751648,21229
6751781,21230
6751994,21231
6751999,21232
6752115,21233
6752139,21234
6752211,21235
6753222,21236
6753424,21237
6753586,21238
6753930,21239
6754113,21240
6755019,21241
6755154,21242
6755266,21243
6755877,21244
6755972,21245
6756047,21246
6756280,21247
6756581,21248
6756605,21249
6756941,21250
6757000,21251
6757040,21252
6757122,21253
6757405,21254
6757470,21255
6758011,21256
6758032,21257
6758316,21258
6758399,21259
6758530,21260
6758537,21261
6758557,21262
6758749,21263
6759023,21264
6759193,21265
6759224,21266
6759342,21267
6759521,21268
6759749,21269
6759841,21270
6760098,21271
6760949,21272
6761213,21273
6761291,21274
6761305,21275
6761466,21276
6761562,21277
6761692,21278
6761714,21279
6761799,21280
6762054,21281
6762124,21282
6762804,21283
6762866,21284
6762881,21285
6763025,21286
6763384,21287
6763416,21288
6764009,21289
6764387,21290
6764892,21291
6764909,21292
6764932,21293
6765141,21294
6765218,21295
6765265,21296
6765354,21297
6765400,21298
6765519,21299
6765531,21300
6765827,21301
6765922,21302
6766181,21303
6766575,21304
6766870,21305
6767223,21306
6767324,21307
6767359,21308
6768061,21309
6768160,21310
6768192,21311
6768213,21312
6768296,21313
6768469,21314
6768762,21315
6768993,21316
6769173,21317
6769233,21318
6769244,21319
6769408,21320
6769602,21321
6769654,21322
6769784,21323
6769811,21324
6769958,21325
6770018,21326
6770277,21327
6770581,21328
6770981,21329
6771122,21330
6771355,21331
6771419,21332
6771594,21333
6771618,21334
6772177,21335
6772493,21336
6772507,21337
6773109,21338
6773731,21339
6773913,21340
6773984,21341
6774042,21342
6774499,21343
6774637,21344
6775242,21345
6775264,21346
6776068,21347
6776355,21348
6776414,21349
6776591,21350
6776620,21351
6776943,21352
6776958,21353
6777971,21354
6778380,21355
6778644,21356
6778688,21357
6778788,21358
6779769,21359
6780490,21360
6781069,21361
6781246,21362
6781289,21363
6781497,21364
6781567,21365
6782565,21366
6783239,21367
6783358,21368
6783714,21369
6783755,21370
6784870,21371
6785207,21372
6785400,21373
6785518,21374
6785850,21375
6786700,21376
6787171,21377
6787232,21378
6787283,21379
6787496,21380
6787667,21381
6787731,21382
6787849,21383
6788483,21384
6788616,21385
6789066,21386
6789294,21387
6789505,21388
6789638,21389
6790053,21390
6790274,21391
6790352,21392
6790384,21393
6790492,21394
6790624,21395
6790720,21396
6791102,21397
6791141,21398
6791301,21399
6791753,21400
6791817,21401
6792131,21402
6792197,21403
6792206,21404
6792515,21405
6792728,21406
6792942,21407
6793137,21408
6793282,21409
6793351,21410
6793534,21411
6793560,21412
6793569,21413
6793690,21414
6793802,21415
6794185,21416
6794804,21417
6794962,21418
6795509,21419
6795831,21420
6796020,21421
6796069,21422
6796144,21423
6796353,21424
6796662,21425
6796708,21426
6796885,21427
6797448,21428
6797520,21429
6797628,21430
6797721,21431
6797828,21432
6798226,21433
6798526,21434
6798806,21435
6799374,21436
6799559,21437
6799617,21438
6799851,21439
6799924,21440
6800110,21441
6800510,21442
6800943,21443
6800954,21444
6800992,21445
6801843,21446
6802539,21447
6802827,21448
6803064,21449
6803214,21450
6803356,21451
6803447,21452
6804451,21453
6805932,21454
6806115,21455
6806757,21456
6806929,21457
6807195,21458
6807204,21459
6807325,21460
6807560,21461
6807900,21462
6808073,21463
6808158,21464
6808185,21465
6808265,21466
6808532,21467
6808546,21468
6809149,21469
6809644,21470
6809833,21471
6809887,21472
6810135,21473
6810348,21474
6810529,21475
6810576,21476
6810711,21477
6811138,21478
6811619,21479
6811855,21480
6811983,21481
6812312,21482
6812957,21483
6813409,21484
6813471,21485
6814078,21486
6814389,21487
6814517,21488
6814577,21489
6814769,21490
6815324,21491
6815422,21492
6815426,21493
6815564,21494
6815727,21495
6815865,21496
6815946,21497
6816132,21498
6816150,21499
6817034,21500
6817787,21501
6817963,21502
6817977,21503
6818188,21504
6818456,21505
6818652,21506
6819809,21507
6819978,21508
6820095,21509
6820134,21510
6820216,21511
6820281,21512
6820324,21513
6820369,21514
6820441,21515
6820821,21516
6821083,21517
6821154,21518
6821229,21519
6821366,21520
6821421,21521
6821960,21522
6822160,21523
6822201,21524
6822474,21525
6822595,21526
6823371,21527
6823573,21528
6824087,21529
6824527,21530
6824632,21531
6825274,21532
6825348,21533
6825638,21534
6826085,21535
6826334,21536
6826738,21537
6826779,21538
6827075,21539
6827150,21540
6827255,21541
6827407,21542
6827437,21543
6827580,21544
6828254,21545
6828348,21546
6828406,21547
6828440,21548
6828574,21549
6828645,21550
6828735,21551
6828784,21552
6828913,21553
6829446,21554
6829540,21555
6829791,21556
6829830,21557
6830405,21558
6830427,21559
6830624,21560
6830949,21561
6831097,21562
6831132,21563
6831479,21564
6831502,21565
6831561,21566
6831610,21567
6831683,21568
6832004,21569
6832627,21570
6832691,21571
6833331,21572
6833923,21573
6834237,21574
6834294,21575
6834306,21576
6834339,21577
6834388,21578
6835088,21579
6835237,21580
6835988,21581
6836759,21582
6836815,21583
6837182,21584
6837199,21585
6837238,21586
6837240,21587
6837315,21588
6837531,21589
6838198,21590
6838300,21591
6838409,21592
6838719,21593
6838803,21594
6839064,21595
6839131,21596
6839382,21597
6839404,21598
6839674,21599
6839809,21600
6840330,21601
6840968,21602
6841313,21603
6841472,21604
6841808,21605
6842362,21606
6842819,21607
6843018,21608
6843020,21609
6843064,21610
6843377,21611
6843796,21612
6844021,21613
6844103,21614
6844484,21615
6844622,21616
6844817,21617
6844943,21618
6845140,21619
6845212,21620
6846669,21621
6846677,21622
6846712,21623
6846799,21624
6847025,21625
6847162,21626
6847249,21627
6847271,21628
6847296,21629
6847405,21630
6847748,21631
6848304,21632
6848376,21633
6848460,21634
6848619,21635
6848653,21636
6848676,21637
6848766,21638
6848773,21639
6848884,21640
6848950,21641
6848977,21642
6849118,21643
6849733,21644
6849742,21645
6849900,21646
6849928,21647
6850123,21648
6850207,21649
6850363,21650
6850510,21651
6850556,21652
6850831,21653
6851147,21654
6851204,21655
6851273,21656
6851274,21657
6851435,21658
6851675,21659
6851879,21660
6852400,21661
6852558,21662
6853147,21663
6853157,21664
6853700,21665
6854041,21666
6854125,21667
6854418,21668
6854450,21669
6854472,21670
6854757,21671
6854799,21672
6854840,21673
6855116,21674
6855387,21675
6855733,21676
6855768,21677
6855833,21678
6856117,21679
6856164,21680
6856172,21681
6856284,21682
6857707,21683
6858075,21684
6858177,21685
6858699,21686
6858800,21687
6858966,21688
6858981,21689
6859059,21690
6859431,21691
6859459,21692
6859503,21693
6859739,21694
6859797,21695
6860557,21696
6861020,21697
6861194,21698
6861384,21699
6861400,21700
6861585,21701
6861883,21702
6862311,21703
6862378,21704
6862582,21705
6862802,21706
6862943,21707
6863494,21708
6863906,21709
6864699,21710
6865368,21711
6865624,21712
6865729,21713
6865750,21714
6865821,21715
6865945,21716
6866669,21717
6866688,21718
6867579,21719
6867714,21720
6867800,21721
6867824,21722
6867851,21723
6868353,21724
6868609,21725
6868887,21726
6869087,21727
6869132,21728
6869316,21729
6869354,21730
6870117,21731
6870297,21732
6870543,21733
6871291,21734
6872099,21735
6872248,21736
6872249,21737
6872324,21738
6872482,21739
6872675,21740
6872704,21741
6872866,21742
6873091,21743
6873258,21744
6873357,21745
6873635,21746
6873831,21747
6873859,21748
6874023,21749
6874425,21750
6874502,21751
6874872,21752
6874925,21753
6875142,21754
6875538,21755
6875601,21756
6875851,21757
6875949,21758
6875976,21759
6876018,21760
6876029,21761
6876337,21762
6876504,21763
6876819,21764
6877190,21765
6877281,21766
6877301,21767
6877310,21768
6877610,21769
6878188,21770
6878469,21771
6878593,21772
6878598,21773
6878700,21774
6878788,21775
6879064,21776
6879161,21777
6879272,21778
6879849,21779
6879884,21780
6879992,21781
6880095,21782
6880384,21783
6880492,21784
6880884,21785
6881053,21786
6881286,21787
6881521,21788
6881771,21789
6882184,21790
6882960,21791
6882973,21792
6883125,21793
6883899,21794
6883932,21795
6883997,21796
6884285,21797
6884600,21798
6884831,21799
6884975,21800
6884986,21801
6885409,21802
6885768,21803
6885774,21804
6886107,21805
6886624,21806
6886782,21807
6887028,21808
6887383,21809
6887552,21810
6887645,21811
6888276,21812
6888919,21813
6889624,21814
6889798,21815
6889905,21816
6889977,21817
6889982,21818
6890035,21819
6890985,21820
6891792,21821
6891839,21822
6892052,21823
6892157,21824
6892161,21825
6892335,21826
6892349,21827
6892385,21828
6892409,21829
6892422,21830
6892542,21831
6892765,21832
6892973,21833
6892988,21834
6893090,21835
6893098,21836
6893747,21837
6894151,21838
6894233,21839
6894271,21840
6894398,21841
6894536,21842
6894957,21843
6895097,21844
6895410,21845
6897653,21846
6898000,21847
6898120,21848
6898230,21849
6898454,21850
6898559,21851
6898628,21852
6898715,21853
6899850,21854
6900122,21855
6900499,21856
6900886,21857
6900998,21858
6901022,21859
6901128,21860
6901374,21861
6901619,21862
6901623,21863
6902023,21864
6902081,21865
6902325,21866
6902574,21867
6902686,21868
6902819,21869
6902947,21870
6902959,21871
6903063,21872
6903800,21873
6903885,21874
6904110,21875
6904246,21876
6904518,21877
6904594,21878
6904870,21879
6905080,21880
6905199,21881
6906306,21882
6906404,21883
6906593,21884
6906710,21885
6907368,21886
6907602,21887
6908909,21888
6909103,21889
6909269,21890
6909398,21891
6910093,21892
6910728,21893
6911001,21894
6911285,21895
6911465,21896
6911916,21897
6912240,21898
6912559,21899
6912577,21900
6913192,21901
6913210,21902
6913612,21903
6913916,21904
6913990,21905
6914106,21906
6914507,21907
6914757,21908
6914836,21909
6914868,21910
6915164,21911
6915344,21912
6916030,21913
6916489,21914
6916675,21915
6916740,21916
6916928,21917
6917474,21918
6917517,21919
6917694,21920
6917769,21921
6917775,21922
6918275,21923
6918451,21924
6918861,21925
6919268,21926
6919610,21927
6919718,21928
6919979,21929
6920029,21930
6920443,21931
6920620,21932
6920980,21933
6921019,21934
6921152,21935
6921179,21936
6921199,21937
6921569,21938
6921917,21939
6922173,21940
6922369,21941
6923195,21942
6923550,21943
6924137,21944
6924281,21945
6924768,21946
6925165,21947
6925431,21948
6925593,21949
6925682,21950
6925839,21951
6925860,21952
6926116,21953
6926268,21954
6926416,21955
6926456,21956
6926877,21957
6927168,21958
6927315,21959
6927326,21960
6927567,21961
6928598,21962
6929029,21963
6929111,21964
6929338,21965
6929472,21966
6929718,21967
6930053,21968
6930553,21969
6930813,21970
6930998,21971
6931179,21972
6931191,21973
6931237,21974
6931576,21975
6931610,21976
6931635,21977
6931755,21978
6932370,21979
6933052,21980
6933055,21981
6933245,21982
6933562,21983
6933943,21984
6933953,21985
6934195,21986
6934642,21987
6934771,21988
6935417,21989
6935422,21990
6935841,21991
6936882,21992
6937193,21993
6937790,21994
6938129,21995
6938797,21996
6939546,21997
6939760,21998
6939891,21999
6940523,22000
6941042,22001
6941115,22002
6941763,22003
6942434,22004
6942557,22005
6942656,22006
6942964,22007
6943738,22008
6944228,22009
6944255,22010
6944586,22011
6944613,22012
6944745,22013
6945085,22014
6945612,22015
6946076,22016
6946127,22017
6946372,22018
6946873,22019
6947049,22020
6947320,22021
6947558,22022
6947928,22023
6948097,22024
6948418,22025
6948426,22026
6948444,22027
6948499,22028
6948577,22029
6948630,22030
6948698,22031
6948744,22032
6948827,22033
6948860,22034
6948901,22035
6948966,22036
6948968,22037
6949226,22038
6949441,22039
6949646,22040
6949739,22041
6950805,22042
6950913,22043
6950935,22044
6951362,22045
6951436,22046
6951446,22047
6951736,22048
6951761,22049
6951795,22050
6951983,22051
6952058,22052
6952113,22053
6952747,22054
6953437,22055
6953956,22056
6954001,22057
6954195,22058
6954627,22059
6954689,22060
6955119,22061
6955180,22062
6955195,22063
6955451,22064
6955973,22065
6957075,22066
6957540,22067
6957693,22068
6957862,22069
6958677,22070
6958711,22071
6959137,22072
6959207,22073
6959231,22074
6959748,22075
6959941,22076
6960053,22077
6960079,22078
6960606,22079
6960800,22080
6961103,22081
6961319,22082
6961466,22083
6961846,22084
6962158,22085
6962203,22086
6962243,22087
6962282,22088
6962645,22089
6963005,22090
6963158,22091
6963523,22092
6963886,22093
6964875,22094
6964980,22095
6965504,22096
6965690,22097
6966590,22098
6966677,22099
6967554,22100
6968006,22101
6968032,22102
6968155,22103
6968251,22104
6968377,22105
6968665,22106
6969277,22107
6969312,22108
6969673,22109
6969740,22110
6969827,22111
6970465,22112
6970691,22113
6971168,22114
6971222,22115
6971755,22116
6972201,22117
6972591,22118
6972664,22119
6972788,22120
6972843,22121
6973200,22122
6973829,22123
6973898,22124
6974063,22125
6974072,22126
6974180,22127
6974211,22128
6974225,22129
6974368,22130
6974384,22131
6974399,22132
6974431,22133
6974811,22134
6975028,22135
6975050,22136
6975085,22137
6975136,22138
6976032,22139
6976092,22140
6976109,22141
6976250,22142
6976306,22143
6976900,22144
6976957,22145
6977057,22146
6977506,22147
6977673,22148
6977695,22149
6977792,22150
6977827,22151
6978015,22152
6978021,22153
6978489,22154
6979169,22155
6979306,22156
6979424,22157
6979722,22158
6980022,22159
6980176,22160
6980503,22161
6980651,22162
6980869,22163
6981291,22164
6981513,22165
6981517,22166
6981594,22167
6981647,22168
6981808,22169
6982317,22170
6982354,22171
6982541,22172
6982571,22173
6982721,22174
6982738,22175
6982765,22176
6983452,22177
6983619,22178
6983640,22179
6983752,22180
6983821,22181
6983854,22182
6984794,22183
6985764,22184
6985940,22185
6986029,22186
6986346,22187
6986956,22188
6987169,22189
6987235,22190
6987347,22191
6987641,22192
6988928,22193
6989022,22194
6989095,22195
6989180,22196
6989538,22197
6989841,22198
6989871,22199
6989896,22200
6990236,22201
6990466,22202
6991082,22203
6991331,22204
6991659,22205
6991673,22206
6991704,22207
6991731,22208
6992078,22209
6992221,22210
6992264,22211
6992535,22212
6992552,22213
6992799,22214
6993108,22215
6993580,22216
6993615,22217
6993632,22218
6993854,22219
6994287,22220
6994447,22221
6994823,22222
6995274,22223
6995301,22224
6995390,22225
6996036,22226
6996068,22227
6996156,22228
6996973,22229
6996974,22230
6997466,22231
6997592,22232
6998154,22233
6998466,22234
6998478,22235
6999381,22236
6999715,22237
7000048,22238
7000167,22239
7000479,22240
7000950,22241
7001315,22242
7001412,22243
7001448,22244
7002287,22245
7002371,22246
7002593,22247
7002615,22248
7003335,22249
7003366,22250
7003754,22251
7003993,22252
7004296,22253
7004474,22254
7004487,22255
7004683,22256
7004810,22257
7005095,22258
7005190,22259
7005280,22260
7005324,22261
7005495,22262
7005532,22263
7006307,22264
7006953,22265
7007076,22266
7007144,22267
7007512,22268
7007578,22269
7008041,22270
7008823,22271
7009042,22272
7009131,22273
7009166,22274
7009779,22275
7009911,22276
7009938,22277
7010052,22278
7010256,22279
7010421,22280
7010461,22281
7010571,22282
7010574,22283
7010664,22284
7010788,22285
7011215,22286
7011529,22287
7011874,22288
7011966,22289
7012174,22290
7012200,22291
7012379,22292
7012546,22293
7012689,22294
7013500,22295
7013952,22296
7014092,22297
7014186,22298
7014270,22299
7014494,22300
7014540,22301
7014708,22302
7014737,22303
7014827,22304
7015422,22305
7015652,22306
7016036,22307
7016051,22308
7016314,22309
7016321,22310
7016686,22311
7016808,22312
7017047,22313
7017129,22314
7017519,22315
7017665,22316
7018275,22317
7018317,22318
7018445,22319
7018490,22320
7018577,22321
7019458,22322
7019641,22323
7019921,22324
7020185,22325
7020257,22326
7020263,22327
7021129,22328
7021301,22329
7021806,22330
7022462,22331
7022466,22332
7023085,22333
7023227,22334
7023446,22335
7023551,22336
7024115,22337
7024326,22338
7024370,22339
7024810,22340
7024853,22341
7024927,22342
7025025,22343
7025292,22344
7025666,22345
7025870,22346
7026425,22347
7026971,22348
7027061,22349
7027252,22350
7027481,22351
7027503,22352
7027774,22353
7028039,22354
7028762,22355
7028865,22356
7029206,22357
7029282,22358
7029318,22359
7029369,22360
7029496,22361
7029518,22362
7029745,22363
7030086,22364
7030109,22365
7030769,22366
7030832,22367
7030977,22368
7031382,22369
7031532,22370
7031886,22371
7032618,22372
7032733,22373
7032744,22374
7032867,22375
7032882,22376
7033033,22377
7033143,22378
7033351,22379
7033386,22380
7033559,22381
7033965,22382
7034115,22383
7034212,22384
7034339,22385
7034870,22386
7035260,22387
7035537,22388
7035563,22389
7035837,22390
7035851,22391
7035885,22392
7035893,22393
7036028,22394
7036093,22395
7036137,22396
7036230,22397
7036249,22398
7036303,22399
7036355,22400
7036540,22401
7036759,22402
7036938,22403
7037628,22404
7038380,22405
7038478,22406
7038630,22407
7039172,22408
7039209,22409
7040156,22410
7040306,22411
7040328,22412
7040336,22413
7040491,22414
7040635,22415
7040716,22416
7040960,22417
7041276,22418
7041391,22419
7041432,22420
7041470,22421
7041542,22422
7041594,22423
7041643,22424
7041930,22425
7041953,22426
7042647,22427
7042692,22428
7042701,22429
7042911,22430
7043416,22431
7043461,22432
7043617,22433
7043630,22434
7043638,22435
7043663,22436
7043685,22437
7043859,22438
7044058,22439
7044075,22440
7044232,22441
7044949,22442
7045104,22443
7045248,22444
7045376,22445
7045666,22446
7046098,22447
7046106,22448
7046342,22449
7046584,22450
7046707,22451
7046780,22452
7047162,22453
7047244,22454
7047336,22455
7047518,22456
7047971,22457
7048077,22458
7048268,22459
7048579,22460
7049121,22461
7049295,22462
7049760,22463
7050223,22464
7050593,22465
7050640,22466
7050740,22467
7050848,22468
7052007,22469
7052297,22470
7052545,22471
7052999,22472
7053044,22473
7053185,22474
7053215,22475
7053381,22476
7053403,22477
7053463,22478
7053719,22479
7053777,22480
7054153,22481
7054256,22482
7054284,22483
7054313,22484
7054319,22485
7054525,22486
7054921,22487
7055171,22488
7055246,22489
7055377,22490
7055913,22491
7056084,22492
7056341,22493
7056879,22494
7056904,22495
7057287,22496
7057634,22497
7057950,22498
7058478,22499
7058562,22500
7058666,22501
7058731,22502
7058803,22503
7059367,22504
7059472,22505
7059512,22506
7059630,22507
7059697,22508
7060136,22509
7060718,22510
7060752,22511
7060913,22512
7061211,22513
7061803,22514
7062020,22515
7062033,22516
7062571,22517
7062683,22518
7062699,22519
7062713,22520
7062849,22521
7062854,22522
7063159,22523
7063290,22524
7063711,22525
7063856,22526
7064110,22527
7065093,22528
7065143,22529
7065422,22530
7066089,22531
7066284,22532
7066371,22533
7066375,22534
7066376,22535
7066810,22536
7067106,22537
7068221,22538
7068304,22539
7068325,22540
7068363,22541
7068433,22542
7068559,22543
7068584,22544
7068732,22545
7069111,22546
7069186,22547
7069537,22548
7070070,22549
7070866,22550
7071413,22551
7072007,22552
7072540,22553
7072707,22554
7072733,22555
7072767,22556
7072984,22557
7073031,22558
7073799,22559
7073867,22560
7073921,22561
7074524,22562
7074602,22563
7075223,22564
7075275,22565
7075276,22566
7075830,22567
7075832,22568
7076386,22569
7076440,22570
7076443,22571
7076875,22572
7076983,22573
7076995,22574
7077557,22575
7078042,22576
7078195,22577
7078220,22578
7078357,22579
7078402,22580
7078573,22581
7078783,22582
7079099,22583
7079196,22584
7079374,22585
7079869,22586
7079996,22587
7080313,22588
7080625,22589
7081019,22590
7081109,22591
7081116,22592
7081137,22593
7081203,22594
7081219,22595
7081247,22596
7081966,22597
7082321,22598
7082431,22599
7082806,22600
7082824,22601
7082919,22602
7082949,22603
7083106,22604
7083485,22605
7083674,22606
7083767,22607
7083877,22608
7084034,22609
7084748,22610
7084756,22611
7085136,22612
7085378,22613
7085445,22614
7085501,22615
7085727,22616
7085738,22617
7085749,22618
7085834,22619
7085957,22620
7086363,22621
7086461,22622
7086799,22623
7086935,22624
7087055,22625
7087265,22626
7087384,22627
7087567,22628
7087576,22629
7087665,22630
7087791,22631
7088226,22632
7088446,22633
7088800,22634
7090936,22635
7091116,22636
7091333,22637
7091571,22638
7091906,22639
7092065,22640
7092520,22641
7092896,22642
7092992,22643
7093160,22644
7093406,22645
7093797,22646
7094066,22647
7094381,22648
7094395,22649
7094434,22650
7094681,22651
7094773,22652
7095395,22653
7095667,22654
7095869,22655
7096462,22656
7096587,22657
7096708,22658
7096737,22659
7096817,22660
7097441,22661
7097974,22662
7098323,22663
7098415,22664
7098494,22665
7098523,22666
7098859,22667
7098860,22668
7098868,22669
7099032,22670
7099188,22671
7099275,22672
7100112,22673
7100402,22674
7100603,22675
7101032,22676
7101100,22677
7101197,22678
7101259,22679
7102158,22680
7102244,22681
7102682,22682
7102796,22683
7102975,22684
7102985,22685
7103368,22686
7103387,22687
7103656,22688
7103966,22689
7104065,22690
7104311,22691
7105460,22692
7105515,22693
7105782,22694
7106818,22695
7106965,22696
7107035,22697
7107469,22698
7107558,22699
7107856,22700
7108512,22701
7108549,22702
7108881,22703
7109624,22704
7109636,22705
7109708,22706
7109790,22707
7109965,22708
7110246,22709
7110365,22710
7111819,22711
7112086,22712
7112091,22713
7112536,22714
7112574,22715
7112886,22716
7113277,22717
7113341,22718
7113482,22719
7113810,22720
7114029,22721
7114432,22722
7114700,22723
7115218,22724
7115718,22725
7115783,22726
7116153,22727
7116425,22728
7116867,22729
7117145,22730
7117163,22731
7117478,22732
7117695,22733
7117763,22734
7117859,22735
7118061,22736
7118250,22737
7119417,22738
7119822,22739
7119842,22740
7120122,22741
7120350,22742
7120552,22743
7120997,22744
7121157,22745
7121499,22746
7121855,22747
7121962,22748
7122311,22749
7122397,22750
7122934,22751
7122945,22752
7123059,22753
7123140,22754
7123270,22755
7123370,22756
7123737,22757
7124450,22758
7124769,22759
7125035,22760
7126155,22761
7127043,22762
7127385,22763
7127391,22764
7127652,22765
7129434,22766
7129590,22767
7129799,22768
7131116,22769
7131319,22770
7132025,22771
7132270,22772
7132404,22773
7133008,22774
7133685,22775
7133861,22776
7133867,22777
7134075,22778
7134558,22779
7134651,22780
7134788,22781
7134865,22782
7134971,22783
7135145,22784
7135203,22785
7135412,22786
7135417,22787
7135679,22788
7135692,22789
7135726,22790
7135795,22791
7135839,22792
7136079,22793
7136095,22794
7136150,22795
7136356,22796
7136496,22797
7136666,22798
7136769,22799
7136794,22800
7137022,22801
7137276,22802
7137502,22803
7137756,22804
7137898,22805
7137907,22806
7137919,22807
7137947,22808
7137968,22809
7138164,22810
7138581,22811
7139180,22812
7139290,22813
7139456,22814
7139496,22815
7139922,22816
7140517,22817
7141017,22818
7141106,22819
7141250,22820
7141581,22821
7141657,22822
7142853,22823
7142965,22824
7143063,22825
7143067,22826
7143975,22827
7144162,22828
7144200,22829
7144281,22830
7144359,22831
7144714,22832
7145004,22833
7145495,22834
7145801,22835
7145857,22836
7146194,22837
7146317,22838
7146379,22839
7146479,22840
7146618,22841
7146973,22842
7147275,22843
7147547,22844
7147652,22845
7148063,22846
7149076,22847
7149153,22848
7149827,22849
7149835,22850
7149927,22851
7150254,22852
7150342,22853
7150650,22854
7150811,22855
7151369,22856
7151588,22857
7151924,22858
7151929,22859
7151961,22860
7152447,22861
7152654,22862
7152817,22863
7153763,22864
7154005,22865
7154053,22866
7154303,22867
7155234,22868
7155832,22869
7155906,22870
7156121,22871
7156587,22872
7156906,22873
7157934,22874
7158078,22875
7159021,22876
7159440,22877
7159586,22878
7159762,22879
7160581,22880
7160972,22881
7161034,22882
7161195,22883
7161316,22884
7161799,22885
7162008,22886
7162066,22887
7162183,22888
7162674,22889
7163426,22890
7163617,22891
7163701,22892
7164234,22893
7164505,22894
7164517,22895
7164730,22896
7164793,22897
7165012,22898
7165539,22899
7165679,22900
7166118,22901
7166140,22902
7166193,22903
7166506,22904
7166573,22905
7166617,22906
7166740,22907
7166907,22908
7167476,22909
7167951,22910
7168151,22911
7168256,22912
7168266,22913
7168287,22914
7168900,22915
7170464,22916
7170521,22917
7170662,22918
7170903,22919
7170919,22920
7170940,22921
7171163,22922
7171640,22923
7171690,22924
7172236,22925
7172550,22926
7173044,22927
7173449,22928
7173472,22929
7174045,22930
7174137,22931
7174940,22932
7175074,22933
7175113,22934
7175595,22935
7175669,22936
7175700,22937
7175729,22938
7175784,22939
7176221,22940
7176309,22941
7176333,22942
7176836,22943
7177248,22944
7177592,22945
7177947,22946
7177951,22947
7178040,22948
7178649,22949
7178698,22950
7178883,22951
7179151,22952
7179373,22953
7179426,22954
7179730,22955
7179891,22956
7180217,22957
7180266,22958
7180313,22959
7180612,22960
7180929,22961
7180960,22962
7181164,22963
7181166,22964
7181678,22965
7182082,22966
7182362,22967
7183376,22968
7183594,22969
7183794,22970
7184064,22971
7184075,22972
7184107,22973
7184543,22974
7184683,22975
7184853,22976
7185111,22977
7185139,22978
7185999,22979
7186029,22980
7186037,22981
7186148,22982
7186414,22983
7186423,22984
7186510,22985
7186644,22986
7186712,22987
7187062,22988
7187381,22989
7187697,22990
7187723,22991
7187754,22992
7187816,22993
7188230,22994
7188232,22995
7188368,22996
7188817,22997
7188832,22998
7188883,22999
7188962,23000
7189025,23001
7189072,23002
7189100,23003
7189556,23004
7189567,23005
7189757,23006
7190137,23007
7190342,23008
7190453,23009
7191674,23010
7191948,23011
7192074,23012
7192540,23013
7192639,23014
7192657,23015
7192808,23016
7193225,23017
7193751,23018
7193869,23019
7193926,23020
7194347,23021
7194363,23022
7194658,23023
7195030,23024
7195602,23025
7195832,23026
7196011,23027
7196222,23028
7196913,23029
7197116,23030
7197531,23031
7197598,23032
7197731,23033
7197848,23034
7197873,23035
7197912,23036
7198104,23037
7198118,23038
7198133,23039
7198222,23040
7198385,23041
7198466,23042
7198795,23043
7198915,23044
7198992,23045
7199761,23046
7200203,23047
7200502,23048
7200751,23049
7201508,23050
7201643,23051
7201658,23052
7201709,23053
7201884,23054
7202591,23055
7203038,23056
7203069,23057
7203252,23058
7203780,23059
7204139,23060
7204787,23061
7205115,23062
7205179,23063
7205435,23064
7205496,23065
7205951,23066
7206009,23067
7206087,23068
7206141,23069
7206214,23070
7206497,23071
7206524,23072
7206845,23073
7207208,23074
7207739,23075
7207749,23076
7207922,23077
7208247,23078
7208341,23079
7208476,23080
7208712,23081
7208985,23082
7209385,23083
7209675,23084
7209948,23085
7210017,23086
7210195,23087
7210680,23088
7210754,23089
7211139,23090
7211807,23091
7211836,23092
7212034,23093
7212560,23094
7212787,23095
7212794,23096
7213609,23097
7213902,23098
7214158,23099
7214697,23100
7214868,23101
7214905,23102
7215083,23103
7215389,23104
7215752,23105
7215782,23106
7215875,23107
7215895,23108
7215941,23109
7216864,23110
7217312,23111
7217407,23112
7217614,23113
7218100,23114
7218179,23115
7218295,23116
7218553,23117
7218575,23118
7218857,23119
7220137,23120
7220148,23121
7220188,23122
7220624,23123
7220849,23124
7221173,23125
7221220,23126
7221289,23127
7221290,23128
7221441,23129
7221656,23130
7221698,23131
7222120,23132
7222777,23133
7223203,23134
7223298,23135
7223365,23136
7223702,23137
7224208,23138
7224749,23139
7224827,23140
7224947,23141
7225619,23142
7225812,23143
7226458,23144
7227187,23145
7227342,23146
7227366,23147
7227550,23148
7227564,23149
7227581,23150
7227663,23151
7227921,23152
7228160,23153
7228306,23154
7228715,23155
7228936,23156
7229279,23157
7229361,23158
7229646,23159
7229657,23160
7230070,23161
7230564,23162
7230637,23163
7230768,23164
7230785,23165
7231136,23166
7231824,23167
7232249,23168
7232799,23169
7234475,23170
7234506,23171
7234639,23172
7234944,23173
7235022,23174
7235221,23175
7235288,23176
7235452,23177
7235753,23178
7235773,23179
7235802,23180
7235883,23181
7236489,23182
7236616,23183
7237306,23184
7237407,23185
7237851,23186
7238179,23187
7238481,23188
7238930,23189
7239020,23190
7239021,23191
7239050,23192
7239293,23193
7239342,23194
7239417,23195
7239615,23196
7239926,23197
7240213,23198
7240512,23199
7240637,23200
7241082,23201
7241108,23202
7241272,23203
7241334,23204
7241583,23205
7241939,23206
7242296,23207
7242800,23208
7243049,23209
7243098,23210
7243107,23211
7243159,23212
7243163,23213
7243186,23214
7243237,23215
7243338,23216
7243468,23217
7243935,23218
7243938,23219
7243998,23220
7244421,23221
7244429,23222
7244499,23223
7244600,23224
7244839,23225
7244999,23226
7245024,23227
7245147,23228
7245345,23229
7245597,23230
7245621,23231
7246492,23232
7247212,23233
7247351,23234
7247480,23235
7247545,23236
7248129,23237
7248171,23238
7248326,23239
7248687,23240
7248753,23241
7248866,23242
7248922,23243
7248967,23244
7249153,23245
7249213,23246
7249418,23247
7249786,23248
7249899,23249
7250120,23250
7250159,23251
7250209,23252
7250477,23253
7250678,23254
7250735,23255
7250791,23256
7251002,23257
7251099,23258
7251220,23259
7251403,23260
7251795,23261
7251943,23262
7252028,23263
7252203,23264
7252781,23265
7253499,23266
7253667,23267
7254074,23268
7254298,23269
7254335,23270
7254914,23271
7255487,23272
7255909,23273
7256094,23274
7256222,23275
7256510,23276
7257618,23277
7257866,23278
7258170,23279
7258250,23280
7258380,23281
7258598,23282
7258717,23283
7259152,23284
7259632,23285
7259784,23286
7259802,23287
7260206,23288
7260261,23289
7260691,23290
7260695,23291
7260829,23292
7260838,23293
7260854,23294
7260971,23295
7261095,23296
7261261,23297
7261398,23298
7261551,23299
7261557,23300
7261932,23301
7262186,23302
7262247,23303
7262612,23304
7262930,23305
7262951,23306
7263531,23307
7263542,23308
7263630,23309
7263973,23310
7265518,23311
7265750,23312
7265956,23313
7266164,23314
7266270,23315
7266605,23316
7266725,23317
7267081,23318
7267159,23319
7267316,23320
7267952,23321
7267974,23322
7268501,23323
7268617,23324
7268783,23325
7268804,23326
7268841,23327
7268944,23328
7269564,23329
7269836,23330
7270245,23331
7270350,23332
7270651,23333
7270782,23334
7270997,23335
7271024,23336
7271500,23337
7272151,23338
7272393,23339
7272938,23340
7273116,23341
7273124,23342
7273287,23343
7273307,23344
7273361,23345
7274479,23346
7274499,23347
7274526,23348
7274803,23349
7275011,23350
7275184,23351
7275238,23352
7275464,23353
7275974,23354
7276254,23355
7276302,23356
7276352,23357
7276476,23358
7277116,23359
7277239,23360
7277888,23361
7277899,23362
7278372,23363
7278847,23364
7278971,23365
7278975,23366
7279601,23367
7279708,23368
7279818,23369
7279821,23370
7279857,23371
7279977,23372
7280206,23373
7280275,23374
7280327,23375
7280352,23376
7281132,23377
7281270,23378
7281590,23379
7281697,23380
7281819,23381
7281949,23382
7282097,23383
7282180,23384
7282296,23385
7282467,23386
7282620,23387
7282797,23388
7282989,23389
7283733,23390
7283803,23391
7284042,23392
7284094,23393
7284314,23394
7284641,23395
7284987,23396
7285208,23397
7285311,23398
7285520,23399
7285883,23400
7286018,23401
7286495,23402
7286849,23403
7287641,23404
7287791,23405
7287999,23406
7288645,23407
7288664,23408
7288706,23409
7288840,23410
7288917,23411
7289523,23412
7289608,23413
7289625,23414
7289670,23415
7290229,23416
7290352,23417
7290492,23418
7290677,23419
7290765,23420
7290872,23421
7290889,23422
7291038,23423
7291189,23424
7291404,23425
7291539,23426
7291682,23427
7292099,23428
7292513,23429
7292857,23430
7293262,23431
7293541,23432
7293611,23433
7293616,23434
7293897,23435
7293991,23436
7294134,23437
7294516,23438
7295033,23439
7295345,23440
7295370,23441
7295974,23442
7296530,23443
7296656,23444
7296717,23445
7296856,23446
7296950,23447
7297041,23448
7297125,23449
7297240,23450
7297621,23451
7297728,23452
7297967,23453
7298644,23454
7298658,23455
7298973,23456
7298983,23457
7299232,23458
7299434,23459
7299835,23460
7299851,23461
7300020,23462
7300037,23463
7300206,23464
7300317,23465
7300466,23466
7300890,23467
7301036,23468
7301069,23469
7301182,23470
7301367,23471
7301772,23472
7302144,23473
7302332,23474
7302378,23475
7302542,23476
7302855,23477
7302924,23478
7303251,23479
7303275,23480
7303291,23481
7303381,23482
7303442,23483
7303477,23484
7303510,23485
7303869,23486
7304491,23487
7304572,23488
7304794,23489
7304843,23490
7304981,23491
7305580,23492
7306301,23493
7306614,23494
7306923,23495
7307100,23496
7307173,23497
7307380,23498
7307501,23499
7307530,23500
7307768,23501
7307811,23502
7308429,23503
7308544,23504
7308592,23505
7308751,23506
7308992,23507
7309126,23508
7309277,23509
7309921,23510
7310446,23511
7310622,23512
7310976,23513
7311155,23514
7311209,23515
7311434,23516
7311751,23517
7312160,23518
7312167,23519
7312186,23520
7312269,23521
7312505,23522
7312620,23523
7313067,23524
7313106,23525
7313181,23526
7313234,23527
7313556,23528
7314193,23529
7314506,23530
7314728,23531
7315097,23532
7315106,23533
7315121,23534
7315360,23535
7315364,23536
7315431,23537
7315451,23538
7315900,23539
7315922,23540
7316500,23541
7316530,23542
7316680,23543
7317014,23544
7317575,23545
7317802,23546
7317930,23547
7318416,23548
7319463,23549
7319531,23550
7319643,23551
7319998,23552
7320732,23553
7320779,23554
7320903,23555
7320926,23556
7321264,23557
7321360,23558
7321494,23559
7321830,23560
7321942,23561
7322155,23562
7322222,23563
7323158,23564
7323421,23565
7324084,23566
7324302,23567
7324352,23568
7324524,23569
7324733,23570
7325595,23571
7325678,23572
7325791,23573
7325835,23574
7325908,23575
7326194,23576
7327208,23577
7327393,23578
7327848,23579
7328049,23580
7328162,23581
7328212,23582
7328590,23583
7329338,23584
7329495,23585
7329526,23586
7329950,23587
7330108,23588
7330496,23589
7330683,23590
7331170,23591
7331250,23592
7331328,23593
7331581,23594
7331787,23595
7332024,23596
7332235,23597
7332396,23598
7332580,23599
7332661,23600
7332775,23601
7333198,23602
7333383,23603
7333650,23604
7334174,23605
7334190,23606
7334382,23607
7334409,23608
7334424,23609
7334679,23610
7334917,23611
7335092,23612
7335096,23613
7335165,23614
7335890,23615
7336058,23616
7336271,23617
7336319,23618
7336320,23619
7336534,23620
7336684,23621
7336855,23622
7336930,23623
7336953,23624
7337113,23625
7337343,23626
7337668,23627
7337704,23628
7337803,23629
7338402,23630
7338403,23631
7338465,23632
7338901,23633
7339569,23634
7339907,23635
7340024,23636
7340076,23637
7340097,23638
7340107,23639
7340135,23640
7340297,23641
7340367,23642
7340745,23643
7340811,23644
7340948,23645
7341090,23646
7341193,23647
7341256,23648
7341301,23649
7341455,23650
7341568,23651
7341594,23652
7342124,23653
7342279,23654
7342357,23655
7342715,23656
7342824,23657
7342929,23658
7342961,23659
7343050,23660
7343155,23661
7343309,23662
7343588,23663
7343680,23664
7343695,23665
7344088,23666
7344834,23667
7344937,23668
7344975,23669
7345033,23670
7345075,23671
7345137,23672
7345234,23673
7345426,23674
7345569,23675
7346042,23676
7346183,23677
7346194,23678
7346565,23679
7346630,23680
7346675,23681
7347137,23682
7347646,23683
7347757,23684
7348045,23685
7348054,23686
7348377,23687
7348828,23688
7348850,23689
7348994,23690
7349172,23691
7349534,23692
7350229,23693
7350530,23694
7351788,23695
7352136,23696
7352286,23697
7352290,23698
7352452,23699
7352911,23700
7353305,23701
7353451,23702
7353577,23703
7353580,23704
7354216,23705
7354441,23706
7355340,23707
7356336,23708
7356357,23709
7356505,23710
7356521,23711
7356604,23712
7356606,23713
7356659,23714
7356672,23715
7356676,23716
7356709,23717
7356849,23718
7356912,23719
7357139,23720
7357232,23721
7357293,23722
7357385,23723
7357742,23724
7357775,23725
7358030,23726
7358088,23727
7358130,23728
7358178,23729
7358205,23730
7358296,23731
7358462,23732
7358686,23733
7358852,23734
7358934,23735
7359247,23736
7359379,23737
7360085,23738
7360417,23739
7360525,23740
7360676,23741
7360848,23742
7362291,23743
7362962,23744
7363135,23745
7363217,23746
7363390,23747
7363427,23748
7363561,23749
7363738,23750
7363953,23751
7364253,23752
7364499,23753
7365626,23754
7365635,23755
7365637,23756
7365669,23757
7365956,23758
7366145,23759
7366598,23760
7366703,23761
7367669,23762
7367934,23763
7368046,23764
7368214,23765
7368697,23766
7368891,23767
7369236,23768
7369615,23769
7369660,23770
7369802,23771
7370193,23772
7370529,23773
7370642,23774
7370784,23775
7370972,23776
7371001,23777
7371132,23778
7371345,23779
7371413,23780
7371422,23781
7371605,23782
7371734,23783
7372055,23784
7372131,23785
7372721,23786
7372744,23787
7372797,23788
7372924,23789
7373055,23790
7373117,23791
7373254,23792
7373416,23793
7374857,23794
7374964,23795
7375031,23796
7375989,23797
7376159,23798
7376634,23799
7376782,23800
7376947,23801
7377041,23802
7377420,23803
7377561,23804
7377683,23805
7377973,23806
7378573,23807
7378814,23808
7379242,23809
7379247,23810
7379424,23811
7380129,23812
7380871,23813
7381095,23814
7381138,23815
7381154,23816
7381610,23817
7381841,23818
7382811,23819
7382813,23820
7383917,23821
7384027,23822
7384167,23823
7384188,23824
7384910,23825
7385021,23826
7385364,23827
7385404,23828
7385512,23829
7385706,23830
7386112,23831
7386246,23832
7386309,23833
7386373,23834
7386428,23835
7386644,23836
7386762,23837
7387065,23838
7388015,23839
7388039,23840
7388238,23841
7388495,23842
7388497,23843
7388562,23844
7388663,23845
7388719,23846
7388916,23847
7389312,23848
7389415,23849
7389444,23850
7389763,23851
7389812,23852
7389825,23853
7390019,23854
7390284,23855
7390337,23856
7390409,23857
7390755,23858
7390793,23859
7390893,23860
7390920,23861
7391282,23862
7393637,23863
7393714,23864
7394408,23865
7394906,23866
7395234,23867
7395330,23868
7395716,23869
7395718,23870
7395741,23871
7395939,23872
7395953,23873
7396026,23874
7396124,23875
7396710,23876
7396798,23877
7396817,23878
7397044,23879
7397118,23880
7397411,23881
7397712,23882
7398250,23883
7398397,23884
7398590,23885
7399466,23886
7399823,23887
7400193,23888
7400406,23889
7400423,23890
7400455,23891
7400543,23892
7400573,23893
7400651,23894
7400897,23895
7401186,23896
7401380,23897
7401671,23898
7401821,23899
7402099,23900
7402110,23901
7402451,23902
7402714,23903
7403103,23904
7403211,23905
7403266,23906
7403458,23907
7403742,23908
7403819,23909
7403910,23910
7403977,23911
7404070,23912
7404247,23913
7404283,23914
7404869,23915
7405219,23916
7405621,23917
7406181,23918
7406468,23919
7407153,23920
7407315,23921
7407347,23922
7407541,23923
7407667,23924
7408298,23925
7408322,23926
7408712,23927
7409089,23928
7410056,23929
7410326,23930
7410711,23931
7411050,23932
7411092,23933
7411499,23934
7412111,23935
7412346,23936
7412509,23937
7413306,23938
7413384,23939
7413561,23940
7413581,23941
7413727,23942
7413896,23943
7413945,23944
7414128,23945
7414284,23946
7414398,23947
7414490,23948
7415312,23949
7415373,23950
7415469,23951
7415645,23952
7415683,23953
7415736,23954
7415748,23955
7415813,23956
7416025,23957
7416383,23958
7416419,23959
7416898,23960
7417682,23961
7417877,23962
7417995,23963
7418144,23964
7418235,23965
7418374,23966
7418447,23967
7418490,23968
7419170,23969
7419312,23970
7419456,23971
7419574,23972
7419691,23973
7419709,23974
7420748,23975
7421228,23976
7421253,23977
7421511,23978
7421518,23979
7421741,23980
7422122,23981
7422130,23982
7422204,23983
7422305,23984
7422313,23985
7422437,23986
7423006,23987
7423116,23988
7423358,23989
7423399,23990
7423917,23991
7424141,23992
7424374,23993
7424858,23994
7425547,23995
7425593,23996
7425786,23997
7425927,23998
7426090,23999
7426183,24000
7426331,24001
7426560,24002
7426625,24003
7427335,24004
7427686,24005
7428388,24006
7428429,24007
7428483,24008
7428615,24009
7429161,24010
7429583,24011
7430106,24012
7430142,24013
7430534,24014
7430614,24015
7430691,24016
7430886,24017
7431119,24018
7431122,24019
7431754,24020
7431802,24021
7431841,24022
7431961,24023
7432019,24024
7432072,24025
7432673,24026
7433540,24027
7433566,24028
7433671,24029
7433705,24030
7434343,24031
7434447,24032
7434478,24033
7434701,24034
7434860,24035
7434914,24036
7434931,24037
7435193,24038
7435730,24039
7436040,24040
7436073,24041
7436367,24042
7437160,24043
7438093,24044
7438438,24045
7438485,24046
7438767,24047
7438868,24048
7439232,24049
7439663,24050
7439807,24051
7439834,24052
7439839,24053
7439917,24054
7440104,24055
7440321,24056
7440571,24057
7440726,24058
7441312,24059
7441426,24060
7441649,24061
7441824,24062
7442034,24063
7442755,24064
7442823,24065
7443088,24066
7443229,24067
7443530,24068
7444386,24069
7444546,24070
7444569,24071
7444922,24072
7445017,24073
7445355,24074
7445490,24075
7445706,24076
7447123,24077
7447125,24078
7447297,24079
7447509,24080
7448044,24081
7448268,24082
7448545,24083
7449305,24084
7449521,24085
7449546,24086
7450897,24087
7450974,24088
7451027,24089
7451468,24090
7451524,24091
7451559,24092
7451773,24093
7452380,24094
7452429,24095
7452449,24096
7452584,24097
7452775,24098
7452896,24099
7453444,24100
7453803,24101
7454049,24102
7454095,24103
7454365,24104
7454612,24105
7454672,24106
7455067,24107
7455110,24108
7455158,24109
7455221,24110
7455404,24111
7455469,24112
7455809,24113
7456189,24114
7456729,24115
7456937,24116
7457072,24117
7457207,24118
7457749,24119
7457842,24120
7458106,24121
7458526,24122
7458811,24123
7459153,24124
7459215,24125
7459305,24126
7459394,24127
7459431,24128
7460413,24129
7460460,24130
7460758,24131
7461421,24132
7461544,24133
7461739,24134
7462424,24135
7463024,24136
7463125,24137
7463323,24138
7463476,24139
7463739,24140
7463973,24141
7464715,24142
7464910,24143
7465266,24144
7465634,24145
7465727,24146
7465742,24147
7465785,24148
7465797,24149
7466005,24150
7466216,24151
7466250,24152
7466393,24153
7466480,24154
7466495,24155
7467005,24156
7467072,24157
7467469,24158
7468103,24159
7468229,24160
7468365,24161
7468428,24162
7468583,24163
7468702,24164
7468826,24165
7469130,24166
7469597,24167
7469677,24168
7469770,24169
7469838,24170
7470140,24171
7470315,24172
7470574,24173
7471493,24174
7471643,24175
7471778,24176
7471922,24177
7471932,24178
7471976,24179
7472048,24180
7472294,24181
7472580,24182
7472810,24183
7472834,24184
7472910,24185
7473143,24186
7473743,24187
7474630,24188
7475052,24189
7475248,24190
7475363,24191
7475792,24192
7476044,24193
7476456,24194
7476822,24195
7476833,24196
7476961,24197
7477039,24198
7477462,24199
7478019,24200
7478222,24201
7479621,24202
7479643,24203
7479835,24204
7480402,24205
7480950,24206
7481511,24207
7481567,24208
7481617,24209
7481793,24210
7481843,24211
7482100,24212
7482256,24213
7482467,24214
7482546,24215
7482775,24216
7483015,24217
7483153,24218
7483400,24219
7483437,24220
7483680,24221
7484066,24222
7484067,24223
7484192,24224
7484573,24225
7484966,24226
7485229,24227
7485240,24228
7485396,24229
7485769,24230
7486443,24231
7486709,24232
7487098,24233
7488373,24234
7488432,24235
7488468,24236
7488475,24237
7488565,24238
7489087,24239
7489511,24240
7489667,24241
7489743,24242
7490199,24243
7490310,24244
7490363,24245
7490484,24246
7490697,24247
7490773,24248
7490922,24249
7490999,24250
7491446,24251
7491570,24252
7491630,24253
7491949,24254
7492019,24255
7492102,24256
7492123,24257
7492129,24258
7492662,24259
7492694,24260
7492761,24261
7493541,24262
7493696,24263
7493744,24264
7493885,24265
7494260,24266
7494407,24267
7494463,24268
7494472,24269
7494898,24270
7495026,24271
7495194,24272
7495442,24273
7495490,24274
7495518,24275
7495871,24276
7496085,24277
7496145,24278
7496364,24279
7496446,24280
7496659,24281
7496892,24282
7496904,24283
7497191,24284
7497629,24285
7497706,24286
7497751,24287
7498145,24288
7498900,24289
7499513,24290
7499785,24291
7499911,24292
7500101,24293
7500125,24294
7500132,24295
7500224,24296
7500287,24297
7500597,24298
7500598,24299
7500677,24300
7500803,24301
7500940,24302
7501074,24303
7501397,24304
7501398,24305
7501411,24306
7501789,24307
7501804,24308
7501974,24309
7502136,24310
7502407,24311
7502470,24312
7503240,24313
7503273,24314
7503625,24315
7503825,24316
7504242,24317
7504390,24318
7504391,24319
7504760,24320
7505349,24321
7505362,24322
7505678,24323
7506181,24324
7506965,24325
7507291,24326
7507477,24327
7507576,24328
7508227,24329
7508511,24330
7509167,24331
7509224,24332
7509245,24333
7511189,24334
7511425,24335
7511725,24336
7511961,24337
7512918,24338
7513002,24339
7513052,24340
7513264,24341
7513844,24342
7514196,24343
7514271,24344
7514332,24345
7514349,24346
7514716,24347
7514847,24348
7514978,24349
7515972,24350
7515978,24351
7516330,24352
7516634,24353
7516643,24354
7516978,24355
7517021,24356
7517269,24357
7517464,24358
7517580,24359
7517671,24360
7517926,24361
7518045,24362
7518437,24363
7518722,24364
7518864,24365
7518974,24366
7519156,24367
7520282,24368
7520390,24369
7520588,24370
7520593,24371
7520616,24372
7520895,24373
7521051,24374
7521107,24375
7521547,24376
7521629,24377
7521679,24378
7521790,24379
7522114,24380
7522792,24381
7523566,24382
7523617,24383
7523869,24384
7524558,24385
7524676,24386
7524899,24387
7525082,24388
7525096,24389
7525153,24390
7525524,24391
7525911,24392
7526121,24393
7526147,24394
7526287,24395
7526646,24396
7526952,24397
7526967,24398
7526979,24399
7526995,24400
7527230,24401
7527323,24402
7527475,24403
7527771,24404
7528193,24405
7528460,24406
7528643,24407
7528817,24408
7529334,24409
7529402,24410
7529671,24411
7529797,24412
7530079,24413
7530503,24414
7530725,24415
7530765,24416
7531206,24417
7531363,24418
7531702,24419
7532499,24420
7532763,24421
7532904,24422
7533414,24423
7533572,24424
7533682,24425
7533892,24426
7534621,24427
7535029,24428
7535253,24429
7535278,24430
7536697,24431
7536737,24432
7536765,24433
7536853,24434
7536911,24435
7537137,24436
7537145,24437
7537496,24438
7538155,24439
7538586,24440
7539009,24441
7539030,24442
7539578,24443
7539734,24444
7539959,24445
7539981,24446
7539985,24447
7540417,24448
7540438,24449
7540744,24450
7541796,24451
7542065,24452
7542317,24453
7542936,24454
7543034,24455
7543035,24456
7543370,24457
7543471,24458
7543481,24459
7543701,24460
7543928,24461
7544628,24462
7544700,24463
7544845,24464
7545154,24465
7545188,24466
7545232,24467
7545257,24468
7545270,24469
7545723,24470
7545821,24471
7545826,24472
7545952,24473
7545956,24474
7546229,24475
7546604,24476
7546928,24477
7546970,24478
7547186,24479
7547217,24480
7547648,24481
7548351,24482
7548528,24483
7548715,24484
7549125,24485
7549214,24486
7549430,24487
7549566,24488
7549623,24489
7549835,24490
7549856,24491
7550125,24492
7550154,24493
7550263,24494
7550551,24495
7550770,24496
7550924,24497
7550984,24498
7550999,24499
7551005,24500
7551307,24501
7551478,24502
7552745,24503
7552869,24504
7553275,24505
7553626,24506
7554553,24507
7555469,24508
7555776,24509
7556232,24510
7556436,24511
7556804,24512
7556970,24513
7557346,24514
7557796,24515
7557902,24516
7558003,24517
7558465,24518
7558837,24519
7559641,24520
7559742,24521
7560216,24522
7560515,24523
7561135,24524
7561139,24525
7561206,24526
7561779,24527
7561986,24528
7562007,24529
7562025,24530
7562348,24531
7562501,24532
7562733,24533
7562817,24534
7562973,24535
7563305,24536
7563454,24537
7563839,24538
7563858,24539
7563968,24540
7564835,24541
7565362,24542
7565610,24543
7565977,24544
7565984,24545
7566184,24546
7566582,24547
7566599,24548
7566635,24549
7566762,24550
7566858,24551
7566990,24552
7567120,24553
7567185,24554
7567210,24555
7567310,24556
7567594,24557
7567733,24558
7567836,24559
7568094,24560
7568123,24561
7568187,24562
7568191,24563
7568220,24564
7568358,24565
7568441,24566
7568586,24567
7568730,24568
7568737,24569
7569054,24570
7569368,24571
7569428,24572
7569640,24573
7569962,24574
7569980,24575
7570127,24576
7570233,24577
7570606,24578
7570640,24579
7571156,24580
7571973,24581
7572202,24582
7572371,24583
7572445,24584
7572496,24585
7572620,24586
7572714,24587
7572939,24588
7573510,24589
7573696,24590
7573885,24591
7574055,24592
7574345,24593
7574676,24594
7574802,24595
7575007,24596
7575149,24597
7575523,24598
7575679,24599
7576044,24600
7576771,24601
7576924,24602
7577323,24603
7577398,24604
7577848,24605
7578013,24606
7578143,24607
7578676,24608
7579008,24609
7579305,24610
7579326,24611
7579826,24612
7579828,24613
7580084,24614
7580245,24615
7580743,24616
7580809,24617
7580958,24618
7581022,24619
7581645,24620
7581811,24621
7582946,24622
7583094,24623
7583117,24624
7583145,24625
7583596,24626
7583854,24627
7584167,24628
7584239,24629
7584304,24630
7584345,24631
7584804,24632
7584874,24633
7585794,24634
7586094,24635
7586124,24636
7586196,24637
7586859,24638
7587061,24639
7587826,24640
7588076,24641
7588274,24642
7589023,24643
7589090,24644
7589173,24645
7589185,24646
7589499,24647
7589580,24648
7589854,24649
7590231,24650
7590599,24651
7591888,24652
7592175,24653
7592304,24654
7592539,24655
7592744,24656
7592969,24657
7593102,24658
7593903,24659
7594214,24660
7594302,24661
7594312,24662
7594472,24663
7594771,24664
7594842,24665
7594913,24666
7595214,24667
7595293,24668
7595313,24669
7595397,24670
7595442,24671
7595520,24672
7595853,24673
7596240,24674
7596748,24675
7597043,24676
7597400,24677
7598345,24678
7598788,24679
7599154,24680
7599386,24681
7599401,24682
7599666,24683
7599677,24684
7600227,24685
7600808,24686
7600926,24687
7601049,24688
7601188,24689
7601214,24690
7601629,24691
7601694,24692
7601817,24693
7602205,24694
7602240,24695
7602389,24696
7602747,24697
7602787,24698
7602899,24699
7602951,24700
7603094,24701
7603304,24702
7603614,24703
7603619,24704
7603958,24705
7604260,24706
7604537,24707
7604651,24708
7604671,24709
7604960,24710
7605058,24711
7605070,24712
7605076,24713
7605102,24714
7605441,24715
7605548,24716
7605718,24717
7605723,24718
7605829,24719
7605981,24720
7606370,24721
7606381,24722
7606457,24723
7606823,24724
7607369,24725
7608059,24726
7608336,24727
7608378,24728
7608586,24729
7608967,24730
7609341,24731
7609394,24732
7609447,24733
7609609,24734
7609629,24735
7610560,24736
7610873,24737
7611083,24738
7611096,24739
7611236,24740
7611315,24741
7611499,24742
7611758,24743
7612726,24744
7612830,24745
7612852,24746
7612934,24747
7613165,24748
7613426,24749
7614148,24750
7614405,24751
7614769,24752
7614822,24753
7615178,24754
7615406,24755
7615539,24756
7615554,24757
7615601,24758
7615727,24759
7615728,24760
7615923,24761
7616094,24762
7616630,24763
7616851,24764
7616881,24765
7616908,24766
7616972,24767
7617095,24768
7617342,24769
7617438,24770
7617708,24771
7617712,24772
7617831,24773
7618287,24774
7618589,24775
7618669,24776
7618985,24777
7619201,24778
7619916,24779
7620113,24780
7620197,24781
7621197,24782
7621237,24783
7621345,24784
7621548,24785
7621820,24786
7622094,24787
7622154,24788
7622159,24789
7622405,24790
7623581,24791
7623689,24792
7623906,24793
7623911,24794
7624057,24795
7624383,24796
7624871,24797
7624948,24798
7625216,24799
7625512,24800
7625773,24801
7625921,24802
7625969,24803
7626324,24804
7626481,24805
7626873,24806
7627464,24807
7627499,24808
7627640,24809
7628324,24810
7628340,24811
7628369,24812
7628830,24813
7628892,24814
7629226,24815
7629681,24816
7630129,24817
7630404,24818
7631397,24819
7631521,24820
7631552,24821
7631677,24822
7631858,24823
7631896,24824
7632223,24825
7632328,24826
7632373,24827
7632491,24828
7633268,24829
7633469,24830
7633714,24831
7634254,24832
7634474,24833
7634562,24834
7634829,24835
7634943,24836
7635200,24837
7635240,24838
7635379,24839
7635668,24840
7635794,24841
7635965,24842
7636179,24843
7636529,24844
7636712,24845
7636869,24846
7637569,24847
7637626,24848
7637722,24849
7637726,24850
7637770,24851
7638494,24852
7638680,24853
7638734,24854
7639028,24855
7639155,24856
7639363,24857
7639533,24858
7639553,24859
7639777,24860
7640254,24861
7640350,24862
7640481,24863
7640685,24864
7641458,24865
7641981,24866
7642009,24867
7642213,24868
7642473,24869
7642718,24870
7642912,24871
7643142,24872
7643190,24873
7643328,24874
7643368,24875
7643382,24876
7643838,24877
7644007,24878
7644583,24879
7644594,24880
7645060,24881
7645064,24882
7645216,24883
7645589,24884
7645743,24885
7646129,24886
7646330,24887
7646442,24888
7646860,24889
7647054,24890
7647638,24891
7647724,24892
7647928,24893
7648114,24894
7649164,24895
7649206,24896
7649281,24897
7649460,24898
7649709,24899
7649713,24900
7649778,24901
7649939,24902
7649992,24903
7650010,24904
7650028,24905
7650213,24906
7650354,24907
7650692,24908
7651307,24909
7651381,24910
7651511,24911
7651533,24912
7651650,24913
7652025,24914
7652203,24915
7652477,24916
7653119,24917
7653325,24918
7654189,24919
7654203,24920
7654822,24921
7655158,24922
7655165,24923
7655321,24924
7655551,24925
7656062,24926
7656364,24927
7656464,24928
7656838,24929
7656841,24930
7656949,24931
7657187,24932
7657212,24933
7657666,24934
7657754,24935
7657800,24936
7658037,24937
7658038,24938
7658973,24939
7659035,24940
7659270,24941
7659426,24942
7659608,24943
7659684,24944
7660188,24945
7660440,24946
7660845,24947
7660882,24948
7660895,24949
7661137,24950
7661577,24951
7661618,24952
7661721,24953
7662107,24954
7662337,24955
7662374,24956
7662534,24957
7662938,24958
7663022,24959
7663035,24960
7663285,24961
7663585,24962
7663626,24963
7663627,24964
7664107,24965
7664256,24966
7664318,24967
7664474,24968
7664646,24969
7665021,24970
7665243,24971
7665909,24972
7666665,24973
7666721,24974
7666765,24975
7667196,24976
7667219,24977
7667756,24978
7667926,24979
7668380,24980
7669431,24981
7669517,24982
7669703,24983
7669747,24984
7669889,24985
7670467,24986
7670623,24987
7670681,24988
7670808,24989
7670863,24990
7670868,24991
7670874,24992
7671022,24993
7671135,24994
7671297,24995
7671342,24996
7671347,24997
7671368,24998
7671911,24999
7672129,25000
7672215,25001
7672234,25002
7672369,25003
7672436,25004
7672554,25005
7672939,25006
7673272,25007
7673279,25008
7673440,25009
7673982,25010
7674412,25011
7674757,25012
7675360,25013
7675430,25014
7675954,25015
7676104,25016
7677592,25017
7678038,25018
7678206,25019
7678230,25020
7678547,25021
7678907,25022
7679202,25023
7679441,25024
7679610,25025
7679621,25026
7679626,25027
7679920,25028
7680129,25029
7680524,25030
7681288,25031
7682310,25032
7682322,25033
7683109,25034
7683215,25035
7683296,25036
7683991,25037
7684103,25038
7684293,25039
7684654,25040
7684832,25041
7684969,25042
7685931,25043
7686189,25044
7686241,25045
7686307,25046
7686425,25047
7686486,25048
7686925,25049
7686986,25050
7687277,25051
7687417,25052
7687520,25053
7687666,25054
7687748,25055
7688158,25056
7688182,25057
7688764,25058
7688890,25059
7689078,25060
7689375,25061
7689466,25062
7690028,25063
7690041,25064
7690596,25065
7690598,25066
7691198,25067
7691465,25068
7691487,25069
7691499,25070
7691898,25071
7692160,25072
7692526,25073
7692588,25074
7692935,25075
7693417,25076
7693993,25077
7694151,25078
7694238,25079
7694274,25080
7694434,25081
7694505,25082
7694935,25083
7695375,25084
7695488,25085
7695642,25086
7695705,25087
7696033,25088
7696236,25089
7696290,25090
7696410,25091
7696449,25092
7696834,25093
7696855,25094
7696890,25095
7696965,25096
7697702,25097
7697779,25098
7697948,25099
7698053,25100
7698492,25101
7698579,25102
7698665,25103
7698829,25104
7698876,25105
7699553,25106
7699556,25107
7699615,25108
7700020,25109
7700303,25110
7700403,25111
7700898,25112
7701090,25113
7701151,25114
7701253,25115
7701291,25116
7701310,25117
7701322,25118
7701417,25119
7701707,25120
7701748,25121
7701766,25122
7702104,25123
7702107,25124
7702218,25125
7702517,25126
7702942,25127
7703073,25128
7703325,25129
7703438,25130
7703507,25131
7703915,25132
7704025,25133
7704447,25134
7704473,25135
7704636,25136
7704674,25137
7705104,25138
7705330,25139
7705352,25140
7705362,25141
7705564,25142
7705990,25143
7706162,25144
7706553,25145
7706609,25146
7706772,25147
7706969,25148
7707197,25149
7707338,25150
7707479,25151
7707711,25152
7707858,25153
7708140,25154
7708184,25155
7708610,25156
7708689,25157
7708759,25158
7708803,25159
7708844,25160
7709410,25161
7709697,25162
7710270,25163
7710712,25164
7710815,25165
7710931,25166
7710968,25167
7711347,25168
7711377,25169
7711452,25170
7711803,25171
7712385,25172
7712416,25173
7712874,25174
7712890,25175
7712935,25176
7712981,25177
7713254,25178
7713374,25179
7713419,25180
7713567,25181
7713572,25182
7713634,25183
7713786,25184
7713850,25185
7714609,25186
7714861,25187
7715061,25188
7715239,25189
7715600,25190
7715718,25191
7716052,25192
7716055,25193
7716341,25194
7716498,25195
7716639,25196
7716790,25197
7717003,25198
7717100,25199
7717203,25200
7717358,25201
7717492,25202
7717724,25203
7717973,25204
7718547,25205
7718703,25206
7719222,25207
7719296,25208
7719547,25209
7719665,25210
7720378,25211
7720395,25212
7720577,25213
7720816,25214
7721471,25215
7721581,25216
7721643,25217
7721824,25218
7722093,25219
7722176,25220
7722408,25221
7722441,25222
7722516,25223
7722890,25224
7723223,25225
7723321,25226
7723582,25227
7723786,25228
7723989,25229
7724182,25230
7724402,25231
7725032,25232
7725072,25233
7725117,25234
7725419,25235
7725892,25236
7726005,25237
7726141,25238
7726251,25239
7726325,25240
7726910,25241
7726949,25242
7727256,25243
7727286,25244
7727374,25245
7727735,25246
7727794,25247
7728262,25248
7728298,25249
7728460,25250
7728914,25251
7729517,25252
7729683,25253
7730026,25254
7730266,25255
7730471,25256
7730490,25257
7730833,25258
7731235,25259
7731412,25260
7731525,25261
7732301,25262
7732327,25263
7732380,25264
7732418,25265
7732602,25266
7732738,25267
7732942,25268
7733096,25269
7733132,25270
7733206,25271
7733236,25272
7733502,25273
7733883,25274
7734025,25275
7734197,25276
7734456,25277
7734664,25278
7734927,25279
7735221,25280
7735311,25281
7735864,25282
7736042,25283
7736142,25284
7736444,25285
7736497,25286
7736590,25287
7736634,25288
7736796,25289
7736940,25290
7736986,25291
7737376,25292
7737569,25293
7738340,25294
7738555,25295
7738707,25296
7739157,25297
7739215,25298
7739403,25299
7739883,25300
7740214,25301
7740360,25302
7740489,25303
7740620,25304
7740757,25305
7740815,25306
7741211,25307
7741328,25308
7741362,25309
7741394,25310
7741596,25311
7742026,25312
7742061,25313
7742617,25314
7743179,25315
7743577,25316
7743792,25317
7744310,25318
7744489,25319
7744584,25320
7744871,25321
7745479,25322
7745767,25323
7746361,25324
7746763,25325
7747630,25326
7747743,25327
7748110,25328
7748418,25329
7748624,25330
7748659,25331
7748969,25332
7749106,25333
7749545,25334
7749700,25335
7749955,25336
7750015,25337
7750024,25338
7750606,25339
7750893,25340
7751143,25341
7751264,25342
7753118,25343
7753170,25344
7753237,25345
7753429,25346
7753509,25347
7753654,25348
7753941,25349
7754024,25350
7754232,25351
7754776,25352
7755690,25353
7755950,25354
7756231,25355
7756463,25356
7756496,25357
7756693,25358
7756704,25359
7756830,25360
7757370,25361
7757499,25362
7757513,25363
7757556,25364
7757735,25365
7757768,25366
7758328,25367
7758342,25368
7758363,25369
7758516,25370
7758689,25371
7759423,25372
7759774,25373
7759898,25374
7760199,25375
7760251,25376
7760291,25377
7760440,25378
7760549,25379
7761288,25380
7761335,25381
7761589,25382
7761704,25383
7762158,25384
7762498,25385
7762510,25386
7762867,25387
7763002,25388
7763814,25389
7763899,25390
7764125,25391
7764199,25392
7764281,25393
7764466,25394
7764577,25395
7764646,25396
7765150,25397
7765620,25398
7765834,25399
7765924,25400
7766362,25401
7766979,25402
7767013,25403
7767082,25404
7768174,25405
7768355,25406
7768462,25407
7768577,25408
7768848,25409
7769052,25410
7769917,25411
7769959,25412
7770017,25413
7770407,25414
7770596,25415
7770784,25416
7770810,25417
7771147,25418
7771598,25419
7771607,25420
7772154,25421
7772358,25422
7772736,25423
7772817,25424
7772861,25425
7772870,25426
7773567,25427
7773595,25428
7773758,25429
7774069,25430
7774185,25431
7774311,25432
7774383,25433
7774400,25434
7774445,25435
7774460,25436
7775156,25437
7776138,25438
7776398,25439
7776461,25440
7776778,25441
7777137,25442
7777151,25443
7777455,25444
7777565,25445
7777660,25446
7778046,25447
7778063,25448
7778380,25449
7778429,25450
7778652,25451
7778777,25452
7778943,25453
7779261,25454
7779365,25455
7779599,25456
7779755,25457
7779798,25458
7780008,25459
7780142,25460
7780218,25461
7780480,25462
7780483,25463
7780510,25464
7780540,25465
7780899,25466
7781728,25467
7782312,25468
7782682,25469
7783001,25470
7783421,25471
7784507,25472
7784647,25473
7784902,25474
7785701,25475
7785778,25476
7785788,25477
7785889,25478
7785946,25479
7785958,25480
7786469,25481
7786570,25482
7786891,25483
7787155,25484
7787702,25485
7787778,25486
7787963,25487
7788011,25488
7788193,25489
7788855,25490
7789018,25491
7789156,25492
7790447,25493
7790672,25494
7791101,25495
7791750,25496
7792322,25497
7792348,25498
7793522,25499
7793600,25500
7793654,25501
7793876,25502
7794220,25503
7794365,25504
7794535,25505
7794874,25506
7795382,25507
7796238,25508
7796255,25509
7796721,25510
7797095,25511
7797207,25512
7798025,25513
7798117,25514
7798301,25515
7798875,25516
7799379,25517
7799559,25518
7799730,25519
7799976,25520
7800111,25521
7800154,25522
7800251,25523
7801010,25524
7802288,25525
7802455,25526
7802578,25527
7802746,25528
7802757,25529
7803045,25530
7803296,25531
7803379,25532
7803607,25533
7803822,25534
7804026,25535
7804112,25536
7804189,25537
7804626,25538
7804647,25539
7806451,25540
7806525,25541
7806600,25542
7806754,25543
7806951,25544
7807528,25545
7807618,25546
7807654,25547
7808327,25548
7808390,25549
7808518,25550
7809157,25551
7809161,25552
7809388,25553
7809439,25554
7809494,25555
7809857,25556
7810014,25557
7810041,25558
7810258,25559
7810379,25560
7810469,25561
7810825,25562
7811087,25563
7811346,25564
7811663,25565
7811676,25566
7812113,25567
7812165,25568
7812378,25569
7812493,25570
7812522,25571
7812551,25572
7812645,25573
7812794,25574
7812852,25575
7812912,25576
7813241,25577
7813866,25578
7813927,25579
7814288,25580
7814399,25581
7814602,25582
7814715,25583
7815039,25584
7815063,25585
7815496,25586
7816007,25587
7816118,25588
7816247,25589
7816277,25590
7816375,25591
7816479,25592
7816632,25593
7817055,25594
7817075,25595
7817082,25596
7817711,25597
7817783,25598
7818166,25599
7818461,25600
7819670,25601
7819702,25602
7819875,25603
7819916,25604
7819983,25605
7820480,25606
7820706,25607
7821045,25608
7821170,25609
7821184,25610
7821673,25611
7821897,25612
7821911,25613
7821998,25614
7822176,25615
7822962,25616
7823104,25617
7823873,25618
7823902,25619
7824003,25620
7824463,25621
7824473,25622
7824582,25623
7824782,25624
7825384,25625
7825675,25626
7825772,25627
7826111,25628
7826464,25629
7826768,25630
7827115,25631
7827320,25632
7827609,25633
7827649,25634
7827924,25635
7828059,25636
7828178,25637
7828248,25638
7828249,25639
7828596,25640
7828665,25641
7828784,25642
7828901,25643
7829154,25644
7829457,25645
7829576,25646
7829730,25647
7829818,25648
7829826,25649
7830774,25650
7831034,25651
7831079,25652
7831129,25653
7831537,25654
7832320,25655
7832560,25656
7832947,25657
7833154,25658
7834067,25659
7834381,25660
7834411,25661
7834998,25662
7835161,25663
7835171,25664
7835222,25665
7836240,25666
7836336,25667
7836924,25668
7837271,25669
7837280,25670
7837328,25671
7837397,25672
7837429,25673
7837689,25674
7837975,25675
7837984,25676
7838090,25677
7838452,25678
7838806,25679
7838966,25680
7839498,25681
7839632,25682
7839711,25683
7839937,25684
7840807,25685
7840832,25686
7840899,25687
7841567,25688
7841958,25689
7841985,25690
7842205,25691
7842305,25692
7842669,25693
7842784,25694
7842874,25695
7842994,25696
7843046,25697
7843146,25698
7843148,25699
7843555,25700
7843736,25701
7843946,25702
7844288,25703
7844430,25704
7844539,25705
7844963,25706
7845003,25707
7845242,25708
7845383,25709
7845523,25710
7845631,25711
7846403,25712
7846835,25713
7846906,25714
7847505,25715
7847550,25716
7847702,25717
7847824,25718
7847845,25719
7847933,25720
7847972,25721
7848227,25722
7848332,25723
7848376,25724
7848537,25725
7848541,25726
7848664,25727
7848713,25728
7848831,25729
7848969,25730
7849264,25731
7849664,25732
7849961,25733
7850496,25734
7851185,25735
7851211,25736
7851683,25737
7852323,25738
7852532,25739
7852564,25740
7852856,25741
7853152,25742
7853475,25743
7853670,25744
7854069,25745
7854247,25746
7854378,25747
7854675,25748
7855095,25749
7855392,25750
7855413,25751
7855457,25752
7855964,25753
7855981,25754
7855991,25755
7856185,25756
7856468,25757
7856532,25758
7856829,25759
7857027,25760
7857136,25761
7857180,25762
7857282,25763
7857397,25764
7857436,25765
7857842,25766
7858243,25767
7858948,25768
7859027,25769
7859039,25770
7859199,25771
7859265,25772
7859301,25773
7859329,25774
7859507,25775
7859631,25776
7859769,25777
7860039,25778
7860289,25779
7860527,25780
7860592,25781
7860692,25782
7860863,25783
7861259,25784
7861748,25785
7861937,25786
7862298,25787
7862909,25788
7863185,25789
7863276,25790
7863524,25791
7863559,25792
7863826,25793
7864078,25794
7864326,25795
7864394,25796
7864424,25797
7865022,25798
7865927,25799
7866377,25800
7866429,25801
7866505,25802
7866890,25803
7867011,25804
7867208,25805
7867311,25806
7867343,25807
7867510,25808
7867672,25809
7867748,25810
7867763,25811
7867871,25812
7867968,25813
7868124,25814
7868179,25815
7868492,25816
7868762,25817
7868882,25818
7868892,25819
7868934,25820
7868951,25821
7868979,25822
7870809,25823
7870997,25824
7871276,25825
7871892,25826
7872011,25827
7872013,25828
7872805,25829
7873172,25830
7873303,25831
7873524,25832
7873625,25833
7873864,25834
7873912,25835
7873916,25836
7874439,25837
7874621,25838
7875290,25839
7875977,25840
7876049,25841
7876723,25842
7876851,25843
7877342,25844
7877363,25845
7877548,25846
7877832,25847
7877948,25848
7878066,25849
7878075,25850
7878250,25851
7878415,25852
7878480,25853
7878504,25854
7878687,25855
7878714,25856
7879030,25857
7879658,25858
7880337,25859
7880341,25860
7880946,25861
7880953,25862
7881764,25863
7881961,25864
7882284,25865
7882479,25866
7882829,25867
7882950,25868
7883381,25869
7883467,25870
7883473,25871
7884177,25872
7884198,25873
7884647,25874
7884862,25875
7885357,25876
7885516,25877
7885640,25878
7885963,25879
7886029,25880
7886111,25881
7886478,25882
7886623,25883
7886636,25884
7887207,25885
7887234,25886
7887429,25887
7887778,25888
7888390,25889
7888546,25890
7888565,25891
7888823,25892
7889338,25893
7889527,25894
7889574,25895
7889710,25896
7889826,25897
7890166,25898
7890424,25899
7890533,25900
7890635,25901
7890980,25902
7891104,25903
7891164,25904
7891362,25905
7891805,25906
7891810,25907
7891904,25908
7892305,25909
7892503,25910
7892538,25911
7892661,25912
7893350,25913
7893471,25914
7894129,25915
7894174,25916
7894577,25917
7894753,25918
7894874,25919
7895135,25920
7895530,25921
7895897,25922
7895987,25923
7896348,25924
7896788,25925
7896862,25926
7897003,25927
7897476,25928
7898059,25929
7898235,25930
7898252,25931
7898638,25932
7899095,25933
7899620,25934
7899633,25935
7899638,25936
7899790,25937
7900176,25938
7900719,25939
7900812,25940
7900873,25941
7900879,25942
7901095,25943
7901332,25944
7901435,25945
7901704,25946
7901867,25947
7901879,25948
7902363,25949
7902621,25950
7902751,25951
7902867,25952
7902925,25953
7903280,25954
7903654,25955
7903870,25956
7903877,25957
7904056,25958
7904086,25959
7904845,25960
7905007,25961
7905417,25962
7905876,25963
7906611,25964
7906732,25965
7907064,25966
7907160,25967
7907207,25968
7907499,25969
7907643,25970
7907950,25971
7908504,25972
7908735,25973
7908905,25974
7909037,25975
7909270,25976
7909405,25977
7909710,25978
7910043,25979
7910248,25980
7910298,25981
7910318,25982
7910344,25983
7910555,25984
7910879,25985
7911334,25986
7911898,25987
7911914,25988
7912023,25989
7912375,25990
7912550,25991
7912804,25992
7912938,25993
7912962,25994
7913024,25995
7913371,25996
7913402,25997
7913598,25998
7914013,25999
7914102,26000
7914462,26001
7914550,26002
7914583,26003
7914903,26004
7915202,26005
7915225,26006
7915356,26007
7915490,26008
7915497,26009
7915532,26010
7915754,26011
7915859,26012
7915861,26013
7916492,26014
7916653,26015
7917536,26016
7917729,26017
7917989,26018
7918573,26019
7918604,26020
7919087,26021
7919166,26022
7919242,26023
7919577,26024
7919718,26025
7919754,26026
7920007,26027
7920050,26028
7920161,26029
7920608,26030
7920952,26031
7920969,26032
7921036,26033
7921577,26034
7921603,26035
7922085,26036
7922161,26037
7922354,26038
7922391,26039
7922613,26040
7922648,26041
7922909,26042
7922931,26043
7923055,26044
7923506,26045
7923996,26046
7924037,26047
7924293,26048
7924303,26049
7926047,26050
7927093,26051
7927941,26052
7927998,26053
7928044,26054
7928214,26055
7928628,26056
7928715,26057
7928860,26058
7929070,26059
7929271,26060
7929314,26061
7929548,26062
7929723,26063
7930162,26064
7930175,26065
7930608,26066
7930656,26067
7930677,26068
7930683,26069
7930754,26070
7930808,26071
7931030,26072
7931268,26073
7931281,26074
7931369,26075
7931983,26076
7932112,26077
7932770,26078
7933028,26079
7933431,26080
7933610,26081
7933871,26082
7934314,26083
7934357,26084
7934627,26085
7934878,26086
7935147,26087
7935462,26088
7935643,26089
7935873,26090
7936228,26091
7936253,26092
7936434,26093
7937169,26094
7937299,26095
7937325,26096
7937573,26097
7937879,26098
7937924,26099
7938085,26100
7938125,26101
7938338,26102
7938535,26103
7938853,26104
7939080,26105
7939202,26106
7939418,26107
7939586,26108
7940225,26109
7940716,26110
7940947,26111
7940963,26112
7941116,26113
7941600,26114
7942082,26115
7942358,26116
7942604,26117
7943742,26118
7944008,26119
7944047,26120
7944559,26121
7944652,26122
7944695,26123
7945045,26124
7945586,26125
7945854,26126
7945869,26127
7946068,26128
7946790,26129
7946979,26130
7947070,26131
7947255,26132
7947675,26133
7947821,26134
7947959,26135
7948027,26136
7948161,26137
7948355,26138
7948357,26139
7948571,26140
7948605,26141
7949242,26142
7949909,26143
7949911,26144
7950159,26145
7951422,26146
7951454,26147
7951585,26148
7951608,26149
7951636,26150
7951637,26151
7952069,26152
7952240,26153
7953253,26154
7953261,26155
7953432,26156
7953487,26157
7953504,26158
7953623,26159
7954120,26160
7954135,26161
7954273,26162
7954586,26163
7954835,26164
7954886,26165
7954983,26166
7955339,26167
7955843,26168
7956170,26169
7956818,26170
7956918,26171
7957027,26172
7957275,26173
7957586,26174
7957678,26175
7957699,26176
7957820,26177
7957903,26178
7957994,26179
7958360,26180
7958406,26181
7958592,26182
7958793,26183
7959193,26184
7959238,26185
7959271,26186
7959427,26187
7959511,26188
7959789,26189
7959873,26190
7959979,26191
7960072,26192
7960244,26193
7960482,26194
7960576,26195
7961282,26196
7961343,26197
7961683,26198
7961725,26199
7961928,26200
7961934,26201
7962245,26202
7962262,26203
7962363,26204
7962727,26205
7963086,26206
7963116,26207
7963357,26208
7963435,26209
7963779,26210
7963971,26211
7964063,26212
7964081,26213
7964392,26214
7964584,26215
7964733,26216
7964785,26217
7964915,26218
7965116,26219
7965489,26220
7965839,26221
7965991,26222
7966080,26223
7966248,26224
7966274,26225
7966312,26226
7966427,26227
7966846,26228
7967126,26229
7967619,26230
7968531,26231
7968538,26232
7968642,26233
7968967,26234
7969021,26235
7969230,26236
7969767,26237
7969988,26238
7969993,26239
7970014,26240
7970180,26241
7970318,26242
7970362,26243
7970437,26244
7970441,26245
7970595,26246
7970606,26247
7971250,26248
7971261,26249
7971691,26250
7971843,26251
7972123,26252
7972212,26253
7972252,26254
7972462,26255
7972537,26256
7972708,26257
7973171,26258
7973226,26259
7973398,26260
7973596,26261
7974200,26262
7974686,26263
7975243,26264
7975327,26265
7975640,26266
7976091,26267
7976289,26268
7976696,26269
7977054,26270
7977322,26271
7977346,26272
7977546,26273
7977793,26274
7977956,26275
7978821,26276
7978974,26277
7979296,26278
7979591,26279
7979763,26280
7979924,26281
7980112,26282
7980180,26283
7980342,26284
7980464,26285
7980466,26286
7981260,26287
7981307,26288
7981617,26289
7981704,26290
7981997,26291
7982339,26292
7982909,26293
7982981,26294
7983045,26295
7983286,26296
7983317,26297
7983745,26298
7984002,26299
7984139,26300
7984188,26301
7984239,26302
7984353,26303
7984459,26304
7984525,26305
7984705,26306
7984801,26307
7985138,26308
7985904,26309
7986000,26310
7986355,26311
7986545,26312
7986571,26313
7986696,26314
7987630,26315
7988307,26316
7988355,26317
7988483,26318
7988877,26319
7989176,26320
7989584,26321
7989670,26322
7989758,26323
7989978,26324
7990136,26325
7990783,26326
7991332,26327
7991533,26328
7991817,26329
7991871,26330
7991975,26331
7992147,26332
7992159,26333
7992180,26334
7992396,26335
7992415,26336
7992531,26337
7992548,26338
7992740,26339
7992788,26340
7993277,26341
7993380,26342
7993447,26343
7993962,26344
7994238,26345
7994272,26346
7994365,26347
7994458,26348
7994531,26349
7994566,26350
7994800,26351
7994867,26352
7995048,26353
7995176,26354
7995251,26355
7995356,26356
7995723,26357
7995791,26358
7995992,26359
7997073,26360
7997130,26361
7997254,26362
7997280,26363
7997286,26364
7997561,26365
7997734,26366
7997751,26367
7997962,26368
7998046,26369
7998130,26370
7998329,26371
7999079,26372
7999246,26373
7999392,26374
7999580,26375
8000029,26376
8000268,26377
8000362,26378
8000471,26379
8000762,26380
8001255,26381
8001414,26382
8001520,26383
8001778,26384
8001817,26385
8002130,26386
8002496,26387
8002570,26388
8002839,26389
8003224,26390
8003320,26391
8003514,26392
8003928,26393
8004008,26394
8004078,26395
8004328,26396
8004331,26397
8004384,26398
8004473,26399
8004778,26400
8005187,26401
8005295,26402
8005901,26403
8005924,26404
8006094,26405
8006171,26406
8006453,26407
8006464,26408
8006764,26409
8007127,26410
8007131,26411
8007690,26412
8008251,26413
8008915,26414
8009006,26415
8009122,26416
8011338,26417
8011687,26418
8011885,26419
8011965,26420
8012428,26421
8012579,26422
8012671,26423
8013966,26424
8014264,26425
8014274,26426
8014676,26427
8014723,26428
8014847,26429
8015490,26430
8015614,26431
8016398,26432
8016614,26433
8017137,26434
8017821,26435
8018183,26436
8018217,26437
8018312,26438
8018737,26439
8019020,26440
8019077,26441
8019209,26442
8019281,26443
8019894,26444
8020694,26445
8021012,26446
8021191,26447
8021215,26448
8021232,26449
8021593,26450
8022048,26451
8022220,26452
8022313,26453
8022746,26454
8023514,26455
8024026,26456
8024400,26457
8024495,26458
8024730,26459
8025364,26460
8026186,26461
8026320,26462
8026798,26463
8026970,26464
8027093,26465
8027300,26466
8027324,26467
8028060,26468
8028770,26469
8029306,26470
8029557,26471
8029799,26472
8029881,26473
8030873,26474
8031007,26475
8031171,26476
8031221,26477
8031231,26478
8031443,26479
8031813,26480
8031824,26481
8031858,26482
8031887,26483
8032072,26484
8032267,26485
8032271,26486
8032347,26487
8033035,26488
8033475,26489
8033804,26490
8033811,26491
8034680,26492
8034682,26493
8034994,26494
8035093,26495
8035441,26496
8035529,26497
8035700,26498
8035814,26499
8035944,26500
8035959,26501
8036008,26502
8036034,26503
8036049,26504
8036343,26505
8036604,26506
8036622,26507
8036816,26508
8037267,26509
8037292,26510
8037296,26511
8037802,26512
8037823,26513
8038134,26514
8038281,26515
8038670,26516
8038784,26517
8038817,26518
8039208,26519
8039520,26520
8039577,26521
8039598,26522
8039964,26523
8040453,26524
8040512,26525
8040564,26526
8040899,26527
8040944,26528
8041053,26529
8041154,26530
8041586,26531
8041595,26532
8041755,26533
8041776,26534
8041927,26535
8041943,26536
8042073,26537
8042199,26538
8042571,26539
8043493,26540
8043630,26541
8043690,26542
8043708,26543
8044015,26544
8044316,26545
8044437,26546
8044946,26547
8045179,26548
8045343,26549
8045549,26550
8045782,26551
8046163,26552
8046518,26553
8047259,26554
8047313,26555
8047518,26556
8047690,26557
8047731,26558
8048381,26559
8049023,26560
8049634,26561
8049968,26562
8050393,26563
8050778,26564
8050984,26565
8051215,26566
8051482,26567
8052367,26568
8052374,26569
8053140,26570
8053319,26571
8053731,26572
8053800,26573
8054169,26574
8054184,26575
8054242,26576
8054344,26577
8054603,26578
8054619,26579
8054687,26580
8054977,26581
8054995,26582
8055457,26583
8055534,26584
8055593,26585
8055609,26586
8055844,26587
8055860,26588
8056273,26589
8056507,26590
8056875,26591
8057152,26592
8057210,26593
8057516,26594
8058604,26595
8058641,26596
8058730,26597
8058858,26598
8059269,26599
8059289,26600
8059431,26601
8059529,26602
8059583,26603
8059634,26604
8059913,26605
8059974,26606
8060161,26607
8061161,26608
8061478,26609
8061967,26610
8061977,26611
8062149,26612
8062538,26613
8062613,26614
8062665,26615
8063318,26616
8063407,26617
8063981,26618
8064147,26619
8064442,26620
8065074,26621
8065253,26622
8065306,26623
8065441,26624
8065592,26625
8065976,26626
8066539,26627
8066661,26628
8067617,26629
8067977,26630
8068285,26631
8068352,26632
8068895,26633
8068936,26634
8069507,26635
8069672,26636
8069880,26637
8070001,26638
8070207,26639
8070250,26640
8071004,26641
8071043,26642
8071238,26643
8071325,26644
8071329,26645
8071612,26646
8072688,26647
8073342,26648
8073539,26649
8073584,26650
8073618,26651
8073729,26652
8074367,26653
8074421,26654
8074431,26655
8074661,26656
8074986,26657
8075054,26658
8075154,26659
8075610,26660
8075875,26661
8076570,26662
8076708,26663
8077054,26664
8077144,26665
8077776,26666
8077806,26667
8077862,26668
8078039,26669
8078047,26670
8078085,26671
8078519,26672
8078634,26673
8079268,26674
8079354,26675
8079397,26676
8079550,26677
8080201,26678
8080504,26679
8080534,26680
8080588,26681
8080668,26682
8080693,26683
8080738,26684
8080859,26685
8081117,26686
8081119,26687
8081227,26688
8081315,26689
8081563,26690
8081695,26691
8081948,26692
8081961,26693
8082076,26694
8082079,26695
8082539,26696
8083980,26697
8084423,26698
8084605,26699
8084629,26700
8085028,26701
8085383,26702
8085562,26703
8086408,26704
8087096,26705
8087161,26706
8087170,26707
8087596,26708
8087894,26709
8088113,26710
8088465,26711
8088573,26712
8088723,26713
8088752,26714
8088920,26715
8089131,26716
8090391,26717
8090898,26718
8091211,26719
8091447,26720
8091480,26721
8091525,26722
8091950,26723
8092172,26724
8092234,26725
8092442,26726
8092782,26727
8092892,26728
8093163,26729
8093294,26730
8094456,26731
8094557,26732
8094633,26733
8094697,26734
8094909,26735
8095362,26736
8095642,26737
8096021,26738
8096094,26739
8096156,26740
8096455,26741
8096820,26742
8097216,26743
8097252,26744
8097300,26745
8097545,26746
8098612,26747
8099013,26748
8099028,26749
8099041,26750
8099186,26751
8099238,26752
8099317,26753
8099417,26754
8099440,26755
8099568,26756
8100086,26757
8100319,26758
8101611,26759
8102084,26760
8102576,26761
8102596,26762
8103113,26763
8103351,26764
8103382,26765
8103789,26766
8103839,26767
8103889,26768
8103963,26769
8104129,26770
8104410,26771
8104710,26772
8104731,26773
8104854,26774
8105388,26775
8105473,26776
8106171,26777
8106319,26778
8106386,26779
8106510,26780
8107085,26781
8107115,26782
8107659,26783
8107797,26784
8108400,26785
8108430,26786
8108431,26787
8108457,26788
8108582,26789
8108709,26790
8108719,26791
8109135,26792
8109424,26793
8109457,26794
8110009,26795
8110193,26796
8110209,26797
8110309,26798
8110430,26799
8110442,26800
8110668,26801
8110957,26802
8110993,26803
8111169,26804
8111256,26805
8111748,26806
8112503,26807
8112580,26808
8112691,26809
8112791,26810
8113336,26811
8114037,26812
8114170,26813
8114208,26814
8114627,26815
8114799,26816
8114910,26817
8115759,26818
8115887,26819
8115955,26820
8116147,26821
8116264,26822
8116271,26823
8116735,26824
8117923,26825
8118000,26826
8118303,26827
8118767,26828
8118829,26829
8119000,26830
8119016,26831
8119041,26832
8119313,26833
8119461,26834
8119640,26835
8120702,26836
8120833,26837
8121525,26838
8122013,26839
8122094,26840
8122294,26841
8122418,26842
8122469,26843
8122514,26844
8123022,26845
8123206,26846
8123383,26847
8123659,26848
8123835,26849
8124089,26850
8124094,26851
8124112,26852
8124516,26853
8124614,26854
8125559,26855
8125575,26856
8126028,26857
8126193,26858
8126559,26859
8126813,26860
8126965,26861
8127608,26862
8127697,26863
8128049,26864
8128630,26865
8128920,26866
8129262,26867
8129329,26868
8129411,26869
8129706,26870
8129908,26871
8130455,26872
8130716,26873
8130975,26874
8131371,26875
8131527,26876
8131609,26877
8131884,26878
8132059,26879
8132765,26880
8133010,26881
8133055,26882
8133409,26883
8133852,26884
8133972,26885
8134018,26886
8134063,26887
8134774,26888
8135087,26889
8135127,26890
8135362,26891
8135594,26892
8136268,26893
8136501,26894
8136951,26895
8137232,26896
8137273,26897
8137551,26898
8138082,26899
8138681,26900
8139606,26901
8139734,26902
8140416,26903
8140978,26904
8141638,26905
8141773,26906
8141880,26907
8142218,26908
8142424,26909
8142762,26910
8142767,26911
8143440,26912
8143744,26913
8143767,26914
8143778,26915
8143897,26916
8143991,26917
8144048,26918
8144664,26919
8144793,26920
8145539,26921
8145958,26922
8146171,26923
8146837,26924
8147403,26925
8148141,26926
8148172,26927
8148489,26928
8148612,26929
8148623,26930
8148723,26931
8148819,26932
8148898,26933
8149065,26934
8149325,26935
8149592,26936
8149770,26937
8149980,26938
8150183,26939
8150432,26940
8150723,26941
8150791,26942
8150997,26943
8151240,26944
8151782,26945
8151992,26946
8152191,26947
8152337,26948
8152461,26949
8152521,26950
8152592,26951
8152650,26952
8152774,26953
8154255,26954
8154762,26955
8154889,26956
8155217,26957
8155558,26958
8155819,26959
8156009,26960
8156155,26961
8156384,26962
8156401,26963
8156740,26964
8156770,26965
8157363,26966
8157437,26967
8157520,26968
8157789,26969
8158458,26970
8159942,26971
8160254,26972
8160347,26973
8160870,26974
8161059,26975
8161251,26976
8161663,26977
8161672,26978
8162091,26979
8162185,26980
8162210,26981
8162442,26982
8162465,26983
8162612,26984
8162636,26985
8162669,26986
8162946,26987
8163078,26988
8163252,26989
8163751,26990
8163849,26991
8164114,26992
8164134,26993
8164145,26994
8164709,26995
8165598,26996
8165929,26997
8166060,26998
8166129,26999
8166161,27000
8166176,27001
8166326,27002
8166495,27003
8167028,27004
8167251,27005
8167320,27006
8167365,27007
8167401,27008
8167531,27009
8167678,27010
8168144,27011
8168206,27012
8169022,27013
8169189,27014
8171037,27015
8171323,27016
8171496,27017
8171508,27018
8171591,27019
8171626,27020
8171944,27021
8172081,27022
8172129,27023
8172996,27024
8173164,27025
8173388,27026
8174215,27027
8174730,27028
8174882,27029
8175270,27030
8175583,27031
8175670,27032
8175823,27033
8175913,27034
8175968,27035
8176150,27036
8176359,27037
8176880,27038
8177144,27039
8177883,27040
8177986,27041
8178110,27042
8178129,27043
8178707,27044
8178798,27045
8178989,27046
8179209,27047
8180200,27048
8180540,27049
8180722,27050
8180831,27051
8180881,27052
8180899,27053
8180954,27054
8181146,27055
8181653,27056
8181725,27057
8182204,27058
8182219,27059
8182289,27060
8182594,27061
8183189,27062
8183197,27063
8183408,27064
8183457,27065
8184145,27066
8184521,27067
8184609,27068
8185868,27069
8186344,27070
8186594,27071
8186780,27072
8186801,27073
8187075,27074
8187078,27075
8187271,27076
8187413,27077
8187533,27078
8187667,27079
8188398,27080
8188589,27081
8188638,27082
8188644,27083
8188704,27084
8188789,27085
8188859,27086
8188961,27087
8189002,27088
8189153,27089
8189531,27090
8189771,27091
8190077,27092
8190149,27093
8190311,27094
8190622,27095
8190683,27096
8190733,27097
8190813,27098
8190915,27099
8191965,27100
8193899,27101
8194816,27102
8195005,27103
8195061,27104
8195070,27105
8195186,27106
8195360,27107
8195420,27108
8195540,27109
8197186,27110
8197462,27111
8199059,27112
8199085,27113
8199138,27114
8199428,27115
8199593,27116
8199628,27117
8199718,27118
8200034,27119
8200557,27120
8200813,27121
8201491,27122
8202199,27123
8202975,27124
8203066,27125
8203222,27126
8203366,27127
8203407,27128
8203719,27129
8203725,27130
8203749,27131
8203909,27132
8203919,27133
8204129,27134
8204135,27135
8204188,27136
8204480,27137
8204612,27138
8204907,27139
8205362,27140
8205364,27141
8205939,27142
8205982,27143
8206260,27144
8206981,27145
8206985,27146
8207159,27147
8207330,27148
8207386,27149
8208366,27150
8209096,27151
8209101,27152
8209579,27153
8209954,27154
8210442,27155
8210856,27156
8211008,27157
8211140,27158
8211244,27159
8211287,27160
8211565,27161
8211611,27162
8212008,27163
8212040,27164
8212251,27165
8212470,27166
8212537,27167
8213046,27168
8213531,27169
8213568,27170
8213694,27171
8214032,27172
8214489,27173
8214584,27174
8214697,27175
8214757,27176
8214774,27177
8215195,27178
8215230,27179
8215468,27180
8215488,27181
8215513,27182
8215517,27183
8215615,27184
8215783,27185
8215988,27186
8216552,27187
8216651,27188
8216781,27189
8216858,27190
8217204,27191
8217508,27192
8217864,27193
8218050,27194
8218400,27195
8218649,27196
8218771,27197
8218875,27198
8219745,27199
8219835,27200
8220148,27201
8220161,27202
8220645,27203
8221325,27204
8221920,27205
8222272,27206
8222322,27207
8223186,27208
8223483,27209
8223677,27210
8224035,27211
8224121,27212
8224124,27213
8224613,27214
8224679,27215
8224933,27216
8225129,27217
8225141,27218
8225256,27219
8225384,27220
8225402,27221
8225789,27222
8226197,27223
8226386,27224
8227142,27225
8227504,27226
8228193,27227
8228228,27228
8228310,27229
8228395,27230
8228629,27231
8229003,27232
8229336,27233
8229530,27234
8230096,27235
8230374,27236
8230903,27237
8231147,27238
8231506,27239
8232154,27240
8232163,27241
8232249,27242
8232427,27243
8232614,27244
8232789,27245
8232866,27246
8232881,27247
8233359,27248
8233404,27249
8233411,27250
8233570,27251
8234853,27252
8234938,27253
8235114,27254
8235325,27255
8235370,27256
8235392,27257
8235712,27258
8235754,27259
8236224,27260
8236270,27261
8236587,27262
8236595,27263
8236893,27264
8237468,27265
8237501,27266
8238232,27267
8238310,27268
8238406,27269
8238409,27270
8238641,27271
8238939,27272
8238999,27273
8239566,27274
8239573,27275
8239699,27276
8239732,27277
8239772,27278
8239963,27279
8240098,27280
8240279,27281
8240387,27282
8240903,27283
8241070,27284
8241104,27285
8241598,27286
8241733,27287
8241759,27288
8241932,27289
8242067,27290
8242160,27291
8242692,27292
8242967,27293
8243020,27294
8243473,27295
8243679,27296
8243794,27297
8243867,27298
8244310,27299
8244346,27300
8245119,27301
8245159,27302
8245534,27303
8246025,27304
8246148,27305
8246223,27306
8246264,27307
8246730,27308
8246925,27309
8247293,27310
8247371,27311
8247399,27312
8247491,27313
8247903,27314
8247958,27315
8248306,27316
8248334,27317
8248605,27318
8248869,27319
8248882,27320
8248904,27321
8249401,27322
8249497,27323
8249695,27324
8249758,27325
8250286,27326
8250837,27327
8250948,27328
8251258,27329
8251463,27330
8251526,27331
8251664,27332
8251683,27333
8251784,27334
8251969,27335
8252085,27336
8252146,27337
8252910,27338
8252915,27339
8253270,27340
8253399,27341
8253457,27342
8253800,27343
8254073,27344
8254292,27345
8254414,27346
8254718,27347
8255045,27348
8255652,27349
8255928,27350
8256131,27351
8256457,27352
8256672,27353
8256745,27354
8256781,27355
8256905,27356
8257009,27357
8257290,27358
8257445,27359
8257668,27360
8257981,27361
8258044,27362
8258425,27363
8259269,27364
8259559,27365
8259709,27366
8260002,27367
8260084,27368
8260204,27369
8260445,27370
8260627,27371
8260691,27372
8260714,27373
8261088,27374
8261103,27375
8261724,27376
8261849,27377
8262181,27378
8262478,27379
8262546,27380
8262655,27381
8262923,27382
8262974,27383
8263092,27384
8263491,27385
8264258,27386
8264602,27387
8264639,27388
8264780,27389
8264807,27390
8265377,27391
8265486,27392
8265626,27393
8265951,27394
8266097,27395
8266188,27396
8266236,27397
8266466,27398
8266578,27399
8266697,27400
8266756,27401
8266757,27402
8267031,27403
8267689,27404
8268246,27405
8268388,27406
8268781,27407
8269290,27408
8269504,27409
8269588,27410
8269697,27411
8269843,27412
8269884,27413
8270761,27414
8271006,27415
8271461,27416
8271794,27417
8272244,27418
8272487,27419
8272526,27420
8272551,27421
8272776,27422
8272922,27423
8272928,27424
8273235,27425
8273363,27426
8273823,27427
8274248,27428
8274314,27429
8274560,27430
8274768,27431
8274856,27432
8275413,27433
8275673,27434
8275825,27435
8275967,27436
8276027,27437
8276128,27438
8276160,27439
8276305,27440
8276402,27441
8276585,27442
8276780,27443
8276937,27444
8277088,27445
8277756,27446
8277835,27447
8277958,27448
8278294,27449
8278455,27450
8278468,27451
8278685,27452
8278743,27453
8278877,27454
8280186,27455
8280212,27456
8280851,27457
8281312,27458
8281691,27459
8281830,27460
8282186,27461
8282433,27462
8282595,27463
8282786,27464
8282848,27465
8283586,27466
8284390,27467
8284454,27468
8284636,27469
8284667,27470
8285311,27471
8285765,27472
8285902,27473
8285917,27474
8286356,27475
8286491,27476
8286505,27477
8286618,27478
8286759,27479
8286760,27480
8286784,27481
8286876,27482
8287375,27483
8287685,27484
8288238,27485
8289782,27486
8290060,27487
8290214,27488
8290255,27489
8290737,27490
8290895,27491
8290901,27492
8291052,27493
8291140,27494
8291960,27495
8292236,27496
8293043,27497
8293275,27498
8293428,27499
8293804,27500
8293915,27501
8294003,27502
8294567,27503
8294711,27504
8294931,27505
8295070,27506
8295146,27507
8295262,27508
8295322,27509
8295480,27510
8295933,27511
8296027,27512
8296104,27513
8296216,27514
8296304,27515
8296323,27516
8296485,27517
8296597,27518
8296675,27519
8296874,27520
8297150,27521
8297228,27522
8297646,27523
8297728,27524
8297838,27525
8298341,27526
8298660,27527
8298821,27528
8299490,27529
8299643,27530
8299790,27531
8299835,27532
8299942,27533
8300183,27534
8300520,27535
8301196,27536
8301626,27537
8301680,27538
8301734,27539
8301824,27540
8302210,27541
8302428,27542
8302520,27543
8302927,27544
8303314,27545
8303337,27546
8303648,27547
8303824,27548
8303906,27549
8303945,27550
8304159,27551
8305378,27552
8305744,27553
8305891,27554
8306247,27555
8306694,27556
8306992,27557
8307293,27558
8307332,27559
8307646,27560
8307657,27561
8307739,27562
8307941,27563
8308194,27564
8308807,27565
8309054,27566
8309824,27567
8309826,27568
8309901,27569
8309911,27570
8309944,27571
8310135,27572
8310469,27573
8310605,27574
8310747,27575
8311210,27576
8311500,27577
8311740,27578
8312112,27579
8312457,27580
8312626,27581
8312935,27582
8313101,27583
8313351,27584
8313647,27585
8313785,27586
8313823,27587
8314335,27588
8314654,27589
8314659,27590
8314799,27591
8315175,27592
8315251,27593
8315583,27594
8315703,27595
8316007,27596
8316304,27597
8316615,27598
8316808,27599
8316873,27600
8317616,27601
8317631,27602
8317789,27603
8317922,27604
8318064,27605
8318081,27606
8318093,27607
8318252,27608
8318286,27609
8318606,27610
8318983,27611
8319282,27612
8319725,27613
8320264,27614
8320534,27615
8320549,27616
8320720,27617
8320874,27618
8321121,27619
8321396,27620
8321510,27621
8321627,27622
8321655,27623
8321731,27624
8322578,27625
8322936,27626
8323057,27627
8323205,27628
8323650,27629
8324251,27630
8324357,27631
8324928,27632
8325183,27633
8325377,27634
8325586,27635
8326210,27636
8326661,27637
8326863,27638
8327611,27639
8327977,27640
8329038,27641
8329045,27642
8329734,27643
8330549,27644
8330560,27645
8330584,27646
8330723,27647
8331987,27648
8331989,27649
8332079,27650
8332492,27651
8332742,27652
8333049,27653
8333084,27654
8333262,27655
8333425,27656
8333901,27657
8333902,27658
8334657,27659
8335033,27660
8335044,27661
8335160,27662
8335469,27663
8335501,27664
8335626,27665
8335649,27666
8335720,27667
8335777,27668
8335813,27669
8336163,27670
8336529,27671
8336626,27672
8337018,27673
8337093,27674
8337160,27675
8337165,27676
8337341,27677
8338058,27678
8338060,27679
8338797,27680
8338839,27681
8338853,27682
8338891,27683
8338951,27684
8339329,27685
8339507,27686
8339637,27687
8340106,27688
8340447,27689
8340510,27690
8340915,27691
8340973,27692
8341544,27693
8341608,27694
8342427,27695
8342467,27696
8342480,27697
8342526,27698
8342910,27699
8342920,27700
8342960,27701
8343041,27702
8343063,27703
8343498,27704
8343592,27705
8343677,27706
8343734,27707
8343998,27708
8344022,27709
8344253,27710
8344947,27711
8345440,27712
8345839,27713
8346228,27714
8346326,27715
8346438,27716
8346559,27717
8346630,27718
8346673,27719
8346815,27720
8347510,27721
8347807,27722
8347900,27723
8348378,27724
8348425,27725
8348477,27726
8348705,27727
8348957,27728
8349061,27729
8349256,27730
8349622,27731
8349654,27732
8349935,27733
8350227,27734
8350521,27735
8351031,27736
8351159,27737
8351193,27738
8351349,27739
8351527,27740
8351533,27741
8351840,27742
8352210,27743
8352889,27744
8352968,27745
8353094,27746
8353133,27747
8353374,27748
8353539,27749
8353730,27750
8353931,27751
8354023,27752
8354315,27753
8354707,27754
8354926,27755
8356123,27756
8356176,27757
8357251,27758
8357857,27759
8358203,27760
8358515,27761
8358546,27762
8359012,27763
8359128,27764
8359329,27765
8359759,27766
8359835,27767
8359987,27768
8360176,27769
8360895,27770
8362106,27771
8362153,27772
8362907,27773
8363115,27774
8363432,27775
8363605,27776
8363778,27777
8363995,27778
8364076,27779
8364096,27780
8364116,27781
8364144,27782
8364389,27783
8365684,27784
8365802,27785
8365942,27786
8366348,27787
8366395,27788
8366803,27789
8366936,27790
8367621,27791
8367879,27792
8367999,27793
8368529,27794
8368734,27795
8368853,27796
8369458,27797
8369624,27798
8369716,27799
8369949,27800
8370102,27801
8370240,27802
8370525,27803
8370530,27804
8370571,27805
8370618,27806
8371006,27807
8371153,27808
8371496,27809
8371578,27810
8371874,27811
8371917,27812
8372114,27813
8372491,27814
8373302,27815
8373355,27816
8373388,27817
8373576,27818
8373966,27819
8374579,27820
8374665,27821
8374862,27822
8374871,27823
8376049,27824
8376252,27825
8376779,27826
8376959,27827
8377650,27828
8377834,27829
8378083,27830
8378292,27831
8378571,27832
8379583,27833
8379668,27834
8380101,27835
8380252,27836
8380617,27837
8380691,27838
8380779,27839
8380788,27840
8381285,27841
8381334,27842
8381548,27843
8382157,27844
8382348,27845
8382423,27846
8382703,27847
8382743,27848
8383141,27849
8383235,27850
8383400,27851
8383458,27852
8384128,27853
8385012,27854
8385646,27855
8385736,27856
8385868,27857
8385924,27858
8386012,27859
8386503,27860
8386775,27861
8387038,27862
8387800,27863
8388202,27864
8388250,27865
8388301,27866
8389040,27867
8389193,27868
8389385,27869
8389512,27870
8389586,27871
8389596,27872
8389745,27873
8389758,27874
8389842,27875
8389850,27876
8389853,27877
8390083,27878
8390264,27879
8390313,27880
8390999,27881
8391172,27882
8391300,27883
8391301,27884
8391538,27885
8391772,27886
8391919,27887
8392060,27888
8392488,27889
8392521,27890
8392530,27891
8392988,27892
8393438,27893
8393458,27894
8393503,27895
8393742,27896
8394977,27897
8395087,27898
8395136,27899
8395505,27900
8395511,27901
8395764,27902
8396012,27903
8397003,27904
8397034,27905
8397428,27906
8397611,27907
8397674,27908
8397768,27909
8398058,27910
8398438,27911
8398704,27912
8398869,27913
8399119,27914
8399297,27915
8399568,27916
8399680,27917
8400016,27918
8400064,27919
8400264,27920
8400604,27921
8400606,27922
8401227,27923
8401932,27924
8402201,27925
8402782,27926
8402853,27927
8402921,27928
8403350,27929
8403557,27930
8403960,27931
8404075,27932
8404401,27933
8404470,27934
8404682,27935
8404748,27936
8405010,27937
8405248,27938
8405523,27939
8406070,27940
8406097,27941
8406152,27942
8406565,27943
8406667,27944
8406706,27945
8406948,27946
8407182,27947
8407260,27948
8407523,27949
8407666,27950
8408309,27951
8408358,27952
8408723,27953
8409215,27954
8409883,27955
8410291,27956
8410513,27957
8410674,27958
8410735,27959
8410850,27960
8411163,27961
8411214,27962
8411431,27963
8411540,27964
8411578,27965
8412080,27966
8412425,27967
8412611,27968
8413515,27969
8413545,27970
8413853,27971
8413994,27972
8414016,27973
8415353,27974
8415468,27975
8415917,27976
8415933,27977
8415935,27978
8415993,27979
8416509,27980
8416678,27981
8417369,27982
8417521,27983
8417757,27984
8417952,27985
8418168,27986
8418379,27987
8418577,27988
8418636,27989
8418940,27990
8419133,27991
8419145,27992
8419284,27993
8419784,27994
8420308,27995
8420556,27996
8420708,27997
8420709,27998
8421139,27999
8421335,28000
8421634,28001
8422160,28002
8422631,28003
8422803,28004
8423197,28005
8424086,28006
8424268,28007
8424272,28008
8424549,28009
8424826,28010
8425042,28011
8425589,28012
8425615,28013
8425637,28014
8425767,28015
8426052,28016
8426182,28017
8426189,28018
8426485,28019
8426727,28020
8427247,28021
8427254,28022
8427489,28023
8427491,28024
8427671,28025
8427751,28026
8427909,28027
8428338,28028
8428578,28029
8428840,28030
8429160,28031
8429639,28032
8429739,28033
8429750,28034
8429776,28035
8429906,28036
8430020,28037
8430352,28038
8430507,28039
8430554,28040
8432039,28041
8432087,28042
8432987,28043
8433222,28044
8433265,28045
8433337,28046
8433364,28047
8433536,28048
8433641,28049
8433796,28050
8434239,28051
8434251,28052
8434280,28053
8434502,28054
8434506,28055
8434556,28056
8434559,28057
8434572,28058
8434800,28059
8435579,28060
8435624,28061
8435802,28062
8435905,28063
8436372,28064
8436421,28065
8436608,28066
8436653,28067
8437208,28068
8437589,28069
8437711,28070
8437758,28071
8437945,28072
8438289,28073
8438445,28074
8438562,28075
8438793,28076
8438871,28077
8439014,28078
8439024,28079
8439701,28080
8439820,28081
8439961,28082
8440538,28083
8440885,28084
8441037,28085
8441133,28086
8441180,28087
8441204,28088
8441328,28089
8441447,28090
8441487,28091
8441825,28092
8442115,28093
8442490,28094
8442646,28095
8442648,28096
8442942,28097
8443096,28098
8443492,28099
8443520,28100
8444065,28101
8444261,28102
8444604,28103
8445045,28104
8445446,28105
8446151,28106
8446219,28107
8446293,28108
8446345,28109
8446868,28110
8446884,28111
8446961,28112
8447923,28113
8448082,28114
8448278,28115
8448412,28116
8448597,28117
8448765,28118
8448839,28119
8448913,28120
8449052,28121
8449089,28122
8449093,28123
8449200,28124
8449275,28125
8449634,28126
8450502,28127
8450634,28128
8450808,28129
8451385,28130
8451621,28131
8451876,28132
8452230,28133
8452282,28134
8452921,28135
8453108,28136
8453187,28137
8453357,28138
8453589,28139
8453853,28140
8454266,28141
8454348,28142
8454775,28143
8454916,28144
8454938,28145
8455045,28146
8455213,28147
8455239,28148
8455318,28149
8455329,28150
8455429,28151
8455743,28152
8456131,28153
8457113,28154
8457611,28155
8457898,28156
8457962,28157
8457967,28158
8458046,28159
8458335,28160
8458492,28161
8458503,28162
8458756,28163
8458773,28164
8459296,28165
8459304,28166
8459607,28167
8459659,28168
8459772,28169
8460860,28170
8460889,28171
8461177,28172
8461411,28173
8461574,28174
8461761,28175
8461797,28176
8462063,28177
8462262,28178
8462313,28179
8462451,28180
8462587,28181
8462672,28182
8463143,28183
8463380,28184
8464147,28185
8464727,28186
8465082,28187
8465124,28188
8465127,28189
8465128,28190
8465239,28191
8465894,28192
8466443,28193
8467418,28194
8467997,28195
8468190,28196
8468614,28197
8468636,28198
8468849,28199
8469124,28200
8469519,28201
8469811,28202
8469844,28203
8470798,28204
8470982,28205
8471142,28206
8471689,28207
8471731,28208
8472618,28209
8472621,28210
8473008,28211
8473141,28212
8473936,28213
8474086,28214
8474125,28215
8474157,28216
8474258,28217
8474648,28218
8474784,28219
8475046,28220
8475270,28221
8475393,28222
8475456,28223
8476127,28224
8476262,28225
8476297,28226
8476320,28227
8476323,28228
8476800,28229
8477262,28230
8477460,28231
8477846,28232
8477915,28233
8478414,28234
8478713,28235
8478782,28236
8479126,28237
8479303,28238
8479331,28239
8479649,28240
8479654,28241
8479742,28242
8480608,28243
8480636,28244
8481507,28245
8481777,28246
8482255,28247
8482470,28248
8483487,28249
8483766,28250
8483826,28251
8483975,28252
8484309,28253
8484398,28254
8484511,28255
8484594,28256
8484596,28257
8484706,28258
8484879,28259
8485686,28260
8486084,28261
8486638,28262
8486733,28263
8486771,28264
8487473,28265
8487973,28266
8488683,28267
8488739,28268
8489177,28269
8489205,28270
8489500,28271
8490564,28272
8490839,28273
8491039,28274
8491178,28275
8491201,28276
8491313,28277
8491871,28278
8491910,28279
8491943,28280
8492099,28281
8492275,28282
8492481,28283
8492510,28284
8492918,28285
8493256,28286
8493384,28287
8493427,28288
8493483,28289
8493996,28290
8494432,28291
8494755,28292
8495576,28293
8495700,28294
8495758,28295
8496594,28296
8496720,28297
8497417,28298
8497756,28299
8497848,28300
8498084,28301
8498172,28302
8498434,28303
8498512,28304
8498754,28305
8498969,28306
8499071,28307
8499418,28308
8499476,28309
8499480,28310
8500021,28311
8500314,28312
8500372,28313
8500920,28314
8500922,28315
8501511,28316
8501757,28317
8501826,28318
8501865,28319
8502355,28320
8502361,28321
8502475,28322
8502483,28323
8502598,28324
8502707,28325
8503159,28326
8503370,28327
8503488,28328
8504006,28329
8504043,28330
8504232,28331
8504280,28332
8504428,28333
8504831,28334
8505171,28335
8505210,28336
8505344,28337
8505364,28338
8505765,28339
8506070,28340
8506148,28341
8506326,28342
8506591,28343
8506774,28344
8506928,28345
8506980,28346
8507073,28347
8507267,28348
8507500,28349
8507660,28350
8508452,28351
8509068,28352
8509725,28353
8509883,28354
8509914,28355
8509944,28356
8510075,28357
8510103,28358
8510528,28359
8510569,28360
8510669,28361
8511968,28362
8512300,28363
8512892,28364
8513125,28365
8513657,28366
8513666,28367
8514083,28368
8514308,28369
8514336,28370
8514472,28371
8514783,28372
8515316,28373
8515404,28374
8516347,28375
8516464,28376
8516509,28377
8516548,28378
8516578,28379
8517101,28380
8517140,28381
8517556,28382
8517720,28383
8518117,28384
8518123,28385
8518448,28386
8518492,28387
8518607,28388
8518648,28389
8519458,28390
8519649,28391
8519901,28392
8520178,28393
8520292,28394
8520736,28395
8520806,28396
8520821,28397
8520827,28398
8520929,28399
8521056,28400
8521090,28401
8521101,28402
8521152,28403
8521261,28404
8521359,28405
8521663,28406
8521860,28407
8521867,28408
8522145,28409
8522340,28410
8522488,28411
8522620,28412
8522703,28413
8523001,28414
8523223,28415
8523577,28416
8523931,28417
8524101,28418
8524167,28419
8524270,28420
8524517,28421
8524785,28422
8524814,28423
8524954,28424
8525811,28425
8525907,28426
8526104,28427
8526941,28428
8527204,28429
8527272,28430
8527692,28431
8528112,28432
8528654,28433
8528685,28434
8528922,28435
8529093,28436
8529219,28437
8529220,28438
8529321,28439
8529976,28440
8530354,28441
8530776,28442
8531486,28443
8531842,28444
8532789,28445
8533288,28446
8534235,28447
8534327,28448
8534351,28449
8534738,28450
8534888,28451
8534911,28452
8535016,28453
8535200,28454
8535215,28455
8535955,28456
8535965,28457
8536914,28458
8537552,28459
8537673,28460
8538113,28461
8538199,28462
8538356,28463
8538656,28464
8538996,28465
8539195,28466
8539265,28467
8539341,28468
8539506,28469
8539656,28470
8539676,28471
8539761,28472
8539961,28473
8539987,28474
8540052,28475
8540181,28476
8540758,28477
8540922,28478
8541141,28479
8541199,28480
8541361,28481
8541435,28482
8541528,28483
8542290,28484
8542326,28485
8542803,28486
8542818,28487
8543501,28488
8543865,28489
8543956,28490
8544358,28491
8544417,28492
8544684,28493
8544737,28494
8544782,28495
8544790,28496
8544870,28497
8544915,28498
8544972,28499
8544975,28500
8545133,28501
8545244,28502
8545260,28503
8545281,28504
8545540,28505
8545579,28506
8545600,28507
8545629,28508
8545660,28509
8546304,28510
8546314,28511
8546806,28512
8547132,28513
8547432,28514
8547800,28515
8548216,28516
8548371,28517
8548799,28518
8549318,28519
8549573,28520
8550037,28521
8550810,28522
8551144,28523
8551265,28524
8551329,28525
8551679,28526
8551781,28527
8552159,28528
8552639,28529
8553042,28530
8553330,28531
8553384,28532
8553400,28533
8553437,28534
8553645,28535
8553660,28536
8554001,28537
8554323,28538
8555648,28539
8555806,28540
8555826,28541
8555957,28542
8556062,28543
8556360,28544
8556603,28545
8557410,28546
8557558,28547
8557754,28548
8557761,28549
8557851,28550
8557867,28551
8558123,28552
8558185,28553
8558279,28554
8558468,28555
8558584,28556
8558593,28557
8558735,28558
8559105,28559
8559162,28560
8559208,28561
8559393,28562
8559395,28563
8560085,28564
8560177,28565
8560295,28566
8560302,28567
8560335,28568
8560375,28569
8560400,28570
8560465,28571
8560479,28572
8560673,28573
8560700,28574
8560770,28575
8561017,28576
8561034,28577
8561143,28578
8561612,28579
8561913,28580
8562743,28581
8563091,28582
8563123,28583
8563891,28584
8564160,28585
8564505,28586
8564527,28587
8564882,28588
8564932,28589
8565150,28590
8565389,28591
8565431,28592
8566581,28593
8567078,28594
8567101,28595
8567213,28596
8567329,28597
8567591,28598
8568076,28599
8568448,28600
8568462,28601
8568746,28602
8569228,28603
8569707,28604
8569745,28605
8570147,28606
8570212,28607
8570836,28608
8570849,28609
8570929,28610
8570957,28611
8571009,28612
8571661,28613
8571734,28614
8572027,28615
8572047,28616
8572142,28617
8573329,28618
8574220,28619
8574374,28620
8575657,28621
8575764,28622
8575835,28623
8575917,28624
8576222,28625
8576224,28626
8576325,28627
8576824,28628
8576861,28629
8576973,28630
8577239,28631
8577533,28632
8577538,28633
8577763,28634
8578520,28635
8578675,28636
8578886,28637
8579295,28638
8579809,28639
8579827,28640
8580499,28641
8580835,28642
8581056,28643
8581075,28644
8581111,28645
8581785,28646
8582125,28647
8582359,28648
8582664,28649
8582715,28650
8583292,28651
8583305,28652
8583528,28653
8583651,28654
8583940,28655
8584073,28656
8584552,28657
8585341,28658
8585770,28659
8586050,28660
8586222,28661
8586852,28662
8587494,28663
8587848,28664
8588116,28665
8588215,28666
8588485,28667
8588525,28668
8588965,28669
8589308,28670
8589354,28671
8589454,28672
8589795,28673
8590242,28674
8590433,28675
8590480,28676
8590681,28677
8591068,28678
8591079,28679
8591419,28680
8593018,28681
8593139,28682
8593259,28683
8593940,28684
8594301,28685
8594745,28686
8594858,28687
8596256,28688
8596669,28689
8596720,28690
8596742,28691
8596811,28692
8597205,28693
8597463,28694
8597498,28695
8597505,28696
8597948,28697
8597972,28698
8598013,28699
8598376,28700
8598751,28701
8599421,28702
8599596,28703
8600229,28704
8600618,28705
8600628,28706
8601113,28707
8601333,28708
8601945,28709
8602837,28710
8602877,28711
8602903,28712
8603564,28713
8603638,28714
8604125,28715
8604438,28716
8604718,28717
8606041,28718
8606545,28719
8606663,28720
8607376,28721
8607433,28722
8607434,28723
8607517,28724
8607558,28725
8607560,28726
8607918,28727
8608258,28728
8608623,28729
8608705,28730
8608795,28731
8608849,28732
8608891,28733
8610127,28734
8610556,28735
8610940,28736
8611097,28737
8611114,28738
8611138,28739
8611155,28740
8611594,28741
8611605,28742
8611627,28743
8611693,28744
8611861,28745
8611886,28746
8612216,28747
8612569,28748
8612763,28749
8612854,28750
8613567,28751
8613803,28752
8614377,28753
8614617,28754
8615169,28755
8615576,28756
8615895,28757
8616110,28758
8616267,28759
8616320,28760
8616449,28761
8616648,28762
8616663,28763
8617459,28764
8617710,28765
8618145,28766
8618409,28767
8618501,28768
8618722,28769
8618739,28770
8618807,28771
8619093,28772
8619235,28773
8619344,28774
8619426,28775
8619442,28776
8619879,28777
8619986,28778
8620136,28779
8620193,28780
8620283,28781
8620641,28782
8620658,28783
8621076,28784
8621128,28785
8621334,28786
8621563,28787
8622097,28788
8622170,28789
8622965,28790
8623449,28791
8624305,28792
8624609,28793
8624874,28794
8624896,28795
8625361,28796
8625799,28797
8626048,28798
8626280,28799
8626313,28800
8626349,28801
8627027,28802
8627368,28803
8627529,28804
8627678,28805
8627726,28806
8628198,28807
8628755,28808
8628868,28809
8628948,28810
8629195,28811
8629941,28812
8630093,28813
8630186,28814
8630197,28815
8630711,28816
8630841,28817
8631316,28818
8631776,28819
8631801,28820
8631974,28821
8632095,28822
8632188,28823
8632768,28824
8632980,28825
8633847,28826
8633867,28827
8634136,28828
8634346,28829
8634362,28830
8635262,28831
8635720,28832
8636328,28833
8636455,28834
8636643,28835
8637283,28836
8637434,28837
8637910,28838
8638281,28839
8638430,28840
8638431,28841
8639173,28842
8639493,28843
8639576,28844
8640057,28845
8640146,28846
8640372,28847
8640543,28848
8640886,28849
8641209,28850
8641440,28851
8641846,28852
8642135,28853
8642138,28854
8642402,28855
8642405,28856
8642554,28857
8642817,28858
8643601,28859
8644209,28860
8644323,28861
8644789,28862
8644859,28863
8645241,28864
8645443,28865
8645665,28866
8645905,28867
8646036,28868
8646096,28869
8646260,28870
8646267,28871
8646410,28872
8646541,28873
8646707,28874
8647153,28875
8647158,28876
8647587,28877
8647654,28878
8647958,28879
8648441,28880
8648597,28881
8649680,28882
8649966,28883
8650580,28884
8650588,28885
8650827,28886
8650832,28887
8650966,28888
8651338,28889
8652240,28890
8652455,28891
8652788,28892
8653130,28893
8653315,28894
8653444,28895
8653774,28896
8654032,28897
8654044,28898
8654080,28899
8654758,28900
8654793,28901
8655282,28902
8655684,28903
8655765,28904
8655980,28905
8655986,28906
8656669,28907
8656682,28908
8657174,28909
8657561,28910
8657797,28911
8658045,28912
8658516,28913
8660018,28914
8660108,28915
8660336,28916
8660686,28917
8660914,28918
8661160,28919
8661260,28920
8661715,28921
8661775,28922
8661823,28923
8662469,28924
8662803,28925
8662810,28926
8662863,28927
8662961,28928
8663567,28929
8663585,28930
8663841,28931
8664060,28932
8664194,28933
8664239,28934
8664466,28935
8664554,28936
8664590,28937
8665212,28938
8665432,28939
8665799,28940
8665854,28941
8666487,28942
8667160,28943
8667450,28944
8667517,28945
8667962,28946
8668514,28947
8668608,28948
8668925,28949
8669416,28950
8669474,28951
8669500,28952
8669562,28953
8670141,28954
8670217,28955
8670496,28956
8670553,28957
8670923,28958
8671257,28959
8672041,28960
8672186,28961
8672355,28962
8672358,28963
8672421,28964
8672495,28965
8673572,28966
8673906,28967
8674287,28968
8674303,28969
8674405,28970
8674767,28971
8674774,28972
8674795,28973
8675263,28974
8675474,28975
8675614,28976
8675745,28977
8675812,28978
8676006,28979
8676037,28980
8676213,28981
8676827,28982
8677246,28983
8677280,28984
8677696,28985
8678095,28986
8678136,28987
8678266,28988
8678813,28989
8679314,28990
8679610,28991
8679842,28992
8680034,28993
8680128,28994
8680329,28995
8680436,28996
8681079,28997
8681139,28998
8681522,28999
8681639,29000
8681681,29001
8681741,29002
8682218,29003
8682565,29004
8682710,29005
8683632,29006
8683920,29007
8684100,29008
8684951,29009
8685124,29010
8685479,29011
8685855,29012
8686083,29013
8686437,29014
8686497,29015
8686537,29016
8686593,29017
8686974,29018
8687132,29019
8687274,29020
8687443,29021
8687666,29022
8687826,29023
8688127,29024
8688239,29025
8688253,29026
8688270,29027
8688474,29028
8688598,29029
8688613,29030
8688628,29031
8688785,29032
8689189,29033
8689289,29034
8689788,29035
8689976,29036
8690559,29037
8690715,29038
8690853,29039
8691223,29040
8691585,29041
8692582,29042
8692737,29043
8693317,29044
8693557,29045
8693594,29046
8694167,29047
8694592,29048
8694671,29049
8694959,29050
8694982,29051
8695404,29052
8695405,29053
8695484,29054
8695507,29055
8695636,29056
8696077,29057
8696091,29058
8696531,29059
8697244,29060
8698258,29061
8698276,29062
8698465,29063
8698510,29064
8698727,29065
8698781,29066
8699598,29067
8699635,29068
8700080,29069
8700296,29070
8700646,29071
8701021,29072
8701152,29073
8701197,29074
8701497,29075
8701879,29076
8702294,29077
8703008,29078
8703185,29079
8703200,29080
8703229,29081
8703550,29082
8703563,29083
8703574,29084
8703668,29085
8703978,29086
8704067,29087
8704298,29088
8704446,29089
8705142,29090
8705239,29091
8705586,29092
8706557,29093
8707229,29094
8707231,29095
8707790,29096
8707906,29097
8708052,29098
8708060,29099
8708367,29100
8709404,29101
8711284,29102
8711756,29103
8711760,29104
8711924,29105
8711957,29106
8712336,29107
8713183,29108
8713311,29109
8713450,29110
8714292,29111
8714390,29112
8715096,29113
8715230,29114
8715288,29115
8715983,29116
8716432,29117
8716697,29118
8716715,29119
8716853,29120
8717150,29121
8717335,29122
8717402,29123
8718150,29124
8718159,29125
8718629,29126
8719152,29127
8719255,29128
8719276,29129
8719406,29130
8719486,29131
8719852,29132
8720373,29133
8720652,29134
8720826,29135
8720892,29136
8720914,29137
8721398,29138
8721726,29139
8721768,29140
8722078,29141
8722170,29142
8722480,29143
8722723,29144
8723011,29145
8723211,29146
8723223,29147
8723382,29148
8723523,29149
8723649,29150
8723657,29151
8723744,29152
8723761,29153
8723987,29154
8724103,29155
8724332,29156
8724638,29157
8724846,29158
8725063,29159
8725209,29160
8725571,29161
8725592,29162
8726059,29163
8727546,29164
8727842,29165
8728552,29166
8728954,29167
8729442,29168
8729570,29169
8729604,29170
8729922,29171
8730212,29172
8730224,29173
8730292,29174
8730424,29175
8730631,29176
8730683,29177
8730830,29178
8731303,29179
8731393,29180
8731548,29181
8731554,29182
8731696,29183
8731829,29184
8732122,29185
8732136,29186
8732620,29187
8732669,29188
8732885,29189
8733017,29190
8733143,29191
8733183,29192
8733252,29193
8733437,29194
8733869,29195
8733975,29196
8734233,29197
8734426,29198
8734598,29199
8734653,29200
8735000,29201
8735139,29202
8735179,29203
8735261,29204
8735418,29205
8735421,29206
8736182,29207
8736544,29208
8736793,29209
8736979,29210
8737025,29211
8737528,29212
8737552,29213
8739154,29214
8739956,29215
8740494,29216
8740857,29217
8740991,29218
8741095,29219
8741712,29220
8741980,29221
8742013,29222
8742177,29223
8742733,29224
8742915,29225
8743058,29226
8743094,29227
8743537,29228
8743672,29229
8744409,29230
8744591,29231
8745010,29232
8745068,29233
8745445,29234
8745553,29235
8745578,29236
8745985,29237
8746225,29238
8746746,29239
8746990,29240
8747004,29241
8747162,29242
8747545,29243
8747729,29244
8747787,29245
8747928,29246
8748169,29247
8748385,29248
8748469,29249
8748801,29250
8748868,29251
8748888,29252
8749347,29253
8749656,29254
8750559,29255
8750699,29256
8751127,29257
8751231,29258
8751440,29259
8751600,29260
8751630,29261
8752018,29262
8752068,29263
8752127,29264
8752360,29265
8752448,29266
8752534,29267
8752653,29268
8753296,29269
8753371,29270
8753861,29271
8754187,29272
8754680,29273
8754945,29274
8754983,29275
8755009,29276
8755013,29277
8755188,29278
8755540,29279
8755624,29280
8756548,29281
8756684,29282
8756925,29283
8757195,29284
8757266,29285
8757539,29286
8757604,29287
8757629,29288
8757791,29289
8757873,29290
8757957,29291
8758014,29292
8758106,29293
8758264,29294
8758306,29295
8758551,29296
8758640,29297
8758780,29298
8758814,29299
8759120,29300
8759493,29301
8759700,29302
8759836,29303
8760510,29304
8760626,29305
8761182,29306
8761404,29307
8761544,29308
8761568,29309
8761619,29310
8761697,29311
8761989,29312
8762051,29313
8762084,29314
8762282,29315
8762608,29316
8762632,29317
8762940,29318
8762960,29319
8763131,29320
8763149,29321
8763338,29322
8763561,29323
8763734,29324
8763855,29325
8764520,29326
8764536,29327
8764675,29328
8765029,29329
8765101,29330
8765235,29331
8765461,29332
8766808,29333
8766891,29334
8767098,29335
8767213,29336
8767271,29337
8767483,29338
8768612,29339
8768626,29340
8768718,29341
8769137,29342
8769275,29343
8769795,29344
8770620,29345
8770666,29346
8770671,29347
8771154,29348
8771324,29349
8771732,29350
8772770,29351
8773314,29352
8773894,29353
8773992,29354
8774016,29355
8774063,29356
8774375,29357
8774923,29358
8775182,29359
8775286,29360
8775336,29361
8775595,29362
8775623,29363
8775790,29364
8776307,29365
8776322,29366
8776372,29367
8776399,29368
8777001,29369
8777181,29370
8777235,29371
8777738,29372
8777835,29373
8778319,29374
8778428,29375
8778754,29376
8778793,29377
8778824,29378
8780110,29379
8780114,29380
8780245,29381
8780620,29382
8781233,29383
8781238,29384
8781248,29385
8781252,29386
8782163,29387
8782295,29388
8782301,29389
8782326,29390
8782408,29391
8782487,29392
8782495,29393
8782686,29394
8782959,29395
8783192,29396
8783263,29397
8783568,29398
8784018,29399
8784362,29400
8784471,29401
8784744,29402
8784761,29403
8784821,29404
8785749,29405
8785820,29406
8785943,29407
8786267,29408
8786310,29409
8786813,29410
8787309,29411
8787344,29412
8787345,29413
8787469,29414
8788063,29415
8788682,29416
8788707,29417
8788874,29418
8788954,29419
8789036,29420
8789377,29421
8789630,29422
8789757,29423
8790024,29424
8790143,29425
8790195,29426
8790307,29427
8790398,29428
8790566,29429
8790647,29430
8790746,29431
8790912,29432
8791298,29433
8791437,29434
8791790,29435
8791838,29436
8792157,29437
8792249,29438
8792818,29439
8792916,29440
8792967,29441
8793044,29442
8793398,29443
8793641,29444
8793645,29445
8793648,29446
8793757,29447
8794441,29448
8794748,29449
8795018,29450
8795554,29451
8796486,29452
8796585,29453
8796784,29454
8797017,29455
8797402,29456
8797436,29457
8797848,29458
8798216,29459
8798305,29460
8798415,29461
8798460,29462
8798824,29463
8798937,29464
8799369,29465
8799622,29466
8799880,29467
8800576,29468
8801074,29469
8801547,29470
8801720,29471
8802091,29472
8802204,29473
8802322,29474
8803348,29475
8803374,29476
8803603,29477
8803811,29478
8803871,29479
8803982,29480
8804047,29481
8804408,29482
8804604,29483
8804915,29484
8805146,29485
8805308,29486
8805653,29487
8805654,29488
8806272,29489
8806782,29490
8806815,29491
8806948,29492
8807260,29493
8807303,29494
8807469,29495
8807479,29496
8807657,29497
8808141,29498
8808435,29499
8808724,29500
8808793,29501
8808934,29502
8808962,29503
8809352,29504
8809404,29505
8809477,29506
8809697,29507
8809716,29508
8810158,29509
8810252,29510
8810281,29511
8810290,29512
8810512,29513
8810747,29514
8810894,29515
8810902,29516
8811300,29517
8811314,29518
8811378,29519
8811580,29520
8811695,29521
8812042,29522
8812399,29523
8812504,29524
8812585,29525
8812862,29526
8813247,29527
8813380,29528
8813443,29529
8813574,29530
8813756,29531
8814067,29532
8814873,29533
8814895,29534
8815321,29535
8815375,29536
8815472,29537
8815485,29538
8815589,29539
8815597,29540
8816432,29541
8816607,29542
8816722,29543
8816849,29544
8816955,29545
8816984,29546
8817339,29547
8817751,29548
8817814,29549
8818066,29550
8818098,29551
8818540,29552
8819478,29553
8819532,29554
8819602,29555
8820433,29556
8820735,29557
8820815,29558
8820948,29559
8821590,29560
8821892,29561
8822321,29562
8822633,29563
8822758,29564
8822943,29565
8823094,29566
8823152,29567
8823740,29568
8823786,29569
8823829,29570
8824105,29571
8824427,29572
8824535,29573
8825037,29574
8825052,29575
8825425,29576
8825478,29577
8825549,29578
8825996,29579
8826055,29580
8826068,29581
8826086,29582
8826417,29583
8826734,29584
8827282,29585
8827333,29586
8827428,29587
8827748,29588
8827895,29589
8827912,29590
8828086,29591
8828121,29592
8828329,29593
8828541,29594
8828875,29595
8829120,29596
8829324,29597
8829480,29598
8829603,29599
8830486,29600
8830521,29601
8830852,29602
8830853,29603
8830928,29604
8830994,29605
8831665,29606
8832431,29607
8832625,29608
8832800,29609
8832886,29610
8833019,29611
8833638,29612
8833883,29613
8834273,29614
8834379,29615
8834414,29616
8834596,29617
8835043,29618
8835431,29619
8836062,29620
8836230,29621
8836572,29622
8836591,29623
8836661,29624
8836876,29625
8837306,29626
8837396,29627
8837467,29628
8837581,29629
8838067,29630
8838674,29631
8838854,29632
8838932,29633
8839448,29634
8839497,29635
8839755,29636
8840463,29637
8840504,29638
8840679,29639
8840919,29640
8841388,29641
8841843,29642
8842284,29643
8842339,29644
8842579,29645
8842743,29646
8842896,29647
8843107,29648
8843274,29649
8843589,29650
8843613,29651
8843744,29652
8843896,29653
8844018,29654
8844207,29655
8844629,29656
8845448,29657
8845503,29658
8845639,29659
8845722,29660
8845750,29661
8845907,29662
8845962,29663
8846508,29664
8846552,29665
8847184,29666
8847555,29667
8848364,29668
8848370,29669
8848560,29670
8848871,29671
8849076,29672
8849411,29673
8849749,29674
8849820,29675
8849823,29676
8850303,29677
8852206,29678
8852492,29679
8852571,29680
8852629,29681
8852667,29682
8852835,29683
8853429,29684
8853476,29685
8853719,29686
8854526,29687
8854895,29688
8855128,29689
8855233,29690
8855320,29691
8856206,29692
8856293,29693
8856546,29694
8856565,29695
8856765,29696
8856914,29697
8856937,29698
8856991,29699
8857102,29700
8857378,29701
8857689,29702
8857761,29703
8857778,29704
8857870,29705
8858876,29706
8859442,29707
8859504,29708
8860019,29709
8860094,29710
8861216,29711
8861629,29712
8861769,29713
8861996,29714
8862090,29715
8862113,29716
8862585,29717
8862591,29718
8862702,29719
8862969,29720
8863035,29721
8863065,29722
8863144,29723
8863273,29724
8863486,29725
8863531,29726
8863537,29727
8863820,29728
8864140,29729
8864206,29730
8864380,29731
8864434,29732
8864440,29733
8864473,29734
8864931,29735
8865074,29736
8865091,29737
8865416,29738
8865505,29739
8866089,29740
8866146,29741
8866463,29742
8866594,29743
8866752,29744
8867385,29745
8867497,29746
8867742,29747
8868152,29748
8868234,29749
8868630,29750
8868732,29751
8868992,29752
8869508,29753
8869707,29754
8869806,29755
8869932,29756
8870185,29757
8870243,29758
8870689,29759
8871039,29760
8871292,29761
8871701,29762
8871817,29763
8871933,29764
8872015,29765
8872342,29766
8872368,29767
8872438,29768
8873008,29769
8873035,29770
8873188,29771
8873292,29772
8873490,29773
8873617,29774
8873900,29775
8873911,29776
8874115,29777
8874891,29778
8875172,29779
8875664,29780
8875902,29781
8876024,29782
8876233,29783
8876269,29784
8876355,29785
8876673,29786
8877449,29787
8877462,29788
8877813,29789
8877837,29790
8877892,29791
8878057,29792
8878248,29793
8878687,29794
8878701,29795
8879006,29796
8879229,29797
8879282,29798
8879534,29799
8879708,29800
8880380,29801
8880521,29802
8881087,29803
8881258,29804
8881539,29805
8881635,29806
8881991,29807
8882079,29808
8882520,29809
8882935,29810
8883157,29811
8883173,29812
8883244,29813
8883455,29814
8883617,29815
8883637,29816
8884236,29817
8884483,29818
8884519,29819
8884773,29820
8885036,29821
8885095,29822
8885195,29823
8885385,29824
8885393,29825
8885867,29826
8885904,29827
8885946,29828
8885958,29829
8886370,29830
8886515,29831
8886676,29832
8886939,29833
8886968,29834
8887058,29835
8887542,29836
8887800,29837
8887833,29838
8888119,29839
8888329,29840
8888537,29841
8888615,29842
8888695,29843
8888890,29844
8889000,29845
8889251,29846
8889369,29847
8889560,29848
8889628,29849
8889678,29850
8889806,29851
8890160,29852
8890953,29853
8891077,29854
8891097,29855
8891450,29856
8891522,29857
8892060,29858
8892223,29859
8892310,29860
8892407,29861
8892556,29862
8892585,29863
8893044,29864
8893163,29865
8893344,29866
8893436,29867
8893470,29868
8893808,29869
8895021,29870
8895044,29871
8895292,29872
8895785,29873
8896419,29874
8896732,29875
8896938,29876
8896957,29877
8897243,29878
8897918,29879
8898057,29880
8898955,29881
8899111,29882
8899304,29883
8899464,29884
8899497,29885
8899751,29886
8900901,29887
8901115,29888
8901561,29889
8901622,29890
8901848,29891
8901974,29892
8902423,29893
8902513,29894
8902516,29895
8902696,29896
8902890,29897
8903403,29898
8903431,29899
8903535,29900
8903651,29901
8904166,29902
8904347,29903
8904699,29904
8904725,29905
8904984,29906
8905569,29907
8905612,29908
8905613,29909
8905621,29910
8906006,29911
8906925,29912
8907113,29913
8907746,29914
8907769,29915
8908464,29916
8908670,29917
8909055,29918
8909541,29919
8910090,29920
8910187,29921
8910520,29922
8910854,29923
8910887,29924
8911141,29925
8911390,29926
8911414,29927
8911542,29928
8911637,29929
8911812,29930
8911824,29931
8911952,29932
8912445,29933
8912493,29934
8912664,29935
8913107,29936
8913187,29937
8913366,29938
8913532,29939
8913669,29940
8913778,29941
8914384,29942
8914441,29943
8914782,29944
8915119,29945
8915428,29946
8915476,29947
8915505,29948
8915667,29949
8915724,29950
8915823,29951
8916787,29952
8917033,29953
8917176,29954
8917441,29955
8917945,29956
8917992,29957
8918243,29958
8918375,29959
8918668,29960
8918888,29961
8918915,29962
8919083,29963
8919563,29964
8919573,29965
8919645,29966
8919675,29967
8919743,29968
8920116,29969
8920640,29970
8921478,29971
8921503,29972
8921616,29973
8922231,29974
8922560,29975
8922678,29976
8922865,29977
8923174,29978
8923573,29979
8923629,29980
8923960,29981
8924015,29982
8924415,29983
8924741,29984
8924750,29985
8924822,29986
8924926,29987
8925023,29988
8925078,29989
8925123,29990
8925399,29991
8925586,29992
8925644,29993
8926157,29994
8926185,29995
8926209,29996
8926405,29997
8926532,29998
8926980,29999
8927044,30000
8927110,30001
8927112,30002
8927131,30003
8927285,30004
8927364,30005
8927597,30006
8927921,30007
8927954,30008
8928263,30009
8928291,30010
8928655,30011
8928822,30012
8929491,30013
8930553,30014
8930882,30015
8930916,30016
8930929,30017
8931649,30018
8931784,30019
8931931,30020
8932204,30021
8932269,30022
8932423,30023
8932546,30024
8932712,30025
8932815,30026
8933061,30027
8933143,30028
8933240,30029
8933270,30030
8933678,30031
8933724,30032
8933898,30033
8934123,30034
8934386,30035
8934416,30036
8935072,30037
8935431,30038
8935454,30039
8935480,30040
8935536,30041
8935635,30042
8935944,30043
8936322,30044
8936372,30045
8936596,30046
8936657,30047
8936912,30048
8937126,30049
8937274,30050
8937391,30051
8937666,30052
8937995,30053
8938004,30054
8938139,30055
8938534,30056
8938632,30057
8939492,30058
8939511,30059
8940365,30060
8940838,30061
8940859,30062
8940940,30063
8941068,30064
8941257,30065
8941455,30066
8941751,30067
8941976,30068
8942017,30069
8942265,30070
8942565,30071
8942980,30072
8943886,30073
8943899,30074
8943949,30075
8944038,30076
8944208,30077
8944350,30078
8944353,30079
8944539,30080
8944932,30081
8945813,30082
8945815,30083
8945878,30084
8946138,30085
8947275,30086
8947430,30087
8947830,30088
8947874,30089
8947943,30090
8948003,30091
8948130,30092
8948155,30093
8948196,30094
8948206,30095
8948762,30096
8949999,30097
8950010,30098
8950199,30099
8950401,30100
8950550,30101
8950630,30102
8950721,30103
8950965,30104
8951485,30105
8951547,30106
8951597,30107
8951972,30108
8951979,30109
8952819,30110
8953572,30111
8954229,30112
8954434,30113
8954535,30114
8954647,30115
8954870,30116
8955042,30117
8955269,30118
8955951,30119
8956056,30120
8956265,30121
8956677,30122
8956689,30123
8956974,30124
8957016,30125
8957641,30126
8957907,30127
8957979,30128
8958269,30129
8958346,30130
8958738,30131
8959620,30132
8960385,30133
8960635,30134
8960861,30135
8961300,30136
8961486,30137
8961489,30138
8961501,30139
8961899,30140
8962012,30141
8962156,30142
8962564,30143
8962687,30144
8962867,30145
8962926,30146
8963429,30147
8963575,30148
8964295,30149
8964486,30150
8964662,30151
8964765,30152
8964893,30153
8965480,30154
8965877,30155
8966052,30156
8966071,30157
8966088,30158
8966226,30159
8966354,30160
8966467,30161
8966534,30162
8966613,30163
8967535,30164
8967676,30165
8967875,30166
8967984,30167
8968075,30168
8968639,30169
8968969,30170
8969400,30171
8969473,30172
8969882,30173
8969932,30174
8969960,30175
8969982,30176
8970105,30177
8970412,30178
8970860,30179
8971098,30180
8971525,30181
8971674,30182
8971950,30183
8972593,30184
8973108,30185
8973133,30186
8973314,30187
8973480,30188
8973496,30189
8974101,30190
8974326,30191
8974551,30192
8974629,30193
8974677,30194
8974696,30195
8975207,30196
8975495,30197
8975591,30198
8975697,30199
8975870,30200
8976677,30201
8976691,30202
8976978,30203
8977048,30204
8977303,30205
8977336,30206
8977665,30207
8977726,30208
8977731,30209
8977840,30210
8978222,30211
8978546,30212
8978692,30213
8978717,30214
8978890,30215
8979032,30216
8979085,30217
8979191,30218
8979255,30219
8979397,30220
8979534,30221
8979573,30222
8979597,30223
8979620,30224
8980516,30225
8980528,30226
8980609,30227
8980620,30228
8981058,30229
8981154,30230
8981256,30231
8981372,30232
8981426,30233
8981518,30234
8982059,30235
8982333,30236
8982447,30237
8982568,30238
8982921,30239
8983105,30240
8983541,30241
8984158,30242
8985366,30243
8985459,30244
8985605,30245
8986139,30246
8987019,30247
8988289,30248
8988441,30249
8988456,30250
8988587,30251
8989444,30252
8989567,30253
8989796,30254
8989924,30255
8989958,30256
8990308,30257
8990733,30258
8990826,30259
8991069,30260
8991831,30261
8991912,30262
8991964,30263
8992006,30264
8992023,30265
8992466,30266
8992469,30267
8993021,30268
8993202,30269
8993232,30270
8994959,30271
8994981,30272
8995354,30273
8995926,30274
8996430,30275
8996607,30276
8996622,30277
8996860,30278
8997088,30279
8997161,30280
8997928,30281
8998230,30282
8998340,30283
8998427,30284
8998430,30285
8998599,30286
8998869,30287
8999392,30288
8999515,30289
8999559,30290
8999952,30291
9000180,30292
9000316,30293
9000381,30294
9000759,30295
9000947,30296
9001040,30297
9001238,30298
9001729,30299
9001918,30300
9001965,30301
9002194,30302
9002445,30303
9002787,30304
9002862,30305
9002986,30306
9004156,30307
9004701,30308
9004794,30309
9004818,30310
9004990,30311
9005567,30312
9006021,30313
9006219,30314
9006377,30315
9006544,30316
9006736,30317
9006930,30318
9007344,30319
9007539,30320
9007630,30321
9008548,30322
9008614,30323
9009177,30324
9009498,30325
9009638,30326
9010380,30327
9011446,30328
9012242,30329
9012281,30330
9012543,30331
9012764,30332
9012992,30333
9013509,30334
9013642,30335
9014152,30336
9014159,30337
9014587,30338
9014681,30339
9016259,30340
9016461,30341
9016536,30342
9016968,30343
9017016,30344
9017505,30345
9017537,30346
9017707,30347
9018085,30348
9018284,30349
9020293,30350
9020464,30351
9021008,30352
9021181,30353
9021261,30354
9021631,30355
9021671,30356
9021673,30357
9021790,30358
9021894,30359
9022151,30360
9022209,30361
9022220,30362
9022354,30363
9022458,30364
9022693,30365
9022735,30366
9022853,30367
9023168,30368
9023261,30369
9023301,30370
9023516,30371
9023854,30372
9023905,30373
9024220,30374
9024310,30375
9024427,30376
9024663,30377
9025030,30378
9025031,30379
9025112,30380
9025119,30381
9025251,30382
9025273,30383
9025301,30384
9025666,30385
9025724,30386
9025767,30387
9025890,30388
9025961,30389
9026077,30390
9026169,30391
9026508,30392
9026763,30393
9027735,30394
9027800,30395
9027899,30396
9028515,30397
9028780,30398
9028960,30399
9028967,30400
9029096,30401
9029112,30402
9029192,30403
9029422,30404
9029698,30405
9029731,30406
9029786,30407
9029805,30408
9030143,30409
9030504,30410
9030622,30411
9030847,30412
9031121,30413
9031279,30414
9031904,30415
9031936,30416
9031953,30417
9032306,30418
9032375,30419
9032833,30420
9033390,30421
9033605,30422
9033701,30423
9033846,30424
9034380,30425
9034944,30426
9035663,30427
9036310,30428
9036312,30429
9036601,30430
9036981,30431
9036995,30432
9037180,30433
9037375,30434
9037675,30435
9037872,30436
9037923,30437
9038169,30438
9038274,30439
9038394,30440
9038561,30441
9038576,30442
9038769,30443
9038999,30444
9039268,30445
9039613,30446
9039660,30447
9039771,30448
9039865,30449
9040040,30450
9040090,30451
9040297,30452
9040565,30453
9040617,30454
9040621,30455
9040813,30456
9041029,30457
9041079,30458
9041114,30459
9041423,30460
9041640,30461
9041781,30462
9041821,30463
9042591,30464
9042711,30465
9043005,30466
9043615,30467
9043651,30468
9043873,30469
9043966,30470
9044069,30471
9044156,30472
9044367,30473
9044557,30474
9044563,30475
9045195,30476
9045365,30477
9045380,30478
9045451,30479
9045546,30480
9045601,30481
9045846,30482
9045961,30483
9046525,30484
9047110,30485
9047144,30486
9047805,30487
9048113,30488
9048196,30489
9048386,30490
9048955,30491
9049113,30492
9049948,30493
9051244,30494
9051336,30495
9051373,30496
9051798,30497
9051984,30498
9052122,30499
9052260,30500
9052291,30501
9052365,30502
9052375,30503
9052408,30504
9052610,30505
9053083,30506
9053405,30507
9053515,30508
9053610,30509
9053730,30510
9053933,30511
9054314,30512
9054434,30513
9054536,30514
9054913,30515
9055396,30516
9055400,30517
9055411,30518
9055677,30519
9056026,30520
9056114,30521
9056319,30522
9057344,30523
9057450,30524
9057770,30525
9057849,30526
9057872,30527
9058032,30528
9058048,30529
9058107,30530
9058297,30531
9058751,30532
9059520,30533
9059668,30534
9060469,30535
9060930,30536
9061146,30537
9061337,30538
9061669,30539
9064406,30540
9064517,30541
9064594,30542
9064786,30543
9064860,30544
9065315,30545
9065650,30546
9065872,30547
9065958,30548
9066004,30549
9066230,30550
9066320,30551
9066877,30552
9066927,30553
9067080,30554
9067165,30555
9067904,30556
9067947,30557
9068065,30558
9068254,30559
9068370,30560
9068654,30561
9068836,30562
9068885,30563
9069095,30564
9069185,30565
9069263,30566
9069757,30567
9069789,30568
9069814,30569
9069860,30570
9070035,30571
9070275,30572
9070581,30573
9070593,30574
9070654,30575
9071185,30576
9071409,30577
9071435,30578
9072100,30579
9072278,30580
9073254,30581
9073574,30582
9073787,30583
9074494,30584
9074510,30585
9074839,30586
9075353,30587
9075496,30588
9075501,30589
9075525,30590
9075599,30591
9076307,30592
9076464,30593
9076477,30594
9076525,30595
9076563,30596
9077585,30597
9077740,30598
9077823,30599
9077856,30600
9077940,30601
9077957,30602
9078871,30603
9079145,30604
9080079,30605
9080257,30606
9080401,30607
9080530,30608
9080685,30609
9080901,30610
9080966,30611
9081487,30612
9081516,30613
9081525,30614
9081892,30615
9081918,30616
9082463,30617
9082488,30618
9083042,30619
9083175,30620
9083216,30621
9083545,30622
9083589,30623
9084330,30624
9084688,30625
9085002,30626
9085303,30627
9085915,30628
9086134,30629
9086255,30630
9086707,30631
9086742,30632
9086823,30633
9086886,30634
9087079,30635
9087723,30636
9087845,30637
9087946,30638
9087950,30639
9087973,30640
9088325,30641
9088419,30642
9088582,30643
9088618,30644
9088679,30645
9088706,30646
9088952,30647
9089135,30648
9089207,30649
9089336,30650
9089671,30651
9090175,30652
9091042,30653
9091412,30654
9091483,30655
9091792,30656
9092031,30657
9092098,30658
9092706,30659
9093073,30660
9093115,30661
9093358,30662
9093626,30663
9093666,30664
9094105,30665
9094649,30666
9094967,30667
9094998,30668
9095040,30669
9095398,30670
9095571,30671
9096540,30672
9097504,30673
9097676,30674
9097956,30675
9098299,30676
9098475,30677
9098978,30678
9099041,30679
9099331,30680
9100195,30681
9100394,30682
9100558,30683
9100639,30684
9100667,30685
9100819,30686
9100850,30687
9101046,30688
9101061,30689
9101235,30690
9101704,30691
9101972,30692
9102086,30693
9102279,30694
9102324,30695
9102539,30696
9102726,30697
9103152,30698
9103642,30699
9103655,30700
9103827,30701
9104202,30702
9104349,30703
9104427,30704
9104803,30705
9104914,30706
9105069,30707
9105449,30708
9105687,30709
9105875,30710
9105959,30711
9106065,30712
9106170,30713
9106188,30714
9106664,30715
9106980,30716
9107144,30717
9107176,30718
9108648,30719
9108667,30720
9108888,30721
9108921,30722
9109290,30723
9109496,30724
9109657,30725
9109812,30726
9109950,30727
9109956,30728
9110065,30729
9110294,30730
9110325,30731
9110718,30732
9111024,30733
9111048,30734
9111357,30735
9111792,30736
9112282,30737
9112324,30738
9112778,30739
9113255,30740
9113290,30741
9113932,30742
9114155,30743
9114694,30744
9114810,30745
9114938,30746
9115155,30747
9115170,30748
9115234,30749
9115512,30750
9115534,30751
9115753,30752
9116021,30753
9116112,30754
9116489,30755
9116655,30756
9116714,30757
9116787,30758
9116894,30759
9116927,30760
9116980,30761
9117297,30762
9117663,30763
9117917,30764
9118089,30765
9118463,30766
9119116,30767
9119202,30768
9119793,30769
9119806,30770
9120417,30771
9120635,30772
9120797,30773
9121137,30774
9121466,30775
9121950,30776
9121978,30777
9122681,30778
9122951,30779
9123419,30780
9123517,30781
9123699,30782
9123793,30783
9123953,30784
9124180,30785
9124311,30786
9124387,30787
9125028,30788
9125459,30789
9125606,30790
9126518,30791
9126590,30792
9127135,30793
9127151,30794
9127277,30795
9127517,30796
9128127,30797
9128313,30798
9128644,30799
9128685,30800
9128760,30801
9129190,30802
9129716,30803
9130834,30804
9130849,30805
9131825,30806
9131905,30807
9132002,30808
9132104,30809
9132113,30810
9133005,30811
9133171,30812
9133741,30813
9133834,30814
9134266,30815
9134608,30816
9134769,30817
9134791,30818
9134962,30819
9135080,30820
9135383,30821
9135451,30822
9136013,30823
9136050,30824
9136235,30825
9136531,30826
9136754,30827
9136765,30828
9137042,30829
9137061,30830
9137802,30831
9138279,30832
9138783,30833
9138984,30834
9139013,30835
9139297,30836
9139410,30837
9139455,30838
9139725,30839
9140603,30840
9140629,30841
9140721,30842
9141612,30843
9141759,30844
9141827,30845
9141867,30846
9142140,30847
9142269,30848
9142282,30849
9142735,30850
9143440,30851
9143541,30852
9143673,30853
9143803,30854
9144068,30855
9144114,30856
9144575,30857
9145143,30858
9145157,30859
9145525,30860
9145541,30861
9145625,30862
9145911,30863
9145929,30864
9145944,30865
9146626,30866
9146855,30867
9146921,30868
9146941,30869
9147220,30870
9147486,30871
9147673,30872
9147701,30873
9147776,30874
9148494,30875
9148715,30876
9148812,30877
9149221,30878
9149615,30879
9149777,30880
9149849,30881
9149904,30882
9150106,30883
9150995,30884
9151357,30885
9151396,30886
9151430,30887
9151523,30888
9151950,30889
9151970,30890
9152175,30891
9152689,30892
9152841,30893
9152927,30894
9152945,30895
9152974,30896
9153294,30897
9153480,30898
9153488,30899
9154006,30900
9154200,30901
9154233,30902
9154955,30903
9155374,30904
9155418,30905
9155600,30906
9155682,30907
9156177,30908
9156346,30909
9156492,30910
9156700,30911
9156825,30912
9157220,30913
9157271,30914
9158064,30915
9158254,30916
9158287,30917
9158373,30918
9158420,30919
9158630,30920
9158635,30921
9158734,30922
9159001,30923
9159338,30924
9159341,30925
9159664,30926
9159998,30927
9160001,30928
9160087,30929
9160200,30930
9160409,30931
9160715,30932
9160738,30933
9161048,30934
9161416,30935
9162132,30936
9162788,30937
9163040,30938
9163574,30939
9163612,30940
9163755,30941
9163950,30942
9163966,30943
9164543,30944
9164583,30945
9164623,30946
9165291,30947
9165364,30948
9165403,30949
9165477,30950
9166178,30951
9166520,30952
9166641,30953
9166755,30954
9166797,30955
9166843,30956
9167004,30957
9167124,30958
9167398,30959
9167521,30960
9167595,30961
9167892,30962
9167909,30963
9168191,30964
9168544,30965
9168704,30966
9169012,30967
9169248,30968
9169319,30969
9169704,30970
9170002,30971
9170529,30972
9170961,30973
9170972,30974
9171068,30975
9171822,30976
9172246,30977
9172436,30978
9172572,30979
9172747,30980
9172920,30981
9173750,30982
9174090,30983
9174195,30984
9174686,30985
9175599,30986
9175858,30987
9176060,30988
9176310,30989
9176379,30990
9176417,30991
9177592,30992
9178039,30993
9178084,30994
9178271,30995
9178532,30996
9179363,30997
9179394,30998
9179752,30999
9179874,31000
9180340,31001
9180488,31002
9180546,31003
9180629,31004
9180719,31005
9180944,31006
9181125,31007
9181157,31008
9181655,31009
9181665,31010
9182078,31011
9182375,31012
9182445,31013
9182751,31014
9183027,31015
9184649,31016
9184871,31017
9185366,31018
9185437,31019
9186030,31020
9186657,31021
9187010,31022
9187029,31023
9187177,31024
9187244,31025
9187497,31026
9187605,31027
9187618,31028
9187790,31029
9188217,31030
9188333,31031
9188393,31032
9189215,31033
9189263,31034
9189356,31035
9189395,31036
9189658,31037
9189685,31038
9190085,31039
9190111,31040
9190793,31041
9191250,31042
9191412,31043
9191594,31044
9191735,31045
9191993,31046
9192092,31047
9192249,31048
9192260,31049
9193080,31050
9193195,31051
9193449,31052
9193543,31053
9193699,31054
9193972,31055
9194105,31056
9194287,31057
9194319,31058
9194819,31059
9194938,31060
9195077,31061
9195384,31062
9195563,31063
9195629,31064
9196240,31065
9196258,31066
9196793,31067
9197238,31068
9197487,31069
9197548,31070
9197890,31071
9198336,31072
9198823,31073
9198892,31074
9199035,31075
9199125,31076
9199146,31077
9199264,31078
9199553,31079
9199613,31080
9199795,31081
9199835,31082
9200230,31083
9200666,31084
9200918,31085
9200969,31086
9201164,31087
9201700,31088
9201720,31089
9201802,31090
9201952,31091
9202010,31092
9202089,31093
9202545,31094
9202579,31095
9202910,31096
9203707,31097
9203771,31098
9203922,31099
9204463,31100
9204551,31101
9204615,31102
9204949,31103
9205005,31104
9205208,31105
9205517,31106
9205901,31107
9205902,31108
9206092,31109
9206542,31110
9207096,31111
9207792,31112
9208341,31113
9208670,31114
9208715,31115
9208972,31116
9209058,31117
9209545,31118
9209564,31119
9210117,31120
9210483,31121
9210510,31122
9210657,31123
9210686,31124
9210855,31125
9211168,31126
9211851,31127
9212162,31128
9212333,31129
9212354,31130
9212863,31131
9212921,31132
9213503,31133
9213555,31134
9213605,31135
9213657,31136
9213756,31137
9215382,31138
9215459,31139
9215588,31140
9215714,31141
9216101,31142
9216291,31143
9217123,31144
9217899,31145
9217967,31146
9218145,31147
9218247,31148
9218288,31149
9218296,31150
9218476,31151
9218689,31152
9218965,31153
9219048,31154
9219804,31155
9219909,31156
9220043,31157
9220783,31158
9221096,31159
9221304,31160
9221398,31161
9221541,31162
9221852,31163
9221982,31164
9222075,31165
9222095,31166
9222248,31167
9222700,31168
9222898,31169
9222982,31170
9223407,31171
9223473,31172
9223513,31173
9223615,31174
9223809,31175
9224092,31176
9224374,31177
9224650,31178
9224712,31179
9224856,31180
9224977,31181
9225087,31182
9225090,31183
9225694,31184
9226830,31185
9227038,31186
9227099,31187
9227541,31188
9227564,31189
9227879,31190
9228146,31191
9228246,31192
9228277,31193
9228418,31194
9228888,31195
9229024,31196
9229454,31197
9230404,31198
9230652,31199
9231000,31200
9231008,31201
9231045,31202
9231847,31203
9231943,31204
9231944,31205
9232032,31206
9232053,31207
9232267,31208
9233034,31209
9233329,31210
9233462,31211
9233782,31212
9234167,31213
9234408,31214
9235049,31215
9235159,31216
9235346,31217
9235460,31218
9236036,31219
9236248,31220
9236464,31221
9236558,31222
9236769,31223
9237274,31224
9237496,31225
9238210,31226
9238393,31227
9238521,31228
9238594,31229
9238851,31230
9239644,31231
9240678,31232
9240796,31233
9240987,31234
9241122,31235
9241243,31236
9241268,31237
9241581,31238
9241776,31239
9242453,31240
9242550,31241
9242877,31242
9243452,31243
9243815,31244
9243979,31245
9245435,31246
9245953,31247
9246239,31248
9246603,31249
9246851,31250
9247013,31251
9247379,31252
9247508,31253
9247667,31254
9247689,31255
9247882,31256
9247967,31257
9248173,31258
9248813,31259
9248833,31260
9248982,31261
9249080,31262
9249483,31263
9249898,31264
9249940,31265
9250088,31266
9250248,31267
9251581,31268
9251800,31269
9251844,31270
9252033,31271
9252256,31272
9252426,31273
9252494,31274
9252502,31275
9252702,31276
9253518,31277
9253595,31278
9253649,31279
9253798,31280
9255027,31281
9256168,31282
9256324,31283
9256380,31284
9256634,31285
9256974,31286
9257249,31287
9257363,31288
9257544,31289
9257614,31290
9257824,31291
9257891,31292
9258526,31293
9258654,31294
9258920,31295
9259101,31296
9259330,31297
9259591,31298
9259722,31299
9260035,31300
9260210,31301
9260434,31302
9260560,31303
9260771,31304
9260791,31305
9260820,31306
9261174,31307
9261386,31308
9261575,31309
9261613,31310
9261785,31311
9261883,31312
9262720,31313
9262731,31314
9264037,31315
9264160,31316
9264573,31317
9265899,31318
9266114,31319
9266160,31320
9266431,31321
9266478,31322
9266830,31323
9267185,31324
9267250,31325
9267573,31326
9267706,31327
9267850,31328
9268151,31329
9268357,31330
9269530,31331
9269555,31332
9269734,31333
9269860,31334
9270286,31335
9270362,31336
9270529,31337
9270662,31338
9270815,31339
9270935,31340
9271156,31341
9271295,31342
9271326,31343
9271359,31344
9271592,31345
9271603,31346
9271944,31347
9272008,31348
9272134,31349
9272453,31350
9272693,31351
9273401,31352
9273483,31353
9273586,31354
9273619,31355
9273666,31356
9273776,31357
9273802,31358
9274404,31359
9274532,31360
9274586,31361
9274659,31362
9274827,31363
9274831,31364
9274963,31365
9274994,31366
9275078,31367
9275275,31368
9276104,31369
9276384,31370
9276650,31371
9276782,31372
9276864,31373
9277738,31374
9277925,31375
9278475,31376
9278650,31377
9279922,31378
9279993,31379
9280451,31380
9280476,31381
9280783,31382
9281185,31383
9281561,31384
9281642,31385
9281884,31386
9281932,31387
9282516,31388
9282650,31389
9282713,31390
9282827,31391
9283280,31392
9283287,31393
9283553,31394
9283740,31395
9284164,31396
9284257,31397
9284269,31398
9284688,31399
9284868,31400
9284932,31401
9286224,31402
9286493,31403
9286549,31404
9286596,31405
9287208,31406
9287209,31407
9287568,31408
9287696,31409
9287717,31410
9287905,31411
9287988,31412
9287993,31413
9289364,31414
9290389,31415
9290449,31416
9290489,31417
9290935,31418
9291016,31419
9291377,31420
9291730,31421
9291779,31422
9291862,31423
9291927,31424
9291957,31425
9292243,31426
9292309,31427
9292411,31428
9292499,31429
9292770,31430
9293692,31431
9293841,31432
9294245,31433
9294284,31434
9294562,31435
9294828,31436
9294988,31437
9295048,31438
9295130,31439
9295492,31440
9295855,31441
9296272,31442
9296301,31443
9296421,31444
9296660,31445
9296687,31446
9296998,31447
9297480,31448
9297781,31449
9297860,31450
9297878,31451
9298073,31452
9298266,31453
9298293,31454
9298405,31455
9299113,31456
9299226,31457
9299320,31458
9299831,31459
9300248,31460
9300289,31461
9301158,31462
9301460,31463
9301892,31464
9302247,31465
9302824,31466
9302905,31467
9303131,31468
9303430,31469
9303625,31470
9303633,31471
9304273,31472
9304996,31473
9305416,31474
9305418,31475
9305884,31476
9306268,31477
9306280,31478
9306965,31479
9307313,31480
9307916,31481
9308083,31482
9308154,31483
9308427,31484
9308481,31485
9309300,31486
9309340,31487
9309474,31488
9310055,31489
9310449,31490
9310494,31491
9310558,31492
9310932,31493
9311844,31494
9312715,31495
9313000,31496
9313047,31497
9313267,31498
9313300,31499
9313399,31500
9313635,31501
9313716,31502
9313740,31503
9313979,31504
9314013,31505
9314042,31506
9314142,31507
9314170,31508
9314283,31509
9314581,31510
9314751,31511
9315123,31512
9315352,31513
9315500,31514
9315577,31515
9316182,31516
9316240,31517
9316259,31518
9316268,31519
9316303,31520
9316496,31521
9316649,31522
9316694,31523
9316700,31524
9316879,31525
9316911,31526
9316938,31527
9316957,31528
9317053,31529
9317551,31530
9317833,31531
9318104,31532
9318333,31533
9318933,31534
9319240,31535
9319324,31536
9319483,31537
9319546,31538
9319617,31539
9319916,31540
9319990,31541
9320072,31542
9320144,31543
9320170,31544
9320379,31545
9320389,31546
9320401,31547
9320524,31548
9320798,31549
9320801,31550
9320988,31551
9321267,31552
9321847,31553
9322066,31554
9322288,31555
9322378,31556
9323643,31557
9323936,31558
9324467,31559
9324482,31560
9324905,31561
9324938,31562
9325249,31563
9325326,31564
9325341,31565
9325694,31566
9325954,31567
9326581,31568
9327212,31569
9327414,31570
9328309,31571
9328526,31572
9328749,31573
9328821,31574
9328833,31575
9328879,31576
9328892,31577
9328924,31578
9329075,31579
9329621,31580
9329856,31581
9329860,31582
9329930,31583
9330195,31584
9330367,31585
9330375,31586
9330935,31587
9331478,31588
9331895,31589
9332454,31590
9332647,31591
9333453,31592
9333828,31593
9334153,31594
9334934,31595
9335112,31596
9335148,31597
9335237,31598
9335752,31599
9335863,31600
9336559,31601
9336618,31602
9336717,31603
9336864,31604
9337145,31605
9337292,31606
9337397,31607
9337465,31608
9338407,31609
9339055,31610
9339795,31611
9340049,31612
9340151,31613
9340640,31614
9340869,31615
9341001,31616
9341048,31617
9342032,31618
9342225,31619
9343165,31620
9343441,31621
9343655,31622
9343668,31623
9344029,31624
9344234,31625
9344252,31626
9344388,31627
9344627,31628
9344835,31629
9344896,31630
9345452,31631
9345566,31632
9346169,31633
9346198,31634
9346405,31635
9346654,31636
9346928,31637
9347367,31638
9347509,31639
9348279,31640
9348294,31641
9348333,31642
9348392,31643
9349113,31644
9349120,31645
9349223,31646
9349437,31647
9350195,31648
9350485,31649
9350693,31650
9350808,31651
9351083,31652
9351123,31653
9351209,31654
9351531,31655
9351549,31656
9351724,31657
9352288,31658
9352633,31659
9352712,31660
9352786,31661
9352811,31662
9353274,31663
9353542,31664
9354544,31665
9354546,31666
9354632,31667
9355106,31668
9355145,31669
9355545,31670
9355812,31671
9355838,31672
9356023,31673
9356290,31674
9356801,31675
9357290,31676
9357450,31677
9358383,31678
9358470,31679
9358655,31680
9358858,31681
9359616,31682
9360178,31683
9360321,31684
9360959,31685
9361152,31686
9361160,31687
9361789,31688
9361879,31689
9362180,31690
9362193,31691
9362238,31692
9362313,31693
9363159,31694
9363458,31695
9363555,31696
9363879,31697
9363950,31698
9363974,31699
9364154,31700
9364377,31701
9364861,31702
9365179,31703
9365252,31704
9365372,31705
9365788,31706
9366160,31707
9366522,31708
9366728,31709
9366793,31710
9366832,31711
9366834,31712
9367142,31713
9367293,31714
9367542,31715
9367712,31716
9368140,31717
9368276,31718
9369044,31719
9369129,31720
9369262,31721
9369763,31722
9369882,31723
9370459,31724
9370594,31725
9370662,31726
9370824,31727
9371236,31728
9371510,31729
9371645,31730
9372160,31731
9372447,31732
9372806,31733
9372864,31734
9373096,31735
9373122,31736
9373185,31737
9373383,31738
9373491,31739
9373855,31740
9374044,31741
9374328,31742
9374384,31743
9374493,31744
9374895,31745
9375324,31746
9375646,31747
9375744,31748
9375879,31749
9375949,31750
9376069,31751
9376256,31752
9376324,31753
9376399,31754
9376409,31755
9376907,31756
9377209,31757
9377259,31758
9377280,31759
9377801,31760
9377826,31761
9377942,31762
9378092,31763
9378246,31764
9379407,31765
9379450,31766
9379951,31767
9379987,31768
9380053,31769
9380289,31770
9380294,31771
9380668,31772
9380769,31773
9380994,31774
9381417,31775
9381503,31776
9381795,31777
9381819,31778
9381851,31779
9381937,31780
9382159,31781
9382189,31782
9382453,31783
9382946,31784
9383017,31785
9383437,31786
9383577,31787
9383702,31788
9383747,31789
9384113,31790
9384191,31791
9384346,31792
9384554,31793
9385105,31794
9385155,31795
9385367,31796
9385893,31797
9386308,31798
9386313,31799
9386385,31800
9386736,31801
9386875,31802
9387023,31803
9387090,31804
9387271,31805
9387709,31806
9387857,31807
9388150,31808
9388448,31809
9388569,31810
9388577,31811
9388883,31812
9389408,31813
9389734,31814
9389809,31815
9389973,31816
9390631,31817
9390703,31818
9390753,31819
9391064,31820
9391848,31821
9391953,31822
9392379,31823
9392415,31824
9392702,31825
9392765,31826
9392840,31827
9393241,31828
9393369,31829
9393482,31830
9393787,31831
9394866,31832
9396375,31833
9396550,31834
9396800,31835
9397502,31836
9397625,31837
9397665,31838
9397847,31839
9398029,31840
9398422,31841
9398806,31842
9399070,31843
9399617,31844
9399731,31845
9400550,31846
9401074,31847
9401404,31848
9401649,31849
9401754,31850
9401960,31851
9402410,31852
9403228,31853
9403340,31854
9403491,31855
9403637,31856
9403745,31857
9403802,31858
9404140,31859
9404279,31860
9404831,31861
9405364,31862
9405582,31863
9405900,31864
9406201,31865
9406434,31866
9406608,31867
9407011,31868
9407075,31869
9407353,31870
9407376,31871
9407488,31872
9407592,31873
9407761,31874
9408553,31875
9409783,31876
9409800,31877
9409937,31878
9410503,31879
9410554,31880
9410936,31881
9411239,31882
9411266,31883
9411338,31884
9412071,31885
9412693,31886
9412783,31887
9413748,31888
9414299,31889
9415274,31890
9415951,31891
9416158,31892
9416359,31893
9416437,31894
9416765,31895
9416808,31896
9417034,31897
9417487,31898
9417706,31899
9417996,31900
9418121,31901
9418288,31902
9418477,31903
9419500,31904
9419946,31905
9419958,31906
9420029,31907
9420152,31908
9420226,31909
9420511,31910
9420658,31911
9420847,31912
9420963,31913
9420965,31914
9421187,31915
9421652,31916
9422232,31917
9422334,31918
9422610,31919
9422655,31920
9423049,31921
9423453,31922
9423719,31923
9423807,31924
9423913,31925
9424464,31926
9425541,31927
9426133,31928
9426214,31929
9426226,31930
9426350,31931
9427234,31932
9427504,31933
9427611,31934
9427623,31935
9427675,31936
9428322,31937
9428363,31938
9428524,31939
9428818,31940
9428821,31941
9429516,31942
9429868,31943
9430424,31944
9430467,31945
9430594,31946
9431412,31947
9431508,31948
9431585,31949
9431725,31950
9431948,31951
9432104,31952
9432133,31953
9432640,31954
9432953,31955
9433922,31956
9434071,31957
9434521,31958
9435137,31959
9435488,31960
9435608,31961
9435648,31962
9435709,31963
9436043,31964
9436389,31965
9436394,31966
9436572,31967
9436584,31968
9436644,31969
9436742,31970
9436908,31971
9437320,31972
9437410,31973
9437432,31974
9437930,31975
9438630,31976
9438905,31977
9438995,31978
9439110,31979
9439193,31980
9439194,31981
9439642,31982
9439842,31983
9440061,31984
9441055,31985
9441440,31986
9441828,31987
9441903,31988
9442448,31989
9442511,31990
9442553,31991
9442603,31992
9442760,31993
9442839,31994
9443880,31995
9444360,31996
9444485,31997
9444708,31998
9445071,31999
9445085,32000
9445423,32001
9445603,32002
9445868,32003
9446296,32004
9446704,32005
9446804,32006
9447264,32007
9447431,32008
9447462,32009
9447943,32010
9448014,32011
9448070,32012
9448422,32013
9448744,32014
9449061,32015
9450217,32016
9450641,32017
9450908,32018
9451217,32019
9451237,32020
9451280,32021
9451304,32022
9451661,32023
9451678,32024
9452175,32025
9452242,32026
9452256,32027
9452397,32028
9452688,32029
9452690,32030
9452732,32031
9452978,32032
9452991,32033
9453310,32034
9453606,32035
9453684,32036
9453944,32037
9454032,32038
9454119,32039
9454192,32040
9454451,32041
9454468,32042
9454737,32043
9455505,32044
9455711,32045
9455753,32046
9455875,32047
9456049,32048
9456298,32049
9456654,32050
9457184,32051
9457194,32052
9457201,32053
9457236,32054
9457364,32055
9457428,32056
9457582,32057
9457846,32058
9458006,32059
9458890,32060
9459784,32061
9459892,32062
9460534,32063
9460978,32064
9461196,32065
9461511,32066
9461674,32067
9461681,32068
9461827,32069
9461916,32070
9462158,32071
9462262,32072
9462282,32073
9462528,32074
9462756,32075
9463500,32076
9463708,32077
9464223,32078
9464349,32079
9464615,32080
9464657,32081
9464789,32082
9465111,32083
9465967,32084
9466303,32085
9466472,32086
9466877,32087
9466903,32088
9467830,32089
9468051,32090
9468865,32091
9468937,32092
9469052,32093
9469058,32094
9469332,32095
9469357,32096
9469477,32097
9469630,32098
9469859,32099
9470010,32100
9470216,32101
9470230,32102
9470319,32103
9470649,32104
9471277,32105
9471514,32106
9472315,32107
9472666,32108
9472835,32109
9473202,32110
9473301,32111
9473924,32112
9474099,32113
9474308,32114
9474414,32115
9474453,32116
9474929,32117
9475318,32118
9475568,32119
9476012,32120
9476552,32121
9476577,32122
9476905,32123
9477467,32124
9477532,32125
9477542,32126
9477666,32127
9477673,32128
9477828,32129
9477887,32130
9477917,32131
9478276,32132
9478428,32133
9478508,32134
9478718,32135
9479009,32136
9479696,32137
9479935,32138
9480151,32139
9480646,32140
9481286,32141
9482214,32142
9482282,32143
9482603,32144
9482684,32145
9482920,32146
9483015,32147
9483262,32148
9483808,32149
9484049,32150
9484153,32151
9484358,32152
9484484,32153
9484607,32154
9484668,32155
9484749,32156
9485243,32157
9485403,32158
9485761,32159
9486086,32160
9486312,32161
9486948,32162
9487050,32163
9487228,32164
9487450,32165
9487555,32166
9487752,32167
9488680,32168
9488931,32169
9489016,32170
9489250,32171
9489544,32172
9489547,32173
9489592,32174
9489712,32175
9489759,32176
9489848,32177
9489877,32178
9490207,32179
9490504,32180
9490637,32181
9490695,32182
9490843,32183
9490844,32184
9491020,32185
9491361,32186
9491413,32187
9491472,32188
9491654,32189
9491882,32190
9491943,32191
9491976,32192
9492264,32193
9492317,32194
9492338,32195
9492839,32196
9493155,32197
9493276,32198
9493439,32199
9493468,32200
9493916,32201
9494171,32202
9494309,32203
9494536,32204
9495216,32205
9496050,32206
9496493,32207
9496519,32208
9496566,32209
9496727,32210
9496910,32211
9497176,32212
9497511,32213
9497962,32214
9498106,32215
9498402,32216
9498693,32217
9499077,32218
9500922,32219
9501256,32220
9501277,32221
9501446,32222
9501829,32223
9501893,32224
9502024,32225
9502848,32226
9502912,32227
9502977,32228
9503387,32229
9503954,32230
9504360,32231
9504415,32232
9504544,32233
9504650,32234
9504827,32235
9505172,32236
9505320,32237
9505335,32238
9505790,32239
9505814,32240
9506098,32241
9506679,32242
9507696,32243
9508481,32244
9508712,32245
9508728,32246
9508888,32247
9509102,32248
9509221,32249
9509230,32250
9509509,32251
9510295,32252
9510592,32253
9510768,32254
9510803,32255
9510852,32256
9511611,32257
9511738,32258
9511784,32259
9512044,32260
9512397,32261
9512884,32262
9513201,32263
9513225,32264
9513244,32265
9513815,32266
9513946,32267
9514010,32268
9514155,32269
9514676,32270
9515005,32271
9515145,32272
9515327,32273
9515637,32274
9515649,32275
9515993,32276
9516228,32277
9516379,32278
9516519,32279
9516548,32280
9517170,32281
9517273,32282
9517287,32283
9518001,32284
9518355,32285
9518814,32286
9518908,32287
9519061,32288
9519548,32289
9519913,32290
9520308,32291
9520463,32292
9520611,32293
9520790,32294
9520838,32295
9521339,32296
9521559,32297
9521614,32298
9521699,32299
9522152,32300
9522169,32301
9522430,32302
9522718,32303
9523079,32304
9523121,32305
9523452,32306
9523667,32307
9524090,32308
9524160,32309
9524602,32310
9525253,32311
9525393,32312
9525587,32313
9525597,32314
9526504,32315
9527176,32316
9527416,32317
9527891,32318
9528133,32319
9528208,32320
9528974,32321
9529384,32322
9529845,32323
9529850,32324
9530846,32325
9530849,32326
9531068,32327
9531142,32328
9531378,32329
9531379,32330
9532072,32331
9532137,32332
9532250,32333
9532298,32334
9532343,32335
9532517,32336
9532774,32337
9533511,32338
9533679,32339
9533911,32340
9534042,32341
9534459,32342
9534773,32343
9535141,32344
9536406,32345
9536529,32346
9536578,32347
9536862,32348
9537071,32349
9537221,32350
9539369,32351
9539540,32352
9539969,32353
9540052,32354
9541488,32355
9541618,32356
9542329,32357
9542388,32358
9542592,32359
9542681,32360
9542695,32361
9542814,32362
9543060,32363
9543346,32364
9543388,32365
9543458,32366
9543891,32367
9543918,32368
9544005,32369
9544057,32370
9544407,32371
9544846,32372
9544857,32373
9545194,32374
9545446,32375
9545452,32376
9545476,32377
9545760,32378
9545927,32379
9546141,32380
9546157,32381
9546219,32382
9546928,32383
9547015,32384
9547749,32385
9548294,32386
9548491,32387
9549271,32388
9549325,32389
9549535,32390
9549950,32391
9550049,32392
9550894,32393
9550991,32394
9551230,32395
9551358,32396
9551577,32397
9551711,32398
9551841,32399
9551946,32400
9551983,32401
9552057,32402
9552194,32403
9552473,32404
9552607,32405
9552786,32406
9552889,32407
9552979,32408
9553181,32409
9553262,32410
9553338,32411
9553765,32412
9554021,32413
9554220,32414
9554402,32415
9554520,32416
9554669,32417
9554885,32418
9555384,32419
9555623,32420
9555739,32421
9555833,32422
9556063,32423
9556461,32424
9556653,32425
9557283,32426
9557293,32427
9557355,32428
9557418,32429
9557489,32430
9557610,32431
9557938,32432
9558152,32433
9558320,32434
9558385,32435
9558501,32436
9558818,32437
9559030,32438
9559145,32439
9559602,32440
9559891,32441
9559960,32442
9560183,32443
9560238,32444
9560320,32445
9560870,32446
9560964,32447
9561132,32448
9561167,32449
9561240,32450
9561582,32451
9561809,32452
9562239,32453
9562902,32454
9563025,32455
9563304,32456
9563526,32457
9563670,32458
9564061,32459
9564172,32460
9564413,32461
9564490,32462
9564629,32463
9564839,32464
9565160,32465
9565223,32466
9565444,32467
9565579,32468
9565736,32469
9565871,32470
9566991,32471
9567199,32472
9567254,32473
9567605,32474
9567814,32475
9567853,32476
9568725,32477
9568768,32478
9569140,32479
9569547,32480
9569619,32481
9569845,32482
9570209,32483
9571082,32484
9571365,32485
9571405,32486
9571829,32487
9571837,32488
9572941,32489
9573620,32490
9573959,32491
9574896,32492
9575959,32493
9575969,32494
9576594,32495
9577130,32496
9577577,32497
9577974,32498
9578232,32499
9579157,32500
9579167,32501
9579463,32502
9579570,32503
9579865,32504
9580063,32505
9580286,32506
9580382,32507
9580717,32508
9581906,32509
9582001,32510
9582043,32511
9582194,32512
9583312,32513
9583385,32514
9583627,32515
9583739,32516
9583744,32517
9583761,32518
9584055,32519
9584205,32520
9584339,32521
9584531,32522
9584730,32523
9585118,32524
9585186,32525
9585282,32526
9585349,32527
9585643,32528
9585717,32529
9585815,32530
9586090,32531
9586196,32532
9586330,32533
9586899,32534
9587304,32535
9587364,32536
9587739,32537
9587809,32538
9587980,32539
9588548,32540
9588744,32541
9588913,32542
9588926,32543
9588939,32544
9588955,32545
9589066,32546
9589157,32547
9589241,32548
9589633,32549
9589790,32550
9589825,32551
9590084,32552
9590552,32553
9590590,32554
9590841,32555
9591172,32556
9591198,32557
9591381,32558
9591598,32559
9591831,32560
9591849,32561
9592008,32562
9592765,32563
9592834,32564
9593859,32565
9593886,32566
9593918,32567
9594221,32568
9594711,32569
9594790,32570
9595659,32571
9595938,32572
9596129,32573
9596537,32574
9596665,32575
9596742,32576
9596990,32577
9597073,32578
9597281,32579
9597959,32580
9598065,32581
9598648,32582
9598655,32583
9598699,32584
9598708,32585
9598722,32586
9598726,32587
9599381,32588
9599417,32589
9600287,32590
9600599,32591
9600673,32592
9601039,32593
9601105,32594
9601353,32595
9601399,32596
9601444,32597
9602397,32598
9602576,32599
9602715,32600
9603072,32601
9603153,32602
9603427,32603
9603747,32604
9603825,32605
9603842,32606
9603969,32607
9604611,32608
9605269,32609
9605550,32610
9605833,32611
9605902,32612
9605929,32613
9606112,32614
9606315,32615
9606344,32616
9607230,32617
9607440,32618
9607611,32619
9607750,32620
9608779,32621
9609271,32622
9609300,32623
9609627,32624
9609784,32625
9609786,32626
9609995,32627
9610482,32628
9610507,32629
9610578,32630
9610950,32631
9611438,32632
9611798,32633
9611878,32634
9611936,32635
9612022,32636
9612089,32637
9612639,32638
9612708,32639
9612847,32640
9613155,32641
9613220,32642
9613536,32643
9613657,32644
9613856,32645
9614045,32646
9614137,32647
9614298,32648
9614381,32649
9614553,32650
9614900,32651
9615033,32652
9615140,32653
9615288,32654
9615328,32655
9615498,32656
9615551,32657
9615617,32658
9616232,32659
9616505,32660
9616643,32661
9616753,32662
9617327,32663
9617438,32664
9617496,32665
9617577,32666
9617730,32667
9618221,32668
9618272,32669
9618589,32670
9618844,32671
9619168,32672
9620495,32673
9620642,32674
9620707,32675
9620860,32676
9621048,32677
9621097,32678
9621099,32679
9621330,32680
9621603,32681
9621796,32682
9621908,32683
9622272,32684
9622293,32685
9622355,32686
9622527,32687
9622740,32688
9623250,32689
9623343,32690
9623588,32691
9624179,32692
9624243,32693
9624254,32694
9624318,32695
9625473,32696
9626046,32697
9626506,32698
9626553,32699
9626961,32700
9627972,32701
9628251,32702
9628549,32703
9629059,32704
9629161,32705
9629248,32706
9629377,32707
9629612,32708
9629672,32709
9629959,32710
9630046,32711
9630079,32712
9630255,32713
9630266,32714
9630270,32715
9630323,32716
9630732,32717
9630912,32718
9631149,32719
9631219,32720
9631342,32721
9631577,32722
9631823,32723
9631847,32724
9631976,32725
9632022,32726
9632786,32727
9632964,32728
9633089,32729
9633203,32730
9633260,32731
9633463,32732
9634165,32733
9634516,32734
9635057,32735
9635360,32736
9635453,32737
9635588,32738
9635753,32739
9635822,32740
9635843,32741
9635869,32742
9635958,32743
9636149,32744
9636205,32745
9636368,32746
9636442,32747
9636551,32748
9636809,32749
9636823,32750
9637171,32751
9637547,32752
9637625,32753
9637751,32754
9638094,32755
9638288,32756
9638454,32757
9638596,32758
9639220,32759
9639273,32760
9639442,32761
9639470,32762
9639628,32763
9640129,32764
9640150,32765
9640710,32766
9641342,32767
9641684,32768
9642250,32769
9642463,32770
9642796,32771
9643474,32772
9643701,32773
9644134,32774
9644480,32775
9644828,32776
9645039,32777
9645108,32778
9645353,32779
9645486,32780
9645499,32781
9645623,32782
9645813,32783
9645960,32784
9646035,32785
9646190,32786
9646502,32787
9646599,32788
9646780,32789
9647031,32790
9647108,32791
9647240,32792
9647812,32793
9648190,32794
9648432,32795
9648918,32796
9649174,32797
9649707,32798
9649804,32799
9649815,32800
9650829,32801
9651628,32802
9651764,32803
9652049,32804
9652272,32805
9652315,32806
9652425,32807
9652787,32808
9653143,32809
9653532,32810
9653710,32811
9655653,32812
9655919,32813
9656351,32814
9656414,32815
9656700,32816
9656713,32817
9657139,32818
9657186,32819
9657689,32820
9658093,32821
9658947,32822
9658955,32823
9659246,32824
9659565,32825
9660056,32826
9660092,32827
9660190,32828
9660207,32829
9660710,32830
9660936,32831
9661153,32832
9661268,32833
9661323,32834
9661506,32835
9661588,32836
9661943,32837
9662297,32838
9662414,32839
9662478,32840
9662593,32841
9662647,32842
9662771,32843
9663094,32844
9663138,32845
9663326,32846
9663364,32847
9663460,32848
9664321,32849
9664380,32850
9664458,32851
9664618,32852
9664721,32853
9665030,32854
9665248,32855
9665434,32856
9665669,32857
9666141,32858
9666224,32859
9666410,32860
9666952,32861
9667443,32862
9667471,32863
9667674,32864
9668241,32865
9668510,32866
9668541,32867
9668586,32868
9668973,32869
9669080,32870
9669422,32871
9669579,32872
9669583,32873
9669678,32874
9670005,32875
9670582,32876
9670829,32877
9670842,32878
9670867,32879
9670901,32880
9670924,32881
9670984,32882
9671081,32883
9671099,32884
9671205,32885
9672205,32886
9672253,32887
9672483,32888
9673350,32889
9673362,32890
9673763,32891
9673775,32892
9674222,32893
9674338,32894
9675169,32895
9675405,32896
9675570,32897
9675655,32898
9676203,32899
9676405,32900
9676407,32901
9676897,32902
9677067,32903
9677187,32904
9677444,32905
9677644,32906
9677682,32907
9677773,32908
9678100,32909
9678175,32910
9678566,32911
9678969,32912
9679385,32913
9679641,32914
9679841,32915
9679997,32916
9680028,32917
9680773,32918
9680784,32919
9680917,32920
9680948,32921
9681086,32922
9681201,32923
9681551,32924
9681597,32925
9681707,32926
9681837,32927
9681948,32928
9682250,32929
9682787,32930
9683318,32931
9683335,32932
9683476,32933
9683489,32934
9684061,32935
9684451,32936
9684867,32937
9684877,32938
9685078,32939
9685228,32940
9685253,32941
9685368,32942
9685410,32943
9685723,32944
9685989,32945
9686723,32946
9686776,32947
9686932,32948
9687111,32949
9687144,32950
9687233,32951
9687433,32952
9687704,32953
9687809,32954
9688068,32955
9688517,32956
9688518,32957
9688687,32958
9688704,32959
9689484,32960
9689814,32961
9690024,32962
9690310,32963
9690360,32964
9690690,32965
9690723,32966
9691251,32967
9691724,32968
9691962,32969
9692009,32970
9692320,32971
9692324,32972
9693399,32973
9693493,32974
9694060,32975
9694242,32976
9694364,32977
9695852,32978
9695987,32979
9696039,32980
9696188,32981
9696332,32982
9696615,32983
9696922,32984
9697330,32985
9698411,32986
9698440,32987
9698926,32988
9699087,32989
9699201,32990
9699510,32991
9700053,32992
9700192,32993
9700199,32994
9700632,32995
9700719,32996
9700836,32997
9700904,32998
9701621,32999
9701953,33000
9702705,33001
9702772,33002
9703002,33003
9703282,33004
9703405,33005
9703433,33006
9703491,33007
9703889,33008
9703924,33009
9704617,33010
9705015,33011
9705373,33012
9705378,33013
9705567,33014
9705605,33015
9706118,33016
9707099,33017
9707502,33018
9707724,33019
9707806,33020
9708421,33021
9708758,33022
9709213,33023
9709587,33024
9710133,33025
9710573,33026
9710650,33027
9710834,33028
9710966,33029
9711614,33030
9711671,33031
9712356,33032
9713015,33033
9713173,33034
9713261,33035
9713658,33036
9714295,33037
9714405,33038
9714539,33039
9714717,33040
9714737,33041
9715610,33042
9715679,33043
9715777,33044
9715977,33045
9716367,33046
9716480,33047
9716534,33048
9716604,33049
9716634,33050
9716812,33051
9717060,33052
9717669,33053
9717709,33054
9717786,33055
9717875,33056
9719339,33057
9719802,33058
9720372,33059
9720912,33060
9721036,33061
9721454,33062
9722092,33063
9723215,33064
9723288,33065
9723819,33066
9723868,33067
9724063,33068
9724561,33069
9724582,33070
9724594,33071
9724869,33072
9724903,33073
9725013,33074
9725077,33075
9725609,33076
9726010,33077
9726443,33078
9726671,33079
9726753,33080
9727384,33081
9727458,33082
9727601,33083
9727627,33084
9728119,33085
9728617,33086
9728841,33087
9729384,33088
9730053,33089
9730113,33090
9730760,33091
9731009,33092
9731217,33093
9731407,33094
9731636,33095
9732160,33096
9732230,33097
9732465,33098
9732491,33099
9732836,33100
9732964,33101
9733046,33102
9733113,33103
9733209,33104
9733214,33105
9733888,33106
9733914,33107
9734065,33108
9734105,33109
9734301,33110
9735372,33111
9735409,33112
9735556,33113
9735659,33114
9735910,33115
9736148,33116
9736256,33117
9736793,33118
9736805,33119
9737098,33120
9737156,33121
9737171,33122
9737203,33123
9737432,33124
9737488,33125
9738026,33126
9738157,33127
9738736,33128
9739327,33129
9739481,33130
9739585,33131
9739716,33132
9739736,33133
9739848,33134
9739963,33135
9740191,33136
9740460,33137
9740488,33138
9740558,33139
9740890,33140
9741080,33141
9741138,33142
9741236,33143
9741299,33144
9741438,33145
9741457,33146
9741572,33147
9741868,33148
9742139,33149
9742595,33150
9742778,33151
9743089,33152
9743922,33153
9744009,33154
9744195,33155
9744508,33156
9744814,33157
9746072,33158
9746435,33159
9746769,33160
9747103,33161
9747349,33162
9747454,33163
9748400,33164
9748836,33165
9748917,33166
9749448,33167
9750632,33168
9750633,33169
9750856,33170
9751333,33171
9751515,33172
9751876,33173
9752008,33174
9752125,33175
9752299,33176
9752434,33177
9752476,33178
9752550,33179
9753113,33180
9753340,33181
9753570,33182
9753685,33183
9754687,33184
9754772,33185
9754789,33186
9755719,33187
9755757,33188
9755971,33189
9756016,33190
9756267,33191
9756383,33192
9756502,33193
9756791,33194
9756919,33195
9756949,33196
9757139,33197
9757164,33198
9757382,33199
9757423,33200
9757757,33201
9757992,33202
9758634,33203
9758717,33204
9758741,33205
9759475,33206
9759666,33207
9760124,33208
9760638,33209
9760822,33210
9760903,33211
9761064,33212
9761148,33213
9761209,33214
9761350,33215
9761448,33216
9762072,33217
9762340,33218
9762969,33219
9763065,33220
9763492,33221
9763807,33222
9764104,33223
9764544,33224
9764831,33225
9765327,33226
9765874,33227
9766446,33228
9766456,33229
9766688,33230
9766887,33231
9767030,33232
9767556,33233
9767890,33234
9768050,33235
9768249,33236
9768620,33237
9769404,33238
9769575,33239
9769684,33240
9769732,33241
9770209,33242
9770933,33243
9771622,33244
9771746,33245
9773080,33246
9773225,33247
9773292,33248
9773298,33249
9773868,33250
9774050,33251
9774115,33252
9774199,33253
9774253,33254
9774377,33255
9774480,33256
9774834,33257
9774871,33258
9774972,33259
9775077,33260
9775375,33261
9775437,33262
9775528,33263
9775870,33264
9776453,33265
9776648,33266
9776666,33267
9776761,33268
9777048,33269
9777084,33270
9777889,33271
9777917,33272
9777987,33273
9778811,33274
9778960,33275
9779182,33276
9779400,33277
9779554,33278
9779737,33279
9779796,33280
9780044,33281
9780821,33282
9780860,33283
9781237,33284
9781780,33285
9782212,33286
9782220,33287
9782566,33288
9782637,33289
9783296,33290
9783779,33291
9783903,33292
9784361,33293
9785134,33294
9785163,33295
9785325,33296
9785326,33297
9785367,33298
9785610,33299
9785733,33300
9786425,33301
9787005,33302
9787028,33303
9787101,33304
9787270,33305
9787407,33306
9788143,33307
9788205,33308
9788295,33309
9788364,33310
9788433,33311
9788519,33312
9788616,33313
9789175,33314
9789955,33315
9790234,33316
9790293,33317
9790310,33318
9790385,33319
9790749,33320
9790786,33321
9791618,33322
9791925,33323
9791949,33324
9791953,33325
9792127,33326
9792265,33327
9792397,33328
9793235,33329
9793332,33330
9793430,33331
9793952,33332
9794151,33333
9794783,33334
9794913,33335
9795057,33336
9795562,33337
9795790,33338
9796384,33339
9796502,33340
9796613,33341
9797134,33342
9797260,33343
9797640,33344
9798067,33345
9798146,33346
9798182,33347
9798632,33348
9798665,33349
9799712,33350
9799767,33351
9799897,33352
9800095,33353
9800834,33354
9800884,33355
9800907,33356
9801006,33357
9801103,33358
9801215,33359
9801407,33360
9801888,33361
9801890,33362
9802138,33363
9802247,33364
9802353,33365
9802367,33366
9802869,33367
9803371,33368
9803996,33369
9804066,33370
9804214,33371
9804834,33372
9805129,33373
9805378,33374
9805474,33375
9805888,33376
9806509,33377
9806715,33378
9806955,33379
9807391,33380
9807770,33381
9807943,33382
9808115,33383
9808514,33384
9808640,33385
9808692,33386
9808928,33387
9809114,33388
9810601,33389
9810832,33390
9810866,33391
9811949,33392
9812075,33393
9812726,33394
9813177,33395
9813377,33396
9814012,33397
9814380,33398
9814459,33399
9814477,33400
9814652,33401
9814704,33402
9815228,33403
9815456,33404
9815473,33405
9815886,33406
9815913,33407
9816147,33408
9816436,33409
9816775,33410
9817111,33411
9817205,33412
9817635,33413
9818209,33414
9818660,33415
9819260,33416
9819657,33417
9819797,33418
9819802,33419
9820549,33420
9821446,33421
9821619,33422
9821709,33423
9822127,33424
9822610,33425
9822788,33426
9823184,33427
9823188,33428
9823282,33429
9823539,33430
9824096,33431
9824132,33432
9824231,33433
9824723,33434
9824731,33435
9824940,33436
9825032,33437
9825319,33438
9825672,33439
9825762,33440
9825878,33441
9825942,33442
9826177,33443
9826708,33444
9826979,33445
9827479,33446
9827533,33447
9827741,33448
9827962,33449
9828012,33450
9828488,33451
9828556,33452
9828781,33453
9829041,33454
9829047,33455
9829419,33456
9829599,33457
9829718,33458
9829841,33459
9829973,33460
9830563,33461
9830622,33462
9831070,33463
9831415,33464
9831716,33465
9832063,33466
9832144,33467
9832426,33468
9832508,33469
9832676,33470
9832763,33471
9833013,33472
9833317,33473
9833462,33474
9833862,33475
9833973,33476
9835096,33477
9835113,33478
9835196,33479
9835277,33480
9835742,33481
9835856,33482
9835910,33483
9836089,33484
9836398,33485
9836475,33486
9836642,33487
9836891,33488
9836978,33489
9837152,33490
9838426,33491
9838609,33492
9838735,33493
9839047,33494
9839679,33495
9840383,33496
9840639,33497
9842509,33498
9842983,33499
9843138,33500
9843441,33501
9843779,33502
9843953,33503
9844090,33504
9844141,33505
9844503,33506
9844978,33507
9845522,33508
9845907,33509
9846126,33510
9846479,33511
9846728,33512
9846966,33513
9847509,33514
9847814,33515
9847972,33516
9847999,33517
9848103,33518
9848261,33519
9848592,33520
9848600,33521
9848747,33522
9848829,33523
9848944,33524
9849344,33525
9849726,33526
9849853,33527
9850096,33528
9850273,33529
9850480,33530
9850528,33531
9850550,33532
9851005,33533
9851017,33534
9851152,33535
9851319,33536
9852136,33537
9852230,33538
9852570,33539
9852591,33540
9853895,33541
9854140,33542
9854395,33543
9854536,33544
9855238,33545
9855319,33546
9855427,33547
9855611,33548
9855830,33549
9856225,33550
9856235,33551
9857659,33552
9857690,33553
9857710,33554
9857745,33555
9857946,33556
9858001,33557
9858145,33558
9858316,33559
9858609,33560
9858649,33561
9858814,33562
9859043,33563
9859122,33564
9859194,33565
9859205,33566
9860028,33567
9860115,33568
9860126,33569
9860168,33570
9860496,33571
9860551,33572
9861308,33573
9861358,33574
9861689,33575
9862020,33576
9862157,33577
9862372,33578
9862480,33579
9862499,33580
9862513,33581
9862572,33582
9863411,33583
9863446,33584
9863596,33585
9863665,33586
9863879,33587
9863987,33588
9864011,33589
9864020,33590
9864210,33591
9864334,33592
9865264,33593
9865471,33594
9865974,33595
9866504,33596
9866935,33597
9866999,33598
9867018,33599
9867125,33600
9867254,33601
9867424,33602
9867488,33603
9867550,33604
9867787,33605
9867943,33606
9868387,33607
9868438,33608
9869997,33609
9870610,33610
9870837,33611
9871786,33612
9871791,33613
9872459,33614
9872643,33615
9873367,33616
9873492,33617
9873533,33618
9873590,33619
9873623,33620
9873760,33621
9874029,33622
9874172,33623
9874289,33624
9874812,33625
9874928,33626
9875201,33627
9875447,33628
9876030,33629
9876183,33630
9877410,33631
9877709,33632
9878464,33633
9878857,33634
9879607,33635
9879787,33636
9880013,33637
9880137,33638
9880267,33639
9880462,33640
9880532,33641
9880652,33642
9880719,33643
9880946,33644
9881400,33645
9881611,33646
9881969,33647
9882098,33648
9882306,33649
9883103,33650
9884435,33651
9884630,33652
9884933,33653
9885305,33654
9885484,33655
9885659,33656
9886510,33657
9886771,33658
9887780,33659
9887903,33660
9887924,33661
9888450,33662
9888955,33663
9889057,33664
9889715,33665
9889787,33666
9890054,33667
9890187,33668
9890466,33669
9890704,33670
9891440,33671
9891985,33672
9892339,33673
9892774,33674
9892993,33675
9893178,33676
9893251,33677
9893995,33678
9894535,33679
9894629,33680
9894689,33681
9895100,33682
9895528,33683
9896055,33684
9896102,33685
9896554,33686
9896729,33687
9897230,33688
9897644,33689
9897787,33690
9898189,33691
9898950,33692
9899081,33693
9899601,33694
9900087,33695
9900158,33696
9900211,33697
9900556,33698
9900665,33699
9901031,33700
9901071,33701
9901336,33702
9901411,33703
9901754,33704
9901771,33705
9901795,33706
9902659,33707
9903175,33708
9903209,33709
9903236,33710
9903257,33711
9903730,33712
9903817,33713
9904668,33714
9904766,33715
9904798,33716
9904907,33717
9905386,33718
9905567,33719
9905896,33720
9906320,33721
9906325,33722
9906338,33723
9907015,33724
9907154,33725
9907468,33726
9907691,33727
9907865,33728
9907947,33729
9908138,33730
9909157,33731
9909195,33732
9909280,33733
9909493,33734
9909851,33735
9909878,33736
9910170,33737
9910444,33738
9910503,33739
9910565,33740
9910639,33741
9910694,33742
9910817,33743
9910826,33744
9911910,33745
9912095,33746
9912241,33747
9912366,33748
9913056,33749
9913241,33750
9913522,33751
9913560,33752
9913588,33753
9913592,33754
9913761,33755
9913847,33756
9913929,33757
9914065,33758
9914721,33759
9915093,33760
9915770,33761
9916176,33762
9916210,33763
9916241,33764
9916488,33765
9916596,33766
9916865,33767
9917282,33768
9917365,33769
9917857,33770
9918367,33771
9918576,33772
9918677,33773
9918880,33774
9919459,33775
9919804,33776
9920254,33777
9920819,33778
9921053,33779
9921219,33780
9921287,33781
9921790,33782
9921791,33783
9922340,33784
9922931,33785
9923735,33786
9924214,33787
9924931,33788
9925202,33789
9925206,33790
9925346,33791
9925680,33792
9925945,33793
9926270,33794
9926325,33795
9926664,33796
9927187,33797
9927248,33798
9927478,33799
9927671,33800
9927703,33801
9927859,33802
9928047,33803
9928070,33804
9928331,33805
9928605,33806
9928739,33807
9928831,33808
9929272,33809
9929388,33810
9929674,33811
9929888,33812
9930065,33813
9930200,33814
9930286,33815
9930293,33816
9930430,33817
9930576,33818
9930702,33819
9931341,33820
9932181,33821
9932359,33822
9932443,33823
9932782,33824
9933218,33825
9933494,33826
9934118,33827
9934453,33828
9934518,33829
9934693,33830
9934896,33831
9934933,33832
9934937,33833
9935058,33834
9935612,33835
9935911,33836
9935945,33837
9936081,33838
9937306,33839
9937490,33840
9937679,33841
9937821,33842
9937862,33843
9938082,33844
9938268,33845
9938624,33846
9938962,33847
9939465,33848
9939678,33849
9940289,33850
9940474,33851
9940627,33852
9940745,33853
9940864,33854
9940927,33855
9941178,33856
9941764,33857
9942681,33858
9943340,33859
9943390,33860
9943657,33861
9943739,33862
9943771,33863
9943966,33864
9944045,33865
9944231,33866
9944233,33867
9944271,33868
9944455,33869
9944584,33870
9944828,33871
9944833,33872
9946536,33873
9946738,33874
9946835,33875
9947807,33876
9947926,33877
9948049,33878
9948203,33879
9948433,33880
9948697,33881
9949571,33882
9950304,33883
9950373,33884
9950540,33885
9950873,33886
9950880,33887
9951130,33888
9951187,33889
9951624,33890
9951719,33891
9951794,33892
9951811,33893
9952137,33894
9952251,33895
9952580,33896
9952649,33897
9952839,33898
9953034,33899
9953426,33900
9953482,33901
9953583,33902
9953619,33903
9954297,33904
9954577,33905
9954953,33906
9955567,33907
9956305,33908
9956463,33909
9956649,33910
9956669,33911
9956757,33912
9957019,33913
9957501,33914
9958072,33915
9958257,33916
9958374,33917
9958382,33918
9958704,33919
9958854,33920
9958909,33921
9959955,33922
9960616,33923
9961046,33924
9961066,33925
9961181,33926
9961435,33927
9961802,33928
9962631,33929
9962666,33930
9962706,33931
9963410,33932
9963596,33933
9963687,33934
9963804,33935
9964123,33936
9964213,33937
9964345,33938
9965001,33939
9965180,33940
9965286,33941
9966432,33942
9966776,33943
9967524,33944
9967645,33945
9968223,33946
9968278,33947
9968525,33948
9968638,33949
9968647,33950
9969729,33951
9969816,33952
9969900,33953
9970728,33954
9970776,33955
9971386,33956
9971504,33957
9971773,33958
9971963,33959
9972155,33960
9972162,33961
9972451,33962
9972746,33963
9972842,33964
9973138,33965
9973233,33966
9973685,33967
9973890,33968
9974935,33969
9975142,33970
9976340,33971
9977146,33972
9977150,33973
9977557,33974
9977717,33975
9977810,33976
9978009,33977
9978017,33978
9978697,33979
9979062,33980
9979111,33981
9979383,33982
9979774,33983
9980016,33984
9980926,33985
9981132,33986
9981615,33987
9981786,33988
9981992,33989
9982134,33990
9982302,33991
9983240,33992
9983265,33993
9983312,33994
9983597,33995
9983789,33996
9984431,33997
9984967,33998
9984979,33999
9985225,34000
9985383,34001
9985625,34002
9986277,34003
9986657,34004
9986883,34005
9987251,34006
9987273,34007
9987996,34008
9988019,34009
9988024,34010
9988190,34011
9988201,34012
9988456,34013
9988600,34014
9989123,34015
9989277,34016
9989392,34017
9989591,34018
9989810,34019
9990406,34020
9990437,34021
9990571,34022
9991013,34023
9991066,34024
9991478,34025
9991573,34026
9992077,34027
9992196,34028
9993195,34029
9993272,34030
9993805,34031
9995209,34032
9995312,34033
9995662,34034
9995984,34035
9996110,34036
9996731,34037
9997093,34038
9997148,34039
9997858,34040
9998018,34041
9998157,34042
9998161,34043
9998462,34044
9998687,34045
9998820,34046
9998845,34047
9999003,34048
9999185,34049
9999277,34050
9999308,34051
9999787,34052
10000257,34053
10000344,34054
10000440,34055
10000489,34056
10000853,34057
10000924,34058
10001050,34059
10001211,34060
10001233,34061
10001489,34062
10002686,34063
10002996,34064
10003062,34065
10003086,34066
10003264,34067
10003900,34068
10003977,34069
10004133,34070
10004272,34071
10004455,34072
10004835,34073
10004845,34074
10004974,34075
10005121,34076
10005128,34077
10005158,34078
10006554,34079
10007088,34080
10007195,34081
10007596,34082
10007897,34083
10007965,34084
10008071,34085
10008145,34086
10008146,34087
10008233,34088
10008288,34089
10008334,34090
10008533,34091
10008836,34092
10008846,34093
10009215,34094
10009429,34095
10010519,34096
10010751,34097
10011065,34098
10011356,34099
10011471,34100
10011559,34101
10011891,34102
10012031,34103
10012109,34104
10012115,34105
10012425,34106
10012776,34107
10013056,34108
10013124,34109
10013557,34110
10014272,34111
10015069,34112
10015141,34113
10015232,34114
10015363,34115
10015395,34116
10015821,34117
10015990,34118
10016209,34119
10016671,34120
10017113,34121
10017347,34122
10018039,34123
10018994,34124
10019626,34125
10019952,34126
10020145,34127
10020542,34128
10021541,34129
10021648,34130
10021691,34131
10021737,34132
10022245,34133
10022264,34134
10022719,34135
10022956,34136
10023168,34137
10023175,34138
10023271,34139
10024278,34140
10024614,34141
10024644,34142
10025176,34143
10025767,34144
10025913,34145
10025986,34146
10026324,34147
10026450,34148
10026456,34149
10027010,34150
10027267,34151
10027605,34152
10027606,34153
10027673,34154
10027962,34155
10028043,34156
10028178,34157
10028434,34158
10028974,34159
10029090,34160
10029944,34161
10029982,34162
10030629,34163
10030772,34164
10030877,34165
10030950,34166
10031014,34167
10031316,34168
10031493,34169
10031641,34170
10031717,34171
10031902,34172
10031953,34173
10032101,34174
10032330,34175
10032532,34176
10032582,34177
10033134,34178
10034115,34179
10034327,34180
10034532,34181
10035173,34182
10035413,34183
10035961,34184
10036643,34185
10036707,34186
10037032,34187
10037750,34188
10038235,34189
10038498,34190
10038700,34191
10039097,34192
10039269,34193
10039749,34194
10040196,34195
10040502,34196
10040668,34197
10040905,34198
10041079,34199
10041199,34200
10042345,34201
10043508,34202
10043525,34203
10044952,34204
10045468,34205
10045733,34206
10046203,34207
10046204,34208
10047040,34209
10047308,34210
10047958,34211
10048087,34212
10048688,34213
10048941,34214
10049011,34215
10049294,34216
10049632,34217
10049966,34218
10050317,34219
10050455,34220
10050535,34221
10050650,34222
10051375,34223
10051790,34224
10052106,34225
10052114,34226
10052480,34227
10052895,34228
10052990,34229
10053199,34230
10053547,34231
10053555,34232
10053655,34233
10053729,34234
10053748,34235
10054246,34236
10054551,34237
10055146,34238
10055535,34239
10056057,34240
10056351,34241
10056435,34242
10056596,34243
10057096,34244
10057272,34245
10057914,34246
10058053,34247
10058187,34248
10058244,34249
10058388,34250
10058602,34251
10058619,34252
10059156,34253
10060121,34254
10060397,34255
10061274,34256
10061425,34257
10061492,34258
10061572,34259
10061595,34260
10061840,34261
10061923,34262
10062405,34263
10062574,34264
10062644,34265
10062948,34266
10063039,34267
10063441,34268
10063451,34269
10063470,34270
10063516,34271
10063862,34272
10064002,34273
10064180,34274
10064259,34275
10064904,34276
10064948,34277
10065632,34278
10065717,34279
10065926,34280
10066921,34281
10067196,34282
10067212,34283
10067265,34284
10067468,34285
10067671,34286
10067721,34287
10067965,34288
10068039,34289
10068290,34290
10068616,34291
10068851,34292
10068925,34293
10069033,34294
10069349,34295
10069594,34296
10069651,34297
10069992,34298
10070081,34299
10070834,34300
10071015,34301
10071233,34302
10071267,34303
10071384,34304
10071676,34305
10072043,34306
10072059,34307
10072779,34308
10074166,34309
10074229,34310
10074471,34311
10074527,34312
10074634,34313
10074840,34314
10075216,34315
10075960,34316
10076085,34317
10076250,34318
10076256,34319
10076310,34320
10076335,34321
10076360,34322
10076523,34323
10077183,34324
10077189,34325
10077204,34326
10077226,34327
10077405,34328
10077408,34329
10077567,34330
10077957,34331
10078085,34332
10078356,34333
10078785,34334
10079270,34335
10079620,34336
10079853,34337
10080041,34338
10080218,34339
10080259,34340
10080263,34341
10080499,34342
10080709,34343
10081268,34344
10081467,34345
10081887,34346
10082179,34347
10083169,34348
10083382,34349
10083452,34350
10083649,34351
10083736,34352
10083775,34353
10084280,34354
10084437,34355
10084465,34356
10085138,34357
10085181,34358
10085235,34359
10085430,34360
10086589,34361
10086748,34362
10087588,34363
10087658,34364
10087903,34365
10087904,34366
10088931,34367
10088956,34368
10088970,34369
10088988,34370
10089085,34371
10089097,34372
10089394,34373
10089529,34374
10089652,34375
10089874,34376
10089893,34377
10090065,34378
10090682,34379
10091018,34380
10091168,34381
10091274,34382
10091630,34383
10091638,34384
10091654,34385
10092605,34386
10092705,34387
10092796,34388
10093025,34389
10093109,34390
10093163,34391
10093224,34392
10093586,34393
10093590,34394
10093683,34395
10093806,34396
10093815,34397
10093921,34398
10094082,34399
10094256,34400
10094341,34401
10094465,34402
10094648,34403
10094803,34404
10095402,34405
10095447,34406
10096325,34407
10096446,34408
10096619,34409
10096850,34410
10096887,34411
10096927,34412
10096975,34413
10097072,34414
10097327,34415
10097471,34416
10097487,34417
10097545,34418
10097890,34419
10097922,34420
10098256,34421
10098895,34422
10098913,34423
10099266,34424
10099270,34425
10099359,34426
10099848,34427
10100253,34428
10100491,34429
10101066,34430
10101098,34431
10101269,34432
10101404,34433
10101904,34434
10102052,34435
10102271,34436
10102651,34437
10103239,34438
10103309,34439
10103318,34440
10103328,34441
10104258,34442
10104419,34443
10104823,34444
10105080,34445
10105709,34446
10105803,34447
10105923,34448
10106798,34449
10106803,34450
10107340,34451
10107646,34452
10107717,34453
10107762,34454
10107806,34455
10107810,34456
10108042,34457
10108138,34458
10108185,34459
10108270,34460
10108356,34461
10108358,34462
10108457,34463
10108753,34464
10110105,34465
10110126,34466
10110573,34467
10110847,34468
10110899,34469
10111081,34470
10111110,34471
10111134,34472
10111185,34473
10111201,34474
10112536,34475
10112818,34476
10113036,34477
10113688,34478
10113759,34479
10113994,34480
10114201,34481
10114709,34482
10114890,34483
10115119,34484
10115647,34485
10115768,34486
10116330,34487
10116454,34488
10116631,34489
10116741,34490
10117294,34491
10117302,34492
10117441,34493
10117490,34494
10117776,34495
10118409,34496
10118909,34497
10119354,34498
10119720,34499
10120252,34500
10120319,34501
10120353,34502
10121023,34503
10121127,34504
10122204,34505
10122494,34506
10122900,34507
10123126,34508
10123128,34509
10123403,34510
10123407,34511
10123746,34512
10123796,34513
10124398,34514
10124526,34515
10124621,34516
10124803,34517
10124830,34518
10125563,34519
10125574,34520
10125705,34521
10125977,34522
10126004,34523
10126035,34524
10126038,34525
10126343,34526
10127452,34527
10127550,34528
10128054,34529
10128139,34530
10128402,34531
10129144,34532
10129314,34533
10129471,34534
10129905,34535
10129923,34536
10130130,34537
10130224,34538
10130251,34539
10130259,34540
10130921,34541
10130934,34542
10130962,34543
10131569,34544
10131789,34545
10131799,34546
10131985,34547
10132105,34548
10132431,34549
10132586,34550
10132610,34551
10132788,34552
10133376,34553
10134949,34554
10135113,34555
10135653,34556
10135769,34557
10136233,34558
10136359,34559
10136597,34560
10136726,34561
10136783,34562
10137120,34563
10138332,34564
10138488,34565
10138643,34566
10139311,34567
10139385,34568
10140065,34569
10140739,34570
10141295,34571
10141478,34572
10141756,34573
10142029,34574
10142227,34575
10142689,34576
10142955,34577
10143331,34578
10143742,34579
10143906,34580
10144009,34581
10144014,34582
10144247,34583
10144318,34584
10144524,34585
10145499,34586
10145542,34587
10146139,34588
10146425,34589
10146693,34590
10147694,34591
10147804,34592
10148802,34593
10148878,34594
10149139,34595
10149154,34596
10149171,34597
10149324,34598
10149651,34599
10151590,34600
10151690,34601
10151803,34602
10152216,34603
10152437,34604
10152932,34605
10152959,34606
10153263,34607
10153619,34608
10154220,34609
10154270,34610
10154437,34611
10154561,34612
10155263,34613
10155361,34614
10155915,34615
10156202,34616
10156772,34617
10156963,34618
10156985,34619
10157777,34620
10158576,34621
10158619,34622
10158631,34623
10159206,34624
10159596,34625
10159692,34626
10159879,34627
10160139,34628
10160856,34629
10161230,34630
10161353,34631
10161520,34632
10162754,34633
10163071,34634
10163141,34635
10164407,34636
10164653,34637
10164698,34638
10165233,34639
10165371,34640
10165785,34641
10166004,34642
10166009,34643
10166030,34644
10166343,34645
10166493,34646
10166562,34647
10167239,34648
10167371,34649
10167529,34650
10167556,34651
10168179,34652
10168212,34653
10168540,34654
10168978,34655
10169267,34656
10169582,34657
10169863,34658
10170105,34659
10170366,34660
10170413,34661
10170773,34662
10171180,34663
10171951,34664
10171952,34665
10172089,34666
10172106,34667
10172149,34668
10172362,34669
10172459,34670
10172541,34671
10172582,34672
10173293,34673
10173541,34674
10174141,34675
10174707,34676
10174787,34677
10174839,34678
10175680,34679
10175801,34680
10176573,34681
10176941,34682
10177439,34683
10177732,34684
10177966,34685
10178423,34686
10178917,34687
10179177,34688
10179710,34689
10179806,34690
10179843,34691
10180033,34692
10180549,34693
10180716,34694
10180760,34695
10181423,34696
10181515,34697
10181591,34698
10182114,34699
10182760,34700
10183252,34701
10184232,34702
10184266,34703
10184531,34704
10185063,34705
10185462,34706
10185926,34707
10186183,34708
10186268,34709
10186590,34710
10187367,34711
10187415,34712
10187596,34713
10187882,34714
10188134,34715
10188226,34716
10188305,34717
10188553,34718
10188676,34719
10188846,34720
10188856,34721
10189415,34722
10189695,34723
10189727,34724
10190026,34725
10190394,34726
10190722,34727
10190892,34728
10191366,34729
10191925,34730
10192014,34731
10192939,34732
10192965,34733
10193003,34734
10193580,34735
10193711,34736
10194189,34737
10194218,34738
10194304,34739
10194541,34740
10194928,34741
10195133,34742
10195210,34743
10195233,34744
10195678,34745
10195876,34746
10195953,34747
10195972,34748
10196537,34749
10196692,34750
10197022,34751
10197738,34752
10197891,34753
10198006,34754
10198072,34755
10198811,34756
10198879,34757
10198903,34758
10198995,34759
10199069,34760
10199496,34761
10199609,34762
10200081,34763
10200225,34764
10200260,34765
10200760,34766
10200982,34767
10201267,34768
10201308,34769
10201609,34770
10201678,34771
10202324,34772
10202372,34773
10202516,34774
10202918,34775
10202992,34776
10203248,34777
10203311,34778
10203500,34779
10203775,34780
10203877,34781
10203951,34782
10204436,34783
10204458,34784
10205090,34785
10205352,34786
10206043,34787
10206570,34788
10206682,34789
10206881,34790
10207533,34791
10207693,34792
10207914,34793
10208329,34794
10208400,34795
10208491,34796
10208539,34797
10208571,34798
10208601,34799
10208770,34800
10209052,34801
10209100,34802
10209370,34803
10209409,34804
10209941,34805
10211259,34806
10211497,34807
10212429,34808
10212436,34809
10212521,34810
10212618,34811
10212848,34812
10213122,34813
10213340,34814
10213734,34815
10213831,34816
10214009,34817
10214113,34818
10214135,34819
10214170,34820
10214254,34821
10214655,34822
10215155,34823
10215164,34824
10215183,34825
10215281,34826
10215342,34827
10215590,34828
10215944,34829
10216320,34830
10216334,34831
10216813,34832
10217116,34833
10217290,34834
10217858,34835
10217912,34836
10218154,34837
10218161,34838
10218168,34839
10218310,34840
10218378,34841
10218811,34842
10219664,34843
10220246,34844
10220315,34845
10221213,34846
10221505,34847
10221682,34848
10222457,34849
10222504,34850
10222688,34851
10223091,34852
10223212,34853
10223310,34854
10223326,34855
10223789,34856
10223955,34857
10224100,34858
10224739,34859
10224753,34860
10224845,34861
10225340,34862
10225371,34863
10225455,34864
10226182,34865
10226294,34866
10226935,34867
10227275,34868
10228532,34869
10228848,34870
10229093,34871
10229118,34872
10229140,34873
10229406,34874
10229682,34875
10230212,34876
10230217,34877
10230567,34878
10230867,34879
10230873,34880
10231502,34881
10231606,34882
10231697,34883
10231772,34884
10232142,34885
10232180,34886
10232206,34887
10232276,34888
10232397,34889
10232644,34890
10232838,34891
10233446,34892
10233472,34893
10234055,34894
10234190,34895
10234260,34896
10234343,34897
10235127,34898
10235191,34899
10235224,34900
10235242,34901
10235545,34902
10235845,34903
10235938,34904
10236648,34905
10236760,34906
10236807,34907
10237133,34908
10237135,34909
10237376,34910
10238184,34911
10238400,34912
10238942,34913
10239091,34914
10239356,34915
10239382,34916
10239885,34917
10240055,34918
10240202,34919
10241109,34920
10241327,34921
10241606,34922
10242307,34923
10243688,34924
10243692,34925
10243927,34926
10243991,34927
10244267,34928
10244310,34929
10245018,34930
10245536,34931
10246894,34932
10246932,34933
10246936,34934
10247029,34935
10247078,34936
10247447,34937
10247483,34938
10247522,34939
10247710,34940
10247765,34941
10248020,34942
10248926,34943
10249351,34944
10249613,34945
10249692,34946
10249695,34947
10249739,34948
10249814,34949
10250908,34950
10250941,34951
10251325,34952
10251574,34953
10251707,34954
10252339,34955
10252632,34956
10252963,34957
10253166,34958
10253182,34959
10253257,34960
10253526,34961
10253615,34962
10253750,34963
10253843,34964
10253985,34965
10254048,34966
10254051,34967
10254323,34968
10254326,34969
10254424,34970
10254628,34971
10255032,34972
10255170,34973
10255423,34974
10255469,34975
10255564,34976
10256022,34977
10256114,34978
10256428,34979
10256518,34980
10256791,34981
10256867,34982
10257147,34983
10257187,34984
10258011,34985
10258443,34986
10258728,34987
10259145,34988
10259249,34989
10259483,34990
10259959,34991
10260340,34992
10260641,34993
10260819,34994
10260929,34995
10260980,34996
10261167,34997
10261463,34998
10261479,34999
10262304,35000
10262736,35001
10263495,35002
10263599,35003
10263621,35004
10263802,35005
10264147,35006
10264397,35007
10264453,35008
10265021,35009
10265437,35010
10265506,35011
10265889,35012
10266150,35013
10266264,35014
10266361,35015
10266943,35016
10267460,35017
10267563,35018
10268093,35019
10268213,35020
10268455,35021
10269195,35022
10269377,35023
10269457,35024
10269479,35025
10270359,35026
10270477,35027
10270502,35028
10271607,35029
10271656,35030
10271800,35031
10271987,35032
10272133,35033
10272275,35034
10272519,35035
10272692,35036
10272843,35037
10273000,35038
10273017,35039
10273083,35040
10273671,35041
10274600,35042
10275205,35043
10275767,35044
10276962,35045
10277105,35046
10277161,35047
10277565,35048
10277936,35049
10277965,35050
10278278,35051
10278308,35052
10278433,35053
10278616,35054
10278839,35055
10279200,35056
10279631,35057
10280168,35058
10280237,35059
10280239,35060
10280356,35061
10281815,35062
10282056,35063
10282324,35064
10282336,35065
10282472,35066
10282626,35067
10282671,35068
10282880,35069
10283495,35070
10283586,35071
10284136,35072
10284235,35073
10284644,35074
10284671,35075
10284767,35076
10284818,35077
10284901,35078
10285033,35079
10285190,35080
10285361,35081
10285672,35082
10286622,35083
10286673,35084
10287541,35085
10287835,35086
10288085,35087
10288319,35088
10288514,35089
10288708,35090
10289051,35091
10289665,35092
10291051,35093
10291192,35094
10291278,35095
10291439,35096
10291468,35097
10292032,35098
10292573,35099
10293414,35100
10293680,35101
10293829,35102
10293940,35103
10293961,35104
10294183,35105
10294706,35106
10294820,35107
10294903,35108
10295030,35109
10295280,35110
10295347,35111
10295687,35112
10295727,35113
10296142,35114
10296144,35115
10296631,35116
10296969,35117
10297066,35118
10297341,35119
10298132,35120
10298353,35121
10298557,35122
10298640,35123
10298756,35124
10298925,35125
10299387,35126
10299650,35127
10300213,35128
10300673,35129
10300712,35130
10300767,35131
10300778,35132
10300815,35133
10301163,35134
10301316,35135
10301429,35136
10301509,35137
10301513,35138
10301527,35139
10301576,35140
10301711,35141
10302024,35142
10302029,35143
10302072,35144
10302094,35145
10302198,35146
10302262,35147
10302690,35148
10304500,35149
10304573,35150
10304654,35151
10304838,35152
10305246,35153
10305275,35154
10305377,35155
10305628,35156
10305990,35157
10306362,35158
10306421,35159
10306990,35160
10307189,35161
10307628,35162
10308093,35163
10308246,35164
10308636,35165
10308664,35166
10309373,35167
10309605,35168
10309620,35169
10310113,35170
10310806,35171
10310868,35172
10311386,35173
10311509,35174
10311713,35175
10311723,35176
10311828,35177
10312030,35178
10312033,35179
10312243,35180
10312611,35181
10312705,35182
10312927,35183
10313679,35184
10313739,35185
10313894,35186
10313921,35187
10314174,35188
10314231,35189
10315300,35190
10315587,35191
10315731,35192
10315743,35193
10316619,35194
10316726,35195
10316879,35196
10317283,35197
10317625,35198
10318052,35199
10318193,35200
10318392,35201
10318641,35202
10318681,35203
10318808,35204
10319132,35205
10319524,35206
10319546,35207
10319585,35208
10320302,35209
10320414,35210
10320440,35211
10320640,35212
10320702,35213
10320712,35214
10321036,35215
10321054,35216
10321104,35217
10321182,35218
10321334,35219
10321583,35220
10321724,35221
10321764,35222
10322458,35223
10322658,35224
10322755,35225
10323591,35226
10323754,35227
10324214,35228
10324218,35229
10324251,35230
10324523,35231
10324799,35232
10324838,35233
10325048,35234
10325088,35235
10325119,35236
10325173,35237
10326372,35238
10326874,35239
10326939,35240
10328025,35241
10328084,35242
10328483,35243
10328524,35244
10328583,35245
10329206,35246
10329581,35247
10330071,35248
10330195,35249
10330364,35250
10330578,35251
10330954,35252
10331617,35253
10332163,35254
10332319,35255
10332603,35256
10332640,35257
10333378,35258
10333628,35259
10333708,35260
10333733,35261
10333764,35262
10333921,35263
10334277,35264
10334319,35265
10334529,35266
10334594,35267
10335501,35268
10335602,35269
10335791,35270
10335898,35271
10336083,35272
10336097,35273
10336154,35274
10336304,35275
10337092,35276
10337341,35277
10337894,35278
10338526,35279
10339110,35280
10339628,35281
10340397,35282
10340655,35283
10341070,35284
10341252,35285
10341876,35286
10341970,35287
10342710,35288
10343155,35289
10343279,35290
10343713,35291
10343773,35292
10343786,35293
10343824,35294
10344477,35295
10344490,35296
10344641,35297
10344661,35298
10345016,35299
10345122,35300
10345623,35301
10345982,35302
10346002,35303
10346087,35304
10346173,35305
10346371,35306
10346400,35307
10346685,35308
10347408,35309
10347574,35310
10348236,35311
10348290,35312
10348726,35313
10348769,35314
10348795,35315
10349186,35316
10349379,35317
10349428,35318
10349885,35319
10349952,35320
10350111,35321
10350300,35322
10350303,35323
10351085,35324
10351490,35325
10351663,35326
10352082,35327
10352458,35328
10352781,35329
10352906,35330
10352976,35331
10353012,35332
10353038,35333
10353075,35334
10353312,35335
10353458,35336
10353498,35337
10353502,35338
10353621,35339
10353882,35340
10353897,35341
10355166,35342
10355672,35343
10356156,35344
10356271,35345
10356509,35346
10356614,35347
10357302,35348
10357593,35349
10357773,35350
10357970,35351
10358055,35352
10358633,35353
10359174,35354
10359257,35355
10359890,35356
10359907,35357
10360005,35358
10360069,35359
10360090,35360
10360238,35361
10360354,35362
10360613,35363
10360857,35364
10360963,35365
10361057,35366
10361246,35367
10361358,35368
10361765,35369
10361879,35370
10361893,35371
10362346,35372
10362615,35373
10362632,35374
10362707,35375
10363272,35376
10363701,35377
10364033,35378
10364749,35379
10365500,35380
10365502,35381
10365849,35382
10366111,35383
10366116,35384
10366186,35385
10366372,35386
10366692,35387
10367842,35388
10367912,35389
10368567,35390
10368619,35391
10369143,35392
10369607,35393
10370446,35394
10370544,35395
10370733,35396
10370800,35397
10370852,35398
10370883,35399
10371009,35400
10371368,35401
10371469,35402
10371547,35403
10371795,35404
10371892,35405
10372113,35406
10372399,35407
10372498,35408
10372670,35409
10373876,35410
10374185,35411
10374375,35412
10374927,35413
10375247,35414
10375459,35415
10376149,35416
10376513,35417
10376590,35418
10377090,35419
10377145,35420
10377153,35421
10377162,35422
10377557,35423
10377574,35424
10377677,35425
10377862,35426
10377918,35427
10378065,35428
10378152,35429
10378275,35430
10378297,35431
10378692,35432
10378845,35433
10379038,35434
10379281,35435
10379454,35436
10379506,35437
10379968,35438
10380129,35439
10380131,35440
10380360,35441
10380659,35442
10380807,35443
10380995,35444
10381248,35445
10382127,35446
10382669,35447
10382859,35448
10383287,35449
10383297,35450
10383324,35451
10383743,35452
10383840,35453
10384038,35454
10384046,35455
10384619,35456
10384780,35457
10385419,35458
10386340,35459
10386399,35460
10386416,35461
10386587,35462
10387103,35463
10387254,35464
10387437,35465
10387593,35466
10387679,35467
10388420,35468
10388869,35469
10389000,35470
10389071,35471
10389448,35472
10389650,35473
10389765,35474
10390034,35475
10390126,35476
10390465,35477
10390706,35478
10390718,35479
10391216,35480
10391332,35481
10391397,35482
10391620,35483
10391628,35484
10391642,35485
10391706,35486
10392058,35487
10392156,35488
10392242,35489
10392424,35490
10392502,35491
10392724,35492
10392882,35493
10393214,35494
10393425,35495
10393451,35496
10393537,35497
10393584,35498
10393687,35499
10393709,35500
10393826,35501
10393966,35502
10394125,35503
10394887,35504
10395053,35505
10395594,35506
10396167,35507
10396529,35508
10396879,35509
10397120,35510
10397505,35511
10397720,35512
10398286,35513
10399540,35514
10399581,35515
10399723,35516
10399742,35517
10399932,35518
10400480,35519
10400488,35520
10401135,35521
10402335,35522
10402340,35523
10402437,35524
10402473,35525
10402959,35526
10403439,35527
10403577,35528
10403918,35529
10404076,35530
10404147,35531
10404303,35532
10404571,35533
10404736,35534
10405050,35535
10406404,35536
10406501,35537
10406678,35538
10406806,35539
10406840,35540
10407226,35541
10407485,35542
10407537,35543
10407864,35544
10407924,35545
10407999,35546
10408180,35547
10408903,35548
10410017,35549
10410543,35550
10410594,35551
10410672,35552
10410715,35553
10411086,35554
10411263,35555
10411693,35556
10411708,35557
10411812,35558
10411980,35559
10412243,35560
10412272,35561
10413568,35562
10413749,35563
10414074,35564
10415378,35565
10415849,35566
10415885,35567
10415995,35568
10416227,35569
10416279,35570
10416412,35571
10416418,35572
10416766,35573
10417755,35574
10417925,35575
10418510,35576
10418519,35577
10418603,35578
10418617,35579
10419102,35580
10419122,35581
10419676,35582
10419852,35583
10419924,35584
10420412,35585
10420459,35586
10420833,35587
10421388,35588
10421411,35589
10421720,35590
10422061,35591
10422371,35592
10422464,35593
10422636,35594
10422645,35595
10422664,35596
10422970,35597
10423340,35598
10424848,35599
10424948,35600
10425151,35601
10425168,35602
10425513,35603
10426024,35604
10426742,35605
10426771,35606
10426891,35607
10427092,35608
10427202,35609
10427246,35610
10427251,35611
10427518,35612
10427567,35613
10428240,35614
10428789,35615
10429107,35616
10430277,35617
10430485,35618
10430840,35619
10431690,35620
10431862,35621
10431910,35622
10432562,35623
10433040,35624
10433094,35625
10433234,35626
10433471,35627
10433666,35628
10434197,35629
10435208,35630
10435295,35631
10435303,35632
10435339,35633
10435420,35634
10436226,35635
10436243,35636
10436315,35637
10436368,35638
10436969,35639
10438119,35640
10438305,35641
10438576,35642
10438728,35643
10439022,35644
10439059,35645
10439327,35646
10439388,35647
10439818,35648
10440177,35649
10440366,35650
10440618,35651
10440789,35652
10440806,35653
10441000,35654
10442325,35655
10442339,35656
10442938,35657
10443329,35658
10443440,35659
10443808,35660
10444386,35661
10444502,35662
10444696,35663
10445044,35664
10445138,35665
10445224,35666
10445787,35667
10445991,35668
10446268,35669
10446493,35670
10446508,35671
10446563,35672
10448382,35673
10448499,35674
10449966,35675
10450351,35676
10450769,35677
10451011,35678
10451055,35679
10451147,35680
10451262,35681
10451276,35682
10451366,35683
10451760,35684
10451990,35685
10452097,35686
10452726,35687
10453493,35688
10453767,35689
10453820,35690
10453882,35691
10454094,35692
10454270,35693
10454506,35694
10454782,35695
10454862,35696
10455143,35697
10455490,35698
10456564,35699
10456584,35700
10457706,35701
10458207,35702
10458262,35703
10458422,35704
10458485,35705
10458742,35706
10459729,35707
10460094,35708
10460384,35709
10460763,35710
10461143,35711
10461363,35712
10461424,35713
10461556,35714
10462079,35715
10462329,35716
10462385,35717
10462813,35718
10463222,35719
10463726,35720
10463825,35721
10464510,35722
10465210,35723
10465438,35724
10465606,35725
10465806,35726
10465876,35727
10465919,35728
10466210,35729
10466572,35730
10466697,35731
10466825,35732
10466928,35733
10467097,35734
10467548,35735
10467557,35736
10468180,35737
10468712,35738
10469024,35739
10469260,35740
10470175,35741
10470400,35742
10471114,35743
10471799,35744
10473063,35745
10473126,35746
10473386,35747
10473480,35748
10473489,35749
10473633,35750
10474248,35751
10474432,35752
10474695,35753
10474916,35754
10475756,35755
10475855,35756
10475876,35757
10475933,35758
10475953,35759
10476452,35760
10477063,35761
10477190,35762
10477944,35763
10478060,35764
10478063,35765
10478509,35766
10478756,35767
10478968,35768
10479004,35769
10479955,35770
10480753,35771
10480868,35772
10480968,35773
10481128,35774
10481329,35775
10481613,35776
10482065,35777
10482468,35778
10482633,35779
10482687,35780
10482846,35781
10483383,35782
10483457,35783
10483665,35784
10483738,35785
10484655,35786
10485008,35787
10485140,35788
10485288,35789
10485357,35790
10485585,35791
10486269,35792
10486689,35793
10486989,35794
10487023,35795
10487183,35796
10487674,35797
10487743,35798
10487791,35799
10487792,35800
10487894,35801
10487930,35802
10488461,35803
10488803,35804
10488881,35805
10489214,35806
10489492,35807
10489712,35808
10489719,35809
10489816,35810
10489898,35811
10489951,35812
10490056,35813
10490248,35814
10490651,35815
10490919,35816
10491223,35817
10492490,35818
10492546,35819
10492558,35820
10492655,35821
10492751,35822
10493547,35823
10494596,35824
10494882,35825
10495421,35826
10495688,35827
10496235,35828
10496774,35829
10497660,35830
10497843,35831
10498018,35832
10498131,35833
10498350,35834
10498478,35835
10498609,35836
10499053,35837
10499298,35838
10499730,35839
10499733,35840
10499761,35841
10499815,35842
10500092,35843
10500373,35844
10500400,35845
10502010,35846
10502468,35847
10503260,35848
10503351,35849
10503643,35850
10503996,35851
10504010,35852
10504222,35853
10504566,35854
10504654,35855
10504906,35856
10505174,35857
10505294,35858
10505605,35859
10505932,35860
10506541,35861
10506649,35862
10506722,35863
10506839,35864
10507287,35865
10508166,35866
10508283,35867
10509299,35868
10509592,35869
10510237,35870
10510318,35871
10510361,35872
10510482,35873
10510749,35874
10511194,35875
10511266,35876
10511372,35877
10511704,35878
10511964,35879
10512599,35880
10512709,35881
10513513,35882
10513652,35883
10513858,35884
10513995,35885
10514852,35886
10515063,35887
10515590,35888
10515643,35889
10515698,35890
10516927,35891
10517132,35892
10517315,35893
10517540,35894
10517590,35895
10517651,35896
10517992,35897
10518035,35898
10518217,35899
10518735,35900
10518870,35901
10519054,35902
10519845,35903
10520589,35904
10521248,35905
10521322,35906
10521550,35907
10521686,35908
10521861,35909
10522097,35910
10522119,35911
10522273,35912
10523204,35913
10523403,35914
10523467,35915
10524049,35916
10524538,35917
10525041,35918
10525246,35919
10525439,35920
10525642,35921
10527053,35922
10527258,35923
10527442,35924
10527479,35925
10527908,35926
10527916,35927
10527971,35928
10528563,35929
10528926,35930
10529111,35931
10529164,35932
10529719,35933
10529799,35934
10529943,35935
10529982,35936
10530783,35937
10531061,35938
10531128,35939
10532624,35940
10532626,35941
10532794,35942
10532963,35943
10533233,35944
10533239,35945
10533304,35946
10533621,35947
10533767,35948
10533968,35949
10533972,35950
10535498,35951
10536606,35952
10536627,35953
10536669,35954
10537174,35955
10537428,35956
10537947,35957
10538192,35958
10538403,35959
10538918,35960
10539084,35961
10539641,35962
10540148,35963
10540288,35964
10540936,35965
10541216,35966
10542026,35967
10542260,35968
10542330,35969
10542396,35970
10542991,35971
10543539,35972
10543550,35973
10543801,35974
10544432,35975
10544528,35976
10545255,35977
10545591,35978
10545602,35979
10545882,35980
10545995,35981
10546135,35982
10546210,35983
10546904,35984
10546941,35985
10547513,35986
10547586,35987
10548075,35988
10548559,35989
10549024,35990
10549101,35991
10549600,35992
10550313,35993
10550358,35994
10550400,35995
10550466,35996
10551256,35997
10551390,35998
10551401,35999
10551895,36000
10552264,36001
10552379,36002
10552859,36003
10553094,36004
10553153,36005
10554031,36006
10554313,36007
10554564,36008
10554780,36009
10555020,36010
10555472,36011
10555708,36012
10555836,36013
10556006,36014
10556605,36015
10556798,36016
10557807,36017
10558000,36018
10558176,36019
10558907,36020
10559213,36021
10559792,36022
10559796,36023
10560125,36024
10560238,36025
10560487,36026
10560506,36027
10560569,36028
10560742,36029
10560911,36030
10561234,36031
10561247,36032
10561259,36033
10561382,36034
10561552,36035
10561881,36036
10561993,36037
10562542,36038
10562780,36039
10563063,36040
10563518,36041
10563659,36042
10564099,36043
10564563,36044
10564573,36045
10564815,36046
10564886,36047
10564889,36048
10565028,36049
10565325,36050
10565409,36051
10565500,36052
10565980,36053
10566309,36054
10566952,36055
10567627,36056
10567688,36057
10567932,36058
10568110,36059
10568212,36060
10568775,36061
10568887,36062
10568951,36063
10568991,36064
10569098,36065
10569198,36066
10569204,36067
10569384,36068
10569522,36069
10569625,36070
10570084,36071
10570461,36072
10570532,36073
10570665,36074
10570764,36075
10570802,36076
10571050,36077
10571190,36078
10571470,36079
10571799,36080
10571827,36081
10572302,36082
10572354,36083
10572655,36084
10573251,36085
10573545,36086
10573673,36087
10574023,36088
10574102,36089
10574693,36090
10574728,36091
10574812,36092
10575134,36093
10575673,36094
10576203,36095
10576278,36096
10576656,36097
10576776,36098
10576900,36099
10576973,36100
10577239,36101
10577281,36102
10577366,36103
10577823,36104
10578316,36105
10578566,36106
10578811,36107
10579047,36108
10579089,36109
10579191,36110
10579566,36111
10580295,36112
10580396,36113
10580620,36114
10581434,36115
10582796,36116
10582878,36117
10583137,36118
10583469,36119
10583599,36120
10583760,36121
10584329,36122
10584368,36123
10584521,36124
10585210,36125
10585621,36126
10586052,36127
10586095,36128
10586144,36129
10586175,36130
10586336,36131
10586467,36132
10586538,36133
10586763,36134
10587268,36135
10587278,36136
10587952,36137
10588311,36138
10588654,36139
10589380,36140
10589665,36141
10591168,36142
10591525,36143
10591663,36144
10593816,36145
10593884,36146
10594002,36147
10594157,36148
10594717,36149
10594917,36150
10595313,36151
10595927,36152
10596281,36153
10596363,36154
10597766,36155
10598290,36156
10598946,36157
10599446,36158
10599651,36159
10600382,36160
10600784,36161
10600952,36162
10601070,36163
10601768,36164
10601806,36165
10601811,36166
10602693,36167
10602752,36168
10602776,36169
10602917,36170
10602941,36171
10603295,36172
10603463,36173
10603585,36174
10603744,36175
10604048,36176
10604124,36177
10604283,36178
10604897,36179
10604956,36180
10605122,36181
10605231,36182
10605243,36183
10605344,36184
10605413,36185
10606079,36186
10606316,36187
10606381,36188
10606461,36189
10606568,36190
10606726,36191
10606782,36192
10606886,36193
10607586,36194
10608258,36195
10608660,36196
10608709,36197
10609108,36198
10609129,36199
10609146,36200
10609155,36201
10609175,36202
10609313,36203
10609344,36204
10609446,36205
10609474,36206
10609677,36207
10610635,36208
10610691,36209
10611003,36210
10611648,36211
10611674,36212
10612246,36213
10612570,36214
10612893,36215
10613126,36216
10613309,36217
10613591,36218
10613917,36219
10614598,36220
10614662,36221
10615078,36222
10615117,36223
10615228,36224
10615277,36225
10615613,36226
10615810,36227
10616844,36228
10617059,36229
10617334,36230
10617418,36231
10617815,36232
10617960,36233
10618030,36234
10618042,36235
10618163,36236
10618587,36237
10618823,36238
10618935,36239
10619309,36240
10619843,36241
10619851,36242
10620307,36243
10620746,36244
10620819,36245
10621878,36246
10621957,36247
10625700,36248
10625867,36249
10626048,36250
10626139,36251
10626328,36252
10626382,36253
10626401,36254
10626450,36255
10626648,36256
10626926,36257
10627618,36258
10627627,36259
10627899,36260
10628582,36261
10628755,36262
10628759,36263
10629714,36264
10629990,36265
10630031,36266
10630991,36267
10631366,36268
10631576,36269
10631747,36270
10632728,36271
10632768,36272
10632801,36273
10633044,36274
10633062,36275
10633319,36276
10633374,36277
10633573,36278
10633949,36279
10635069,36280
10635167,36281
10635743,36282
10635782,36283
10636081,36284
10636253,36285
10636282,36286
10636452,36287
10636468,36288
10637187,36289
10637318,36290
10637497,36291
10638896,36292
10639178,36293
10639482,36294
10639794,36295
10640003,36296
10640654,36297
10640890,36298
10641102,36299
10641105,36300
10641154,36301
10641634,36302
10641741,36303
10642002,36304
10642077,36305
10642318,36306
10642716,36307
10642813,36308
10642848,36309
10643065,36310
10643095,36311
10643193,36312
10643621,36313
10643652,36314
10643769,36315
10643987,36316
10644076,36317
10644172,36318
10645139,36319
10645285,36320
10645398,36321
10646058,36322
10646188,36323
10646379,36324
10646862,36325
10647053,36326
10647101,36327
10647246,36328
10647457,36329
10647998,36330
10648131,36331
10648301,36332
10648592,36333
10648772,36334
10648852,36335
10648892,36336
10649216,36337
10649266,36338
10649438,36339
10651082,36340
10651430,36341
10651570,36342
10651584,36343
10651984,36344
10652165,36345
10652275,36346
10652428,36347
10652629,36348
10653525,36349
10653739,36350
10654606,36351
10654826,36352
10654909,36353
10655143,36354
10655218,36355
10656029,36356
10656084,36357
10656273,36358
10656682,36359
10656899,36360
10657265,36361
10658029,36362
10658126,36363
10658226,36364
10658978,36365
10659013,36366
10659163,36367
10659191,36368
10659477,36369
10659837,36370
10659865,36371
10660331,36372
10660354,36373
10660906,36374
10661445,36375
10662127,36376
10662541,36377
10663075,36378
10663240,36379
10663403,36380
10663740,36381
10663897,36382
10663922,36383
10663937,36384
10664053,36385
10664281,36386
10664462,36387
10664673,36388
10665170,36389
10665541,36390
10665818,36391
10666344,36392
10666855,36393
10667126,36394
10667342,36395
10667895,36396
10667935,36397
10668088,36398
10668203,36399
10668267,36400
10669345,36401
10669598,36402
10669706,36403
10670228,36404
10670272,36405
10670460,36406
10671595,36407
10671922,36408
10672518,36409
10672815,36410
10673037,36411
10673142,36412
10673349,36413
10674354,36414
10674372,36415
10674625,36416
10674634,36417
10675425,36418
10675553,36419
10676229,36420
10676704,36421
10677529,36422
10677673,36423
10677823,36424
10678098,36425
10678361,36426
10678394,36427
10678494,36428
10678886,36429
10679246,36430
10679337,36431
10679355,36432
10679414,36433
10679730,36434
10679876,36435
10680137,36436
10680260,36437
10680810,36438
10680839,36439
10680882,36440
10680994,36441
10681494,36442
10681999,36443
10682439,36444
10682797,36445
10683783,36446
10684292,36447
10684465,36448
10684564,36449
10685079,36450
10685718,36451
10685733,36452
10685805,36453
10686301,36454
10686568,36455
10686627,36456
10686640,36457
10686847,36458
10687434,36459
10687506,36460
10688288,36461
10688619,36462
10689214,36463
10689460,36464
10689585,36465
10689706,36466
10689812,36467
10689911,36468
10690274,36469
10690413,36470
10690749,36471
10690802,36472
10691035,36473
10691123,36474
10691521,36475
10691571,36476
10691598,36477
10691782,36478
10691889,36479
10692495,36480
10692500,36481
10692681,36482
10693264,36483
10693500,36484
10693564,36485
10693681,36486
10694264,36487
10694368,36488
10694745,36489
10695058,36490
10695120,36491
10695507,36492
10695676,36493
10695871,36494
10696006,36495
10696484,36496
10696557,36497
10697565,36498
10697611,36499
10697975,36500
10699505,36501
10699578,36502
10699770,36503
10700767,36504
10701201,36505
10701410,36506
10702015,36507
10702253,36508
10702728,36509
10702808,36510
10703414,36511
10703983,36512
10705119,36513
10706004,36514
10706052,36515
10706161,36516
10706673,36517
10707096,36518
10707415,36519
10707972,36520
10709509,36521
10709642,36522
10709695,36523
10710560,36524
10710602,36525
10710622,36526
10710799,36527
10710819,36528
10710928,36529
10711088,36530
10711548,36531
10711854,36532
10712561,36533
10712760,36534
10713019,36535
10713903,36536
10714002,36537
10714136,36538
10714319,36539
10714481,36540
10715093,36541
10715111,36542
10715318,36543
10715658,36544
10715736,36545
10716342,36546
10716490,36547
10716696,36548
10716862,36549
10716887,36550
10717054,36551
10717332,36552
10717946,36553
10718082,36554
10718356,36555
10718405,36556
10718664,36557
10718708,36558
10718762,36559
10719804,36560
10720643,36561
10721340,36562
10721736,36563
10721769,36564
10721999,36565
10722045,36566
10722378,36567
10722733,36568
10722734,36569
10722833,36570
10722857,36571
10723097,36572
10725042,36573
10725807,36574
10727449,36575
10727550,36576
10727730,36577
10727839,36578
10728147,36579
10728226,36580
10728972,36581
10730004,36582
10730044,36583
10730615,36584
10730778,36585
10731080,36586
10731203,36587
10731277,36588
10731435,36589
10731612,36590
10732256,36591
10732384,36592
10732419,36593
10732426,36594
10733140,36595
10733363,36596
10734140,36597
10734519,36598
10734630,36599
10735140,36600
10735767,36601
10736561,36602
10736653,36603
10736811,36604
10736943,36605
10737375,36606
10737574,36607
10737784,36608
10738326,36609
10738502,36610
10738620,36611
10738797,36612
10739014,36613
10739484,36614
10739526,36615
10739540,36616
10739559,36617
10739825,36618
10740037,36619
10740053,36620
10740250,36621
10740301,36622
10741279,36623
10741335,36624
10741380,36625
10742167,36626
10742268,36627
10742475,36628
10742499,36629
10743011,36630
10743308,36631
10744496,36632
10745488,36633
10745705,36634
10746096,36635
10746553,36636
10747373,36637
10747478,36638
10748837,36639
10749252,36640
10749376,36641
10749449,36642
10749495,36643
10749629,36644
10750390,36645
10750458,36646
10750944,36647
10751031,36648
10751467,36649
10752276,36650
10752346,36651
10752401,36652
10752446,36653
10752808,36654
10753282,36655
10753821,36656
10754294,36657
10755294,36658
10755910,36659
10756189,36660
10756366,36661
10756382,36662
10756850,36663
10756941,36664
10757150,36665
10757600,36666
10758090,36667
10758240,36668
10758304,36669
10758492,36670
10759014,36671
10759107,36672
10759294,36673
10759571,36674
10759700,36675
10759973,36676
10760797,36677
10760964,36678
10761244,36679
10761305,36680
10761892,36681
10762069,36682
10762313,36683
10762539,36684
10762805,36685
10763879,36686
10764151,36687
10764708,36688
10764813,36689
10765438,36690
10765689,36691
10766589,36692
10766606,36693
10766690,36694
10768521,36695
10768683,36696
10769851,36697
10770146,36698
10770476,36699
10771068,36700
10771216,36701
10771573,36702
10771956,36703
10772314,36704
10772641,36705
10772669,36706
10772786,36707
10772812,36708
10772983,36709
10773015,36710
10773414,36711
10773423,36712
10773757,36713
10774181,36714
10774213,36715
10774241,36716
10774920,36717
10775093,36718
10775996,36719
10776271,36720
10776854,36721
10776933,36722
10778230,36723
10778349,36724
10778837,36725
10778943,36726
10779870,36727
10780337,36728
10780765,36729
10781043,36730
10781258,36731
10781439,36732
10782032,36733
10782063,36734
10782262,36735
10783072,36736
10783315,36737
10783438,36738
10783533,36739
10783969,36740
10784239,36741
10784259,36742
10784669,36743
10785614,36744
10785640,36745
10785977,36746
10786042,36747
10786062,36748
10786441,36749
10786707,36750
10787613,36751
10787761,36752
10788105,36753
10788477,36754
10788608,36755
10788708,36756
10788893,36757
10789018,36758
10789067,36759
10789189,36760
10789517,36761
10789622,36762
10790041,36763
10790406,36764
10790432,36765
10790929,36766
10791043,36767
10791919,36768
10792196,36769
10792333,36770
10792368,36771
10792831,36772
10793037,36773
10793084,36774
10793255,36775
10794000,36776
10794069,36777
10794204,36778
10794346,36779
10794507,36780
10794516,36781
10794757,36782
10794820,36783
10795393,36784
10796145,36785
10796513,36786
10797115,36787
10797404,36788
10797827,36789
10797887,36790
10797955,36791
10797963,36792
10798065,36793
10798247,36794
10798426,36795
10798452,36796
10798566,36797
10799017,36798
10799061,36799
10799204,36800
10799835,36801
10799907,36802
10799919,36803
10800139,36804
10801003,36805
10801028,36806
10801058,36807
10801114,36808
10801584,36809
10801719,36810
10801802,36811
10802004,36812
10802252,36813
10802385,36814
10802456,36815
10802546,36816
10802832,36817
10803247,36818
10803326,36819
10803647,36820
10804121,36821
10804724,36822
10804970,36823
10805579,36824
10805588,36825
10805664,36826
10805906,36827
10806005,36828
10806036,36829
10806046,36830
10806152,36831
10806284,36832
10806371,36833
10806401,36834
10806466,36835
10806473,36836
10806580,36837
10807548,36838
10808055,36839
10808446,36840
10808528,36841
10808966,36842
10809106,36843
10809121,36844
10809817,36845
10810775,36846
10810779,36847
10811154,36848
10811397,36849
10811672,36850
10811776,36851
10812142,36852
10812248,36853
10812695,36854
10813383,36855
10813439,36856
10813530,36857
10814047,36858
10814324,36859
10814465,36860
10814706,36861
10815302,36862
10815485,36863
10816120,36864
10816699,36865
10817144,36866
10817583,36867
10817749,36868
10817779,36869
10817868,36870
10818130,36871
10818539,36872
10819269,36873
10819433,36874
10819543,36875
10819989,36876
10820207,36877
10820246,36878
10820420,36879
10820585,36880
10821374,36881
10821378,36882
10821442,36883
10821516,36884
10822161,36885
10822233,36886
10822259,36887
10823125,36888
10823220,36889
10823627,36890
10823698,36891
10823926,36892
10823958,36893
10824192,36894
10824474,36895
10824832,36896
10824905,36897
10825012,36898
10825440,36899
10826022,36900
10826600,36901
10826636,36902
10827537,36903
10827706,36904
10828322,36905
10828434,36906
10828438,36907
10829207,36908
10829408,36909
10829441,36910
10829551,36911
10829890,36912
10830479,36913
10830689,36914
10831680,36915
10831874,36916
10831973,36917
10832004,36918
10832065,36919
10832458,36920
10833348,36921
10833557,36922
10834121,36923
10834829,36924
10834884,36925
10835572,36926
10835961,36927
10836009,36928
10836486,36929
10837334,36930
10837408,36931
10837543,36932
10837548,36933
10837576,36934
10837842,36935
10838088,36936
10838492,36937
10838883,36938
10838936,36939
10839311,36940
10840171,36941
10840526,36942
10841097,36943
10841100,36944
10841614,36945
10841696,36946
10841998,36947
10842019,36948
10842400,36949
10843413,36950
10843425,36951
10843849,36952
10844117,36953
10844140,36954
10844337,36955
10845013,36956
10845449,36957
10846271,36958
10846902,36959
10846915,36960
10847557,36961
10848353,36962
10848830,36963
10848844,36964
10849098,36965
10849426,36966
10849509,36967
10849920,36968
10850164,36969
10850690,36970
10851497,36971
10851539,36972
10851606,36973
10851873,36974
10852087,36975
10852110,36976
10852418,36977
10852425,36978
10852898,36979
10853296,36980
10854008,36981
10854258,36982
10854416,36983
10854492,36984
10854570,36985
10855313,36986
10855791,36987
10855879,36988
10855921,36989
10856158,36990
10856259,36991
10856291,36992
10856417,36993
10856592,36994
10857005,36995
10857007,36996
10857092,36997
10857202,36998
10857258,36999
10857344,37000
10858409,37001
10858667,37002
10858869,37003
10859719,37004
10859769,37005
10860321,37006
10860480,37007
10860692,37008
10860838,37009
10860965,37010
10861126,37011
10861319,37012
10861560,37013
10861611,37014
10861954,37015
10861975,37016
10862030,37017
10862125,37018
10862191,37019
10862288,37020
10862352,37021
10862785,37022
10863019,37023
10863460,37024
10863621,37025
10864325,37026
10864341,37027
10864376,37028
10864691,37029
10864782,37030
10864945,37031
10865003,37032
10865005,37033
10865183,37034
10865329,37035
10865526,37036
10865686,37037
10866024,37038
10866456,37039
10866894,37040
10866933,37041
10867857,37042
10869065,37043
10869787,37044
10869835,37045
10870094,37046
10870348,37047
10870517,37048
10870568,37049
10870598,37050
10871129,37051
10871172,37052
10871222,37053
10871382,37054
10871933,37055
10872761,37056
10872995,37057
10873021,37058
10873029,37059
10873048,37060
10873415,37061
10873666,37062
10873755,37063
10873886,37064
10874000,37065
10874112,37066
10874340,37067
10874638,37068
10874817,37069
10875375,37070
10875624,37071
10875805,37072
10875911,37073
10875952,37074
10876047,37075
10876060,37076
10876137,37077
10876478,37078
10876646,37079
10876691,37080
10876990,37081
10877008,37082
10877052,37083
10877141,37084
10877511,37085
10877525,37086
10878102,37087
10878891,37088
10878972,37089
10878984,37090
10879829,37091
10880341,37092
10880424,37093
10880598,37094
10880768,37095
10881035,37096
10882187,37097
10882529,37098
10882881,37099
10882937,37100
10882986,37101
10883217,37102
10883365,37103
10883474,37104
10884345,37105
10884563,37106
10885281,37107
10885353,37108
10885772,37109
10885936,37110
10886533,37111
10887009,37112
10887041,37113
10887221,37114
10887340,37115
10888135,37116
10888136,37117
10888273,37118
10888412,37119
10888527,37120
10888742,37121
10889870,37122
10889907,37123
10890025,37124
10890186,37125
10890232,37126
10890518,37127
10890951,37128
10891310,37129
10891312,37130
10891585,37131
10892097,37132
10892290,37133
10892620,37134
10892621,37135
10892795,37136
10893083,37137
10893795,37138
10894705,37139
10894951,37140
10895051,37141
10895088,37142
10895093,37143
10895595,37144
10895757,37145
10896189,37146
10897436,37147
10897504,37148
10897633,37149
10897913,37150
10898308,37151
10898419,37152
10898746,37153
10898807,37154
10898888,37155
10899418,37156
10900154,37157
10900376,37158
10900400,37159
10900814,37160
10900869,37161
10900880,37162
10901005,37163
10902073,37164
10902137,37165
10902265,37166
10902490,37167
10903692,37168
10903773,37169
10904494,37170
10904807,37171
10904844,37172
10904995,37173
10905572,37174
10905952,37175
10906072,37176
10906267,37177
10906648,37178
10907587,37179
10907780,37180
10909188,37181
10909297,37182
10909585,37183
10909815,37184
10910089,37185
10910274,37186
10910359,37187
10910438,37188
10910525,37189
10910688,37190
10910925,37191
10911985,37192
10912270,37193
10912593,37194
10913201,37195
10913614,37196
10914180,37197
10914222,37198
10914310,37199
10914486,37200
10914542,37201
10914592,37202
10914780,37203
10914849,37204
10916430,37205
10916467,37206
10916604,37207
10917235,37208
10917421,37209
10917640,37210
10917657,37211
10917664,37212
10917904,37213
10918459,37214
10918594,37215
10918797,37216
10918879,37217
10919118,37218
10919207,37219
10919427,37220
10919469,37221
10919879,37222
10920335,37223
10920720,37224
10921467,37225
10921615,37226
10921761,37227
10922658,37228
10922776,37229
10922802,37230
10922909,37231
10923002,37232
10923724,37233
10923748,37234
10924518,37235
10924805,37236
10925599,37237
10925605,37238
10926547,37239
10926625,37240
10926671,37241
10926778,37242
10927080,37243
10927599,37244
10928120,37245
10928438,37246
10928676,37247
10929910,37248
10929954,37249
10929983,37250
10930126,37251
10930833,37252
10930864,37253
10931509,37254
10931527,37255
10931730,37256
10932004,37257
10932385,37258
10932526,37259
10932653,37260
10932792,37261
10933084,37262
10933485,37263
10933536,37264
10933673,37265
10933708,37266
10933803,37267
10934316,37268
10934337,37269
10935056,37270
10935099,37271
10935256,37272
10935399,37273
10935672,37274
10935920,37275
10936718,37276
10936872,37277
10936938,37278
10937291,37279
10937486,37280
10937548,37281
10937903,37282
10937936,37283
10938241,37284
10938758,37285
10939686,37286
10939817,37287
10939899,37288
10939979,37289
10940056,37290
10940427,37291
10940441,37292
10940797,37293
10940917,37294
10940980,37295
10941084,37296
10941166,37297
10941254,37298
10941499,37299
10941551,37300
10941584,37301
10941695,37302
10942484,37303
10942743,37304
10943003,37305
10943007,37306
10943093,37307
10943281,37308
10943523,37309
10944238,37310
10944651,37311
10944796,37312
10944968,37313
10945402,37314
10945626,37315
10945737,37316
10945744,37317
10945970,37318
10946009,37319
10946211,37320
10946471,37321
10947104,37322
10947885,37323
10948071,37324
10948577,37325
10948811,37326
10949364,37327
10949631,37328
10950534,37329
10950635,37330
10950889,37331
10951132,37332
10951271,37333
10952026,37334
10952298,37335
10953844,37336
10953874,37337
10954332,37338
10954412,37339
10954532,37340
10954738,37341
10954951,37342
10955060,37343
10955471,37344
10956491,37345
10957317,37346
10957722,37347
10957802,37348
10958139,37349
10958151,37350
10958205,37351
10958236,37352
10958960,37353
10959082,37354
10959168,37355
10959297,37356
10959573,37357
10961103,37358
10961574,37359
10961860,37360
10961872,37361
10962135,37362
10963096,37363
10963157,37364
10963158,37365
10963432,37366
10963492,37367
10963647,37368
10963780,37369
10963878,37370
10963993,37371
10964467,37372
10964960,37373
10965762,37374
10965832,37375
10966168,37376
10966343,37377
10966344,37378
10966627,37379
10967261,37380
10967350,37381
10967352,37382
10967529,37383
10967654,37384
10968343,37385
10968392,37386
10968449,37387
10968529,37388
10969265,37389
10969929,37390
10970145,37391
10970778,37392
10970786,37393
10970873,37394
10970886,37395
10971353,37396
10971399,37397
10971436,37398
10972401,37399
10972587,37400
10972802,37401
10972822,37402
10972889,37403
10972976,37404
10973176,37405
10973215,37406
10973900,37407
10973988,37408
10974116,37409
10974284,37410
10974470,37411
10974512,37412
10974911,37413
10975206,37414
10975504,37415
10976360,37416
10976490,37417
10976634,37418
10977900,37419
10977968,37420
10978037,37421
10978246,37422
10978256,37423
10978289,37424
10978501,37425
10978684,37426
10979143,37427
10980245,37428
10980646,37429
10980817,37430
10980846,37431
10981100,37432
10981182,37433
10981322,37434
10981396,37435
10981487,37436
10981627,37437
10981716,37438
10982890,37439
10982997,37440
10983376,37441
10983660,37442
10983721,37443
10984114,37444
10984154,37445
10984198,37446
10984432,37447
10984658,37448
10984835,37449
10984849,37450
10984885,37451
10985073,37452
10986342,37453
10987353,37454
10987464,37455
10987472,37456
10987857,37457
10987964,37458
10989273,37459
10989315,37460
10989622,37461
10989895,37462
10990678,37463
10991012,37464
10991556,37465
10991611,37466
10992447,37467
10993157,37468
10993263,37469
10993539,37470
10993618,37471
10993897,37472
10994082,37473
10994349,37474
10994390,37475
10994701,37476
10994829,37477
10995102,37478
10995117,37479
10995148,37480
10995646,37481
10996114,37482
10996120,37483
10996284,37484
10996370,37485
10996696,37486
10996709,37487
10997547,37488
10997992,37489
10998520,37490
10998746,37491
10998824,37492
10999191,37493
10999430,37494
10999557,37495
10999568,37496
11000336,37497
11000802,37498
11001267,37499
11001412,37500
11002139,37501
11002777,37502
11003015,37503
11003133,37504
11003236,37505
11003314,37506
11003682,37507
11003819,37508
11004170,37509
11004783,37510
11005716,37511
11006225,37512
11006319,37513
11006384,37514
11006486,37515
11007280,37516
11007535,37517
11008033,37518
11008301,37519
11008764,37520
11008816,37521
11009018,37522
11009203,37523
11009516,37524
11009663,37525
11009929,37526
11009999,37527
11010127,37528
11010184,37529
11010343,37530
11011097,37531
11011220,37532
11011354,37533
11012507,37534
11012956,37535
11013292,37536
11013640,37537
11014443,37538
11014956,37539
11015723,37540
11015890,37541
11016332,37542
11016575,37543
11016659,37544
11016661,37545
11016689,37546
11016710,37547
11016712,37548
11017484,37549
11017673,37550
11017814,37551
11018177,37552
11018211,37553
11018763,37554
11019171,37555
11019189,37556
11019716,37557
11019723,37558
11019838,37559
11020551,37560
11021816,37561
11021871,37562
11022110,37563
11022221,37564
11022265,37565
11022426,37566
11022786,37567
11022835,37568
11023047,37569
11023276,37570
11023311,37571
11023322,37572
11023629,37573
11024310,37574
11024359,37575
11025215,37576
11026144,37577
11026359,37578
11027060,37579
11027648,37580
11028129,37581
11028784,37582
11028825,37583
11029089,37584
11029120,37585
11029679,37586
11029792,37587
11030042,37588
11030113,37589
11030291,37590
11030400,37591
11030940,37592
11031038,37593
11031255,37594
11031387,37595
11032076,37596
11032308,37597
11032934,37598
11033076,37599
11033165,37600
11033266,37601
11033629,37602
11034041,37603
11034242,37604
11034379,37605
11034706,37606
11035348,37607
11035681,37608
11035793,37609
11036461,37610
11036529,37611
11036911,37612
11037386,37613
11037719,37614
11038114,37615
11038145,37616
11038436,37617
11038734,37618
11039377,37619
11040295,37620
11040741,37621
11040893,37622
11040932,37623
11041428,37624
11041523,37625
11041592,37626
11041782,37627
11042238,37628
11042253,37629
11042403,37630
11042444,37631
11042515,37632
11042901,37633
11043161,37634
11043497,37635
11044105,37636
11044158,37637
11044480,37638
11044484,37639
11044981,37640
11045163,37641
11045793,37642
11045997,37643
11046249,37644
11046339,37645
11046539,37646
11046904,37647
11047175,37648
11047289,37649
11047375,37650
11047695,37651
11048351,37652
11048674,37653
11048676,37654
11050066,37655
11050091,37656
11050305,37657
11050332,37658
11050557,37659
11050755,37660
11050775,37661
11051441,37662
11051643,37663
11051809,37664
11051865,37665
11051988,37666
11052031,37667
11052828,37668
11053759,37669
11054070,37670
11054119,37671
11054295,37672
11054980,37673
11055082,37674
11055343,37675
11055708,37676
11055964,37677
11056573,37678
11056727,37679
11056728,37680
11057222,37681
11057522,37682
11057952,37683
11058045,37684
11058451,37685
11059007,37686
11059291,37687
11059625,37688
11059954,37689
11060023,37690
11060195,37691
11060604,37692
11061185,37693
11061329,37694
11061525,37695
11062519,37696
11062549,37697
11062553,37698
11062635,37699
11062683,37700
11062723,37701
11062763,37702
11062906,37703
11063046,37704
11063673,37705
11064625,37706
11064832,37707
11065084,37708
11065126,37709
11065863,37710
11066065,37711
11066120,37712
11066339,37713
11066341,37714
11066711,37715
11066799,37716
11066828,37717
11066916,37718
11067541,37719
11068129,37720
11068158,37721
11068628,37722
11068744,37723
11068813,37724
11069239,37725
11070439,37726
11070566,37727
11070748,37728
11070779,37729
11070803,37730
11071127,37731
11071901,37732
11072287,37733
11072433,37734
11072677,37735
11072894,37736
11073055,37737
11073894,37738
11073921,37739
11074380,37740
11074392,37741
11074604,37742
11075037,37743
11075241,37744
11075308,37745
11075739,37746
11075992,37747
11075997,37748
11076246,37749
11076526,37750
11077007,37751
11077571,37752
11079607,37753
11080108,37754
11080533,37755
11081218,37756
11081649,37757
11082479,37758
11082919,37759
11083141,37760
11083686,37761
11083782,37762
11084049,37763
11084081,37764
11084383,37765
11084952,37766
11085028,37767
11085206,37768
11085706,37769
11085943,37770
11086695,37771
11086879,37772
11087430,37773
11088176,37774
11088481,37775
11088635,37776
11089554,37777
11089761,37778
11090251,37779
11090502,37780
11091122,37781
11091715,37782
11092162,37783
11092269,37784
11092338,37785
11092756,37786
11093687,37787
11094181,37788
11094724,37789
11095230,37790
11095581,37791
11095945,37792
11096017,37793
11096025,37794
11096244,37795
11096516,37796
11097120,37797
11097216,37798
11097304,37799
11097480,37800
11097600,37801
11097638,37802
11098303,37803
11098477,37804
11098818,37805
11099172,37806
11099214,37807
11099241,37808
11100302,37809
11100384,37810
11100411,37811
11100675,37812
11100727,37813
11100983,37814
11101098,37815
11101106,37816
11101228,37817
11101247,37818
11101274,37819
11101484,37820
11101528,37821
11101691,37822
11102292,37823
11102925,37824
11103004,37825
11103254,37826
11103520,37827
11103542,37828
11103724,37829
11104059,37830
11104190,37831
11104222,37832
11104807,37833
11106509,37834
11106703,37835
11106728,37836
11106957,37837
11107022,37838
11107624,37839
11107894,37840
11107944,37841
11108207,37842
11108330,37843
11108363,37844
11108491,37845
11108889,37846
11109174,37847
11109389,37848
11109500,37849
11110069,37850
11110136,37851
11110317,37852
11110794,37853
11111042,37854
11111389,37855
11111814,37856
11111833,37857
11111920,37858
11112100,37859
11112205,37860
11112303,37861
11112701,37862
11114157,37863
11114266,37864
11114552,37865
11114858,37866
11115717,37867
11116115,37868
11116444,37869
11116628,37870
11116995,37871
11117025,37872
11117448,37873
11117786,37874
11118014,37875
11118016,37876
11118151,37877
11118235,37878
11118557,37879
11118968,37880
11119153,37881
11119239,37882
11120799,37883
11120862,37884
11120972,37885
11121039,37886
11121197,37887
11121856,37888
11122494,37889
11122837,37890
11123094,37891
11123099,37892
11123203,37893
11123226,37894
11123262,37895
11123300,37896
11123344,37897
11123488,37898
11124291,37899
11124464,37900
11124486,37901
11125246,37902
11125265,37903
11125399,37904
11125429,37905
11125521,37906
11125676,37907
11126817,37908
11127670,37909
11127845,37910
11128115,37911
11128656,37912
11128871,37913
11129408,37914
11129410,37915
11130459,37916
11130710,37917
11130725,37918
11131572,37919
11131829,37920
11131914,37921
11131993,37922
11132055,37923
11132098,37924
11132301,37925
11132731,37926
11133011,37927
11133271,37928
11133397,37929
11133611,37930
11133767,37931
11133972,37932
11134251,37933
11134404,37934
11134650,37935
11134870,37936
11135313,37937
11135384,37938
11135527,37939
11135845,37940
11135900,37941
11136213,37942
11136286,37943
11136900,37944
11137242,37945
11137496,37946
11138674,37947
11138800,37948
11138987,37949
11139858,37950
11140158,37951
11140668,37952
11140912,37953
11141284,37954
11141292,37955
11141447,37956
11142129,37957
11142857,37958
11142968,37959
11143023,37960
11143206,37961
11143622,37962
11144147,37963
11144639,37964
11144964,37965
11145212,37966
11145242,37967
11145456,37968
11145797,37969
11146151,37970
11146435,37971
11147203,37972
11147285,37973
11147700,37974
11147817,37975
11147971,37976
11148559,37977
11149131,37978
11149880,37979
11150116,37980
11150218,37981
11150400,37982
11150827,37983
11151160,37984
11151176,37985
11151236,37986
11151780,37987
11152155,37988
11152252,37989
11152283,37990
11152360,37991
11152545,37992
11152556,37993
11152909,37994
11153334,37995
11153385,37996
11153702,37997
11153764,37998
11153939,37999
11154064,38000
11154099,38001
11154359,38002
11154520,38003
11154532,38004
11154605,38005
11155320,38006
11155361,38007
11156177,38008
11156734,38009
11156813,38010
11157525,38011
11157672,38012
11157717,38013
11157787,38014
11158071,38015
11158126,38016
11158242,38017
11158553,38018
11158755,38019
11158912,38020
11159182,38021
11159550,38022
11159685,38023
11159759,38024
11159849,38025
11159874,38026
11159897,38027
11159991,38028
11160025,38029
11160035,38030
11160165,38031
11160180,38032
11160474,38033
11160667,38034
11160738,38035
11160910,38036
11161454,38037
11161610,38038
11162305,38039
11162551,38040
11162572,38041
11162673,38042
11162734,38043
11162914,38044
11163000,38045
11163019,38046
11163079,38047
11163617,38048
11164356,38049
11164368,38050
11164441,38051
11164534,38052
11164670,38053
11164682,38054
11164723,38055
11164798,38056
11164884,38057
11164911,38058
11164923,38059
11164937,38060
11164973,38061
11165009,38062
11165037,38063
11165147,38064
11165310,38065
11165513,38066
11165614,38067
11165628,38068
11166494,38069
11166865,38070
11167063,38071
11167174,38072
11167210,38073
11167296,38074
11167338,38075
11167345,38076
11167658,38077
11167842,38078
11167930,38079
11168034,38080
11168046,38081
11168196,38082
11168289,38083
11168448,38084
11168606,38085
11168805,38086
11168881,38087
11168940,38088
11169003,38089
11169232,38090
11169493,38091
11169619,38092
11169806,38093
11170141,38094
11170245,38095
11170337,38096
11170361,38097
11170425,38098
11170610,38099
11170768,38100
11170870,38101
11171180,38102
11171183,38103
11171196,38104
11171338,38105
11171341,38106
11171381,38107
11171561,38108
11171599,38109
11171663,38110
11171880,38111
11171959,38112
11171963,38113
11172888,38114
11172964,38115
11173020,38116
11173244,38117
11173378,38118
11173421,38119
11173631,38120
11173843,38121
11173890,38122
11174068,38123
11174126,38124
11174477,38125
11175387,38126
11175440,38127
11175728,38128
11175893,38129
11175901,38130
11175988,38131
11176073,38132
11176380,38133
11176434,38134
11176483,38135
11176607,38136
11176769,38137
11176934,38138
11176950,38139
11177052,38140
11177059,38141
11177485,38142
11178215,38143
11178389,38144
11178832,38145
11178837,38146
11179157,38147
11179665,38148
11179964,38149
11180027,38150
11180077,38151
11180418,38152
11180851,38153
11180868,38154
11181117,38155
11181261,38156
11181334,38157
11181425,38158
11181795,38159
11182192,38160
11182318,38161
11183094,38162
11183128,38163
11183235,38164
11183284,38165
11183492,38166
11184116,38167
11184493,38168
11184518,38169
11184549,38170
11184761,38171
11184958,38172
11185282,38173
11185414,38174
11185465,38175
11185514,38176
11185945,38177
11186159,38178
11186303,38179
11186707,38180
11186778,38181
11186833,38182
11187109,38183
11187150,38184
11188064,38185
11188933,38186
11189075,38187
11189078,38188
11189192,38189
11189262,38190
11189331,38191
11189443,38192
11189461,38193
11189612,38194
11189651,38195
11190788,38196
11190796,38197
11190809,38198
11191106,38199
11191329,38200
11191389,38201
11191433,38202
11191502,38203
11191690,38204
11191785,38205
11192833,38206
11193205,38207
11193547,38208
11193593,38209
11194087,38210
11194336,38211
11194555,38212
11194659,38213
11194718,38214
11195496,38215
11195675,38216
11195769,38217
11195906,38218
11195909,38219
11196092,38220
11196231,38221
11196280,38222
11196357,38223
11196480,38224
11196888,38225
11196894,38226
11196935,38227
11197693,38228
11198078,38229
11198302,38230
11198541,38231
11198847,38232
11198949,38233
11199013,38234
11199147,38235
11200287,38236
11200289,38237
11200339,38238
11201320,38239
11201359,38240
11201397,38241
11201496,38242
11201820,38243
11201825,38244
11201866,38245
11202119,38246
11202312,38247
11202446,38248
11202581,38249
11202636,38250
11202954,38251
11203290,38252
11203462,38253
11204081,38254
11204174,38255
11204193,38256
11204227,38257
11204272,38258
11204285,38259
11204640,38260
11204644,38261
11204657,38262
11204719,38263
11204782,38264
11204828,38265
11205198,38266
11205244,38267
11205451,38268
11205740,38269
11205866,38270
11205950,38271
11206174,38272
11206657,38273
11207424,38274
11207645,38275
11207720,38276
11207916,38277
11208048,38278
11208254,38279
11208262,38280
11208501,38281
11208732,38282
11208963,38283
11209206,38284
11209335,38285
11210050,38286
11210093,38287
11210163,38288
11210492,38289
11210936,38290
11210969,38291
11211797,38292
11211803,38293
11211887,38294
11212061,38295
11212125,38296
11212183,38297
11212257,38298
11212385,38299
11212513,38300
11212607,38301
11212625,38302
11212769,38303
11212920,38304
11213012,38305
11213373,38306
11213540,38307
11213714,38308
11213726,38309
11213824,38310
11213858,38311
11213988,38312
11214194,38313
11214311,38314
11214355,38315
11214362,38316
11214401,38317
11214514,38318
11214613,38319
11215036,38320
11215439,38321
11215503,38322
11215750,38323
11215855,38324
11216024,38325
11216414,38326
11216443,38327
11216504,38328
11216529,38329
11216674,38330
11216693,38331
11216818,38332
11216931,38333
11216968,38334
11217041,38335
11217080,38336
11217088,38337
11217234,38338
11217360,38339
11217663,38340
11217816,38341
11217874,38342
11217933,38343
11218109,38344
11218441,38345
11218593,38346
11218639,38347
11218745,38348
11219100,38349
11219174,38350
11219278,38351
11219349,38352
11219361,38353
11219409,38354
11219560,38355
11220016,38356
11220421,38357
11221058,38358
11221268,38359
11221446,38360
11221630,38361
11221675,38362
11221938,38363
11222235,38364
11222305,38365
11222470,38366
11222675,38367
11222893,38368
11223532,38369
11223722,38370
11223744,38371
11224271,38372
11224279,38373
11224662,38374
11224868,38375
11224884,38376
11225165,38377
11225270,38378
11225585,38379
11225597,38380
11225617,38381
11225732,38382
11225780,38383
11225812,38384
11225826,38385
11225954,38386
11226214,38387
11226402,38388
11226603,38389
11227002,38390
11227281,38391
11227291,38392
11227399,38393
11227723,38394
11227804,38395
11227906,38396
11227938,38397
11228028,38398
11228164,38399
11228490,38400
11228943,38401
11229078,38402
11229088,38403
11229183,38404
11229334,38405
11229783,38406
11230045,38407
11230177,38408
11230602,38409
11230669,38410
11231196,38411
11231840,38412
11232012,38413
11232414,38414
11232593,38415
11232783,38416
11232899,38417
11232995,38418
11233243,38419
11233330,38420
11233566,38421
11233910,38422
11233914,38423
11234699,38424
11234818,38425
11235855,38426
11235867,38427
11235915,38428
11236485,38429
11236530,38430
11236539,38431
11236574,38432
11236662,38433
11236800,38434
11236869,38435
11237308,38436
11237380,38437
11237579,38438
11237598,38439
11237661,38440
11237849,38441
11237875,38442
11238097,38443
11238372,38444
11239025,38445
11239343,38446
11239594,38447
11239839,38448
11239893,38449
11240125,38450
11240244,38451
11240287,38452
11240371,38453
11240664,38454
11240701,38455
11240868,38456
11240924,38457
11240952,38458
11240991,38459
11241384,38460
11241925,38461
11242157,38462
11242300,38463
11243018,38464
11243162,38465
11243221,38466
11243884,38467
11243906,38468
11243909,38469
11243978,38470
11244075,38471
11244122,38472
11244661,38473
11244671,38474
11244716,38475
11244727,38476
11244880,38477
11244881,38478
11244949,38479
11245242,38480
11245258,38481
11245343,38482
11245638,38483
11245873,38484
11245889,38485
11246414,38486
11246445,38487
11246577,38488
11246633,38489
11246769,38490
11246773,38491
11246864,38492
11246874,38493
11247016,38494
11247249,38495
11247391,38496
11247429,38497
11247598,38498
11247849,38499
11248170,38500
11248274,38501
11248577,38502
11248635,38503
11248744,38504
11248898,38505
11249206,38506
11249866,38507
11250125,38508
11250200,38509
11250217,38510
11250222,38511
11250451,38512
11250561,38513
11250862,38514
11250875,38515
11250937,38516
11250946,38517
11250992,38518
11251588,38519
11252205,38520
11252389,38521
11252644,38522
11252762,38523
11252870,38524
11253074,38525
11253258,38526
11253283,38527
11253408,38528
11253483,38529
11253512,38530
11253542,38531
11253700,38532
11253869,38533
11254365,38534
11254445,38535
11254692,38536
11254894,38537
11255113,38538
11255236,38539
11255289,38540
11255449,38541
11255620,38542
11255669,38543
11256610,38544
11256681,38545
11257258,38546
11257575,38547
11257744,38548
11257909,38549
11258021,38550
11258265,38551
11258379,38552
11258614,38553
11258786,38554
11259343,38555
11259488,38556
11259709,38557
11260396,38558
11260425,38559
11260437,38560
11260728,38561
11260867,38562
11261180,38563
11261463,38564
11261653,38565
11261788,38566
11261801,38567
11262266,38568
11262399,38569
11262522,38570
11262548,38571
11262811,38572
11262824,38573
11263056,38574
11263234,38575
11263336,38576
11263481,38577
11263511,38578
11263538,38579
11263577,38580
11263616,38581
11263862,38582
11264368,38583
11264434,38584
11264641,38585
11264730,38586
11264743,38587
11264831,38588
11264871,38589
11264915,38590
11265074,38591
11265104,38592
11265263,38593
11265354,38594
11265513,38595
11265942,38596
11266920,38597
11267189,38598
11267641,38599
11267804,38600
11267961,38601
11267965,38602
11267970,38603
11268499,38604
11269014,38605
11269455,38606
11269522,38607
11270089,38608
11270209,38609
11270640,38610
11270693,38611
11270786,38612
11270819,38613
11270822,38614
11270841,38615
11270917,38616
11270935,38617
11271175,38618
11271256,38619
11271318,38620
11271412,38621
11271760,38622
11271993,38623
11272046,38624
11272049,38625
11272909,38626
11273123,38627
11273136,38628
11273866,38629
11273941,38630
11273994,38631
11274171,38632
11274534,38633
11274569,38634
11275264,38635
11275284,38636
11275359,38637
11275495,38638
11275552,38639
11275559,38640
11275925,38641
11276136,38642
11276243,38643
11276370,38644
11276636,38645
11276769,38646
11276894,38647
11277206,38648
11277540,38649
11277948,38650
11278459,38651
11278591,38652
11278600,38653
11278810,38654
11280188,38655
11280393,38656
11280399,38657
11280794,38658
11280978,38659
11281562,38660
11281796,38661
11282104,38662
11282721,38663
11283055,38664
11283170,38665
11283308,38666
11283518,38667
11283535,38668
11283573,38669
11283875,38670
11284162,38671
11284259,38672
11284355,38673
11284942,38674
11285085,38675
11285109,38676
11285120,38677
11285311,38678
11285428,38679
11285639,38680
11285964,38681
11286196,38682
11286401,38683
11286472,38684
11286590,38685
11286600,38686
11286743,38687
11286762,38688
11286989,38689
11287017,38690
11287025,38691
11287624,38692
11287803,38693
11288674,38694
11288730,38695
11289144,38696
11289794,38697
11289968,38698
11290190,38699
11290442,38700
11290478,38701
11290572,38702
11290715,38703
11290875,38704
11291507,38705
11291626,38706
11291815,38707
11291901,38708
11292359,38709
11293209,38710
11293316,38711
11293342,38712
11293552,38713
11293575,38714
11293738,38715
11293948,38716
11293993,38717
11294169,38718
11294176,38719
11294251,38720
11294293,38721
11294384,38722
11294412,38723
11294476,38724
11294578,38725
11295011,38726
11295028,38727
11295740,38728
11295942,38729
11296377,38730
11297025,38731
11297115,38732
11297325,38733
11297659,38734
11297787,38735
11297789,38736
11297993,38737
11298173,38738
11298222,38739
11298260,38740
11298372,38741
11298487,38742
11298624,38743
11298999,38744
11299323,38745
11299381,38746
11299543,38747
11299647,38748
11299711,38749
11299742,38750
11300281,38751
11300572,38752
11301658,38753
11302442,38754
11302517,38755
11303011,38756
11303615,38757
11303942,38758
11304099,38759
11304106,38760
11304188,38761
11304202,38762
11304809,38763
11304890,38764
11304988,38765
11304991,38766
11305287,38767
11305586,38768
11306702,38769
11306869,38770
11307160,38771
11307697,38772
11307706,38773
11307882,38774
11307884,38775
11308086,38776
11308772,38777
11309053,38778
11309221,38779
11309285,38780
11310199,38781
11310331,38782
11310547,38783
11310576,38784
11311186,38785
11311589,38786
11311602,38787
11311623,38788
11311876,38789
11311896,38790
11311992,38791
11312327,38792
11312348,38793
11312357,38794
11312542,38795
11312659,38796
11312893,38797
11312930,38798
11313167,38799
11313181,38800
11313363,38801
11313408,38802
11313445,38803
11313563,38804
11313651,38805
11313811,38806
11314026,38807
11314104,38808
11314257,38809
11314396,38810
11314572,38811
11314949,38812
11315050,38813
11315078,38814
11315104,38815
11315473,38816
11315830,38817
11315847,38818
11316077,38819
11316585,38820
11317091,38821
11317207,38822
11317597,38823
11317648,38824
11318524,38825
11318688,38826
11318698,38827
11318985,38828
11319194,38829
11319286,38830
11319754,38831
11320011,38832
11320076,38833
11320181,38834
11320270,38835
11320584,38836
11321059,38837
11321065,38838
11321781,38839
11321820,38840
11321966,38841
11321985,38842
11322054,38843
11322468,38844
11322499,38845
11322584,38846
11322609,38847
11322947,38848
11323161,38849
11323527,38850
11323702,38851
11323741,38852
11323955,38853
11323967,38854
11323991,38855
11324676,38856
11324766,38857
11325036,38858
11325058,38859
11325165,38860
11325176,38861
11325884,38862
11326341,38863
11326427,38864
11327158,38865
11327512,38866
11328069,38867
11328276,38868
11328332,38869
11328342,38870
11329169,38871
11329252,38872
11329448,38873
11329622,38874
11329714,38875
11329777,38876
11330526,38877
11330557,38878
11330652,38879
11330666,38880
11330684,38881
11330752,38882
11331161,38883
11331326,38884
11331360,38885
11331890,38886
11331923,38887
11332080,38888
11332136,38889
11332501,38890
11332506,38891
11333129,38892
11333201,38893
11333345,38894
11333368,38895
11333661,38896
11334179,38897
11334389,38898
11334409,38899
11334432,38900
11334463,38901
11334739,38902
11335249,38903
11335679,38904
11335686,38905
11336058,38906
11336089,38907
11336183,38908
11336188,38909
11336346,38910
11336386,38911
11336411,38912
11336469,38913
11336690,38914
11336853,38915
11337586,38916
11337667,38917
11337696,38918
11337956,38919
11337991,38920
11338057,38921
11338348,38922
11338478,38923
11338695,38924
11338815,38925
11339109,38926
11339319,38927
11339374,38928
11339525,38929
11340867,38930
11340909,38931
11340990,38932
11341302,38933
11341607,38934
11341676,38935
11342087,38936
11342405,38937
11342421,38938
11342440,38939
11343413,38940
11343694,38941
11343797,38942
11343825,38943
11343949,38944
11344802,38945
11345522,38946
11345925,38947
11346088,38948
11346245,38949
11346448,38950
11346506,38951
11346868,38952
11346990,38953
11347322,38954
11347583,38955
11347880,38956
11347964,38957
11348096,38958
11348127,38959
11348286,38960
11348635,38961
11349099,38962
11349328,38963
11349506,38964
11349512,38965
11349664,38966
11349797,38967
11350121,38968
11350241,38969
11350786,38970
11351108,38971
11351163,38972
11351523,38973
11351561,38974
11351637,38975
11351718,38976
11351859,38977
11352002,38978
11352215,38979
11352317,38980
11353017,38981
11353176,38982
11353246,38983
11353418,38984
11353810,38985
11353864,38986
11354024,38987
11354072,38988
11354203,38989
11354611,38990
11354808,38991
11354821,38992
11354938,38993
11355128,38994
11355177,38995
11355226,38996
11355335,38997
11355443,38998
11355597,38999
11355606,39000
11355655,39001
11355939,39002
11356070,39003
11356231,39004
11356272,39005
11356426,39006
11356457,39007
11356568,39008
11356874,39009
11357268,39010
11357338,39011
11357502,39012
11357531,39013
11357573,39014
11358458,39015
11358743,39016
11358971,39017
11359118,39018
11359262,39019
11359283,39020
11359564,39021
11359749,39022
11359886,39023
11359997,39024
11360144,39025
11360178,39026
11360280,39027
11360576,39028
11360740,39029
11360887,39030
11361539,39031
11361720,39032
11361842,39033
11362159,39034
11362286,39035
11362519,39036
11362604,39037
11363089,39038
11363140,39039
11363304,39040
11363415,39041
11363505,39042
11363675,39043
11364077,39044
11364168,39045
11364182,39046
11364323,39047
11364364,39048
11364656,39049
11364690,39050
11365177,39051
11365338,39052
11365611,39053
11365614,39054
11365840,39055
11366253,39056
11366549,39057
11366702,39058
11366911,39059
11367494,39060
11367687,39061
11367696,39062
11368267,39063
11368668,39064
11368783,39065
11368812,39066
11368817,39067
11368898,39068
11368972,39069
11369004,39070
11369226,39071
11370701,39072
11370759,39073
11370965,39074
11371180,39075
11371317,39076
11371319,39077
11371462,39078
11371566,39079
11371662,39080
11371950,39081
11372224,39082
11372304,39083
11372376,39084
11372423,39085
11372537,39086
11372884,39087
11372960,39088
11373162,39089
11373243,39090
11373256,39091
11373510,39092
11373629,39093
11374413,39094
11374698,39095
11375180,39096
11375333,39097
11375463,39098
11375604,39099
11376015,39100
11376034,39101
11376056,39102
11376152,39103
11376412,39104
11376436,39105
11376698,39106
11376772,39107
11376878,39108
11377160,39109
11377731,39110
11378360,39111
11378366,39112
11378481,39113
11378653,39114
11379095,39115
11379354,39116
11379453,39117
11379531,39118
11379555,39119
11379939,39120
11380078,39121
11380912,39122
11380987,39123
11381096,39124
11381255,39125
11381388,39126
11381830,39127
11382074,39128
11382123,39129
11382372,39130
11382404,39131
11382836,39132
11382959,39133
11383189,39134
11383395,39135
11383490,39136
11383610,39137
11383687,39138
11383828,39139
11384274,39140
11384806,39141
11385145,39142
11385306,39143
11385319,39144
11385427,39145
11385688,39146
11385897,39147
11385978,39148
11386183,39149
11386501,39150
11386532,39151
11386587,39152
11386611,39153
11386648,39154
11386774,39155
11386807,39156
11386882,39157
11386957,39158
11387189,39159
11387591,39160
11387609,39161
11387794,39162
11387923,39163
11388728,39164
11389279,39165
11389333,39166
11389848,39167
11389881,39168
11390006,39169
11390501,39170
11390652,39171
11390959,39172
11391124,39173
11391245,39174
11391910,39175
11392149,39176
11392173,39177
11392469,39178
11392521,39179
11392619,39180
11392805,39181
11392812,39182
11392821,39183
11392907,39184
11393001,39185
11393305,39186
11393320,39187
11393820,39188
11394137,39189
11394193,39190
11394607,39191
11394627,39192
11395460,39193
11395682,39194
11395831,39195
11396463,39196
11396466,39197
11396477,39198
11397138,39199
11397248,39200
11397639,39201
11398024,39202
11398154,39203
11398395,39204
11398517,39205
11398942,39206
11399040,39207
11399614,39208
11400299,39209
11400396,39210
11400448,39211
11400463,39212
11400513,39213
11400542,39214
11400612,39215
11400665,39216
11400681,39217
11400818,39218
11400863,39219
11401287,39220
11401375,39221
11401541,39222
11401579,39223
11401694,39224
11402008,39225
11402614,39226
11403081,39227
11403223,39228
11403817,39229
11403959,39230
11404010,39231
11404470,39232
11404510,39233
11404677,39234
11405265,39235
11405452,39236
11405684,39237
11405993,39238
11406992,39239
11407289,39240
11407434,39241
11407688,39242
11407953,39243
11408002,39244
11408206,39245
11408477,39246
11408602,39247
11409267,39248
11409349,39249
11409640,39250
11409849,39251
11410188,39252
11410419,39253
11410870,39254
11410876,39255
11411271,39256
11411505,39257
11411609,39258
11411743,39259
11411916,39260
11411927,39261
11412128,39262
11412297,39263
11412424,39264
11412463,39265
11412645,39266
11412654,39267
11413045,39268
11413449,39269
11413502,39270
11413619,39271
11414065,39272
11414332,39273
11414702,39274
11414953,39275
11414978,39276
11415050,39277
11415062,39278
11415736,39279
11415759,39280
11415829,39281
11416034,39282
11416122,39283
11416137,39284
11416142,39285
11416210,39286
11416395,39287
11416401,39288
11416752,39289
11416976,39290
11416987,39291
11417561,39292
11417870,39293
11418002,39294
11418182,39295
11418319,39296
11418630,39297
11418804,39298
11419006,39299
11419383,39300
11419732,39301
11419809,39302
11419886,39303
11419913,39304
11419922,39305
11420091,39306
11420173,39307
11420432,39308
11420470,39309
11420546,39310
11420565,39311
11420791,39312
11420828,39313
11421644,39314
11421735,39315
11421845,39316
11421917,39317
11421964,39318
11421978,39319
11422121,39320
11422720,39321
11422884,39322
11422960,39323
11423126,39324
11423853,39325
11423862,39326
11423907,39327
11423941,39328
11424054,39329
11424188,39330
11424405,39331
11424749,39332
11425012,39333
11425045,39334
11425331,39335
11425719,39336
11426096,39337
11426097,39338
11426142,39339
11426508,39340
11426545,39341
11426615,39342
11426741,39343
11426846,39344
11426865,39345
11426949,39346
11427023,39347
11427150,39348
11427281,39349
11427317,39350
11427343,39351
11427944,39352
11428319,39353
11428556,39354
11428781,39355
11429722,39356
11430323,39357
11430583,39358
11430732,39359
11431042,39360
11431063,39361
11431087,39362
11431557,39363
11432357,39364
11432996,39365
11433357,39366
11433473,39367
11433545,39368
11433609,39369
11433749,39370
11433758,39371
11433919,39372
11434129,39373
11434428,39374
11434534,39375
11434665,39376
11434679,39377
11435015,39378
11435203,39379
11435752,39380
11436090,39381
11436097,39382
11436468,39383
11436580,39384
11436937,39385
11437211,39386
11437268,39387
11437317,39388
11437457,39389
11437520,39390
11437533,39391
11438185,39392
11438713,39393
11438928,39394
11439045,39395
11439159,39396
11439338,39397
11439420,39398
11439496,39399
11439863,39400
11439910,39401
11440093,39402
11440105,39403
11440335,39404
11440353,39405
11440388,39406
11440841,39407
11440887,39408
11440969,39409
11441141,39410
11441551,39411
11441657,39412
11441695,39413
11441814,39414
11441893,39415
11441896,39416
11442381,39417
11442972,39418
11443822,39419
11444189,39420
11444337,39421
11444645,39422
11444899,39423
11444938,39424
11445143,39425
11445433,39426
11445576,39427
11445786,39428
11446303,39429
11446338,39430
11446551,39431
11446991,39432
11447134,39433
11447367,39434
11447435,39435
11447440,39436
11447655,39437
11447812,39438
11447917,39439
11448011,39440
11448138,39441
11448504,39442
11448620,39443
11449019,39444
11449174,39445
11449247,39446
11449249,39447
11449727,39448
11450059,39449
11450262,39450
11450329,39451
11450389,39452
11450596,39453
11450831,39454
11450834,39455
11450848,39456
11451204,39457
11451541,39458
11451640,39459
11451649,39460
11451871,39461
11452139,39462
11452272,39463
11452585,39464
11452697,39465
11452752,39466
11452804,39467
11452851,39468
11453640,39469
11453782,39470
11453995,39471
11454199,39472
11454207,39473
11454392,39474
11454603,39475
11454728,39476
11455344,39477
11455398,39478
11455628,39479
11456598,39480
11456736,39481
11456864,39482
11456931,39483
11457123,39484
11457399,39485
11457921,39486
11458456,39487
11458631,39488
11458726,39489
11458907,39490
11459213,39491
11459392,39492
11459539,39493
11459712,39494
11459714,39495
11460035,39496
11460181,39497
11460241,39498
11460560,39499
11460725,39500
11460766,39501
11460892,39502
11460923,39503
11461370,39504
11461901,39505
11462029,39506
11462285,39507
11462560,39508
11462569,39509
11462748,39510
11462888,39511
11463096,39512
11463338,39513
11463530,39514
11463963,39515
11464104,39516
11464245,39517
11464560,39518
11464597,39519
11464973,39520
11465240,39521
11465513,39522
11465646,39523
11465805,39524
11465937,39525
11466122,39526
11466297,39527
11466681,39528
11466893,39529
11466995,39530
11467107,39531
11467217,39532
11467253,39533
11467259,39534
11467260,39535
11467606,39536
11467779,39537
11467836,39538
11468043,39539
11468676,39540
11468685,39541
11468956,39542
11469232,39543
11469342,39544
11469353,39545
11469429,39546
11469608,39547
11470196,39548
11470246,39549
11470265,39550
11470676,39551
11470999,39552
11471042,39553
11471519,39554
11471936,39555
11472236,39556
11472683,39557
11472866,39558
11472868,39559
11472938,39560
11473056,39561
11473446,39562
11473841,39563
11474095,39564
11474146,39565
11474151,39566
11474411,39567
11474511,39568
11474672,39569
11474791,39570
11475235,39571
11475544,39572
11476313,39573
11476546,39574
11476557,39575
11476806,39576
11476935,39577
11477073,39578
11477136,39579
11477369,39580
11477654,39581
11478065,39582
11478848,39583
11479406,39584
11479977,39585
11480001,39586
11480015,39587
11480044,39588
11480049,39589
11480448,39590
11480497,39591
11481264,39592
11481464,39593
11481672,39594
11482033,39595
11482467,39596
11482477,39597
11482651,39598
11482698,39599
11482705,39600
11482787,39601
11482971,39602
11483174,39603
11483318,39604
11484092,39605
11484096,39606
11484514,39607
11484914,39608
11485227,39609
11485364,39610
11486456,39611
11486851,39612
11487373,39613
11487877,39614
11487997,39615
11488114,39616
11488903,39617
11489042,39618
11489266,39619
11489312,39620
11489315,39621
11489498,39622
11489844,39623
11490277,39624
11490709,39625
11490969,39626
11491198,39627
11491236,39628
11491323,39629
11491490,39630
11491817,39631
11492076,39632
11492167,39633
11492497,39634
11492537,39635
11492690,39636
11493008,39637
11493079,39638
11494013,39639
11494384,39640
11494410,39641
11494692,39642
11494847,39643
11495133,39644
11495323,39645
11495750,39646
11495824,39647
11495944,39648
11496056,39649
11496255,39650
11496278,39651
11496534,39652
11496722,39653
11496739,39654
11496940,39655
11497112,39656
11497127,39657
11497549,39658
11497662,39659
11498106,39660
11498254,39661
11498267,39662
11498310,39663
11498690,39664
11498849,39665
11499101,39666
11499467,39667
11499580,39668
11499633,39669
11499636,39670
11499738,39671
11499852,39672
11500194,39673
11500377,39674
11500825,39675
11500843,39676
11500992,39677
11501190,39678
11501536,39679
11501581,39680
11501829,39681
11501834,39682
11501908,39683
11502263,39684
11502500,39685
11502646,39686
11503142,39687
11503215,39688
11503360,39689
11503487,39690
11503693,39691
11503812,39692
11503920,39693
11504357,39694
11504486,39695
11504694,39696
11504757,39697
11504925,39698
11505022,39699
11505129,39700
11505367,39701
11506190,39702
11506697,39703
11506957,39704
11507038,39705
11507120,39706
11507122,39707
11507365,39708
11507626,39709
11507632,39710
11507767,39711
11507961,39712
11508018,39713
11508024,39714
11508060,39715
11508443,39716
11508521,39717
11508702,39718
11508819,39719
11509094,39720
11509164,39721
11509230,39722
11509320,39723
11509540,39724
11509614,39725
11509658,39726
11509805,39727
11509898,39728
11510027,39729
11510078,39730
11510162,39731
11510449,39732
11510610,39733
11510838,39734
11511076,39735
11511077,39736
11511142,39737
11511200,39738
11511266,39739
11511771,39740
11511826,39741
11511907,39742
11512085,39743
11512186,39744
11512640,39745
11512793,39746
11512898,39747
11513077,39748
11513794,39749
11513883,39750
11514196,39751
11514245,39752
11514439,39753
11514582,39754
11514680,39755
11514839,39756
11514911,39757
11514955,39758
11515045,39759
11515180,39760
11515221,39761
11515299,39762
11515300,39763
11515368,39764
11515483,39765
11515577,39766
11515676,39767
11515707,39768
11516230,39769
11516369,39770
11516377,39771
11516628,39772
11516664,39773
11516861,39774
11516990,39775
11517210,39776
11517505,39777
11517521,39778
11517834,39779
11517911,39780
11517936,39781
11518174,39782
11518504,39783
11518661,39784
11518905,39785
11518961,39786
11519725,39787
11519914,39788
11520211,39789
11520498,39790
11520667,39791
11520851,39792
11521018,39793
11521064,39794
11521108,39795
11521308,39796
11521490,39797
11521508,39798
11522028,39799
11522472,39800
11522950,39801
11523044,39802
11523165,39803
11523365,39804
11523468,39805
11523890,39806
11524122,39807
11524134,39808
11524428,39809
11524665,39810
11524706,39811
11524908,39812
11525259,39813
11525267,39814
11525409,39815
11525454,39816
11525946,39817
11526143,39818
11526398,39819
11526483,39820
11526504,39821
11526929,39822
11526936,39823
11527167,39824
11527267,39825
11527308,39826
11527682,39827
11527933,39828
11528028,39829
11528032,39830
11528126,39831
11528175,39832
11528557,39833
11528616,39834
11528633,39835
11528687,39836
11528845,39837
11528869,39838
11529173,39839
11529328,39840
11529585,39841
11529898,39842
11529999,39843
11530019,39844
11530339,39845
11530417,39846
11530450,39847
11530511,39848
11530759,39849
11531250,39850
11531579,39851
11531634,39852
11531666,39853
11531918,39854
11532159,39855
11532177,39856
11532288,39857
11532378,39858
11533123,39859
11533404,39860
11533661,39861
11533717,39862
11534199,39863
11534462,39864
11534481,39865
11534578,39866
11534677,39867
11534930,39868
11534979,39869
11535326,39870
11535543,39871
11535827,39872
11535843,39873
11536206,39874
11536374,39875
11536639,39876
11536763,39877
11536804,39878
11537088,39879
11537162,39880
11537237,39881
11537430,39882
11537579,39883
11538423,39884
11538737,39885
11538746,39886
11538788,39887
11538955,39888
11539054,39889
11539160,39890
11539258,39891
11539322,39892
11540040,39893
11540099,39894
11540648,39895
11540844,39896
11540855,39897
11541113,39898
11541627,39899
11541659,39900
11541784,39901
11542528,39902
11543514,39903
11543952,39904
11544044,39905
11544112,39906
11544354,39907
11545584,39908
11545656,39909
11545668,39910
11546282,39911
11546341,39912
11546606,39913
11546789,39914
11546912,39915
11547750,39916
11548927,39917
11549028,39918
11549042,39919
11549097,39920
11549142,39921
11549150,39922
11549350,39923
11549788,39924
11550160,39925
11550199,39926
11550288,39927
11550547,39928
11550652,39929
11550797,39930
11550848,39931
11550912,39932
11550989,39933
11551579,39934
11551881,39935
11551903,39936
11551965,39937
11552130,39938
11552137,39939
11552275,39940
11552375,39941
11552509,39942
11553023,39943
11553213,39944
11553931,39945
11554129,39946
11554485,39947
11554946,39948
11555170,39949
11555406,39950
11555518,39951
11555711,39952
11555864,39953
11556041,39954
11556066,39955
11556085,39956
11556394,39957
11556547,39958
11556805,39959
11556997,39960
11557087,39961
11557189,39962
11557287,39963
11557310,39964
11557671,39965
11557988,39966
11558190,39967
11558349,39968
11558618,39969
11558653,39970
11558713,39971
11558794,39972
11559277,39973
11559377,39974
11559570,39975
11559724,39976
11559726,39977
11559876,39978
11559930,39979
11559988,39980
11561083,39981
11561392,39982
11561599,39983
11561719,39984
11561793,39985
11561945,39986
11562002,39987
11562060,39988
11562310,39989
11562368,39990
11562541,39991
11562610,39992
11563220,39993
11563529,39994
11564402,39995
11564404,39996
11564627,39997
11564807,39998
11565378,39999
11566029,40000
11566170,40001
11566444,40002
11566479,40003
11566699,40004
11566835,40005
11567064,40006
11567183,40007
11567349,40008
11567529,40009
11567569,40010
11568072,40011
11568079,40012
11568284,40013
11568336,40014
11568739,40015
11568845,40016
11569060,40017
11569130,40018
11569158,40019
11569161,40020
11569500,40021
11569834,40022
11569943,40023
11569949,40024
11570025,40025
11570156,40026
11570222,40027
11570699,40028
11571037,40029
11571156,40030
11571170,40031
11571403,40032
11572007,40033
11572073,40034
11572955,40035
11573160,40036
11573198,40037
11573488,40038
11573626,40039
11573951,40040
11574025,40041
11574179,40042
11574589,40043
11574879,40044
11574921,40045
11574938,40046
11575664,40047
11575823,40048
11575971,40049
11576054,40050
11576286,40051
11576348,40052
11576370,40053
11576661,40054
11576994,40055
11577364,40056
11578155,40057
11578216,40058
11578493,40059
11578738,40060
11578965,40061
11579102,40062
11579319,40063
11579742,40064
11579867,40065
11580194,40066
11580614,40067
11580677,40068
11580704,40069
11581166,40070
11581846,40071
11582124,40072
11582247,40073
11582466,40074
11582657,40075
11582714,40076
11582951,40077
11583140,40078
11583186,40079
11583639,40080
11583852,40081
11583933,40082
11584395,40083
11584727,40084
11584769,40085
11584965,40086
11585200,40087
11585951,40088
11586277,40089
11586935,40090
11586953,40091
11587661,40092
11587863,40093
11588223,40094
11588577,40095
11588853,40096
11588996,40097
11589494,40098
11589898,40099
11589942,40100
11589991,40101
11589993,40102
11590370,40103
11590752,40104
11591117,40105
11591164,40106
11591186,40107
11591444,40108
11591713,40109
11592026,40110
11592054,40111
11592564,40112
11592713,40113
11592903,40114
11592948,40115
11593019,40116
11593182,40117
11593873,40118
11594145,40119
11594351,40120
11594461,40121
11594554,40122
11594569,40123
11594844,40124
11594883,40125
11595167,40126
11595173,40127
11595226,40128
11595482,40129
11595777,40130
11595812,40131
11595971,40132
11596284,40133
11596539,40134
11596729,40135
11596744,40136
11596867,40137
11596898,40138
11596917,40139
11597453,40140
11597637,40141
11597898,40142
11598481,40143
11598792,40144
11598951,40145
11599225,40146
11599379,40147
11599393,40148
11599450,40149
11599580,40150
11599978,40151
11600013,40152
11600183,40153
11600783,40154
11600858,40155
11600888,40156
11601139,40157
11601187,40158
11601507,40159
11601611,40160
11601892,40161
11602173,40162
11602263,40163
11602272,40164
11602273,40165
11602513,40166
11604059,40167
11604113,40168
11604120,40169
11604313,40170
11604324,40171
11604923,40172
11605086,40173
11605510,40174
11605519,40175
11605897,40176
11606254,40177
11606466,40178
11606484,40179
11606556,40180
11607069,40181
11608102,40182
11608131,40183
11608214,40184
11608242,40185
11608608,40186
11609130,40187
11609134,40188
11609547,40189
11609565,40190
11609567,40191
11609609,40192
11609653,40193
11609775,40194
11610117,40195
11610135,40196
11610615,40197
11610793,40198
11610828,40199
11611736,40200
11611759,40201
11611915,40202
11612826,40203
11613097,40204
11613223,40205
11613712,40206
11613736,40207
11613764,40208
11613954,40209
11614381,40210
11614463,40211
11614514,40212
11614531,40213
11614746,40214
11615363,40215
11615604,40216
11615612,40217
11615693,40218
11615724,40219
11615797,40220
11615969,40221
11615997,40222
11616333,40223
11616419,40224
11616465,40225
11616478,40226
11616501,40227
11616681,40228
11616932,40229
11617055,40230
11617075,40231
11617501,40232
11618083,40233
11618127,40234
11618437,40235
11618533,40236
11618632,40237
11618833,40238
11618914,40239
11619127,40240
11619145,40241
11619323,40242
11619685,40243
11619804,40244
11619894,40245
11619983,40246
11620142,40247
11620263,40248
11621227,40249
11621848,40250
11621855,40251
11621896,40252
11622177,40253
11622908,40254
11622941,40255
11623391,40256
11623686,40257
11623793,40258
11623976,40259
11624437,40260
11624523,40261
11624824,40262
11624935,40263
11624948,40264
11625054,40265
11625191,40266
11625259,40267
11625269,40268
11625318,40269
11625588,40270
11625614,40271
11625703,40272
11625710,40273
11626013,40274
11626134,40275
11626419,40276
11626587,40277
11626658,40278
11626685,40279
11627232,40280
11627396,40281
11627397,40282
11627499,40283
11627866,40284
11627947,40285
11628104,40286
11628366,40287
11628981,40288
11629130,40289
11629482,40290
11629653,40291
11629665,40292
11629812,40293
11630132,40294
11630364,40295
11630366,40296
11630621,40297
11630734,40298
11631120,40299
11631734,40300
11631743,40301
11632303,40302
11632487,40303
11632600,40304
11633092,40305
11633104,40306
11633169,40307
11633822,40308
11634324,40309
11634416,40310
11635136,40311
11635701,40312
11636234,40313
11636445,40314
11636746,40315
11637443,40316
11637468,40317
11637557,40318
11637595,40319
11637951,40320
11637965,40321
11638099,40322
11638174,40323
11638298,40324
11638316,40325
11638333,40326
11638620,40327
11638801,40328
11639070,40329
11639333,40330
11639534,40331
11639746,40332
11639759,40333
11639856,40334
11640005,40335
11640075,40336
11640316,40337
11640540,40338
11641322,40339
11641673,40340
11641856,40341
11641876,40342
11642504,40343
11642753,40344
11642764,40345
11643081,40346
11643692,40347
11643863,40348
11643916,40349
11644123,40350
11644172,40351
11644276,40352
11644684,40353
11645532,40354
11645585,40355
11645655,40356
11645680,40357
11645935,40358
11646029,40359
11646155,40360
11646893,40361
11646920,40362
11647378,40363
11647573,40364
11647587,40365
11647686,40366
11647735,40367
11648512,40368
11648513,40369
11648765,40370
11649079,40371
11649312,40372
11649384,40373
11649449,40374
11649545,40375
11649851,40376
11650074,40377
11650239,40378
11650616,40379
11650877,40380
11651170,40381
11651683,40382
11651809,40383
11651954,40384
11651998,40385
11652202,40386
11652250,40387
11652262,40388
11652319,40389
11652997,40390
11653165,40391
11653785,40392
11653870,40393
11654008,40394
11654031,40395
11654181,40396
11654429,40397
11654703,40398
11655112,40399
11655188,40400
11655332,40401
11655428,40402
11655632,40403
11655647,40404
11655666,40405
11655964,40406
11655972,40407
11656109,40408
11656174,40409
11656240,40410
11656348,40411
11656391,40412
11656579,40413
11656919,40414
11657086,40415
11657222,40416
11657447,40417
11657626,40418
11657726,40419
11658097,40420
11658106,40421
11658694,40422
11659113,40423
11659216,40424
11659376,40425
11659396,40426
11659440,40427
11659592,40428
11659641,40429
11659762,40430
11659830,40431
11660065,40432
11660402,40433
11660585,40434
11660755,40435
11660830,40436
11661014,40437
11661317,40438
11661392,40439
11661636,40440
11661672,40441
11661757,40442
11661782,40443
11661903,40444
11661925,40445
11662194,40446
11662212,40447
11662647,40448
11662738,40449
11663577,40450
11663778,40451
11664016,40452
11664100,40453
11664761,40454
11665368,40455
11665475,40456
11665811,40457
11665900,40458
11666179,40459
11666264,40460
11666540,40461
11666599,40462
11666893,40463
11667045,40464
11667128,40465
11667135,40466
11667171,40467
11667298,40468
11667751,40469
11667766,40470
11667983,40471
11668093,40472
11668244,40473
11668313,40474
11668359,40475
11669028,40476
11669225,40477
11669327,40478
11669524,40479
11669649,40480
11669718,40481
11670348,40482
11670559,40483
11671089,40484
11671171,40485
11671438,40486
11671468,40487
11671505,40488
11671677,40489
11671713,40490
11671834,40491
11672258,40492
11672291,40493
11673072,40494
11673291,40495
11673883,40496
11673920,40497
11674426,40498
11674681,40499
11674813,40500
11674877,40501
11675034,40502
11675410,40503
11675455,40504
11675703,40505
11676210,40506
11676220,40507
11676280,40508
11676630,40509
11676744,40510
11677587,40511
11677616,40512
11677793,40513
11677938,40514
11678123,40515
11678174,40516
11678399,40517
11678691,40518
11678762,40519
11678897,40520
11678991,40521
11679111,40522
11679379,40523
11679572,40524
11679703,40525
11679802,40526
11680041,40527
11680674,40528
11680720,40529
11680744,40530
11680770,40531
11681033,40532
11681425,40533
11681589,40534
11681995,40535
11682830,40536
11683213,40537
11683385,40538
11683493,40539
11683510,40540
11683595,40541
11683703,40542
11683972,40543
11684185,40544
11684192,40545
11684518,40546
11684638,40547
11684862,40548
11684947,40549
11685365,40550
11685450,40551
11685848,40552
11685956,40553
11686014,40554
11686177,40555
11686315,40556
11686408,40557
11686602,40558
11687096,40559
11687429,40560
11687808,40561
11687859,40562
11688728,40563
11688744,40564
11688756,40565
11688829,40566
11689683,40567
11690009,40568
11690057,40569
11690122,40570
11690520,40571
11691065,40572
11691422,40573
11691580,40574
11691582,40575
11691660,40576
11691745,40577
11691879,40578
11691886,40579
11691978,40580
11692054,40581
11692377,40582
11693056,40583
11693102,40584
11693139,40585
11693425,40586
11693616,40587
11693692,40588
11693870,40589
11693898,40590
11694495,40591
11694945,40592
11694958,40593
11695066,40594
11695487,40595
11695603,40596
11695630,40597
11696315,40598
11696422,40599
11696676,40600
11696735,40601
11697034,40602
11697069,40603
11697077,40604
11697099,40605
11697160,40606
11697163,40607
11697523,40608
11697558,40609
11698682,40610
11698919,40611
11698941,40612
11699060,40613
11699313,40614
11699603,40615
11699846,40616
11700033,40617
11700272,40618
11700621,40619
11700921,40620
11700937,40621
11700947,40622
11701348,40623
11701462,40624
11701506,40625
11701528,40626
11701712,40627
11701717,40628
11701733,40629
11701953,40630
11702304,40631
11702398,40632
11702600,40633
11702831,40634
11702876,40635
11702935,40636
11703162,40637
11703590,40638
11703711,40639
11703737,40640
11704545,40641
11704722,40642
11705111,40643
11705142,40644
11705231,40645
11705623,40646
11705972,40647
11706227,40648
11706354,40649
11706406,40650
11706471,40651
11706973,40652
11707084,40653
11707798,40654
11707810,40655
11707872,40656
11707897,40657
11708023,40658
11708155,40659
11708416,40660
11708494,40661
11708954,40662
11709007,40663
11709765,40664
11709806,40665
11710326,40666
11710393,40667
11710609,40668
11710687,40669
11711226,40670
11711475,40671
11711508,40672
11711535,40673
11711615,40674
11711639,40675
11712152,40676
11712231,40677
11712368,40678
11713077,40679
11713579,40680
11713851,40681
11714018,40682
11714382,40683
11714658,40684
11714727,40685
11714811,40686
11714851,40687
11715245,40688
11715253,40689
11715401,40690
11715850,40691
11715907,40692
11716343,40693
11716363,40694
11716394,40695
11716722,40696
11716877,40697
11717345,40698
11717625,40699
11718386,40700
11718881,40701
11718931,40702
11719072,40703
11719206,40704
11719872,40705
11719884,40706
11720214,40707
11720717,40708
11721045,40709
11721056,40710
11721388,40711
11721820,40712
11721858,40713
11721918,40714
11722532,40715
11722566,40716
11722586,40717
11722963,40718
11722965,40719
11723327,40720
11723387,40721
11723707,40722
11723788,40723
11723814,40724
11724141,40725
11724161,40726
11724592,40727
11724735,40728
11724877,40729
11725206,40730
11725341,40731
11725512,40732
11725961,40733
11726250,40734
11726351,40735
11726538,40736
11726675,40737
11726691,40738
11727100,40739
11727441,40740
11727997,40741
11728489,40742
11728504,40743
11728532,40744
11729188,40745
11729194,40746
11729310,40747
11729312,40748
11729471,40749
11729472,40750
11729748,40751
11730386,40752
11730730,40753
11730978,40754
11731328,40755
11731569,40756
11731621,40757
11731889,40758
11732018,40759
11732023,40760
11732091,40761
11732217,40762
11732442,40763
11732551,40764
11732558,40765
11732760,40766
11732780,40767
11732805,40768
11732859,40769
11732895,40770
11732979,40771
11733050,40772
11733114,40773
11733680,40774
11734053,40775
11734067,40776
11734395,40777
11734584,40778
11734689,40779
11734860,40780
11735041,40781
11735105,40782
11735276,40783
11735456,40784
11735630,40785
11735812,40786
11735959,40787
11736001,40788
11736326,40789
11736500,40790
11736677,40791
11736899,40792
11736910,40793
11737116,40794
11737155,40795
11737416,40796
11737553,40797
11737628,40798
11737861,40799
11737873,40800
11738052,40801
11738064,40802
11738588,40803
11738680,40804
11738892,40805
11738963,40806
11739019,40807
11739073,40808
11739091,40809
11739099,40810
11739258,40811
11739297,40812
11739304,40813
11739528,40814
11739529,40815
11739666,40816
11739700,40817
11740147,40818
11740193,40819
11740468,40820
11740857,40821
11741046,40822
11741069,40823
11741243,40824
11741487,40825
11741532,40826
11741607,40827
11741725,40828
11741906,40829
11741940,40830
11742443,40831
11742596,40832
11742855,40833
11742997,40834
11743089,40835
11743149,40836
11743156,40837
11743161,40838
11743220,40839
11743314,40840
11743370,40841
11744051,40842
11744053,40843
11744059,40844
11744361,40845
11745030,40846
11745093,40847
11745455,40848
11745796,40849
11746152,40850
11746208,40851
11746399,40852
11746554,40853
11746671,40854
11746983,40855
11747132,40856
11747351,40857
11747366,40858
11747564,40859
11747749,40860
11747827,40861
11747940,40862
11748354,40863
11748401,40864
11748403,40865
11748453,40866
11748531,40867
11748880,40868
11749231,40869
11749450,40870
11749485,40871
11749823,40872
11750182,40873
11750230,40874
11750322,40875
11750350,40876
11750610,40877
11750843,40878
11751198,40879
11751306,40880
11751502,40881
11751712,40882
11752103,40883
11752427,40884
11752796,40885
11752800,40886
11752903,40887
11753059,40888
11753067,40889
11753215,40890
11753290,40891
11753519,40892
11753918,40893
11754152,40894
11754317,40895
11754441,40896
11754610,40897
11755056,40898
11755101,40899
11755263,40900
11755451,40901
11755943,40902
11756002,40903
11757008,40904
11757558,40905
11757990,40906
11758097,40907
11758628,40908
11758703,40909
11759156,40910
11759288,40911
11759407,40912
11759489,40913
11759878,40914
11760195,40915
11760325,40916
11760457,40917
11760608,40918
11760615,40919
11760625,40920
11760657,40921
11760821,40922
11760906,40923
11760988,40924
11761029,40925
11761046,40926
11761276,40927
11761419,40928
11761511,40929
11762054,40930
11762124,40931
11762876,40932
11763106,40933
11763183,40934
11763238,40935
11763574,40936
11763925,40937
11764635,40938
11765460,40939
11765917,40940
11765918,40941
11766588,40942
11766731,40943
11766764,40944
11766986,40945
11767215,40946
11767607,40947
11767676,40948
11768573,40949
11768628,40950
11768654,40951
11768870,40952
11770216,40953
11770338,40954
11770347,40955
11770579,40956
11770675,40957
11770766,40958
11770987,40959
11771022,40960
11771112,40961
11771120,40962
11771538,40963
11771724,40964
11772048,40965
11772422,40966
11772600,40967
11772646,40968
11772780,40969
11773057,40970
11773323,40971
11773409,40972
11773861,40973
11774118,40974
11774634,40975
11775133,40976
11775204,40977
11775288,40978
11775438,40979
11776196,40980
11777100,40981
11777127,40982
11777264,40983
11777301,40984
11777361,40985
11777512,40986
11777632,40987
11777804,40988
11778289,40989
11778395,40990
11778906,40991
11778921,40992
11779285,40993
11779404,40994
11780177,40995
11780241,40996
11780303,40997
11780372,40998
11780879,40999
11781150,41000
11781502,41001
11781663,41002
11781736,41003
11781815,41004
11781879,41005
11782313,41006
11782516,41007
11782789,41008
11782899,41009
11783324,41010
11783776,41011
11784033,41012
11784332,41013
11784465,41014
11784826,41015
11784924,41016
11785028,41017
11785063,41018
11785140,41019
11785188,41020
11785532,41021
11785534,41022
11785535,41023
11785548,41024
11785909,41025
11786280,41026
11786585,41027
11786660,41028
11786789,41029
11786920,41030
11786955,41031
11787148,41032
11787453,41033
11787652,41034
11787845,41035
11787859,41036
11787971,41037
11788409,41038
11788459,41039
11789218,41040
11789259,41041
11789290,41042
11789565,41043
11789842,41044
11790097,41045
11790294,41046
11790468,41047
11790748,41048
11790910,41049
11791559,41050
11792001,41051
11792085,41052
11792410,41053
11792453,41054
11793355,41055
11793750,41056
11793867,41057
11794102,41058
11794251,41059
11794872,41060
11794988,41061
11795220,41062
11795235,41063
11795297,41064
11795697,41065
11795755,41066
11795920,41067
11796019,41068
11796351,41069
11797452,41070
11797537,41071
11797959,41072
11798430,41073
11798448,41074
11799020,41075
11799178,41076
11799326,41077
11799548,41078
11800074,41079
11800180,41080
11800319,41081
11800386,41082
11800633,41083
11800794,41084
11800959,41085
11801066,41086
11801264,41087
11801334,41088
11801352,41089
11801376,41090
11801415,41091
11801982,41092
11802290,41093
11802393,41094
11802643,41095
11803608,41096
11803716,41097
11803893,41098
11803984,41099
11803988,41100
11804036,41101
11804204,41102
11804404,41103
11804567,41104
11805460,41105
11805814,41106
11806002,41107
11806193,41108
11806332,41109
11806469,41110
11806478,41111
11806493,41112
11806521,41113
11806576,41114
11806973,41115
11806981,41116
11807137,41117
11807245,41118
11807310,41119
11807590,41120
11807781,41121
11807907,41122
11808083,41123
11808737,41124
11809099,41125
11809552,41126
11810135,41127
11810366,41128
11810474,41129
11811182,41130
11811337,41131
11811713,41132
11811912,41133
11812586,41134
11812984,41135
11813178,41136
11813458,41137
11813679,41138
11813806,41139
11813856,41140
11814071,41141
11814450,41142
11814485,41143
11815197,41144
11815216,41145
11815612,41146
11815998,41147
11816020,41148
11816161,41149
11816164,41150
11816424,41151
11816461,41152
11816756,41153
11816776,41154
11816868,41155
11816977,41156
11816986,41157
11817589,41158
11817598,41159
11818362,41160
11818565,41161
11818638,41162
11818759,41163
11818916,41164
11819245,41165
11819649,41166
11819865,41167
11819948,41168
11820000,41169
11820006,41170
11820241,41171
11820273,41172
11820313,41173
11820465,41174
11820469,41175
11820517,41176
11820720,41177
11820733,41178
11821085,41179
11821130,41180
11821143,41181
11821695,41182
11822583,41183
11822946,41184
11823447,41185
11823492,41186
11823529,41187
11824023,41188
11824311,41189
11824351,41190
11824655,41191
11824684,41192
11824688,41193
11825031,41194
11825634,41195
11825662,41196
11825941,41197
11826413,41198
11826525,41199
11826853,41200
11826992,41201
11827491,41202
11827499,41203
11827636,41204
11827780,41205
11827838,41206
11827864,41207
11828249,41208
11828348,41209
11828823,41210
11828880,41211
11829115,41212
11829138,41213
11829246,41214
11829514,41215
11829539,41216
11830073,41217
11830208,41218
11830583,41219
11830587,41220
11830686,41221
11830834,41222
11831087,41223
11831098,41224
11831644,41225
11831931,41226
11832002,41227
11832210,41228
11832237,41229
11832477,41230
11832805,41231
11832905,41232
11833032,41233
11833378,41234
11833829,41235
11834500,41236
11835087,41237
11835158,41238
11835325,41239
11835399,41240
11835873,41241
11835932,41242
11836334,41243
11837086,41244
11837371,41245
11837596,41246
11837603,41247
11837724,41248
11837849,41249
11837922,41250
11838071,41251
11838235,41252
11838492,41253
11838519,41254
11838907,41255
11838990,41256
11839759,41257
11839796,41258
11840115,41259
11840884,41260
11840923,41261
11841015,41262
11841162,41263
11841242,41264
11841305,41265
11841318,41266
11841378,41267
11841647,41268
11841721,41269
11842543,41270
11842720,41271
11842741,41272
11842755,41273
11842868,41274
11843404,41275
11843426,41276
11843565,41277
11843854,41278
11844276,41279
11844364,41280
11844951,41281
11845324,41282
11845385,41283
11845501,41284
11845698,41285
11845725,41286
11845819,41287
11845833,41288
11845859,41289
11845883,41290
11845927,41291
11846060,41292
11846135,41293
11846216,41294
11846529,41295
11846878,41296
11847062,41297
11847110,41298
11847466,41299
11847540,41300
11847829,41301
11847905,41302
11848779,41303
11849039,41304
11849248,41305
11849346,41306
11849394,41307
11849472,41308
11849765,41309
11849983,41310
11850667,41311
11850681,41312
11851235,41313
11851360,41314
11851617,41315
11851857,41316
11852030,41317
11852357,41318
11852380,41319
11852414,41320
11852427,41321
11852438,41322
11852809,41323
11852991,41324
11853608,41325
11853789,41326
11853834,41327
11853967,41328
11854206,41329
11854273,41330
11854389,41331
11854452,41332
11854574,41333
11854694,41334
11854830,41335
11855057,41336
11855264,41337
11855324,41338
11855355,41339
11855548,41340
11856113,41341
11856585,41342
11856642,41343
11857169,41344
11857209,41345
11857294,41346
11857448,41347
11857729,41348
11858575,41349
11858759,41350
11859427,41351
11859573,41352
11860154,41353
11860189,41354
11860252,41355
11860264,41356
11860672,41357
11861011,41358
11861039,41359
11861078,41360
11861317,41361
11861411,41362
11861569,41363
11862171,41364
11862193,41365
11862209,41366
11862758,41367
11862895,41368
11863173,41369
11863681,41370
11863800,41371
11864064,41372
11864177,41373
11864368,41374
11864477,41375
11864671,41376
11864691,41377
11864746,41378
11864857,41379
11865113,41380
11865163,41381
11865217,41382
11865516,41383
11866191,41384
11866445,41385
11866483,41386
11866728,41387
11866811,41388
11867024,41389
11867136,41390
11867162,41391
11867257,41392
11867370,41393
11867491,41394
11867590,41395
11867611,41396
11867775,41397
11867908,41398
11867936,41399
11868007,41400
11868074,41401
11868132,41402
11868415,41403
11868449,41404
11868456,41405
11868878,41406
11869421,41407
11869859,41408
11870216,41409
11870428,41410
11870870,41411
11870891,41412
11872134,41413
11872150,41414
11872436,41415
11873336,41416
11873582,41417
11873699,41418
11873725,41419
11873908,41420
11874051,41421
11874640,41422
11874641,41423
11874815,41424
11875041,41425
11875334,41426
11875623,41427
11875757,41428
11876123,41429
11876776,41430
11876798,41431
11876799,41432
11876931,41433
11877395,41434
11877861,41435
11878179,41436
11878365,41437
11878846,41438
11879131,41439
11879151,41440
11879394,41441
11879523,41442
11879699,41443
11880299,41444
11880797,41445
11881118,41446
11881405,41447
11881530,41448
11881687,41449
11881836,41450
11881924,41451
11882367,41452
11882601,41453
11882643,41454
11882878,41455
11882987,41456
11883325,41457
11883603,41458
11884874,41459
11884929,41460
11884937,41461
11885121,41462
11885150,41463
11885648,41464
11885762,41465
11885975,41466
11886159,41467
11886832,41468
11887339,41469
11887404,41470
11887814,41471
11888774,41472
11889716,41473
11889918,41474
11890223,41475
11890251,41476
11890453,41477
11890868,41478
11890893,41479
11891182,41480
11891232,41481
11891418,41482
11891444,41483
11892042,41484
11892225,41485
11892469,41486
11893069,41487
11893160,41488
11893257,41489
11893523,41490
11893572,41491
11893720,41492
11894244,41493
11894386,41494
11894474,41495
11894521,41496
11894560,41497
11894792,41498
11895179,41499
11895253,41500
11895469,41501
11895531,41502
11896419,41503
11896435,41504
11896609,41505
11896639,41506
11896696,41507
11896836,41508
11896888,41509
11897647,41510
11897819,41511
11897858,41512
11898019,41513
11898836,41514
11899005,41515
11899034,41516
11899776,41517
11900134,41518
11900533,41519
11901307,41520
11901644,41521
11901795,41522
11901813,41523
11901868,41524
11902012,41525
11902038,41526
11902110,41527
11902223,41528
11902567,41529
11902909,41530
11902958,41531
11903177,41532
11903231,41533
11903288,41534
11903949,41535
11903985,41536
11904248,41537
11904605,41538
11904624,41539
11904775,41540
11905590,41541
11906069,41542
11906347,41543
11906836,41544
11906842,41545
11907299,41546
11907418,41547
11907768,41548
11907840,41549
11908526,41550
11908751,41551
11908946,41552
11908956,41553
11909216,41554
11909595,41555
11909683,41556
11909797,41557
11909989,41558
11910284,41559
11910565,41560
11910676,41561
11910705,41562
11910809,41563
11910896,41564
11911648,41565
11911654,41566
11912134,41567
11912230,41568
11912369,41569
11912389,41570
11912394,41571
11912484,41572
11912642,41573
11912687,41574
11913042,41575
11913287,41576
11914008,41577
11914558,41578
11914919,41579
11914984,41580
11915056,41581
11915130,41582
11915255,41583
11915369,41584
11915459,41585
11915897,41586
11916121,41587
11916202,41588
11916340,41589
11916656,41590
11916694,41591
11916712,41592
11916797,41593
11916875,41594
11916885,41595
11916890,41596
11917018,41597
11917049,41598
11917229,41599
11917410,41600
11917610,41601
11917870,41602
11917999,41603
11918057,41604
11918304,41605
11918466,41606
11918575,41607
11918664,41608
11918770,41609
11918776,41610
11919156,41611
11919226,41612
11919355,41613
11919673,41614
11919786,41615
11919832,41616
11920281,41617
11920975,41618
11921196,41619
11921561,41620
11921843,41621
11922010,41622
11922282,41623
11922356,41624
11922642,41625
11922727,41626
11922784,41627
11923373,41628
11923482,41629
11923554,41630
11923860,41631
11924089,41632
11924536,41633
11924646,41634
11924817,41635
11924898,41636
11925273,41637
11925485,41638
11925631,41639
11925713,41640
11925922,41641
11926163,41642
11926256,41643
11926581,41644
11926721,41645
11926903,41646
11927745,41647
11927822,41648
11928053,41649
11928162,41650
11928369,41651
11928756,41652
11928989,41653
11929018,41654
11929032,41655
11929057,41656
11929106,41657
11929238,41658
11929664,41659
11930111,41660
11930227,41661
11930306,41662
11930404,41663
11930672,41664
11930912,41665
11930992,41666
11931106,41667
11931245,41668
11931264,41669
11931496,41670
11932284,41671
11932555,41672
11932836,41673
11933329,41674
11933653,41675
11933696,41676
11934371,41677
11934559,41678
11934601,41679
11934872,41680
11935325,41681
11935494,41682
11936027,41683
11936555,41684
11936797,41685
11937082,41686
11937164,41687
11937216,41688
11937243,41689
11937295,41690
11937350,41691
11937579,41692
11938028,41693
11938266,41694
11938588,41695
11938766,41696
11939062,41697
11939321,41698
11939471,41699
11939602,41700
11940099,41701
11940208,41702
11940440,41703
11940641,41704
11940797,41705
11941838,41706
11942154,41707
11942176,41708
11942651,41709
11942747,41710
11942896,41711
11942954,41712
11943811,41713
11943964,41714
11944351,41715
11944753,41716
11944831,41717
11944862,41718
11944867,41719
11945007,41720
11945704,41721
11945835,41722
11945986,41723
11946011,41724
11946297,41725
11946353,41726
11946918,41727
11946986,41728
11946990,41729
11947181,41730
11947424,41731
11947634,41732
11947740,41733
11947836,41734
11947841,41735
11948904,41736
11948941,41737
11949432,41738
11949686,41739
11949717,41740
11949751,41741
11950192,41742
11950261,41743
11950498,41744
11951227,41745
11951345,41746
11951592,41747
11951729,41748
11952338,41749
11952388,41750
11952509,41751
11953159,41752
11953459,41753
11953806,41754
11953836,41755
11953864,41756
11954080,41757
11954603,41758
11954841,41759
11954870,41760
11955089,41761
11955189,41762
11955506,41763
11956016,41764
11956224,41765
11956510,41766
11956652,41767
11956772,41768
11957086,41769
11957117,41770
11957624,41771
11957931,41772
11957950,41773
11958168,41774
11958399,41775
11958420,41776
11959016,41777
11959490,41778
11959871,41779
11959992,41780
11960059,41781
11960177,41782
11960333,41783
11960352,41784
11960440,41785
11960614,41786
11960724,41787
11961588,41788
11961787,41789
11961825,41790
11962156,41791
11962609,41792
11962710,41793
11962722,41794
11962921,41795
11963391,41796
11963430,41797
11963507,41798
11963674,41799
11963839,41800
11963909,41801
11964379,41802
11964500,41803
11964552,41804
11965691,41805
11965703,41806
11966010,41807
11966019,41808
11966234,41809
11966639,41810
11967347,41811
11967527,41812
11967713,41813
11967892,41814
11968425,41815
11968429,41816
11968576,41817
11968640,41818
11968927,41819
11968974,41820
11969137,41821
11969610,41822
11969673,41823
11969728,41824
11970614,41825
11971069,41826
11971115,41827
11971151,41828
11971174,41829
11971295,41830
11971347,41831
11971486,41832
11971511,41833
11971782,41834
11971858,41835
11972199,41836
11972412,41837
11973340,41838
11973945,41839
11974328,41840
11974905,41841
11975233,41842
11975380,41843
11975639,41844
11975765,41845
11975877,41846
11975997,41847
11976657,41848
11976961,41849
11977160,41850
11977302,41851
11977493,41852
11977761,41853
11977894,41854
11978024,41855
11978258,41856
11978399,41857
11978404,41858
11978767,41859
11978989,41860
11978994,41861
11979163,41862
11979511,41863
11979592,41864
11979861,41865
11979875,41866
11980299,41867
11980938,41868
11981172,41869
11981218,41870
11981538,41871
11981579,41872
11981749,41873
11981789,41874
11981975,41875
11982208,41876
11982252,41877
11982485,41878
11982997,41879
11983166,41880
11983289,41881
11983400,41882
11983514,41883
11983968,41884
11984009,41885
11984246,41886
11984603,41887
11984737,41888
11984960,41889
11985239,41890
11985325,41891
11985342,41892
11985486,41893
11986103,41894
11986175,41895
11986257,41896
11986356,41897
11986734,41898
11986802,41899
11987039,41900
11987624,41901
11987944,41902
11988476,41903
11988998,41904
11989295,41905
11989459,41906
11990143,41907
11990267,41908
11990772,41909
11990844,41910
11991147,41911
11991285,41912
11991291,41913
11991380,41914
11991398,41915
11991440,41916
11991902,41917
11991931,41918
11991991,41919
11992159,41920
11992201,41921
11992367,41922
11993427,41923
11993504,41924
11993732,41925
11993999,41926
11994231,41927
11994232,41928
11994400,41929
11994512,41930
11994772,41931
11995622,41932
11995842,41933
11996023,41934
11996051,41935
11996717,41936
11997336,41937
11997498,41938
11997775,41939
11997787,41940
11997884,41941
11998126,41942
11998150,41943
11998298,41944
11998597,41945
11998626,41946
11998744,41947
11998999,41948
11999578,41949
11999601,41950
12000120,41951
12000238,41952
12000320,41953
12000439,41954
12000528,41955
12000571,41956
12000836,41957
12000947,41958
12001027,41959
12001038,41960
12001080,41961
12001168,41962
12001351,41963
12001386,41964
12001758,41965
12001874,41966
12002251,41967
12002696,41968
12002795,41969
12003082,41970
12003192,41971
12003227,41972
12003380,41973
12003431,41974
12003611,41975
12003708,41976
12003886,41977
12004080,41978
12004380,41979
12004504,41980
12004677,41981
12004748,41982
12005368,41983
12005848,41984
12006053,41985
12006275,41986
12006362,41987
12006757,41988
12006798,41989
12006954,41990
12007573,41991
12007580,41992
12007858,41993
12007889,41994
12008012,41995
12008167,41996
12009417,41997
12009669,41998
12009826,41999
12010012,42000
12010033,42001
12010272,42002
12010306,42003
12010649,42004
12010784,42005
12010936,42006
12011123,42007
12011932,42008
12012213,42009
12012663,42010
12012772,42011
12013024,42012
12013120,42013
12013192,42014
12014039,42015
12014082,42016
12014132,42017
12014256,42018
12014272,42019
12015009,42020
12015197,42021
12015248,42022
12015281,42023
12015417,42024
12015582,42025
12015825,42026
12016010,42027
12016192,42028
12016727,42029
12016870,42030
12017153,42031
12017560,42032
12017752,42033
12017995,42034
12018549,42035
12019131,42036
12019196,42037
12019287,42038
12019458,42039
12019524,42040
12019729,42041
12019822,42042
12019990,42043
12020089,42044
12020493,42045
12020554,42046
12020803,42047
12021512,42048
12021594,42049
12021679,42050
12021720,42051
12021963,42052
12023207,42053
12023401,42054
12023801,42055
12023974,42056
12024001,42057
12024084,42058
12024419,42059
12025140,42060
12025757,42061
12026093,42062
12026421,42063
12026776,42064
12027083,42065
12027426,42066
12027528,42067
12027775,42068
12028268,42069
12028283,42070
12028629,42071
12029135,42072
12029363,42073
12029914,42074
12030025,42075
12030254,42076
12030538,42077
12030855,42078
12031020,42079
12031122,42080
12031211,42081
12031357,42082
12031417,42083
12031432,42084
12031770,42085
12031993,42086
12032192,42087
12032526,42088
12032650,42089
12032739,42090
12032811,42091
12032988,42092
12033098,42093
12033621,42094
12033721,42095
12033898,42096
12033950,42097
12034450,42098
12034810,42099
12035257,42100
12036035,42101
12036218,42102
12036637,42103
12037683,42104
12037831,42105
12037993,42106
12038146,42107
12038556,42108
12038773,42109
12038953,42110
12039519,42111
12039628,42112
12039825,42113
12040269,42114
12040331,42115
12040358,42116
12040605,42117
12040717,42118
12040766,42119
12040892,42120
12041217,42121
12041224,42122
12041431,42123
12041456,42124
12041479,42125
12041580,42126
12041604,42127
12041827,42128
12042108,42129
12042428,42130
12042836,42131
12042901,42132
12043079,42133
12043171,42134
12043261,42135
12043540,42136
12043998,42137
12044102,42138
12044163,42139
12044524,42140
12044945,42141
12045542,42142
12046224,42143
12046979,42144
12047092,42145
12047412,42146
12047990,42147
12048283,42148
12048284,42149
12048321,42150
12048379,42151
12048383,42152
12048387,42153
12048614,42154
12048661,42155
12049021,42156
12049517,42157
12049538,42158
12049640,42159
12049729,42160
12050007,42161
12050326,42162
12050868,42163
12051016,42164
12051463,42165
12051518,42166
12051533,42167
12051976,42168
12052272,42169
12052770,42170
12052863,42171
12053023,42172
12053240,42173
12053426,42174
12053634,42175
12053724,42176
12053852,42177
12053976,42178
12054362,42179
12054515,42180
12054750,42181
12054791,42182
12055206,42183
12055311,42184
12055506,42185
12055976,42186
12055991,42187
12056074,42188
12056276,42189
12056306,42190
12056331,42191
12056684,42192
12056778,42193
12056816,42194
12057350,42195
12057442,42196
12057516,42197
12057786,42198
12057896,42199
12057908,42200
12057929,42201
12058543,42202
12058557,42203
12058622,42204
12058969,42205
12059079,42206
12059262,42207
12059269,42208
12059445,42209
12059496,42210
12060256,42211
12060476,42212
12060514,42213
12060534,42214
12060673,42215
12060734,42216
12060832,42217
12061197,42218
12061258,42219
12061427,42220
12061529,42221
12061641,42222
12061734,42223
12062219,42224
12062237,42225
12062403,42226
12062650,42227
12062657,42228
12062988,42229
12063173,42230
12063416,42231
12063482,42232
12063770,42233
12063880,42234
12064478,42235
12064634,42236
12065468,42237
12066046,42238
12066068,42239
12066376,42240
12066714,42241
12066741,42242
12066940,42243
12067039,42244
12067913,42245
12067939,42246
12068164,42247
12068215,42248
12069029,42249
12069077,42250
12069128,42251
12069261,42252
12069522,42253
12069694,42254
12069890,42255
12070065,42256
12070431,42257
12070495,42258
12070774,42259
12071190,42260
12071365,42261
12071504,42262
12071661,42263
12072373,42264
12072476,42265
12072700,42266
12072859,42267
12073042,42268
12073160,42269
12073244,42270
12073479,42271
12074215,42272
12074309,42273
12074804,42274
12074927,42275
12075062,42276
12075124,42277
12075140,42278
12075193,42279
12075195,42280
12075273,42281
12075462,42282
12075956,42283
12076083,42284
12076435,42285
12076437,42286
12076612,42287
12076760,42288
12076937,42289
12076960,42290
12076970,42291
12077019,42292
12077102,42293
12077910,42294
12077923,42295
12078036,42296
12078114,42297
12078243,42298
12078307,42299
12078647,42300
12078685,42301
12078876,42302
12079077,42303
12079166,42304
12079408,42305
12079477,42306
12079573,42307
12079665,42308
12080077,42309
12080947,42310
12081124,42311
12081352,42312
12081550,42313
12081672,42314
12081940,42315
12082199,42316
12082267,42317
12082432,42318
12082500,42319
12082503,42320
12082822,42321
12082948,42322
12083044,42323
12083133,42324
12083386,42325
12084504,42326
12085161,42327
12085597,42328
12085610,42329
12086000,42330
12086226,42331
12086266,42332
12086349,42333
12086420,42334
12086433,42335
12086759,42336
12086782,42337
12086788,42338
12086904,42339
12086944,42340
12087073,42341
12087307,42342
12087381,42343
12087392,42344
12087417,42345
12087452,42346
12087561,42347
12087796,42348
12087967,42349
12088124,42350
12088137,42351
12088261,42352
12088451,42353
12088598,42354
12088658,42355
12088797,42356
12088937,42357
12089399,42358
12089479,42359
12089585,42360
12089953,42361
12090098,42362
12090882,42363
12090954,42364
12091181,42365
12091196,42366
12091347,42367
12091489,42368
12091566,42369
12091972,42370
12092097,42371
12092150,42372
12092163,42373
12092808,42374
12093023,42375
12093254,42376
12093293,42377
12093304,42378
12093549,42379
12093777,42380
12093825,42381
12093997,42382
12094051,42383
12094211,42384
12094243,42385
12094479,42386
12094581,42387
12094645,42388
12094837,42389
12094980,42390
12095608,42391
12095727,42392
12095774,42393
12095838,42394
12095989,42395
12096096,42396
12096112,42397
12096291,42398
12096551,42399
12096672,42400
12096900,42401
12097271,42402
12097379,42403
12097760,42404
12097818,42405
12097929,42406
12098230,42407
12098538,42408
12098552,42409
12098605,42410
12098663,42411
12099381,42412
12099423,42413
12099773,42414
12099956,42415
12100463,42416
12100549,42417
12101087,42418
12101145,42419
12101146,42420
12101201,42421
12101203,42422
12101352,42423
12101405,42424
12101408,42425
12101533,42426
12101839,42427
12102004,42428
12102292,42429
12102397,42430
12102411,42431
12102735,42432
12102772,42433
12102872,42434
12102983,42435
12103007,42436
12103172,42437
12103448,42438
12103670,42439
12103681,42440
12103828,42441
12103845,42442
12104415,42443
12104421,42444
12104540,42445
12104626,42446
12104736,42447
12104808,42448
12104899,42449
12105054,42450
12105484,42451
12105578,42452
12105841,42453
12105932,42454
12106887,42455
12107262,42456
12108098,42457
12108114,42458
12108525,42459
12108602,42460
12109004,42461
12109145,42462
12109442,42463
12109501,42464
12109568,42465
12109612,42466
12110012,42467
12110164,42468
12110306,42469
12110440,42470
12110542,42471
12110756,42472
12111090,42473
12111233,42474
12111399,42475
12111434,42476
12111598,42477
12111735,42478
12111900,42479
12112585,42480
12113314,42481
12113418,42482
12113615,42483
12113909,42484
12113987,42485
12114123,42486
12114189,42487
12114556,42488
12114640,42489
12115082,42490
12115502,42491
12115515,42492
12116265,42493
12116313,42494
12116338,42495
12116503,42496
12116938,42497
12117073,42498
12117282,42499
12117397,42500
12117550,42501
12117860,42502
12118576,42503
12118922,42504
12119438,42505
12119509,42506
12120243,42507
12121029,42508
12121630,42509
12122090,42510
12122139,42511
12122190,42512
12122221,42513
12122275,42514
12122304,42515
12122348,42516
12122395,42517
12122609,42518
12122657,42519
12123928,42520
12124009,42521
12124023,42522
12124030,42523
12124037,42524
12124111,42525
12124310,42526
12124412,42527
12124932,42528
12125323,42529
12125407,42530
12125619,42531
12125656,42532
12125775,42533
12126084,42534
12126128,42535
12126788,42536
12127289,42537
12127334,42538
12127433,42539
12127657,42540
12127910,42541
12128548,42542
12128701,42543
12128731,42544
12128872,42545
12129071,42546
12129153,42547
12129254,42548
12129387,42549
12129480,42550
12129916,42551
12129983,42552
12130288,42553
12130389,42554
12130444,42555
12130540,42556
12130553,42557
12131049,42558
12131109,42559
12131157,42560
12131892,42561
12131970,42562
12132116,42563
12132198,42564
12132244,42565
12132396,42566
12132412,42567
12132647,42568
12132916,42569
12133084,42570
12133152,42571
12133163,42572
12133532,42573
12133829,42574
12133857,42575
12133913,42576
12133994,42577
12134131,42578
12134270,42579
12134291,42580
12134526,42581
12134584,42582
12134947,42583
12135024,42584
12135422,42585
12135596,42586
12135692,42587
12135727,42588
12135836,42589
12136263,42590
12136483,42591
12137048,42592
12137139,42593
12137326,42594
12137337,42595
12137428,42596
12137565,42597
12137735,42598
12137770,42599
12137783,42600
12137965,42601
12138064,42602
12138165,42603
12138882,42604
12139351,42605
12139390,42606
12139397,42607
12139549,42608
12139663,42609
12139714,42610
12140140,42611
12140332,42612
12140372,42613
12140713,42614
12140772,42615
12140907,42616
12141028,42617
12141057,42618
12141853,42619
12142188,42620
12142598,42621
12142604,42622
12142621,42623
12142718,42624
12142733,42625
12142797,42626
12143203,42627
12143272,42628
12143885,42629
12144103,42630
12144122,42631
12144443,42632
12145017,42633
12145063,42634
12145407,42635
12145643,42636
12145704,42637
12146403,42638
12146545,42639
12146772,42640
12147336,42641
12147356,42642
12148075,42643
12148208,42644
12148298,42645
12148936,42646
12149295,42647
12149420,42648
12149887,42649
12150093,42650
12150323,42651
12150674,42652
12150736,42653
12151054,42654
12151446,42655
12151495,42656
12151877,42657
12152013,42658
12152117,42659
12152253,42660
12152501,42661
12152698,42662
12153084,42663
12153163,42664
12153362,42665
12153722,42666
12153884,42667
12153912,42668
12153934,42669
12154887,42670
12154901,42671
12154909,42672
12155785,42673
12155812,42674
12156046,42675
12156320,42676
12156491,42677
12156636,42678
12156682,42679
12156688,42680
12157012,42681
12157070,42682
12157287,42683
12157460,42684
12157810,42685
12157890,42686
12158263,42687
12158917,42688
12159199,42689
12159391,42690
12159556,42691
12159572,42692
12159729,42693
12160019,42694
12160084,42695
12160163,42696
12160551,42697
12160719,42698
12160736,42699
12161508,42700
12162843,42701
12163530,42702
12163544,42703
12163686,42704
12163877,42705
12163975,42706
12164240,42707
12164246,42708
12164668,42709
12165057,42710
12165072,42711
12165545,42712
12165585,42713
12165901,42714
12166812,42715
12167233,42716
12167368,42717
12167437,42718
12167645,42719
12167834,42720
12168150,42721
12168384,42722
12168627,42723
12169033,42724
12169498,42725
12169959,42726
12170015,42727
12170250,42728
12170467,42729
12170839,42730
12170974,42731
12170995,42732
12171042,42733
12171336,42734
12171687,42735
12171925,42736
12172245,42737
12172823,42738
12173784,42739
12174076,42740
12174481,42741
12174551,42742
12174570,42743
12174617,42744
12174733,42745
12174744,42746
12175123,42747
12175206,42748
12175289,42749
12175315,42750
12175395,42751
12176096,42752
12176505,42753
12176758,42754
12176976,42755
12177053,42756
12177105,42757
12177182,42758
12177271,42759
12177582,42760
12177941,42761
12178175,42762
12178211,42763
12178297,42764
12178423,42765
12178608,42766
12178808,42767
12178996,42768
12179139,42769
12179192,42770
12179272,42771
12179994,42772
12180078,42773
12180316,42774
12180632,42775
12180660,42776
12181091,42777
12181283,42778
12181430,42779
12181803,42780
12182010,42781
12182067,42782
12182157,42783
12182211,42784
12182420,42785
12182447,42786
12182517,42787
12182579,42788
12182785,42789
12182828,42790
12182899,42791
12183204,42792
12183371,42793
12184110,42794
12184472,42795
12184551,42796
12184729,42797
12184950,42798
12185079,42799
12185166,42800
12185248,42801
12185326,42802
12185449,42803
12185751,42804
12185784,42805
12186341,42806
12186659,42807
12186799,42808
12186958,42809
12186992,42810
12187048,42811
12187068,42812
12187117,42813
12187130,42814
12187358,42815
12187445,42816
12187870,42817
12187939,42818
12188024,42819
12188320,42820
12188572,42821
12188675,42822
12189080,42823
12189139,42824
12189194,42825
12189584,42826
12189777,42827
12190354,42828
12190618,42829
12190718,42830
12190785,42831
12191133,42832
12191290,42833
12191512,42834
12191760,42835
12192029,42836
12192187,42837
12192348,42838
12192426,42839
12192514,42840
12192689,42841
12192834,42842
12192912,42843
12192931,42844
12192973,42845
12193056,42846
12193096,42847
12193256,42848
12193259,42849
12193266,42850
12193321,42851
12193475,42852
12193632,42853
12193859,42854
12193974,42855
12194482,42856
12194673,42857
12194692,42858
12195116,42859
12195220,42860
12195504,42861
12195793,42862
12196307,42863
12196488,42864
12196685,42865
12196860,42866
12197311,42867
12197350,42868
12197464,42869
12197622,42870
12197652,42871
12198173,42872
12198182,42873
12198823,42874
12198845,42875
12198866,42876
12199217,42877
12199359,42878
12199478,42879
12199787,42880
12200222,42881
12200368,42882
12200578,42883
12200720,42884
12200913,42885
12201398,42886
12201478,42887
12201632,42888
12201772,42889
12201808,42890
12202094,42891
12202194,42892
12202478,42893
12202575,42894
12202673,42895
12202741,42896
12202783,42897
12203033,42898
12203073,42899
12203395,42900
12203564,42901
12203571,42902
12204186,42903
12204287,42904
12204436,42905
12204571,42906
12204737,42907
12204849,42908
12205250,42909
12205315,42910
12205722,42911
12205756,42912
12206196,42913
12206337,42914
12206387,42915
12206695,42916
12207043,42917
12207089,42918
12207109,42919
12207145,42920
12207291,42921
12207728,42922
12208010,42923
12208281,42924
12208374,42925
12208560,42926
12208933,42927
12209195,42928
12209203,42929
12209265,42930
12209570,42931
12210072,42932
12210435,42933
12210517,42934
12211112,42935
12211135,42936
12212046,42937
12212460,42938
12212584,42939
12212727,42940
12213697,42941
12213906,42942
12214019,42943
12214237,42944
12214327,42945
12214338,42946
12214378,42947
12214484,42948
12214548,42949
12214762,42950
12215263,42951
12215701,42952
12215828,42953
12216169,42954
12216331,42955
12216402,42956
12216707,42957
12216791,42958
12216979,42959
12217283,42960
12217393,42961
12217608,42962
12217623,42963
12217925,42964
12217927,42965
12218126,42966
12218312,42967
12218463,42968
12218604,42969
12218690,42970
12218878,42971
12219561,42972
12219733,42973
12219817,42974
12220876,42975
12221134,42976
12221179,42977
12221806,42978
12221886,42979
12221995,42980
12222077,42981
12222262,42982
12222756,42983
12223100,42984
12223143,42985
12223279,42986
12223370,42987
12223424,42988
12223482,42989
12223822,42990
12224028,42991
12224176,42992
12224574,42993
12224852,42994
12225965,42995
12226121,42996
12226138,42997
12226298,42998
12226591,42999
12227113,43000
12227666,43001
12228152,43002
12228292,43003
12228643,43004
12228825,43005
12228920,43006
12229283,43007
12229345,43008
12229517,43009
12229522,43010
12229641,43011
12229687,43012
12229867,43013
12230882,43014
12232101,43015
12232166,43016
12232293,43017
12232884,43018
12232893,43019
12233399,43020
12233804,43021
12233876,43022
12234138,43023
12234187,43024
12235065,43025
12235509,43026
12235667,43027
12235906,43028
12235955,43029
12236022,43030
12236419,43031
12236527,43032
12237292,43033
12237346,43034
12237616,43035
12237869,43036
12238008,43037
12238065,43038
12238110,43039
12238887,43040
12239121,43041
12239142,43042
12239577,43043
12239619,43044
12240035,43045
12240246,43046
12240792,43047
12240808,43048
12240938,43049
12241426,43050
12241870,43051
12241895,43052
12242648,43053
12242905,43054
12243268,43055
12243297,43056
12243915,43057
12244443,43058
12245264,43059
12245285,43060
12245942,43061
12246263,43062
12246902,43063
12247789,43064
12247926,43065
12248001,43066
12248018,43067
12248660,43068
12249049,43069
12249358,43070
12249528,43071
12249814,43072
12249829,43073
12250340,43074
12250359,43075
12251128,43076
12251204,43077
12251412,43078
12251598,43079
12251805,43080
12252303,43081
12252488,43082
12252765,43083
12253083,43084
12253429,43085
12254164,43086
12254855,43087
12254905,43088
12254919,43089
12255422,43090
12255480,43091
12256100,43092
12256295,43093
12256537,43094
12256783,43095
12256830,43096
12256853,43097
12257187,43098
12257592,43099
12257823,43100
12257851,43101
12257925,43102
12257949,43103
12259391,43104
12259588,43105
12259647,43106
12259835,43107
12259919,43108
12259975,43109
12260552,43110
12260774,43111
12261013,43112
12261369,43113
12261486,43114
12261506,43115
12261691,43116
12261738,43117
12262090,43118
12262299,43119
12262524,43120
12263594,43121
12263641,43122
12263803,43123
12263836,43124
12264377,43125
12265091,43126
12265261,43127
12265266,43128
12265290,43129
12265806,43130
12266001,43131
12266542,43132
12266552,43133
12266783,43134
12266947,43135
12267909,43136
12267994,43137
12268146,43138
12268460,43139
12268537,43140
12268648,43141
12268947,43142
12269042,43143
12270084,43144
12270128,43145
12270136,43146
12270161,43147
12270217,43148
12270237,43149
12270304,43150
12270959,43151
12271378,43152
12271650,43153
12271720,43154
12272064,43155
12272547,43156
12272644,43157
12272674,43158
12272761,43159
12272905,43160
12274034,43161
12274535,43162
12275219,43163
12275464,43164
12275479,43165
12275583,43166
12276033,43167
12276193,43168
12276241,43169
12276323,43170
12276430,43171
12276435,43172
12276737,43173
12276741,43174
12276987,43175
12277045,43176
12277314,43177
12277971,43178
12278176,43179
12278406,43180
12278820,43181
12278827,43182
12279315,43183
12279468,43184
12279671,43185
12279709,43186
12279976,43187
12280809,43188
12281004,43189
12281079,43190
12281254,43191
12281753,43192
12282083,43193
12282431,43194
12282520,43195
12282871,43196
12283193,43197
12283249,43198
12283276,43199
12283320,43200
12283345,43201
12283589,43202
12283688,43203
12283935,43204
12283941,43205
12284455,43206
12284620,43207
12284636,43208
12285297,43209
12285300,43210
12285638,43211
12286129,43212
12286398,43213
12286435,43214
12286900,43215
12287345,43216
12287800,43217
12288041,43218
12288369,43219
12288573,43220
12288745,43221
12288948,43222
12288990,43223
12289907,43224
12290407,43225
12291128,43226
12291152,43227
12291320,43228
12292152,43229
12292239,43230
12292624,43231
12292996,43232
12293037,43233
12293197,43234
12293213,43235
12293408,43236
12293431,43237
12293552,43238
12293571,43239
12293872,43240
12294175,43241
12294251,43242
12294560,43243
12294907,43244
12294917,43245
12295644,43246
12295691,43247
12295785,43248
12296459,43249
12296475,43250
12296926,43251
12297463,43252
12297763,43253
12298302,43254
12298359,43255
12298849,43256
12298862,43257
12299264,43258
12299589,43259
12299892,43260
12300131,43261
12300168,43262
12300635,43263
12300916,43264
12301050,43265
12301582,43266
12301843,43267
12302224,43268
12302280,43269
12302581,43270
12303264,43271
12303865,43272
12304141,43273
12304366,43274
12304432,43275
12304970,43276
12305021,43277
12305755,43278
12306550,43279
12306615,43280
12307792,43281
12308178,43282
12311141,43283
12311884,43284
12312389,43285
12312982,43286
12312987,43287
12313623,43288
12314493,43289
12314663,43290
12315372,43291
12315559,43292
12315890,43293
12316396,43294
12316453,43295
12317302,43296
12317338,43297
12317643,43298
12318188,43299
12318686,43300
12318741,43301
12318957,43302
12319682,43303
12319719,43304
12319848,43305
12320067,43306
12320080,43307
12320096,43308
12320732,43309
12321099,43310
12321352,43311
12321412,43312
12322101,43313
12322287,43314
12322893,43315
12323389,43316
12323737,43317
12324440,43318
12324590,43319
12324990,43320
12325441,43321
12326210,43322
12326834,43323
12327246,43324
12327665,43325
12327758,43326
12327884,43327
12328078,43328
12328909,43329
12329097,43330
12329193,43331
12329351,43332
12330588,43333
12330869,43334
12330970,43335
12331119,43336
12331121,43337
12331301,43338
12331820,43339
12332341,43340
12332592,43341
12333134,43342
12333388,43343
12333622,43344
12333814,43345
12333823,43346
12334535,43347
12334789,43348
12334813,43349
12335195,43350
12335337,43351
12335531,43352
12335709,43353
12335955,43354
12336554,43355
12336841,43356
12336948,43357
12337213,43358
12337759,43359
12338230,43360
12338788,43361
12339643,43362
12339758,43363
12339872,43364
12339890,43365
12340403,43366
12340563,43367
12341430,43368
12341757,43369
12342018,43370
12342048,43371
12342131,43372
12342348,43373
12342443,43374
12342726,43375
12342804,43376
12342882,43377
12342959,43378
12343956,43379
12344161,43380
12344208,43381
12344554,43382
12344656,43383
12344796,43384
12345172,43385
12345407,43386
12345527,43387
12345736,43388
12345836,43389
12347007,43390
12348163,43391
12348355,43392
12348420,43393
12348775,43394
12349236,43395
12350888,43396
12351854,43397
12351944,43398
12352523,43399
12353315,43400
12353915,43401
12354039,43402
12354256,43403
12354344,43404
12354831,43405
12355066,43406
12355797,43407
12355885,43408
12356380,43409
12356898,43410
12357025,43411
12357376,43412
12357579,43413
12358206,43414
12358640,43415
12358828,43416
12358871,43417
12359548,43418
12359803,43419
12360164,43420
12360569,43421
12360855,43422
12361332,43423
12361684,43424
12362023,43425
12362245,43426
12362290,43427
12362322,43428
12362974,43429
12362998,43430
12363150,43431
12363323,43432
12363411,43433
12363523,43434
12363915,43435
12363966,43436
12364004,43437
12364030,43438
12364134,43439
12364223,43440
12364347,43441
12364414,43442
12364495,43443
12365054,43444
12365083,43445
12365258,43446
12365508,43447
12366281,43448
12366350,43449
12366495,43450
12366660,43451
12366945,43452
12367014,43453
12368123,43454
12368138,43455
12369180,43456
12369274,43457
12370122,43458
12370170,43459
12370338,43460
12370465,43461
12371289,43462
12371321,43463
12371478,43464
12371687,43465
12371723,43466
12371927,43467
12372262,43468
12372350,43469
12372546,43470
12372668,43471
12373444,43472
12373669,43473
12373814,43474
12374239,43475
12374444,43476
12374492,43477
12375425,43478
12375466,43479
12375575,43480
12375594,43481
12375660,43482
12376394,43483
12376563,43484
12376616,43485
12376766,43486
12377050,43487
12377428,43488
12377555,43489
12377819,43490
12378197,43491
12378487,43492
12378494,43493
12378771,43494
12378950,43495
12378981,43496
12379310,43497
12379697,43498
12380307,43499
12380358,43500
12380788,43501
12380928,43502
12381805,43503
12382063,43504
12382183,43505
12382480,43506
12382663,43507
12384893,43508
12385277,43509
12385372,43510
12385799,43511
12385858,43512
12385919,43513
12386040,43514
12386279,43515
12386902,43516
12387269,43517
12387577,43518
12387791,43519
12387858,43520
12388151,43521
12389622,43522
12389985,43523
12390107,43524
12390706,43525
12390713,43526
12390763,43527
12390977,43528
12391419,43529
12391611,43530
12391633,43531
12391792,43532
12391930,43533
12391997,43534
12392086,43535
12392420,43536
12394948,43537
12395633,43538
12396012,43539
12397174,43540
12397247,43541
12397393,43542
12397432,43543
12397614,43544
12398319,43545
12398413,43546
12398433,43547
12398891,43548
12399352,43549
12400077,43550
12400115,43551
12400428,43552
12401549,43553
12401682,43554
12401985,43555
12402142,43556
12402579,43557
12402893,43558
12403300,43559
12403353,43560
12403575,43561
12403639,43562
12404119,43563
12404347,43564
12404592,43565
12404770,43566
12405205,43567
12405681,43568
12406007,43569
12406195,43570
12406500,43571
12406973,43572
12407098,43573
12407687,43574
12407881,43575
12407960,43576
12408203,43577
12408540,43578
12408660,43579
12408895,43580
12409261,43581
12409750,43582
12410264,43583
12410486,43584
12410860,43585
12411003,43586
12411697,43587
12412175,43588
12412485,43589
12412793,43590
12412820,43591
12413080,43592
12413132,43593
12413382,43594
12413444,43595
12413523,43596
12413526,43597
12413527,43598
12413758,43599
12413831,43600
12413861,43601
12414113,43602
12414191,43603
12414454,43604
12414624,43605
12414741,43606
12414918,43607
12415181,43608
12415753,43609
12416393,43610
12416675,43611
12417149,43612
12417354,43613
12417649,43614
12417703,43615
12417961,43616
12418602,43617
12419849,43618
12420044,43619
12420094,43620
12420131,43621
12420224,43622
12420235,43623
12420425,43624
12420529,43625
12420669,43626
12420888,43627
12420980,43628
12421209,43629
12421594,43630
12421660,43631
12422305,43632
12422473,43633
12422746,43634
12424076,43635
12424372,43636
12424891,43637
12424934,43638
12425265,43639
12425436,43640
12425740,43641
12425993,43642
12426132,43643
12426201,43644
12426283,43645
12426498,43646
12426623,43647
12426943,43648
12427685,43649
12427729,43650
12427975,43651
12428462,43652
12428563,43653
12428748,43654
12428760,43655
12429022,43656
12429079,43657
12429196,43658
12429493,43659
12430304,43660
12430747,43661
12431481,43662
12431616,43663
12431759,43664
12432008,43665
12432353,43666
12432800,43667
12433163,43668
12433275,43669
12433622,43670
12433675,43671
12433813,43672
12433822,43673
12434184,43674
12434299,43675
12435370,43676
12435389,43677
12435412,43678
12435862,43679
12435936,43680
12435982,43681
12436262,43682
12436334,43683
12436467,43684
12436847,43685
12436918,43686
12436994,43687
12437679,43688
12437895,43689
12438471,43690
12439461,43691
12439780,43692
12440673,43693
12440875,43694
12441660,43695
12441898,43696
12442738,43697
12443324,43698
12443363,43699
12443462,43700
12443662,43701
12443797,43702
12443913,43703
12444048,43704
12444190,43705
12444275,43706
12444341,43707
12444420,43708
12444430,43709
12444830,43710
12445009,43711
12445386,43712
12445622,43713
12446146,43714
12446977,43715
12447519,43716
12447576,43717
12447764,43718
12447846,43719
12447949,43720
12448037,43721
12448588,43722
12448947,43723
12449251,43724
12449441,43725
12449845,43726
12451330,43727
12451505,43728
12451722,43729
12451776,43730
12451828,43731
12452012,43732
12452757,43733
12453080,43734
12453442,43735
12454092,43736
12454422,43737
12454773,43738
12455292,43739
12455357,43740
12456060,43741
12456118,43742
12456719,43743
12457056,43744
12457171,43745
12457264,43746
12457363,43747
12457659,43748
12457741,43749
12458140,43750
12458593,43751
12458652,43752
12458728,43753
12459163,43754
12459322,43755
12459947,43756
12459994,43757
12461320,43758
12462047,43759
12462275,43760
12462308,43761
12462620,43762
12462726,43763
12462740,43764
12463008,43765
12463020,43766
12463567,43767
12464290,43768
12464397,43769
12464836,43770
12465108,43771
12465256,43772
12465549,43773
12466048,43774
12466227,43775
12466426,43776
12466567,43777
12466947,43778
12467041,43779
12467243,43780
12467530,43781
12467544,43782
12467908,43783
12468116,43784
12468273,43785
12468388,43786
12468471,43787
12468666,43788
12469050,43789
12469092,43790
12469196,43791
12469242,43792
12469684,43793
12469687,43794
12470179,43795
12470218,43796
12470231,43797
12470595,43798
12470628,43799
12470706,43800
12470807,43801
12471318,43802
12471486,43803
12473088,43804
12473611,43805
12474135,43806
12475135,43807
12475210,43808
12475352,43809
12475735,43810
12475816,43811
12476100,43812
12476157,43813
12476230,43814
12476283,43815
12476346,43816
12477155,43817
12477915,43818
12477979,43819
12478301,43820
12479068,43821
12479138,43822
12479215,43823
12479249,43824
12479309,43825
12480170,43826
12480364,43827
12480753,43828
12480835,43829
12481376,43830
12481809,43831
12482356,43832
12482404,43833
12483055,43834
12483405,43835
12483656,43836
12483739,43837
12484304,43838
12484720,43839
12485097,43840
12485626,43841
12485914,43842
12486021,43843
12486259,43844
12486336,43845
12487308,43846
12487315,43847
12488140,43848
12488478,43849
12488579,43850
12488631,43851
12489045,43852
12489434,43853
12489572,43854
12489640,43855
12489733,43856
12490316,43857
12490437,43858
12490489,43859
12490602,43860
12491210,43861
12491276,43862
12491517,43863
12491559,43864
12491626,43865
12491999,43866
12492275,43867
12492738,43868
12493231,43869
12493485,43870
12493605,43871
12493782,43872
12493846,43873
12493857,43874
12493962,43875
12494773,43876
12495086,43877
12495158,43878
12495510,43879
12495578,43880
12495618,43881
12496036,43882
12496044,43883
12496149,43884
12496176,43885
12496184,43886
12496607,43887
12496820,43888
12497295,43889
12497468,43890
12497531,43891
12497821,43892
12498432,43893
12498955,43894
12499089,43895
12499193,43896
12499249,43897
12499316,43898
12499756,43899
12499873,43900
12500039,43901
12500464,43902
12500515,43903
12500671,43904
12500811,43905
12500838,43906
12500893,43907
12501164,43908
12501241,43909
12501609,43910
12501668,43911
12501935,43912
12502209,43913
12502446,43914
12502461,43915
12502474,43916
12502753,43917
12502915,43918
12503622,43919
12503709,43920
12503717,43921
12503796,43922
12503839,43923
12504051,43924
12504437,43925
12504507,43926
12504677,43927
12504936,43928
12505034,43929
12505292,43930
12506068,43931
12506316,43932
12506335,43933
12506962,43934
12507169,43935
12507402,43936
12508632,43937
12509078,43938
12509229,43939
12509568,43940
12509790,43941
12510023,43942
12510044,43943
12510513,43944
12510591,43945
12510976,43946
12510999,43947
12511306,43948
12511666,43949
12511824,43950
12513136,43951
12513364,43952
12513396,43953
12513691,43954
12514170,43955
12514242,43956
12514299,43957
12514474,43958
12514574,43959
12514580,43960
12514952,43961
12515632,43962
12515661,43963
12516151,43964
12516378,43965
12516599,43966
12516621,43967
12516669,43968
12517440,43969
12517509,43970
12518001,43971
12518484,43972
12519467,43973
12519804,43974
12520181,43975
12520384,43976
12520403,43977
12520440,43978
12520522,43979
12520623,43980
12520940,43981
12520966,43982
12521154,43983
12521431,43984
12521498,43985
12522150,43986
12522415,43987
12522791,43988
12523243,43989
12523491,43990
12523588,43991
12523775,43992
12523800,43993
12523838,43994
12524053,43995
12524250,43996
12524394,43997
12524727,43998
12524911,43999
12525318,44000
12525358,44001
12525808,44002
12525820,44003
12525865,44004
12525945,44005
12525965,44006
12525981,44007
12526095,44008
12526186,44009
12527044,44010
12527523,44011
12529137,44012
12530014,44013
12530506,44014
12531100,44015
12531185,44016
12531696,44017
12531832,44018
12532409,44019
12532507,44020
12532661,44021
12533976,44022
12535325,44023
12537496,44024
12538502,44025
12539447,44026
12539887,44027
12540428,44028
12540437,44029
12540514,44030
12540652,44031
12541021,44032
12541128,44033
12542917,44034
12543115,44035
12543510,44036
12543827,44037
12543854,44038
12544125,44039
12544406,44040
12545554,44041
12545644,44042
12546567,44043
12546747,44044
12546874,44045
12547266,44046
12547308,44047
12547333,44048
12547672,44049
12547762,44050
12548244,44051
12548531,44052
12548973,44053
12549213,44054
12550056,44055
12550178,44056
12551020,44057
12551048,44058
12551060,44059
12551824,44060
12551915,44061
12552023,44062
12552281,44063
12552702,44064
12553319,44065
12553339,44066
12553690,44067
12553987,44068
12554120,44069
12554342,44070
12554946,44071
12555929,44072
12556280,44073
12556647,44074
12556929,44075
12557426,44076
12557571,44077
12558107,44078
12558885,44079
12558978,44080
12559538,44081
12560064,44082
12560372,44083
12560459,44084
12560465,44085
12560587,44086
12560680,44087
12560931,44088
12560979,44089
12561747,44090
12561807,44091
12561913,44092
12562217,44093
12562808,44094
12562938,44095
12563265,44096
12563378,44097
12563593,44098
12564094,44099
12564303,44100
12564447,44101
12564457,44102
12564792,44103
12565818,44104
12566281,44105
12566550,44106
12566598,44107
12567049,44108
12567165,44109
12567665,44110
12567704,44111
12567754,44112
12568050,44113
12568275,44114
12568368,44115
12568385,44116
12569220,44117
12569368,44118
12569399,44119
12569549,44120
12569756,44121
12569780,44122
12569841,44123
12569974,44124
12570326,44125
12570380,44126
12570389,44127
12570410,44128
12570857,44129
12571368,44130
12571513,44131
12571548,44132
12571740,44133
12572060,44134
12572204,44135
12573144,44136
12573227,44137
12573346,44138
12574051,44139
12574308,44140
12574356,44141
12574746,44142
12574953,44143
12575363,44144
12575813,44145
12576079,44146
12576140,44147
12576184,44148
12576282,44149
12576286,44150
12577455,44151
12577795,44152
12578244,44153
12579285,44154
12579319,44155
12579818,44156
12579887,44157
12580046,44158
12580331,44159
12581849,44160
12582019,44161
12582465,44162
12582868,44163
12583218,44164
12583359,44165
12583641,44166
12583705,44167
12584919,44168
12585584,44169
12585667,44170
12586499,44171
12587232,44172
12587452,44173
12587631,44174
12587815,44175
12588054,44176
12588085,44177
12588534,44178
12588631,44179
12589467,44180
12589478,44181
12589735,44182
12590488,44183
12590534,44184
12590609,44185
12590644,44186
12591892,44187
12592288,44188
12592316,44189
12592581,44190
12592647,44191
12593166,44192
12593509,44193
12593581,44194
12593830,44195
12594110,44196
12594187,44197
12595053,44198
12595223,44199
12595678,44200
12595794,44201
12596188,44202
12596615,44203
12596661,44204
12597016,44205
12597133,44206
12597927,44207
12598059,44208
12598453,44209
12598593,44210
12598599,44211
12598852,44212
12598933,44213
12599409,44214
12599651,44215
12599935,44216
12600180,44217
12600201,44218
12600241,44219
12600356,44220
12600595,44221
12600725,44222
12601073,44223
12601281,44224
12601391,44225
12601806,44226
12602244,44227
12602405,44228
12603148,44229
12603215,44230
12603421,44231
12603846,44232
12604108,44233
12605315,44234
12605472,44235
12605615,44236
12605675,44237
12605828,44238
12606193,44239
12606353,44240
12606742,44241
12606874,44242
12607560,44243
12608048,44244
12608052,44245
12608860,44246
12609154,44247
12609508,44248
12609757,44249
12609919,44250
12610395,44251
12610457,44252
12610549,44253
12611011,44254
12611270,44255
12612490,44256
12612598,44257
12612960,44258
12612986,44259
12613002,44260
12613021,44261
12613216,44262
12613627,44263
12613648,44264
12614179,44265
12614655,44266
12614668,44267
12616158,44268
12616199,44269
12617317,44270
12617422,44271
12617862,44272
12617954,44273
12618011,44274
12618677,44275
12619313,44276
12619829,44277
12620014,44278
12620130,44279
12620261,44280
12620775,44281
12620933,44282
12621479,44283
12621554,44284
12622371,44285
12622395,44286
12622491,44287
12622662,44288
12622880,44289
12623099,44290
12623717,44291
12624048,44292
12624360,44293
12624635,44294
12624786,44295
12624827,44296
12624903,44297
12625235,44298
12625346,44299
12625653,44300
12626015,44301
12626829,44302
12626939,44303
12626983,44304
12627057,44305
12627322,44306
12627709,44307
12627995,44308
12628053,44309
12628345,44310
12628416,44311
12628616,44312
12629912,44313
12629930,44314
12630580,44315
12630801,44316
12631579,44317
12631667,44318
12631681,44319
12631692,44320
12631740,44321
12632271,44322
12632340,44323
12632695,44324
12633143,44325
12633292,44326
12633331,44327
12633865,44328
12634023,44329
12634565,44330
12634871,44331
12635680,44332
12635917,44333
12636111,44334
12636138,44335
12637092,44336
12637353,44337
12637416,44338
12637669,44339
12638429,44340
12638584,44341
12639014,44342
12639423,44343
12639536,44344
12639683,44345
12639751,44346
12639960,44347
12640774,44348
12642986,44349
12643176,44350
12643562,44351
12643947,44352
12644030,44353
12644407,44354
12644822,44355
12645204,44356
12645283,44357
12645904,44358
12646028,44359
12646417,44360
12646932,44361
12647084,44362
12647265,44363
12647290,44364
12647463,44365
12648013,44366
12648019,44367
12648318,44368
12648759,44369
12648831,44370
12649025,44371
12649049,44372
12649632,44373
12650098,44374
12650961,44375
12651112,44376
12651368,44377
12651464,44378
12651561,44379
12652001,44380
12652061,44381
12652337,44382
12652811,44383
12652857,44384
12652898,44385
12653340,44386
12653416,44387
12653525,44388
12654090,44389
12654161,44390
12654317,44391
12654323,44392
12655135,44393
12655306,44394
12656133,44395
12656548,44396
12656964,44397
12657003,44398
12657756,44399
12658374,44400
12658573,44401
12658578,44402
12659441,44403
12659966,44404
12660052,44405
12660227,44406
12660444,44407
12660606,44408
12660669,44409
12660706,44410
12661271,44411
12661671,44412
12661843,44413
12661857,44414
12662227,44415
12662303,44416
12662618,44417
12662741,44418
12663077,44419
12664121,44420
12664285,44421
12664866,44422
12665172,44423
12665571,44424
12665581,44425
12665587,44426
12665676,44427
12666517,44428
12666621,44429
12666716,44430
12666764,44431
12667995,44432
12668263,44433
12669954,44434
12670195,44435
12670820,44436
12670911,44437
12670987,44438
12672242,44439
12672259,44440
12672262,44441
12672669,44442
12672827,44443
12672986,44444
12673220,44445
12673641,44446
12673777,44447
12674384,44448
12674585,44449
12674734,44450
12674862,44451
12675345,44452
12675773,44453
12675855,44454
12676190,44455
12676391,44456
12676600,44457
12676720,44458
12677619,44459
12677637,44460
12677975,44461
12678166,44462
12679165,44463
12679355,44464
12679516,44465
12679857,44466
12679995,44467
12680395,44468
12680471,44469
12680622,44470
12682560,44471
12682917,44472
12683045,44473
12683247,44474
12683764,44475
12683984,44476
12684029,44477
12684669,44478
12685255,44479
12685258,44480
12685343,44481
12685723,44482
12685881,44483
12686930,44484
12687022,44485
12687921,44486
12687925,44487
12688457,44488
12688761,44489
12688971,44490
12689429,44491
12689472,44492
12689746,44493
12689806,44494
12690107,44495
12690129,44496
12690217,44497
12690354,44498
12691630,44499
12692057,44500
12692625,44501
12692845,44502
12692949,44503
12693556,44504
12693862,44505
12694051,44506
12694655,44507
12694776,44508
12694925,44509
12695465,44510
12696088,44511
12696096,44512
12696463,44513
12696529,44514
12697498,44515
12697730,44516
12697741,44517
12698024,44518
12698216,44519
12698671,44520
12698898,44521
12699079,44522
12699262,44523
12699678,44524
12700539,44525
12701320,44526
12701453,44527
12701542,44528
12701770,44529
12702562,44530
12702652,44531
12702800,44532
12703079,44533
12703133,44534
12703526,44535
12703558,44536
12703903,44537
12704238,44538
12704422,44539
12704567,44540
12704794,44541
12704835,44542
12705793,44543
12706231,44544
12706444,44545
12706531,44546
12706536,44547
12706825,44548
12707182,44549
12707286,44550
12707794,44551
12708406,44552
12708428,44553
12709329,44554
12709871,44555
12710695,44556
12711992,44557
12712168,44558
12712582,44559
12712776,44560
12712881,44561
12713731,44562
12715108,44563
12715173,44564
12716191,44565
12716192,44566
12716313,44567
12716696,44568
12717688,44569
12718012,44570
12718529,44571
12719334,44572
12719380,44573
12719905,44574
12722044,44575
12722855,44576
12722980,44577
12723456,44578
12723582,44579
12723643,44580
12724114,44581
12724188,44582
12724314,44583
12724394,44584
12725108,44585
12725746,44586
12725857,44587
12726588,44588
12727154,44589
12727635,44590
12727653,44591
12727798,44592
12728160,44593
12728913,44594
12729233,44595
12729474,44596
12729487,44597
12729634,44598
12729948,44599
12730177,44600
12730511,44601
12731657,44602
12731765,44603
12732083,44604
12732320,44605
12732597,44606
12732699,44607
12732704,44608
12732884,44609
12734112,44610
12734230,44611
12734283,44612
12735318,44613
12735414,44614
12735480,44615
12735803,44616
12735879,44617
12735894,44618
12735915,44619
12736302,44620
12736365,44621
12736417,44622
12736540,44623
12736799,44624
12737492,44625
12737496,44626
12738082,44627
12738098,44628
12738415,44629
12738419,44630
12739419,44631
12739827,44632
12740185,44633
12740436,44634
12740689,44635
12742178,44636
12742441,44637
12742884,44638
12742894,44639
12743159,44640
12743487,44641
12744118,44642
12744450,44643
12746040,44644
12746521,44645
12746590,44646
12746687,44647
12746790,44648
12746884,44649
12747190,44650
12747399,44651
12747491,44652
12747510,44653
12747771,44654
12747795,44655
12747952,44656
12748119,44657
12748356,44658
12748733,44659
12749002,44660
12749055,44661
12749449,44662
12749933,44663
12750053,44664
12750319,44665
12750412,44666
12750798,44667
12751196,44668
12751220,44669
12751446,44670
12751547,44671
12751713,44672
12751738,44673
12752534,44674
12752681,44675
12752781,44676
12753097,44677
12753669,44678
12754334,44679
12754392,44680
12754776,44681
12754945,44682
12755451,44683
12755485,44684
12755760,44685
12756011,44686
12757367,44687
12757455,44688
12757496,44689
12757933,44690
12758327,44691
12758436,44692
12758583,44693
12758669,44694
12758862,44695
12759867,44696
12759879,44697
12760585,44698
12760903,44699
12761274,44700
12761370,44701
12761382,44702
12761726,44703
12761744,44704
12761994,44705
12762517,44706
12762778,44707
12763585,44708
12763804,44709
12764702,44710
12764789,44711
12765332,44712
12765642,44713
12766013,44714
12766051,44715
12766411,44716
12767044,44717
12768074,44718
12768148,44719
12768942,44720
12769504,44721
12769512,44722
12769927,44723
12770030,44724
12770397,44725
12770829,44726
12771833,44727
12772467,44728
12772553,44729
12772695,44730
12772705,44731
12773074,44732
12773401,44733
12773612,44734
12773681,44735
12774316,44736
12774843,44737
12775047,44738
12775070,44739
12775138,44740
12775499,44741
12775567,44742
12777063,44743
12777439,44744
12777711,44745
12778331,44746
12778397,44747
12778852,44748
12779259,44749
12779565,44750
12779724,44751
12780334,44752
12780346,44753
12780700,44754
12780737,44755
12780785,44756
12780908,44757
12781096,44758
12781206,44759
12781228,44760
12781303,44761
12781431,44762
12781637,44763
12781778,44764
12783855,44765
12783881,44766
12784758,44767
12785509,44768
12785586,44769
12785798,44770
12786167,44771
12786194,44772
12786702,44773
12786937,44774
12787230,44775
12787669,44776
12787710,44777
12787786,44778
12787962,44779
12788127,44780
12788174,44781
12788229,44782
12788846,44783
12789059,44784
12789802,44785
12790216,44786
12790859,44787
12792297,44788
12792806,44789
12793277,44790
12793564,44791
12793779,44792
12793787,44793
12793848,44794
12794038,44795
12794049,44796
12794129,44797
12794563,44798
12794706,44799
12794897,44800
12796053,44801
12796641,44802
12797803,44803
12798039,44804
12798352,44805
12798658,44806
12798784,44807
12798909,44808
12798997,44809
12799537,44810
12799565,44811
12800082,44812
12800190,44813
12800399,44814
12800510,44815
12800915,44816
12801415,44817
12801552,44818
12801608,44819
12801811,44820
12802497,44821
12802547,44822
12802797,44823
12803108,44824
12803165,44825
12803514,44826
12803709,44827
12803980,44828
12804424,44829
12804431,44830
12805086,44831
12805246,44832
12805742,44833
12807798,44834
12807852,44835
12807960,44836
12807981,44837
12808282,44838
12808986,44839
12809382,44840
12809549,44841
12810541,44842
12810556,44843
12811433,44844
12811549,44845
12811637,44846
12811940,44847
12812630,44848
12812881,44849
12813493,44850
12813644,44851
12813689,44852
12813746,44853
12814341,44854
12814374,44855
12814893,44856
12815074,44857
12816424,44858
12816877,44859
12817145,44860
12817167,44861
12817404,44862
12818267,44863
12819749,44864
12819941,44865
12820979,44866
12821154,44867
12821283,44868
12822342,44869
12822424,44870
12822448,44871
12822457,44872
12822479,44873
12822967,44874
12823132,44875
12823268,44876
12824186,44877
12825083,44878
12825338,44879
12825614,44880
12825889,44881
12825981,44882
12825993,44883
12826140,44884
12826474,44885
12827192,44886
12827214,44887
12827284,44888
12827342,44889
12827384,44890
12827416,44891
12827625,44892
12827896,44893
12828014,44894
12828276,44895
12828422,44896
12828479,44897
12829122,44898
12829472,44899
12829536,44900
12829613,44901
12829794,44902
12829934,44903
12830975,44904
12832085,44905
12832231,44906
12833021,44907
12833394,44908
12833855,44909
12834273,44910
12834993,44911
12835149,44912
12835222,44913
12835943,44914
12836035,44915
12836655,44916
12836855,44917
12836961,44918
12837108,44919
12837442,44920
12838050,44921
12838291,44922
12838495,44923
12838947,44924
12838981,44925
12840194,44926
12840275,44927
12840560,44928
12840666,44929
12840731,44930
12841272,44931
12841333,44932
12841457,44933
12842568,44934
12842653,44935
12842767,44936
12843010,44937
12843489,44938
12844540,44939
12844613,44940
12844814,44941
12845166,44942
12845413,44943
12845709,44944
12845717,44945
12846268,44946
12846326,44947
12846344,44948
12846411,44949
12846752,44950
12847253,44951
12847606,44952
12847709,44953
12848586,44954
12848601,44955
12848675,44956
12848969,44957
12849056,44958
12849330,44959
12849535,44960
12849585,44961
12849761,44962
12849875,44963
12849926,44964
12849928,44965
12850049,44966
12850364,44967
12850395,44968
12850478,44969
12850504,44970
12850555,44971
12850691,44972
12851035,44973
12851545,44974
12852021,44975
12852470,44976
12852509,44977
12852656,44978
12852779,44979
12853104,44980
12853489,44981
12853692,44982
12853943,44983
12854060,44984
12856493,44985
12856503,44986
12856622,44987
12858078,44988
12858353,44989
12858432,44990
12859795,44991
12859811,44992
12859823,44993
12860181,44994
12860268,44995
12860505,44996
12860538,44997
12860927,44998
12861035,44999
12861101,45000
12861262,45001
12861434,45002
12861635,45003
12862122,45004
12862195,45005
12862491,45006
12863288,45007
12863313,45008
12863767,45009
12864869,45010
12865023,45011
12865488,45012
12865614,45013
12865660,45014
12866173,45015
12866458,45016
12866475,45017
12866593,45018
12866695,45019
12866759,45020
12866828,45021
12867423,45022
12867769,45023
12868088,45024
12868345,45025
12868898,45026
12869076,45027
12870107,45028
12870275,45029
12870786,45030
12870871,45031
12871001,45032
12871057,45033
12871603,45034
12871879,45035
12872058,45036
12872195,45037
12872495,45038
12873335,45039
12873588,45040
12873842,45041
12873895,45042
12874434,45043
12874494,45044
12874745,45045
12874893,45046
12875117,45047
12875237,45048
12875603,45049
12875729,45050
12877252,45051
12877678,45052
12877830,45053
12878380,45054
12879535,45055
12879835,45056
12879975,45057
12880652,45058
12881353,45059
12882336,45060
12882443,45061
12883558,45062
12883858,45063
12884111,45064
12884495,45065
12884825,45066
12884876,45067
12885209,45068
12885675,45069
12886513,45070
12886817,45071
12887163,45072
12888746,45073
12888877,45074
12889747,45075
12890291,45076
12890448,45077
12890931,45078
12890993,45079
12891706,45080
12892042,45081
12892549,45082
12892577,45083
12892847,45084
12892972,45085
12893450,45086
12894222,45087
12894593,45088
12894902,45089
12894955,45090
12895028,45091
12895214,45092
12895270,45093
12895587,45094
12895879,45095
12896127,45096
12896848,45097
12897126,45098
12897342,45099
12897608,45100
12897987,45101
12898606,45102
12898714,45103
12899284,45104
12899354,45105
12899435,45106
12900058,45107
12900343,45108
12901010,45109
12901420,45110
12901860,45111
12902887,45112
12902907,45113
12903044,45114
12903210,45115
12904329,45116
12904414,45117
12904478,45118
12904846,45119
12904919,45120
12905135,45121
12905500,45122
12905879,45123
12906733,45124
12906964,45125
12907228,45126
12908055,45127
12908313,45128
12908317,45129
12908363,45130
12908370,45131
12909312,45132
12910075,45133
12910178,45134
12910503,45135
12910776,45136
12910894,45137
12911361,45138
12911598,45139
12912182,45140
12912283,45141
12912508,45142
12912667,45143
12912819,45144
12912836,45145
12912956,45146
12913154,45147
12913667,45148
12914474,45149
12914698,45150
12914917,45151
12915285,45152
12915371,45153
12916225,45154
12916291,45155
12916503,45156
12916644,45157
12916847,45158
12917230,45159
12917534,45160
12917701,45161
12918136,45162
12918294,45163
12918505,45164
12918967,45165
12919020,45166
12919094,45167
12919164,45168
12919673,45169
12919837,45170
12920310,45171
12921173,45172
12922176,45173
12922679,45174
12922874,45175
12923882,45176
12923890,45177
12924253,45178
12924491,45179
12924534,45180
12924741,45181
12925660,45182
12926049,45183
12926457,45184
12927037,45185
12927633,45186
12927856,45187
12928500,45188
12928680,45189
12928801,45190
12929227,45191
12929242,45192
12929785,45193
12930090,45194
12930424,45195
12930597,45196
12930980,45197
12931207,45198
12932051,45199
12932163,45200
12932170,45201
12932591,45202
12932899,45203
12933209,45204
12933308,45205
12933317,45206
12933665,45207
12934770,45208
12934771,45209
12934872,45210
12935304,45211
12935415,45212
12935630,45213
12935806,45214
12936243,45215
12936276,45216
12936325,45217
12936414,45218
12936765,45219
12937442,45220
12937906,45221
12937937,45222
12938001,45223
12938204,45224
12938726,45225
12938793,45226
12938962,45227
12938981,45228
12939615,45229
12939841,45230
12940026,45231
12940077,45232
12940108,45233
12940135,45234
12940156,45235
12940216,45236
12940219,45237
12941036,45238
12941359,45239
12941655,45240
12941712,45241
12943466,45242
12943960,45243
12944044,45244
12944642,45245
12944645,45246
12945120,45247
12945138,45248
12945202,45249
12945337,45250
12945630,45251
12945816,45252
12945961,45253
12946586,45254
12946939,45255
12946942,45256
12947341,45257
12947739,45258
12948093,45259
12948112,45260
12948473,45261
12948780,45262
12949226,45263
12949268,45264
12949674,45265
12949741,45266
12949884,45267
12950186,45268
12950367,45269
12950880,45270
12951318,45271
12951427,45272
12951938,45273
12952597,45274
12953152,45275
12953648,45276
12954122,45277
12954165,45278
12954294,45279
12955008,45280
12955276,45281
12955831,45282
12956227,45283
12957173,45284
12957200,45285
12957297,45286
12957327,45287
12957762,45288
12957853,45289
12958053,45290
12958722,45291
12958781,45292
12958883,45293
12959028,45294
12959326,45295
12959363,45296
12959514,45297
12959685,45298
12960324,45299
12960363,45300
12960804,45301
12961189,45302
12961317,45303
12961879,45304
12963482,45305
12963542,45306
12963778,45307
12963905,45308
12964019,45309
12964324,45310
12964563,45311
12964611,45312
12964643,45313
12965302,45314
12965446,45315
12965584,45316
12966243,45317
12966972,45318
12967004,45319
12967064,45320
12967067,45321
12967075,45322
12967966,45323
12968068,45324
12968556,45325
12968678,45326
12968999,45327
12969083,45328
12969128,45329
12969635,45330
12969687,45331
12970384,45332
12970517,45333
12970616,45334
12970893,45335
12970911,45336
12971555,45337
12971770,45338
12971807,45339
12971945,45340
12972350,45341
12972663,45342
12973035,45343
12973068,45344
12973284,45345
12973361,45346
12973846,45347
12973893,45348
12973919,45349
12973938,45350
12974592,45351
12975074,45352
12975165,45353
12975444,45354
12975705,45355
12976136,45356
12976174,45357
12976367,45358
12976656,45359
12976733,45360
12976772,45361
12976873,45362
12976898,45363
12976900,45364
12977066,45365
12977172,45366
12977283,45367
12977839,45368
12978144,45369
12978496,45370
12978818,45371
12979087,45372
12979609,45373
12980986,45374
12981336,45375
12981426,45376
12981457,45377
12981473,45378
12981581,45379
12981639,45380
12981683,45381
12981757,45382
12981876,45383
12981966,45384
12982119,45385
12982314,45386
12982503,45387
12982573,45388
12982590,45389
12982779,45390
12982848,45391
12982940,45392
12983101,45393
12984067,45394
12984087,45395
12984595,45396
12984774,45397
12984847,45398
12984918,45399
12985370,45400
12985456,45401
12985459,45402
12985561,45403
12985940,45404
12985987,45405
12986353,45406
12986509,45407
12986872,45408
12986916,45409
12987195,45410
12987235,45411
12987347,45412
12987358,45413
12987469,45414
12987484,45415
12987540,45416
12987739,45417
12987801,45418
12989220,45419
12989256,45420
12989341,45421
12989608,45422
12989833,45423
12989953,45424
12990074,45425
12990111,45426
12990231,45427
12991066,45428
12991420,45429
12993398,45430
12993515,45431
12993724,45432
12993769,45433
12994132,45434
12994301,45435
12994479,45436
12994554,45437
12994896,45438
12994939,45439
12995212,45440
12995520,45441
12995835,45442
12996040,45443
12996979,45444
12997394,45445
12997735,45446
12997746,45447
12997971,45448
12998280,45449
12998925,45450
12999325,45451
12999565,45452
12999611,45453
12999862,45454
12999934,45455
13000136,45456
13000905,45457
13001610,45458
13002430,45459
13002614,45460
13002698,45461
13002931,45462
13002944,45463
13003397,45464
13003702,45465
13003806,45466
13004504,45467
13005873,45468
13006091,45469
13006222,45470
13006731,45471
13006738,45472
13007346,45473
13007468,45474
13007566,45475
13007947,45476
13008544,45477
13008598,45478
13009415,45479
13010182,45480
13010878,45481
13010964,45482
13011235,45483
13012774,45484
13012821,45485
13012940,45486
13013000,45487
13013392,45488
13013404,45489
13013861,45490
13013873,45491
13013927,45492
13014044,45493
13014100,45494
13015063,45495
13015722,45496
13016104,45497
13016300,45498
13016546,45499
13016583,45500
13016621,45501
13017844,45502
13017878,45503
13017903,45504
13018043,45505
13018329,45506
13018623,45507
13019075,45508
13019119,45509
13020363,45510
13021130,45511
13021175,45512
13021229,45513
13021239,45514
13021437,45515
13021467,45516
13021662,45517
13021981,45518
13022008,45519
13022285,45520
13022518,45521
13023404,45522
13024166,45523
13024599,45524
13025204,45525
13025215,45526
13026511,45527
13027280,45528
13027696,45529
13028193,45530
13029100,45531
13029387,45532
13029924,45533
13029945,45534
13029983,45535
13030221,45536
13030531,45537
13030783,45538
13031046,45539
13031455,45540
13031489,45541
13031639,45542
13032199,45543
13032299,45544
13032372,45545
13032682,45546
13033046,45547
13033121,45548
13033169,45549
13033369,45550
13033414,45551
13033985,45552
13034338,45553
13034416,45554
13034779,45555
13035331,45556
13035775,45557
13037406,45558
13037869,45559
13038125,45560
13038163,45561
13038182,45562
13038450,45563
13038578,45564
13038675,45565
13039071,45566
13039717,45567
13040200,45568
13042045,45569
13042826,45570
13042978,45571
13042992,45572
13044019,45573
13044066,45574
13044360,45575
13044376,45576
13044542,45577
13045202,45578
13046014,45579
13046466,45580
13046791,45581
13047073,45582
13047742,45583
13048211,45584
13048548,45585
13048552,45586
13048582,45587
13049261,45588
13049534,45589
13049594,45590
13049732,45591
13049990,45592
13050574,45593
13050810,45594
13050878,45595
13051179,45596
13051187,45597
13051503,45598
13051645,45599
13052304,45600
13052313,45601
13052438,45602
13052470,45603
13052553,45604
13052703,45605
13053359,45606
13053379,45607
13053698,45608
13054023,45609
13054300,45610
13054303,45611
13054307,45612
13054695,45613
13055066,45614
13055291,45615
13055330,45616
13056139,45617
13056415,45618
13056498,45619
13056604,45620
13056797,45621
13056897,45622
13056998,45623
13057306,45624
13057350,45625
13057434,45626
13058063,45627
13058656,45628
13059103,45629
13059313,45630
13060236,45631
13060401,45632
13060794,45633
13061333,45634
13062291,45635
13063391,45636
13063456,45637
13063504,45638
13063873,45639
13064035,45640
13064183,45641
13065133,45642
13065454,45643
13065586,45644
13065768,45645
13066953,45646
13067305,45647
13067660,45648
13067833,45649
13068072,45650
13068321,45651
13068720,45652
13068847,45653
13069300,45654
13069335,45655
13069736,45656
13070059,45657
13070212,45658
13070281,45659
13070648,45660
13070900,45661
13071417,45662
13071757,45663
13071854,45664
13072132,45665
13072219,45666
13072273,45667
13072565,45668
13073297,45669
13073785,45670
13074019,45671
13074081,45672
13074205,45673
13074635,45674
13074710,45675
13074773,45676
13074820,45677
13074857,45678
13075040,45679
13075439,45680
13076193,45681
13077552,45682
13077766,45683
13077812,45684
13078446,45685
13078625,45686
13078760,45687
13079477,45688
13080178,45689
13080242,45690
13080913,45691
13081096,45692
13081318,45693
13081556,45694
13082293,45695
13082309,45696
13082660,45697
13082867,45698
13082872,45699
13083601,45700
13083884,45701
13084129,45702
13084648,45703
13085095,45704
13085525,45705
13085949,45706
13086182,45707
13086503,45708
13086644,45709
13086769,45710
13087313,45711
13087540,45712
13087802,45713
13090075,45714
13090324,45715
13090549,45716
13091082,45717
13091420,45718
13091593,45719
13091602,45720
13091834,45721
13092092,45722
13092714,45723
13092780,45724
13093044,45725
13093066,45726
13093095,45727
13093389,45728
13093581,45729
13093716,45730
13094071,45731
13094238,45732
13094524,45733
13094559,45734
13094589,45735
13094855,45736
13095174,45737
13095261,45738
13095560,45739
13095650,45740
13095777,45741
13095849,45742
13096272,45743
13097103,45744
13097951,45745
13098033,45746
13098217,45747
13098245,45748
13098653,45749
13098715,45750
13099288,45751
13099840,45752
13100152,45753
13100191,45754
13100198,45755
13100502,45756
13100652,45757
13100716,45758
13100823,45759
13100882,45760
13101054,45761
13101152,45762
13101203,45763
13101717,45764
13102087,45765
13102280,45766
13102347,45767
13102666,45768
13103064,45769
13103661,45770
13103968,45771
13104587,45772
13104854,45773
13105036,45774
13105664,45775
13105731,45776
13106136,45777
13106144,45778
13106159,45779
13106379,45780
13106383,45781
13106474,45782
13106542,45783
13106710,45784
13106786,45785
13106845,45786
13107296,45787
13108097,45788
13108417,45789
13108657,45790
13108659,45791
13108828,45792
13109109,45793
13109722,45794
13109879,45795
13110140,45796
13110286,45797
13110330,45798
13110481,45799
13110491,45800
13110853,45801
13111541,45802
13111577,45803
13112271,45804
13112443,45805
13112735,45806
13112988,45807
13113413,45808
13113415,45809
13113455,45810
13113659,45811
13114297,45812
13114310,45813
13114326,45814
13114560,45815
13114561,45816
13114621,45817
13114810,45818
13114818,45819
13115121,45820
13115154,45821
13115540,45822
13115543,45823
13115587,45824
13116282,45825
13116374,45826
13116514,45827
13116552,45828
13116624,45829
13116717,45830
13117875,45831
13118154,45832
13118591,45833
13118820,45834
13119095,45835
13119297,45836
13119720,45837
13119754,45838
13120055,45839
13120300,45840
13120750,45841
13120962,45842
13121019,45843
13121501,45844
13122039,45845
13122893,45846
13122928,45847
13123237,45848
13123247,45849
13123389,45850
13123613,45851
13123735,45852
13124270,45853
13124312,45854
13124511,45855
13124559,45856
13125283,45857
13125456,45858
13125726,45859
13126522,45860
13126872,45861
13127583,45862
13127865,45863
13128219,45864
13128384,45865
13128510,45866
13128600,45867
13128607,45868
13128763,45869
13128888,45870
13128912,45871
13129095,45872
13129293,45873
13129526,45874
13129590,45875
13129979,45876
13130188,45877
13130385,45878
13130496,45879
13131697,45880
13132173,45881
13132409,45882
13132456,45883
13132504,45884
13132569,45885
13133293,45886
13133990,45887
13134295,45888
13134997,45889
13135400,45890
13135429,45891
13135541,45892
13135692,45893
13135775,45894
13136370,45895
13136415,45896
13136641,45897
13136877,45898
13137165,45899
13137262,45900
13137619,45901
13138022,45902
13138042,45903
13138491,45904
13138595,45905
13138835,45906
13138837,45907
13139821,45908
13140110,45909
13140850,45910
13140912,45911
13140944,45912
13141114,45913
13141427,45914
13141986,45915
13142344,45916
13142494,45917
13142742,45918
13142858,45919
13143363,45920
13143501,45921
13143674,45922
13144971,45923
13145288,45924
13146125,45925
13146829,45926
13147473,45927
13147946,45928
13148352,45929
13148366,45930
13149231,45931
13150279,45932
13150479,45933
13151578,45934
13151813,45935
13152250,45936
13152259,45937
13152916,45938
13153406,45939
13153553,45940
13153728,45941
13154585,45942
13154653,45943
13154778,45944
13155019,45945
13155198,45946
13155390,45947
13155568,45948
13155939,45949
13156146,45950
13156729,45951
13156933,45952
13157017,45953
13157831,45954
13158236,45955
13158505,45956
13158710,45957
13159412,45958
13159449,45959
13159722,45960
13159838,45961
13159893,45962
13160072,45963
13160304,45964
13160475,45965
13160686,45966
13161222,45967
13161504,45968
13161902,45969
13162142,45970
13162478,45971
13163628,45972
13163693,45973
13163987,45974
13164135,45975
13164198,45976
13164245,45977
13164361,45978
13164508,45979
13165835,45980
13165947,45981
13166064,45982
13166296,45983
13167473,45984
13167671,45985
13167936,45986
13168361,45987
13168627,45988
13168884,45989
13169007,45990
13169554,45991
13170236,45992
13170307,45993
13170903,45994
13170995,45995
13171125,45996
13171496,45997
13172177,45998
13172205,45999
13172398,46000
13172466,46001
13172529,46002
13172636,46003
13172835,46004
13172958,46005
13173242,46006
13173355,46007
13173376,46008
13173466,46009
13174368,46010
13174711,46011
13174743,46012
13174934,46013
13175142,46014
13175558,46015
13175613,46016
13176151,46017
13176239,46018
13176656,46019
13177042,46020
13177107,46021
13177472,46022
13178208,46023
13178484,46024
13178831,46025
13178916,46026
13179042,46027
13179360,46028
13179391,46029
13179464,46030
13179815,46031
13180685,46032
13180791,46033
13180822,46034
13180941,46035
13181034,46036
13181279,46037
13181691,46038
13181730,46039
13182037,46040
13182342,46041
13182609,46042
13182612,46043
13182804,46044
13182819,46045
13183023,46046
13183573,46047
13183653,46048
13183730,46049
13183811,46050
13184265,46051
13184304,46052
13184910,46053
13185496,46054
13186530,46055
13186660,46056
13186796,46057
13186977,46058
13187255,46059
13188287,46060
13188993,46061
13189201,46062
13189349,46063
13189433,46064
13190504,46065
13190597,46066
13191277,46067
13191381,46068
13191515,46069
13192215,46070
13192437,46071
13192490,46072
13192789,46073
13192821,46074
13192936,46075
13192976,46076
13193532,46077
13193787,46078
13194114,46079
13194221,46080
13194340,46081
13194400,46082
13194873,46083
13195017,46084
13195297,46085
13195324,46086
13195495,46087
13195630,46088
13195686,46089
13195793,46090
13196475,46091
13197214,46092
13197559,46093
13197604,46094
13198312,46095
13198764,46096
13199800,46097
13199874,46098
13200447,46099
13200539,46100
13200569,46101
13200847,46102
13201000,46103
13201025,46104
13201032,46105
13201206,46106
13202307,46107
13202375,46108
13202391,46109
13202869,46110
13203408,46111
13204181,46112
13204602,46113
13204677,46114
13204836,46115
13205013,46116
13205725,46117
13205883,46118
13206092,46119
13206182,46120
13206499,46121
13206727,46122
13207054,46123
13207562,46124
13207635,46125
13207801,46126
13208046,46127
13208603,46128
13208968,46129
13209022,46130
13209041,46131
13209273,46132
13209398,46133
13209872,46134
13210850,46135
13211030,46136
13211148,46137
13211184,46138
13211650,46139
13211746,46140
13211900,46141
13211967,46142
13212335,46143
13212441,46144
13212509,46145
13212677,46146
13212821,46147
13213021,46148
13213270,46149
13213276,46150
13213304,46151
13213447,46152
13213647,46153
13213846,46154
13213923,46155
13214048,46156
13214078,46157
13214103,46158
13215226,46159
13216014,46160
13216113,46161
13216166,46162
13216535,46163
13216888,46164
13217044,46165
13218108,46166
13218120,46167
13218262,46168
13218520,46169
13218595,46170
13218636,46171
13218829,46172
13219265,46173
13219647,46174
13220044,46175
13221057,46176
13221751,46177
13221787,46178
13221856,46179
13222208,46180
13222442,46181
13222918,46182
13223234,46183
13223587,46184
13223988,46185
13225557,46186
13225608,46187
13225740,46188
13225743,46189
13225775,46190
13225932,46191
13226225,46192
13226261,46193
13226305,46194
13226342,46195
13226467,46196
13226489,46197
13226584,46198
13226974,46199
13227147,46200
13227931,46201
13228195,46202
13228233,46203
13228368,46204
13228387,46205
13228987,46206
13229535,46207
13229739,46208
13229803,46209
13230682,46210
13231041,46211
13231063,46212
13231137,46213
13231687,46214
13232201,46215
13232390,46216
13232557,46217
13233309,46218
13233708,46219
13234265,46220
13234530,46221
13234534,46222
13234557,46223
13234715,46224
13235119,46225
13235439,46226
13235801,46227
13235841,46228
13236025,46229
13236134,46230
13236515,46231
13236693,46232
13236731,46233
13236858,46234
13236947,46235
13237004,46236
13237672,46237
13237855,46238
13238189,46239
13238216,46240
13238424,46241
13238521,46242
13239190,46243
13239532,46244
13239823,46245
13239872,46246
13240287,46247
13240485,46248
13240731,46249
13240970,46250
13241482,46251
13241498,46252
13241523,46253
13241865,46254
13242268,46255
13242619,46256
13242686,46257
13242784,46258
13243651,46259
13244165,46260
13245014,46261
13245042,46262
13245276,46263
13245392,46264
13245818,46265
13246170,46266
13246269,46267
13246419,46268
13246767,46269
13247358,46270
13247815,46271
13248081,46272
13248347,46273
13248759,46274
13248862,46275
13249015,46276
13249166,46277
13249286,46278
13249404,46279
13249467,46280
13249787,46281
13249979,46282
13250116,46283
13251077,46284
13251572,46285
13252350,46286
13252376,46287
13252455,46288
13253329,46289
13253697,46290
13254306,46291
13254418,46292
13254521,46293
13254723,46294
13254879,46295
13254948,46296
13255097,46297
13255174,46298
13255455,46299
13255961,46300
13256419,46301
13256855,46302
13258289,46303
13258319,46304
13258439,46305
13258455,46306
13258567,46307
13258798,46308
13258836,46309
13259103,46310
13259161,46311
13259173,46312
13260053,46313
13260282,46314
13260815,46315
13261466,46316
13261621,46317
13262039,46318
13262226,46319
13263474,46320
13263540,46321
13264166,46322
13264181,46323
13264528,46324
13264689,46325
13264963,46326
13265600,46327
13265976,46328
13266151,46329
13266319,46330
13266391,46331
13266494,46332
13267060,46333
13267140,46334
13267340,46335
13267540,46336
13267968,46337
13268068,46338
13269352,46339
13269676,46340
13271064,46341
13271802,46342
13271905,46343
13271914,46344
13271930,46345
13272155,46346
13272658,46347
13272802,46348
13274017,46349
13274311,46350
13274341,46351
13274385,46352
13274442,46353
13275609,46354
13275851,46355
13275873,46356
13276063,46357
13276085,46358
13276158,46359
13276257,46360
13276485,46361
13276715,46362
13276971,46363
13277200,46364
13277392,46365
13277669,46366
13277689,46367
13278012,46368
13279378,46369
13280204,46370
13281851,46371
13282237,46372
13282355,46373
13282388,46374
13282419,46375
13282539,46376
13282723,46377
13283107,46378
13283250,46379
13283450,46380
13283703,46381
13284009,46382
13284698,46383
13284750,46384
13285259,46385
13285384,46386
13285457,46387
13285466,46388
13285562,46389
13285593,46390
13286145,46391
13286454,46392
13286564,46393
13286858,46394
13287052,46395
13287447,46396
13287484,46397
13287794,46398
13288233,46399
13288516,46400
13288519,46401
13288606,46402
13288701,46403
13289021,46404
13289522,46405
13290543,46406
13290731,46407
13290743,46408
13290954,46409
13291157,46410
13291253,46411
13291397,46412
13291421,46413
13291600,46414
13291720,46415
13292348,46416
13292671,46417
13292679,46418
13292936,46419
13292999,46420
13293162,46421
13293171,46422
13293395,46423
13293524,46424
13294088,46425
13294207,46426
13294513,46427
13294854,46428
13294924,46429
13295087,46430
13295374,46431
13295804,46432
13297427,46433
13298087,46434
13298154,46435
13298879,46436
13298948,46437
13298964,46438
13299076,46439
13299356,46440
13299451,46441
13299496,46442
13299616,46443
13299926,46444
13300014,46445
13300164,46446
13300516,46447
13300562,46448
13301095,46449
13301258,46450
13301385,46451
13301882,46452
13302193,46453
13302356,46454
13302469,46455
13302647,46456
13302839,46457
13303006,46458
13303269,46459
13303841,46460
13303870,46461
13303973,46462
13304226,46463
13304577,46464
13304751,46465
13304788,46466
13304833,46467
13304970,46468
13305019,46469
13305951,46470
13306129,46471
13306394,46472
13308193,46473
13309326,46474
13309735,46475
13309933,46476
13310020,46477
13310459,46478
13310534,46479
13310612,46480
13311083,46481
13311705,46482
13311735,46483
13311924,46484
13312268,46485
13312394,46486
13312494,46487
13312985,46488
13313247,46489
13313318,46490
13313429,46491
13314048,46492
13314388,46493
13314475,46494
13314714,46495
13315204,46496
13315675,46497
13316339,46498
13316586,46499
13316802,46500
13317561,46501
13317633,46502
13317832,46503
13317949,46504
13319072,46505
13319161,46506
13319728,46507
13319745,46508
13320348,46509
13320834,46510
13321065,46511
13321176,46512
13321218,46513
13321502,46514
13321748,46515
13321956,46516
13322170,46517
13322332,46518
13322864,46519
13323403,46520
13323848,46521
13323975,46522
13324075,46523
13324356,46524
13324688,46525
13324753,46526
13325170,46527
13325351,46528
13325660,46529
13326258,46530
13326804,46531
13327974,46532
13328050,46533
13328663,46534
13328787,46535
13328957,46536
13329055,46537
13329371,46538
13329373,46539
13329513,46540
13329624,46541
13329738,46542
13330076,46543
13330321,46544
13330465,46545
13332577,46546
13332607,46547
13332963,46548
13333444,46549
13333563,46550
13333714,46551
13333834,46552
13333870,46553
13334175,46554
13334189,46555
13334226,46556
13334252,46557
13334388,46558
13334579,46559
13334826,46560
13334847,46561
13335638,46562
13336065,46563
13336784,46564
13336799,46565
13337536,46566
13337895,46567
13338013,46568
13338091,46569
13338162,46570
13338283,46571
13338440,46572
13338680,46573
13338767,46574
13339163,46575
13339772,46576
13339869,46577
13340051,46578
13340503,46579
13340815,46580
13341055,46581
13341495,46582
13341642,46583
13341850,46584
13341977,46585
13342012,46586
13342556,46587
13342836,46588
13342880,46589
13342948,46590
13343035,46591
13343517,46592
13343543,46593
13343579,46594
13343721,46595
13343961,46596
13344240,46597
13344483,46598
13344587,46599
13344768,46600
13345415,46601
13345548,46602
13345781,46603
13345798,46604
13346219,46605
13346286,46606
13346333,46607
13346782,46608
13346822,46609
13347282,46610
13347495,46611
13347746,46612
13348159,46613
13348466,46614
13349066,46615
13349328,46616
13349390,46617
13349444,46618
13349867,46619
13350108,46620
13350229,46621
13350230,46622
13350312,46623
13350314,46624
13350401,46625
13350412,46626
13350759,46627
13351335,46628
13351473,46629
13352030,46630
13352321,46631
13352537,46632
13352581,46633
13353049,46634
13354007,46635
13354339,46636
13354758,46637
13354772,46638
13354903,46639
13355014,46640
13355299,46641
13355743,46642
13355746,46643
13355818,46644
13356105,46645
13356837,46646
13357480,46647
13357542,46648
13357792,46649
13357942,46650
13357945,46651
13358239,46652
13358443,46653
13358536,46654
13358749,46655
13359472,46656
13359485,46657
13359968,46658
13360102,46659
13360115,46660
13360500,46661
13361093,46662
13361530,46663
13361993,46664
13362152,46665
13362437,46666
13362465,46667
13362699,46668
13362764,46669
13362821,46670
13363099,46671
13363280,46672
13363735,46673
13363774,46674
13364036,46675
13364267,46676
13364521,46677
13364843,46678
13364867,46679
13364972,46680
13365033,46681
13365149,46682
13365272,46683
13365499,46684
13365543,46685
13366174,46686
13366284,46687
13366603,46688
13366772,46689
13367134,46690
13367327,46691
13367516,46692
13367654,46693
13368068,46694
13368964,46695
13369192,46696
13369409,46697
13370450,46698
13371232,46699
13371391,46700
13372874,46701
13373013,46702
13373287,46703
13373632,46704
13373963,46705
13374307,46706
13374842,46707
13375191,46708
13375558,46709
13375895,46710
13375920,46711
13376110,46712
13376697,46713
13377211,46714
13378006,46715
13378028,46716
13378663,46717
13380030,46718
13380818,46719
13381159,46720
13381192,46721
13381929,46722
13381956,46723
13382035,46724
13382109,46725
13382138,46726
13382425,46727
13382519,46728
13382677,46729
13382870,46730
13382882,46731
13382909,46732
13382954,46733
13383017,46734
13383296,46735
13383662,46736
13383840,46737
13384631,46738
13384693,46739
13384734,46740
13385587,46741
13386255,46742
13386573,46743
13387089,46744
13387483,46745
13388196,46746
13388356,46747
13389565,46748
13389694,46749
13390011,46750
13390235,46751
13390244,46752
13391027,46753
13391121,46754
13391135,46755
13391193,46756
13391277,46757
13391282,46758
13391537,46759
13392374,46760
13392382,46761
13392772,46762
13394180,46763
13394717,46764
13395259,46765
13396402,46766
13396581,46767
13396712,46768
13397313,46769
13397441,46770
13398133,46771
13399402,46772
13399681,46773
13400257,46774
13400305,46775
13400654,46776
13401384,46777
13401482,46778
13401483,46779
13401554,46780
13401616,46781
13401743,46782
13401960,46783
13402026,46784
13402137,46785
13402336,46786
13402548,46787
13402710,46788
13403420,46789
13403532,46790
13403762,46791
13404076,46792
13404251,46793
13404343,46794
13404912,46795
13405582,46796
13405974,46797
13406552,46798
13406821,46799
13406941,46800
13407146,46801
13407951,46802
13409042,46803
13409078,46804
13409368,46805
13409597,46806
13409647,46807
13409696,46808
13410360,46809
13411037,46810
13411396,46811
13411801,46812
13411855,46813
13412007,46814
13412316,46815
13412527,46816
13412597,46817
13412774,46818
13413361,46819
13414225,46820
13415626,46821
13416312,46822
13417595,46823
13417650,46824
13417962,46825
13418179,46826
13418472,46827
13418645,46828
13418893,46829
13419118,46830
13419269,46831
13419613,46832
13420734,46833
13421219,46834
13421365,46835
13421547,46836
13421549,46837
13421921,46838
13421952,46839
13422366,46840
13423258,46841
13423389,46842
13424622,46843
13425053,46844
13425251,46845
13425474,46846
13425775,46847
13426157,46848
13426606,46849
13426638,46850
13427064,46851
13427102,46852
13427259,46853
13427375,46854
13427422,46855
13427432,46856
13427859,46857
13428484,46858
13428524,46859
13428761,46860
13428762,46861
13428839,46862
13429157,46863
13429589,46864
13429663,46865
13429746,46866
13429982,46867
13430003,46868
13430005,46869
13430387,46870
13430690,46871
13430694,46872
13431003,46873
13431009,46874
13431121,46875
13431200,46876
13431534,46877
13431591,46878
13431643,46879
13431746,46880
13431782,46881
13431998,46882
13432099,46883
13432269,46884
13432316,46885
13432840,46886
13432880,46887
13433026,46888
13433190,46889
13433592,46890
13433612,46891
13433894,46892
13433911,46893
13433915,46894
13433995,46895
13434122,46896
13434380,46897
13434421,46898
13434439,46899
13434646,46900
13435024,46901
13435088,46902
13435553,46903
13435602,46904
13435884,46905
13436534,46906
13437000,46907
13438196,46908
13438232,46909
13438751,46910
13438950,46911
13439025,46912
13439588,46913
13439862,46914
13439977,46915
13440558,46916
13441419,46917
13441500,46918
13441936,46919
13442045,46920
13442247,46921
13442542,46922
13442601,46923
13443005,46924
13443516,46925
13443618,46926
13444488,46927
13445513,46928
13445833,46929
13446478,46930
13446815,46931
13446885,46932
13447021,46933
13447619,46934
13448691,46935
13449222,46936
13449333,46937
13449433,46938
13449742,46939
13449867,46940
13449893,46941
13449978,46942
13450135,46943
13450513,46944
13450568,46945
13450619,46946
13450855,46947
13451353,46948
13451363,46949
13451528,46950
13451873,46951
13452885,46952
13453430,46953
13453616,46954
13453790,46955
13453823,46956
13454111,46957
13454996,46958
13455152,46959
13455341,46960
13455752,46961
13455824,46962
13455891,46963
13456380,46964
13456437,46965
13457340,46966
13458020,46967
13458061,46968
13458459,46969
13458466,46970
13458693,46971
13458827,46972
13459477,46973
13459774,46974
13459849,46975
13460111,46976
13460160,46977
13460509,46978
13461406,46979
13461867,46980
13462048,46981
13463152,46982
13463731,46983
13464189,46984
13464241,46985
13464446,46986
13464523,46987
13465583,46988
13465744,46989
13465822,46990
13465845,46991
13466298,46992
13466535,46993
13468473,46994
13468918,46995
13469009,46996
13469103,46997
13469120,46998
13469264,46999
13469287,47000
13470110,47001
13470277,47002
13470505,47003
13470901,47004
13470947,47005
13471223,47006
13471616,47007
13471729,47008
13471732,47009
13471750,47010
13473265,47011
13473521,47012
13475012,47013
13475645,47014
13475872,47015
13476469,47016
13476640,47017
13476933,47018
13477020,47019
13477616,47020
13477675,47021
13477900,47022
13477926,47023
13478006,47024
13478223,47025
13478504,47026
13478864,47027
13478931,47028
13480348,47029
13480444,47030
13480500,47031
13480988,47032
13481145,47033
13481304,47034
13481593,47035
13481716,47036
13482453,47037
13483038,47038
13483513,47039
13484166,47040
13484201,47041
13484219,47042
13484623,47043
13484715,47044
13484904,47045
13484914,47046
13485012,47047
13485329,47048
13485431,47049
13485860,47050
13486683,47051
13487231,47052
13487660,47053
13487789,47054
13488951,47055
13489278,47056
13489663,47057
13489684,47058
13489700,47059
13489748,47060
13489931,47061
13490281,47062
13490899,47063
13491613,47064
13491847,47065
13491959,47066
13491982,47067
13492222,47068
13492229,47069
13492459,47070
13492487,47071
13492597,47072
13493987,47073
13494188,47074
13494609,47075
13494641,47076
13496146,47077
13497001,47078
13497664,47079
13498051,47080
13498368,47081
13498669,47082
13499527,47083
13499554,47084
13500019,47085
13500660,47086
13500723,47087
13500741,47088
13501722,47089
13501923,47090
13501928,47091
13502287,47092
13502487,47093
13503990,47094
13504050,47095
13504195,47096
13504209,47097
13504278,47098
13504379,47099
13505189,47100
13505457,47101
13505532,47102
13505889,47103
13506233,47104
13506242,47105
13506377,47106
13506497,47107
13507062,47108
13507750,47109
13507823,47110
13508109,47111
13508185,47112
13508456,47113
13508551,47114
13508771,47115
13508981,47116
13509027,47117
13509139,47118
13509842,47119
13509924,47120
13510189,47121
13510385,47122
13510404,47123
13510698,47124
13510854,47125
13511106,47126
13511148,47127
13511647,47128
13511674,47129
13512234,47130
13512277,47131
13512576,47132
13512620,47133
13512776,47134
13513311,47135
13513870,47136
13514252,47137
13514469,47138
13515007,47139
13515443,47140
13515532,47141
13516087,47142
13516765,47143
13517271,47144
13517431,47145
13517564,47146
13517896,47147
13518105,47148
13518143,47149
13518301,47150
13518880,47151
13518957,47152
13518961,47153
13519038,47154
13519322,47155
13519346,47156
13519588,47157
13519701,47158
13520063,47159
13520453,47160
13521096,47161
13521422,47162
13521742,47163
13522150,47164
13522847,47165
13522885,47166
13523144,47167
13523260,47168
13523362,47169
13524310,47170
13524492,47171
13524982,47172
13525038,47173
13525574,47174
13526115,47175
13526182,47176
13526783,47177
13526909,47178
13527062,47179
13527229,47180
13527654,47181
13527847,47182
13528127,47183
13528705,47184
13528867,47185
13529041,47186
13529196,47187
13529376,47188
13529454,47189
13529726,47190
13530111,47191
13531233,47192
13532642,47193
13532841,47194
13532890,47195
13533499,47196
13533922,47197
13534025,47198
13534035,47199
13534120,47200
13534270,47201
13534308,47202
13534603,47203
13534656,47204
13534991,47205
13535283,47206
13536200,47207
13536461,47208
13536653,47209
13537080,47210
13537911,47211
13538430,47212
13539242,47213
13539360,47214
13539817,47215
13539941,47216
13540274,47217
13540479,47218
13540507,47219
13540806,47220
13541907,47221
13541956,47222
13542030,47223
13542201,47224
13542282,47225
13542328,47226
13542478,47227
13543135,47228
13543448,47229
13543778,47230
13544083,47231
13544237,47232
13544804,47233
13544857,47234
13545110,47235
13545182,47236
13545215,47237
13545244,47238
13546118,47239
13546210,47240
13546347,47241
13546411,47242
13546533,47243
13546639,47244
13547146,47245
13547291,47246
13547343,47247
13547506,47248
13547583,47249
13547611,47250
13547832,47251
13548105,47252
13549160,47253
13549587,47254
13549625,47255
13549927,47256
13550163,47257
13550243,47258
13550340,47259
13550346,47260
13550633,47261
13550775,47262
13551235,47263
13551587,47264
13552163,47265
13552849,47266
13552973,47267
13553117,47268
13553195,47269
13553392,47270
13554094,47271
13554377,47272
13554771,47273
13554948,47274
13555777,47275
13556148,47276
13556169,47277
13556741,47278
13556991,47279
13556993,47280
13557528,47281
13557921,47282
13557948,47283
13558260,47284
13558293,47285
13558419,47286
13558546,47287
13558968,47288
13560597,47289
13561221,47290
13561224,47291
13561516,47292
13561689,47293
13561987,47294
13562024,47295
13562252,47296
13562973,47297
13563156,47298
13563615,47299
13563758,47300
13564041,47301
13564104,47302
13565230,47303
13565296,47304
13565447,47305
13565589,47306
13566390,47307
13566529,47308
13566630,47309
13566993,47310
13567183,47311
13567263,47312
13567488,47313
13567678,47314
13567709,47315
13567873,47316
13567911,47317
13568012,47318
13568554,47319
13569071,47320
13569454,47321
13569653,47322
13569846,47323
13570092,47324
13570893,47325
13571231,47326
13571614,47327
13571988,47328
13572345,47329
13572586,47330
13572625,47331
13573334,47332
13573819,47333
13574268,47334
13574393,47335
13574922,47336
13575280,47337
13576334,47338
13576445,47339
13576867,47340
13577975,47341
13578287,47342
13579714,47343
13580211,47344
13580260,47345
13580836,47346
13581032,47347
13581189,47348
13581770,47349
13581799,47350
13582557,47351
13582654,47352
13582913,47353
13583934,47354
13584714,47355
13585054,47356
13585445,47357
13585510,47358
13585515,47359
13585548,47360
13586175,47361
13586280,47362
13587412,47363
13587617,47364
13588020,47365
13588272,47366
13589500,47367
13590368,47368
13590373,47369
13590534,47370
13591056,47371
13591421,47372
13591535,47373
13591675,47374
13592525,47375
13592568,47376
13592868,47377
13592906,47378
13593845,47379
13594258,47380
13594317,47381
13594849,47382
13595157,47383
13595317,47384
13595716,47385
13595941,47386
13596115,47387
13597428,47388
13597906,47389
13598152,47390
13598244,47391
13598401,47392
13598475,47393
13598733,47394
13599155,47395
13599299,47396
13599437,47397
13599712,47398
13600663,47399
13600717,47400
13601124,47401
13601721,47402
13601825,47403
13601858,47404
13602363,47405
13602389,47406
13602508,47407
13602587,47408
13602926,47409
13603186,47410
13603258,47411
13603324,47412
13603626,47413
13603876,47414
13604445,47415
13604639,47416
13604950,47417
13605434,47418
13605483,47419
13605701,47420
13605761,47421
13606595,47422
13606627,47423
13606729,47424
13607607,47425
13607815,47426
13608228,47427
13608706,47428
13609123,47429
13609251,47430
13609694,47431
13609832,47432
13610188,47433
13610972,47434
13611340,47435
13611489,47436
13611847,47437
13611970,47438
13612187,47439
13612590,47440
13612663,47441
13612732,47442
13613453,47443
13613691,47444
13614043,47445
13614344,47446
13614896,47447
13615925,47448
13616313,47449
13616427,47450
13616438,47451
13616694,47452
13617214,47453
13617648,47454
13618299,47455
13618377,47456
13618656,47457
13618696,47458
13619012,47459
13619016,47460
13619754,47461
13619760,47462
13619799,47463
13620067,47464
13620528,47465
13620571,47466
13620798,47467
13621080,47468
13621230,47469
13621290,47470
13621416,47471
13621862,47472
13622175,47473
13622200,47474
13622221,47475
13622505,47476
13622545,47477
13623995,47478
13624871,47479
13625094,47480
13625346,47481
13625415,47482
13625477,47483
13625483,47484
13625672,47485
13625800,47486
13626143,47487
13626386,47488
13627129,47489
13627243,47490
13627514,47491
13627766,47492
13627900,47493
13628188,47494
13628620,47495
13629030,47496
13629101,47497
13629209,47498
13629600,47499
13630680,47500
13630771,47501
13630944,47502
13631387,47503
13631459,47504
13631954,47505
13632298,47506
13632320,47507
13633477,47508
13633766,47509
13634453,47510
13635034,47511
13635819,47512
13636902,47513
13637259,47514
13637291,47515
13637331,47516
13637870,47517
13637883,47518
13638250,47519
13639158,47520
13639225,47521
13639275,47522
13639591,47523
13639624,47524
13640327,47525
13640341,47526
13640435,47527
13640514,47528
13640561,47529
13640915,47530
13641147,47531
13641258,47532
13641430,47533
13641630,47534
13641857,47535
13642523,47536
13643103,47537
13643320,47538
13643361,47539
13644047,47540
13644205,47541
13644543,47542
13644696,47543
13644763,47544
13645349,47545
13645737,47546
13646226,47547
13646279,47548
13646701,47549
13646730,47550
13647411,47551
13647558,47552
13648363,47553
13648413,47554
13648579,47555
13649091,47556
13649224,47557
13649279,47558
13649373,47559
13649427,47560
13649714,47561
13649950,47562
13649997,47563
13649999,47564
13650413,47565
13650512,47566
13651045,47567
13652659,47568
13652927,47569
13654852,47570
13655337,47571
13656568,47572
13656793,47573
13656917,47574
13657006,47575
13657240,47576
13657336,47577
13657577,47578
13657829,47579
13657848,47580
13657923,47581
13658182,47582
13658536,47583
13658876,47584
13659547,47585
13659553,47586
13659631,47587
13659683,47588
13660422,47589
13660845,47590
13661042,47591
13661213,47592
13661709,47593
13662622,47594
13662919,47595
13663273,47596
13663318,47597
13664427,47598
13664627,47599
13665218,47600
13665766,47601
13665789,47602
13666866,47603
13666910,47604
13667452,47605
13667794,47606
13668190,47607
13668218,47608
13668250,47609
13668264,47610
13668297,47611
13668451,47612
13668547,47613
13668569,47614
13668964,47615
13668971,47616
13669616,47617
13669901,47618
13669990,47619
13670451,47620
13670761,47621
13670827,47622
13670842,47623
13670844,47624
13671013,47625
13671879,47626
13672044,47627
13672429,47628
13672615,47629
13673006,47630
13673021,47631
13673343,47632
13673384,47633
13673518,47634
13673614,47635
13673903,47636
13674946,47637
13675279,47638
13675490,47639
13675511,47640
13676166,47641
13676222,47642
13676931,47643
13677417,47644
13678439,47645
13679365,47646
13679805,47647
13679867,47648
13680203,47649
13680443,47650
13680891,47651
13681660,47652
13682236,47653
13682505,47654
13683030,47655
13683376,47656
13683574,47657
13683961,47658
13684182,47659
13684324,47660
13684400,47661
13685196,47662
13685421,47663
13686147,47664
13686507,47665
13686664,47666
13686745,47667
13686750,47668
13687266,47669
13687556,47670
13689441,47671
13689446,47672
13690756,47673
13691535,47674
13691913,47675
13692186,47676
13692221,47677
13692257,47678
13692316,47679
13692344,47680
13692572,47681
13693775,47682
13693867,47683
13694117,47684
13694487,47685
13695628,47686
13695639,47687
13695714,47688
13696058,47689
13696163,47690
13696643,47691
13696681,47692
13698547,47693
13698651,47694
13698789,47695
13699416,47696
13699783,47697
13700526,47698
13701213,47699
13701496,47700
13701523,47701
13701629,47702
13702366,47703
13702702,47704
13702798,47705
13702940,47706
13703192,47707
13703611,47708
13703650,47709
13703705,47710
13703928,47711
13704915,47712
13705060,47713
13705093,47714
13705130,47715
13705394,47716
13705629,47717
13705933,47718
13706805,47719
13707410,47720
13707588,47721
13707677,47722
13707793,47723
13708025,47724
13708054,47725
13708639,47726
13709109,47727
13709339,47728
13709413,47729
13709807,47730
13709987,47731
13710547,47732
13710987,47733
13711170,47734
13711595,47735
13712474,47736
13713679,47737
13714154,47738
13714799,47739
13714941,47740
13715332,47741
13715390,47742
13715779,47743
13716013,47744
13716298,47745
13716308,47746
13717089,47747
13717244,47748
13717513,47749
13718454,47750
13718669,47751
13718690,47752
13719256,47753
13719306,47754
13719488,47755
13719620,47756
13720165,47757
13720255,47758
13720436,47759
13720497,47760
13720506,47761
13720854,47762
13720950,47763
13721121,47764
13721461,47765
13722692,47766
13723042,47767
13723072,47768
13723627,47769
13723673,47770
13724234,47771
13724476,47772
13724563,47773
13724650,47774
13724656,47775
13725291,47776
13725442,47777
13725614,47778
13726277,47779
13726769,47780
13726781,47781
13726900,47782
13727028,47783
13727861,47784
13728340,47785
13728440,47786
13728487,47787
13728707,47788
13728724,47789
13728834,47790
13729017,47791
13729366,47792
13729568,47793
13729933,47794
13730024,47795
13730453,47796
13730534,47797
13730769,47798
13730779,47799
13731018,47800
13731201,47801
13731708,47802
13731885,47803
13732503,47804
13732772,47805
13732868,47806
13733064,47807
13733191,47808
13734178,47809
13734250,47810
13734251,47811
13734779,47812
13735361,47813
13736593,47814
13737235,47815
13737405,47816
13737419,47817
13737790,47818
13737801,47819
13738007,47820
13738781,47821
13739036,47822
13739056,47823
13739616,47824
13740601,47825
13740636,47826
13740761,47827
13741206,47828
13741805,47829
13743456,47830
13743786,47831
13744319,47832
13744661,47833
13744986,47834
13744993,47835
13745258,47836
13745430,47837
13745904,47838
13746045,47839
13746315,47840
13746514,47841
13746696,47842
13746737,47843
13746790,47844
13746860,47845
13747093,47846
13747302,47847
13747337,47848
13747409,47849
13747592,47850
13748303,47851
13748359,47852
13748652,47853
13748705,47854
13749550,47855
13749904,47856
13750293,47857
13750371,47858
13750623,47859
13750633,47860
13750671,47861
13750894,47862
13751273,47863
13751906,47864
13752405,47865
13752766,47866
13753156,47867
13753889,47868
13754033,47869
13754116,47870
13754356,47871
13754365,47872
13754508,47873
13754936,47874
13755479,47875
13755558,47876
13756965,47877
13757086,47878
13757526,47879
13757984,47880
13758075,47881
13758378,47882
13758468,47883
13758557,47884
13758665,47885
13758712,47886
13758779,47887
13759548,47888
13759677,47889
13759700,47890
13760283,47891
13760349,47892
13760734,47893
13761020,47894
13761242,47895
13762049,47896
13762370,47897
13762409,47898
13763522,47899
13763904,47900
13763948,47901
13764137,47902
13764469,47903
13764821,47904
13765265,47905
13765313,47906
13765496,47907
13765540,47908
13765942,47909
13766164,47910
13766498,47911
13766569,47912
13766908,47913
13767093,47914
13767112,47915
13767254,47916
13767401,47917
13767492,47918
13768278,47919
13768439,47920
13768686,47921
13768828,47922
13768852,47923
13768853,47924
13768910,47925
13769122,47926
13769209,47927
13769533,47928
13770132,47929
13770252,47930
13770316,47931
13771081,47932
13771342,47933
13771923,47934
13773328,47935
13773441,47936
13773712,47937
13773969,47938
13774119,47939
13774754,47940
13775322,47941
13775796,47942
13775828,47943
13775880,47944
13776029,47945
13776131,47946
13776271,47947
13776394,47948
13776552,47949
13776745,47950
13776851,47951
13777300,47952
13777325,47953
13777360,47954
13777415,47955
13777498,47956
13777710,47957
13778130,47958
13778282,47959
13778406,47960
13778510,47961
13778708,47962
13779104,47963
13779526,47964
13779574,47965
13779989,47966
13779991,47967
13780602,47968
13781451,47969
13781495,47970
13781681,47971
13781833,47972
13782436,47973
13782546,47974
13783110,47975
13783309,47976
13783457,47977
13783966,47978
13784293,47979
13784416,47980
13784685,47981
13785077,47982
13785362,47983
13785701,47984
13786168,47985
13786422,47986
13786944,47987
13787441,47988
13787939,47989
13787940,47990
13788257,47991
13788709,47992
13788742,47993
13789026,47994
13789253,47995
13789353,47996
13789639,47997
13789714,47998
13789766,47999
13789793,48000
13790214,48001
13791031,48002
13791081,48003
13791613,48004
13791616,48005
13791908,48006
13792056,48007
13792457,48008
13792631,48009
13794158,48010
13794360,48011
13795276,48012
13795558,48013
13795874,48014
13796179,48015
13796574,48016
13796707,48017
13796787,48018
13797212,48019
13797298,48020
13797562,48021
13797708,48022
13798060,48023
13798700,48024
13798829,48025
13798896,48026
13799375,48027
13799498,48028
13799772,48029
13799791,48030
13799972,48031
13800060,48032
13800358,48033
13800994,48034
13801559,48035
13801916,48036
13802213,48037
13802218,48038
13802538,48039
13802657,48040
13802692,48041
13802744,48042
13803047,48043
13803119,48044
13803290,48045
13803651,48046
13803796,48047
13803809,48048
13804156,48049
13804284,48050
13804553,48051
13804711,48052
13804823,48053
13805024,48054
13806363,48055
13806555,48056
13806952,48057
13807575,48058
13807619,48059
13807620,48060
13808187,48061
13808327,48062
13808942,48063
13809962,48064
13810621,48065
13811072,48066
13811926,48067
13812081,48068
13812186,48069
13812732,48070
13813077,48071
13813091,48072
13813227,48073
13813254,48074
13813368,48075
13813711,48076
13814456,48077
13814869,48078
13815152,48079
13815189,48080
13815224,48081
13815395,48082
13815405,48083
13815923,48084
13816079,48085
13816223,48086
13816447,48087
13816794,48088
13816864,48089
13817569,48090
13817782,48091
13817838,48092
13818106,48093
13818725,48094
13818728,48095
13819032,48096
13819140,48097
13819245,48098
13819421,48099
13819775,48100
13819779,48101
13819812,48102
13820311,48103
13820616,48104
13820690,48105
13821666,48106
13821743,48107
13822584,48108
13822598,48109
13822642,48110
13823134,48111
13824445,48112
13825442,48113
13825687,48114
13825701,48115
13825758,48116
13825970,48117
13826063,48118
13826118,48119
13826276,48120
13826828,48121
13827195,48122
13827368,48123
13827544,48124
13827793,48125
13828091,48126
13828832,48127
13829333,48128
13830119,48129
13830434,48130
13830480,48131
13830649,48132
13831462,48133
13831517,48134
13831580,48135
13831617,48136
13831751,48137
13832113,48138
13832307,48139
13833163,48140
13833218,48141
13833754,48142
13834188,48143
13834289,48144
13834503,48145
13834680,48146
13835028,48147
13835439,48148
13835640,48149
13835643,48150
13835849,48151
13836235,48152
13837214,48153
13837356,48154
13837494,48155
13837836,48156
13838329,48157
13838909,48158
13839369,48159
13839385,48160
13839462,48161
13839556,48162
13839776,48163
13839972,48164
13840338,48165
13840369,48166
13840891,48167
13841096,48168
13841281,48169
13841337,48170
13841596,48171
13841611,48172
13841675,48173
13841785,48174
13842364,48175
13843224,48176
13843410,48177
13843559,48178
13843701,48179
13843726,48180
13844231,48181
13844295,48182
13845528,48183
13846034,48184
13846312,48185
13847362,48186
13847378,48187
13847501,48188
13847507,48189
13847919,48190
13848096,48191
13848337,48192
13848459,48193
13849392,48194
13849976,48195
13850795,48196
13851801,48197
13852273,48198
13852614,48199
13853276,48200
13853812,48201
13854222,48202
13854940,48203
13855133,48204
13855413,48205
13855567,48206
13855635,48207
13855823,48208
13856049,48209
13856415,48210
13856427,48211
13856750,48212
13857187,48213
13857197,48214
13857215,48215
13857249,48216
13857315,48217
13857482,48218
13857489,48219
13857754,48220
13858250,48221
13858354,48222
13858574,48223
13858595,48224
13858738,48225
13858752,48226
13858774,48227
13859093,48228
13859274,48229
13859775,48230
13860073,48231
13860110,48232
13860448,48233
13860527,48234
13860674,48235
13860802,48236
13861052,48237
13861228,48238
13861765,48239
13861947,48240
13862190,48241
13862566,48242
13863136,48243
13863303,48244
13863925,48245
13864006,48246
13864311,48247
13864330,48248
13864707,48249
13864761,48250
13865126,48251
13866144,48252
13866772,48253
13867067,48254
13867194,48255
13867300,48256
13867931,48257
13868827,48258
13869095,48259
13869175,48260
13869229,48261
13869753,48262
13869846,48263
13870705,48264
13871318,48265
13871653,48266
13872108,48267
13872341,48268
13872405,48269
13872446,48270
13872572,48271
13872832,48272
13873423,48273
13873507,48274
13873551,48275
13873708,48276
13874160,48277
13875104,48278
13875239,48279
13875329,48280
13875401,48281
13875430,48282
13875711,48283
13876294,48284
13876459,48285
13876491,48286
13876651,48287
13876715,48288
13876966,48289
13877419,48290
13877481,48291
13877663,48292
13877689,48293
13877947,48294
13877973,48295
13878141,48296
13878254,48297
13878363,48298
13878393,48299
13878467,48300
13878681,48301
13878781,48302
13879099,48303
13879172,48304
13879589,48305
13880060,48306
13880064,48307
13880078,48308
13880413,48309
13880654,48310
13881361,48311
13881532,48312
13881698,48313
13881773,48314
13881983,48315
13882538,48316
13882906,48317
13883503,48318
13884016,48319
13884151,48320
13884677,48321
13885069,48322
13885171,48323
13885304,48324
13885486,48325
13885555,48326
13885592,48327
13885665,48328
13886006,48329
13886049,48330
13886165,48331
13886229,48332
13886287,48333
13886415,48334
13886869,48335
13887170,48336
13887171,48337
13887356,48338
13887358,48339
13887510,48340
13887759,48341
13888256,48342
13888330,48343
13889141,48344
13889257,48345
13889263,48346
13889569,48347
13889622,48348
13889976,48349
13890254,48350
13890285,48351
13890917,48352
13891543,48353
13891747,48354
13892457,48355
13892546,48356
13892914,48357
13893029,48358
13893333,48359
13893383,48360
13893621,48361
13894165,48362
13894466,48363
13894576,48364
13894714,48365
13895749,48366
13895897,48367
13897391,48368
13897406,48369
13897601,48370
13897858,48371
13898426,48372
13898505,48373
13898862,48374
13899107,48375
13899512,48376
13899536,48377
13899632,48378
13899773,48379
13900152,48380
13900339,48381
13900383,48382
13900846,48383
13901152,48384
13901485,48385
13901982,48386
13902101,48387
13902116,48388
13902333,48389
13902449,48390
13903037,48391
13903406,48392
13903593,48393
13903611,48394
13903867,48395
13904837,48396
13905136,48397
13905373,48398
13905753,48399
13907115,48400
13907180,48401
13907750,48402
13908121,48403
13908168,48404
13908418,48405
13908438,48406
13909261,48407
13910479,48408
13910778,48409
13911074,48410
13911456,48411
13911496,48412
13911643,48413
13911699,48414
13912121,48415
13912139,48416
13912632,48417
13912870,48418
13913502,48419
13913832,48420
13914075,48421
13914225,48422
13914330,48423
13914871,48424
13915018,48425
13915318,48426
13915406,48427
13915495,48428
13915514,48429
13915978,48430
13916022,48431
13916039,48432
13916306,48433
13916400,48434
13916772,48435
13916933,48436
13917310,48437
13917571,48438
13917888,48439
13918053,48440
13918553,48441
13918669,48442
13918882,48443
13918928,48444
13919373,48445
13919723,48446
13920579,48447
13920858,48448
13920955,48449
13921000,48450
13921150,48451
13921196,48452
13921513,48453
13921848,48454
13921860,48455
13921972,48456
13922165,48457
13922314,48458
13922721,48459
13922732,48460
13923093,48461
13923122,48462
13923200,48463
13923259,48464
13923887,48465
13923953,48466
13924314,48467
13924382,48468
13924492,48469
13924539,48470
13924770,48471
13925534,48472
13926081,48473
13926235,48474
13926408,48475
13927315,48476
13927317,48477
13927341,48478
13927447,48479
13927845,48480
13928425,48481
13928452,48482
13928456,48483
13928584,48484
13928599,48485
13928752,48486
13928886,48487
13928974,48488
13929657,48489
13929817,48490
13930087,48491
13930435,48492
13931434,48493
13931531,48494
13931627,48495
13932587,48496
13932636,48497
13932986,48498
13933113,48499
13933210,48500
13933326,48501
13933553,48502
13934115,48503
13934283,48504
13934311,48505
13934400,48506
13934830,48507
13934871,48508
13934894,48509
13934948,48510
13934975,48511
13935773,48512
13936337,48513
13936411,48514
13936723,48515
13937370,48516
13937396,48517
13937783,48518
13938263,48519
13938308,48520
13939835,48521
13939963,48522
13939967,48523
13940296,48524
13940477,48525
13940535,48526
13941256,48527
13941892,48528
13942138,48529
13942990,48530
13942997,48531
13943285,48532
13943654,48533
13943998,48534
13944752,48535
13944871,48536
13945043,48537
13945052,48538
13945130,48539
13945318,48540
13945660,48541
13945720,48542
13945933,48543
13946014,48544
13946172,48545
13946217,48546
13946794,48547
13946839,48548
13947023,48549
13947255,48550
13947326,48551
13947433,48552
13947769,48553
13947865,48554
13948157,48555
13948213,48556
13948416,48557
13948789,48558
13949303,48559
13949485,48560
13949616,48561
13949884,48562
13949932,48563
13950280,48564
13950440,48565
13950666,48566
13950770,48567
13950912,48568
13951195,48569
13951269,48570
13951594,48571
13951897,48572
13952081,48573
13952822,48574
13953135,48575
13953181,48576
13953734,48577
13954088,48578
13954385,48579
13954431,48580
13954593,48581
13954980,48582
13955362,48583
13955969,48584
13956375,48585
13956997,48586
13957254,48587
13957612,48588
13958453,48589
13958770,48590
13959056,48591
13959749,48592
13960139,48593
13960973,48594
13961130,48595
13961220,48596
13961222,48597
13961504,48598
13961658,48599
13962078,48600
13962085,48601
13962423,48602
13962497,48603
13962700,48604
13962815,48605
13963126,48606
13963156,48607
13963186,48608
13963264,48609
13963501,48610
13963564,48611
13963679,48612
13964006,48613
13964100,48614
13964470,48615
13964647,48616
13964761,48617
13964956,48618
13965031,48619
13965436,48620
13965488,48621
13965519,48622
13965583,48623
13965630,48624
13965938,48625
13966179,48626
13966210,48627
13966342,48628
13966630,48629
13966912,48630
13967049,48631
13967226,48632
13967410,48633
13967694,48634
13967775,48635
13967846,48636
13968612,48637
13968625,48638
13968753,48639
13968758,48640
13968955,48641
13969047,48642
13969126,48643
13970399,48644
13970702,48645
13971098,48646
13971185,48647
13971281,48648
13971672,48649
13972005,48650
13972141,48651
13972190,48652
13972336,48653
13972713,48654
13972745,48655
13972899,48656
13973040,48657
13973130,48658
13973295,48659
13973351,48660
13973457,48661
13973580,48662
13973674,48663
13973725,48664
13973802,48665
13974012,48666
13974342,48667
13974478,48668
13974556,48669
13974738,48670
13975042,48671
13975084,48672
13975271,48673
13975371,48674
13975708,48675
13975979,48676
13976128,48677
13976218,48678
13976292,48679
13976300,48680
13976381,48681
13976409,48682
13976691,48683
13976771,48684
13976797,48685
13977116,48686
13977291,48687
13977489,48688
13977802,48689
13978235,48690
13978254,48691
13978438,48692
13978590,48693
13978663,48694
13978907,48695
13978999,48696
13980170,48697
13980259,48698
13980770,48699
13981041,48700
13982057,48701
13982396,48702
13982574,48703
13982620,48704
13983391,48705
13983408,48706
13983543,48707
13983571,48708
13983761,48709
13983788,48710
13983830,48711
13983841,48712
13984049,48713
13984111,48714
13984201,48715
13984715,48716
13984856,48717
13985051,48718
13985649,48719
13985965,48720
13986335,48721
13986397,48722
13986628,48723
13986988,48724
13987217,48725
13987658,48726
13988879,48727
13989506,48728
13989585,48729
13989686,48730
13990337,48731
13990436,48732
13990821,48733
13991082,48734
13991278,48735
13991308,48736
13991322,48737
13991427,48738
13991540,48739
13992098,48740
13992249,48741
13992311,48742
13992364,48743
13992818,48744
13993067,48745
13993072,48746
13993107,48747
13993190,48748
13993480,48749
13993549,48750
13993797,48751
13993821,48752
13994168,48753
13994399,48754
13994460,48755
13994544,48756
13994616,48757
13994752,48758
13994952,48759
13994998,48760
13995949,48761
13996412,48762
13996752,48763
13996828,48764
13997060,48765
13998089,48766
13998106,48767
13998378,48768
13998441,48769
13998650,48770
13999100,48771
13999151,48772
13999194,48773
13999512,48774
13999528,48775
14000348,48776
14000459,48777
14000496,48778
14000595,48779
14000729,48780
14000750,48781
14001127,48782
14001589,48783
14001646,48784
14001689,48785
14001962,48786
14002543,48787
14003225,48788
14003287,48789
14003336,48790
14003626,48791
14003632,48792
14005619,48793
14005620,48794
14005668,48795
14005989,48796
14006053,48797
14006126,48798
14006313,48799
14006369,48800
14006401,48801
14006479,48802
14006691,48803
14006931,48804
14008086,48805
14008135,48806
14008259,48807
14008780,48808
14008872,48809
14008883,48810
14009049,48811
14009265,48812
14009601,48813
14009612,48814
14010260,48815
14010272,48816
14010520,48817
14010809,48818
14010932,48819
14011490,48820
14011710,48821
14012643,48822
14013938,48823
14014130,48824
14014281,48825
14014360,48826
14014874,48827
14015197,48828
14015962,48829
14016200,48830
14016216,48831
14016305,48832
14016868,48833
14017723,48834
14018122,48835
14018533,48836
14018572,48837
14018797,48838
14018909,48839
14018984,48840
14019184,48841
14019401,48842
14019569,48843
14019860,48844
14019861,48845
14019933,48846
14019938,48847
14021251,48848
14021334,48849
14021613,48850
14021779,48851
14022337,48852
14022991,48853
14023134,48854
14023219,48855
14023882,48856
14023903,48857
14024154,48858
14024370,48859
14024835,48860
14024856,48861
14025034,48862
14025149,48863
14025426,48864
14025770,48865
14026320,48866
14026484,48867
14026842,48868
14027423,48869
14027427,48870
14027504,48871
14028563,48872
14029000,48873
14029019,48874
14029159,48875
14029467,48876
14030536,48877
14030676,48878
14031054,48879
14031308,48880
14031415,48881
14031472,48882
14031613,48883
14031707,48884
14032198,48885
14032413,48886
14032517,48887
14032557,48888
14032953,48889
14033391,48890
14033405,48891
14034058,48892
14034063,48893
14034295,48894
14034403,48895
14034555,48896
14034682,48897
14034930,48898
14035099,48899
14035202,48900
14035710,48901
14035762,48902
14035995,48903
14036318,48904
14036382,48905
14036534,48906
14036593,48907
14036783,48908
14037183,48909
14037387,48910
14038269,48911
14038353,48912
14038480,48913
14038538,48914
14039132,48915
14039241,48916
14039433,48917
14039594,48918
14039870,48919
14039872,48920
14039980,48921
14040189,48922
14040497,48923
14040513,48924
14040609,48925
14040610,48926
14040702,48927
14040791,48928
14040854,48929
14041513,48930
14042382,48931
14042873,48932
14042975,48933
14043118,48934
14043148,48935
14043358,48936
14043495,48937
14043712,48938
14044457,48939
14045009,48940
14045031,48941
14045244,48942
14045356,48943
14045386,48944
14045970,48945
14046149,48946
14046328,48947
14046614,48948
14047275,48949
14047313,48950
14047836,48951
14048516,48952
14048777,48953
14048941,48954
14049385,48955
14050249,48956
14050556,48957
14050828,48958
14051242,48959
14051389,48960
14051565,48961
14051852,48962
14051860,48963
14052077,48964
14052115,48965
14052118,48966
14053168,48967
14053264,48968
14053697,48969
14054046,48970
14054857,48971
14054889,48972
14055057,48973
14055121,48974
14055359,48975
14056157,48976
14056350,48977
14057108,48978
14057255,48979
14057752,48980
14057762,48981
14058031,48982
14058251,48983
14058459,48984
14058694,48985
14058921,48986
14059035,48987
14059385,48988
14059874,48989
14060113,48990
14060249,48991
14060521,48992
14060659,48993
14061004,48994
14061741,48995
14062033,48996
14062038,48997
14062275,48998
14062317,48999
14062796,49000
14063114,49001
14063283,49002
14063403,49003
14063684,49004
14064445,49005
14064569,49006
14064832,49007
14064835,49008
14065708,49009
14065757,49010
14065828,49011
14066021,49012
14066461,49013
14066872,49014
14067280,49015
14067531,49016
14067577,49017
14067602,49018
14067688,49019
14068662,49020
14068678,49021
14068833,49022
14068996,49023
14069050,49024
14069161,49025
14069203,49026
14069211,49027
14069271,49028
14069746,49029
14070286,49030
14070325,49031
14070805,49032
14070870,49033
14072216,49034
14072385,49035
14072426,49036
14072572,49037
14072824,49038
14072831,49039
14073399,49040
14073872,49041
14074095,49042
14074109,49043
14074309,49044
14074401,49045
14074762,49046
14075154,49047
14075309,49048
14075366,49049
14075382,49050
14075640,49051
14075983,49052
14076020,49053
14076382,49054
14076591,49055
14076766,49056
14077257,49057
14077750,49058
14078241,49059
14078287,49060
14078954,49061
14079110,49062
14079256,49063
14080815,49064
14081078,49065
14081092,49066
14081098,49067
14081382,49068
14081557,49069
14081678,49070
14081713,49071
14082053,49072
14082371,49073
14082653,49074
14083750,49075
14083857,49076
14083928,49077
14084125,49078
14084479,49079
14084757,49080
14085162,49081
14085377,49082
14086231,49083
14086357,49084
14086418,49085
14086540,49086
14087120,49087
14087581,49088
14087636,49089
14087643,49090
14087729,49091
14087891,49092
14088036,49093
14088448,49094
14089090,49095
14089313,49096
14089470,49097
14089475,49098
14089480,49099
14089544,49100
14089588,49101
14089695,49102
14089741,49103
14090374,49104
14090611,49105
14090981,49106
14091625,49107
14091761,49108
14091881,49109
14092285,49110
14092425,49111
14093168,49112
14093317,49113
14093410,49114
14093697,49115
14093988,49116
14094157,49117
14094347,49118
14094525,49119
14094531,49120
14094898,49121
14094950,49122
14095451,49123
14095720,49124
14096114,49125
14096661,49126
14097011,49127
14097110,49128
14097282,49129
14097769,49130
14097773,49131
14098246,49132
14098580,49133
14098897,49134
14098965,49135
14099853,49136
14099962,49137
14100114,49138
14100158,49139
14100319,49140
14100437,49141
14101355,49142
14101657,49143
14101752,49144
14102351,49145
14102364,49146
14102430,49147
14102926,49148
14103164,49149
14103393,49150
14103792,49151
14103807,49152
14103903,49153
14104299,49154
14104739,49155
14104807,49156
14104845,49157
14105355,49158
14105613,49159
14105625,49160
14105739,49161
14106009,49162
14106044,49163
14106125,49164
14106204,49165
14106876,49166
14107168,49167
14107232,49168
14107572,49169
14107649,49170
14107989,49171
14108105,49172
14108799,49173
14109076,49174
14109082,49175
14109573,49176
14109604,49177
14109783,49178
14109790,49179
14109861,49180
14110302,49181
14110540,49182
14110802,49183
14111378,49184
14111443,49185
14111751,49186
14111850,49187
14112424,49188
14112724,49189
14113082,49190
14113375,49191
14113524,49192
14114019,49193
14114120,49194
14114236,49195
14114600,49196
14115341,49197
14115399,49198
14115793,49199
14116380,49200
14117010,49201
14117016,49202
14117259,49203
14117496,49204
14117810,49205
14117965,49206
14118893,49207
14118928,49208
14118981,49209
14118999,49210
14119037,49211
14119285,49212
14119658,49213
14119931,49214
14120692,49215
14121062,49216
14121382,49217
14121421,49218
14121746,49219
14121779,49220
14122124,49221
14122820,49222
14123331,49223
14123932,49224
14123974,49225
14124026,49226
14124222,49227
14124258,49228
14124746,49229
14124866,49230
14124883,49231
14125221,49232
14125311,49233
14125700,49234
14125704,49235
14126561,49236
14126843,49237
14127179,49238
14127406,49239
14127686,49240
14127850,49241
14128209,49242
14129076,49243
14129620,49244
14131087,49245
14131153,49246
14131616,49247
14131747,49248
14132032,49249
14132817,49250
14132980,49251
14133079,49252
14133613,49253
14133725,49254
14133749,49255
14133756,49256
14134165,49257
14134402,49258
14134427,49259
14134440,49260
14134791,49261
14135322,49262
14135701,49263
14136101,49264
14136727,49265
14136773,49266
14137129,49267
14137572,49268
14137590,49269
14137870,49270
14137921,49271
14138464,49272
14138684,49273
14138990,49274
14139061,49275
14140601,49276
14140706,49277
14140877,49278
14140928,49279
14140999,49280
14141424,49281
14141609,49282
14141798,49283
14142227,49284
14142249,49285
14142278,49286
14143021,49287
14143113,49288
14143185,49289
14143210,49290
14143237,49291
14143388,49292
14143798,49293
14143958,49294
14144094,49295
14144485,49296
14144782,49297
14144826,49298
14145243,49299
14145359,49300
14145965,49301
14146336,49302
14146567,49303
14146569,49304
14146772,49305
14146809,49306
14146914,49307
14146950,49308
14148089,49309
14148309,49310
14148559,49311
14148598,49312
14148911,49313
14149261,49314
14149593,49315
14149639,49316
14149779,49317
14149840,49318
14150261,49319
14150515,49320
14150754,49321
14151293,49322
14151827,49323
14152243,49324
14152521,49325
14152759,49326
14152825,49327
14153121,49328
14153283,49329
14153319,49330
14153672,49331
14153764,49332
14153978,49333
14154218,49334
14154786,49335
14154790,49336
14154972,49337
14155025,49338
14155042,49339
14155416,49340
14155866,49341
14156675,49342
14156751,49343
14157069,49344
14157332,49345
14157371,49346
14157679,49347
14157892,49348
14157989,49349
14158208,49350
14158296,49351
14158567,49352
14158752,49353
14158776,49354
14159191,49355
14159271,49356
14159710,49357
14159760,49358
14160560,49359
14160585,49360
14160661,49361
14161120,49362
14161260,49363
14161357,49364
14161384,49365
14161511,49366
14161900,49367
14162004,49368
14163243,49369
14163331,49370
14163356,49371
14163398,49372
14163492,49373
14164000,49374
14164064,49375
14164573,49376
14164962,49377
14165804,49378
14166221,49379
14166475,49380
14166528,49381
14166609,49382
14166780,49383
14167115,49384
14167325,49385
14167508,49386
14167836,49387
14168202,49388
14168363,49389
14168629,49390
14168716,49391
14168733,49392
14169051,49393
14169301,49394
14169533,49395
14170018,49396
14170087,49397
14170154,49398
14170320,49399
14170727,49400
14171019,49401
14171900,49402
14172347,49403
14172598,49404
14172866,49405
14174063,49406
14174710,49407
14174742,49408
14174915,49409
14175132,49410
14175634,49411
14175652,49412
14176452,49413
14176454,49414
14176511,49415
14176525,49416
14176530,49417
14176953,49418
14176986,49419
14177011,49420
14177037,49421
14177802,49422
14178095,49423
14178946,49424
14179313,49425
14180025,49426
14180174,49427
14180898,49428
14180980,49429
14180999,49430
14181070,49431
14181168,49432
14181497,49433
14181949,49434
14182395,49435
14182791,49436
14183113,49437
14183256,49438
14183759,49439
14183983,49440
14184050,49441
14184250,49442
14184362,49443
14184656,49444
14184879,49445
14184925,49446
14185144,49447
14185638,49448
14185752,49449
14186192,49450
14186339,49451
14186445,49452
14186901,49453
14187338,49454
14187679,49455
14187805,49456
14187929,49457
14189139,49458
14189855,49459
14190705,49460
14190955,49461
14191045,49462
14191228,49463
14191440,49464
14191597,49465
14191602,49466
14191704,49467
14191826,49468
14192022,49469
14192286,49470
14192527,49471
14192599,49472
14192602,49473
14192786,49474
14192880,49475
14192923,49476
14193046,49477
14193157,49478
14193817,49479
14193897,49480
14193998,49481
14194099,49482
14194212,49483
14194506,49484
14194752,49485
14194973,49486
14195784,49487
14196012,49488
14196047,49489
14196679,49490
14196911,49491
14197220,49492
14197591,49493
14198035,49494
14199130,49495
14199250,49496
14199445,49497
14199453,49498
14199845,49499
14199995,49500
14200050,49501
14200503,49502
14200869,49503
14201187,49504
14201242,49505
14201395,49506
14201932,49507
14202146,49508
14202414,49509
14202494,49510
14202679,49511
14202759,49512
14203034,49513
14203170,49514
14203330,49515
14203353,49516
14203525,49517
14203823,49518
14204100,49519
14204391,49520
14204433,49521
14204499,49522
14204960,49523
14205811,49524
14206616,49525
14206745,49526
14206777,49527
14206871,49528
14206946,49529
14207249,49530
14207898,49531
14208083,49532
14208464,49533
14208880,49534
14209370,49535
14209581,49536
14209714,49537
14210277,49538
14210748,49539
14211228,49540
14211507,49541
14211551,49542
14213061,49543
14213135,49544
14213208,49545
14213546,49546
14213998,49547
14214153,49548
14214188,49549
14214367,49550
14214693,49551
14214753,49552
14215037,49553
14215196,49554
14215598,49555
14215659,49556
14215697,49557
14215719,49558
14216317,49559
14216325,49560
14217012,49561
14217138,49562
14217774,49563
14218138,49564
14218237,49565
14218357,49566
14218465,49567
14218473,49568
14218530,49569
14218593,49570
14218999,49571
14219602,49572
14219766,49573
14219797,49574
14219956,49575
14220353,49576
14221125,49577
14221503,49578
14221571,49579
14222061,49580
14222236,49581
14222443,49582
14222788,49583
14223099,49584
14223155,49585
14223158,49586
14223712,49587
14223777,49588
14223801,49589
14224028,49590
14224087,49591
14224303,49592
14224315,49593
14224405,49594
14224503,49595
14224796,49596
14225054,49597
14225724,49598
14225886,49599
14225933,49600
14227122,49601
14227316,49602
14227534,49603
14227945,49604
14228082,49605
14228128,49606
14228711,49607
14228977,49608
14229130,49609
14229391,49610
14229407,49611
14229447,49612
14229656,49613
14229879,49614
14230161,49615
14230820,49616
14232113,49617
14232216,49618
14232274,49619
14232336,49620
14232340,49621
14232561,49622
14232964,49623
14233296,49624
14233517,49625
14233862,49626
14234233,49627
14234518,49628
14235159,49629
14235325,49630
14235403,49631
14235446,49632
14235703,49633
14236172,49634
14236831,49635
14237344,49636
14237476,49637
14237534,49638
14237619,49639
14237969,49640
14238051,49641
14238886,49642
14238955,49643
14239675,49644
14240046,49645
14240303,49646
14240338,49647
14241060,49648
14241215,49649
14241441,49650
14241472,49651
14241952,49652
14242081,49653
14242474,49654
14242927,49655
14243980,49656
14244075,49657
14244473,49658
14244953,49659
14245124,49660
14245772,49661
14246198,49662
14246232,49663
14246863,49664
14247227,49665
14247304,49666
14248164,49667
14248177,49668
14248351,49669
14249296,49670
14249594,49671
14249601,49672
14250074,49673
14250483,49674
14250623,49675
14251137,49676
14251682,49677
14251783,49678
14251965,49679
14252178,49680
14252572,49681
14252622,49682
14252759,49683
14253010,49684
14254889,49685
14255095,49686
14255256,49687
14255325,49688
14255423,49689
14255975,49690
14256339,49691
14256493,49692
14256665,49693
14256728,49694
14256866,49695
14256909,49696
14256993,49697
14257777,49698
14257793,49699
14258853,49700
14258914,49701
14259039,49702
14259769,49703
14259794,49704
14260031,49705
14260347,49706
14260389,49707
14260500,49708
14260652,49709
14260877,49710
14261381,49711
14261625,49712
14261626,49713
14261678,49714
14262007,49715
14262877,49716
14263170,49717
14263610,49718
14263905,49719
14264141,49720
14264278,49721
14264511,49722
14264604,49723
14264725,49724
14264819,49725
14265152,49726
14265210,49727
14265300,49728
14266022,49729
14267640,49730
14268201,49731
14268247,49732
14268536,49733
14268801,49734
14269560,49735
14269655,49736
14270112,49737
14270150,49738
14270152,49739
14270517,49740
14270550,49741
14271077,49742
14271161,49743
14271285,49744
14271649,49745
14271881,49746
14271937,49747
14271997,49748
14272013,49749
14272057,49750
14272164,49751
14272448,49752
14272473,49753
14272487,49754
14272642,49755
14272864,49756
14273517,49757
14273654,49758
14273673,49759
14273753,49760
14274292,49761
14274491,49762
14274660,49763
14275301,49764
14275608,49765
14275942,49766
14276011,49767
14276638,49768
14276832,49769
14276961,49770
14279599,49771
14279746,49772
14279777,49773
14280435,49774
14280917,49775
14281211,49776
14281435,49777
14281543,49778
14282039,49779
14282987,49780
14283193,49781
14283317,49782
14283614,49783
14284392,49784
14284789,49785
14284985,49786
14285725,49787
14286098,49788
14286106,49789
14286200,49790
14286945,49791
14287658,49792
14288176,49793
14288443,49794
14288468,49795
14288729,49796
14289432,49797
14290117,49798
14290393,49799
14290448,49800
14290612,49801
14291287,49802
14291481,49803
14291835,49804
14292019,49805
14292728,49806
14292904,49807
14292965,49808
14293231,49809
14293997,49810
14294035,49811
14294053,49812
14294828,49813
14294923,49814
14294941,49815
14294988,49816
14297053,49817
14297348,49818
14298456,49819
14298575,49820
14298808,49821
14299017,49822
14299098,49823
14299203,49824
14299723,49825
14299726,49826
14299866,49827
14299987,49828
14300233,49829
14300730,49830
14301607,49831
14302396,49832
14302576,49833
14302682,49834
14302845,49835
14302978,49836
14303280,49837
14303479,49838
14303848,49839
14304061,49840
14304124,49841
14304873,49842
14305078,49843
14305275,49844
14305341,49845
14305792,49846
14306011,49847
