app_id,row
13500,0
22364,1
113020,2
226560,3
249050,4
250180,5
253980,6
271850,7
282900,8
19810,9
15270,10
21130,11
22130,12
29180,13
32750,14
241620,15
408520,16
244910,17
245950,18
250460,19
278890,20
305181,21
312200,22
321290,23
329640,24
367670,25
380810,26
392330,27
437000,28
445420,29
458790,30
462280,31
1872790,32
371970,33
222660,34
237850,35
268220,36
274270,37
281450,38
1259750,39
296870,40
330180,41
351920,42
397210,43
402130,44
402710,45
410970,46
415200,47
410770,48
254820,49
284180,50
286380,51
288220,52
302690,53
320388,54
339350,55
342310,56
346500,57
393831,58
414870,59
419990,60
434041,61
446600,62
451640,63
479010,64
494150,65
1198740,66
35000,67
37400,68
39690,69
65400,70
208805,71
222420,72
274480,73
314000,74
326410,75
355920,76
406600,77
940980,78
433550,79
436550,80
438450,81
439500,82
910320,83
284750,84
298930,85
302350,86
308270,87
317030,88
325990,89
376980,90
382400,91
388290,92
402260,93
429300,94
435300,95
450500,96
466546,97
558240,98
563190,99
574310,100
929103,101
939060,102
520720,103
527420,104
529590,105
545600,106
555530,107
555580,108
610070,109
657280,110
727980,111
739210,112
765410,113
765770,114
769750,115
829960,116
864610,117
884420,118
412790,119
367120,120
395620,121
401628,122
457570,123
467760,124
480520,125
522120,126
358141,127
542770,128
581270,129
583270,130
589530,131
620220,132
622680,133
640900,134
654220,135
684450,136
686710,137
696370,138
416420,139
460120,140
460430,141
491492,142
498310,143
537770,144
550400,145
568040,146
584096,147
588730,148
292050,149
623280,150
673130,151
699180,152
711681,153
732400,154
755790,155
758580,156
758980,157
316447,158
319017,159
528050,160
566530,161
567340,162
570770,163
573320,164
580640,165
599610,166
603330,167
605990,168
358370,169
665270,170
672630,171
716710,172
727910,173
728300,174
734740,175
746820,176
779280,177
815450,178
448240,179
453400,180
453990,181
463720,182
465720,183
470210,184
493080,185
497780,186
525480,187
530595,188
544390,189
554820,190
359496,191
6880,192
566540,193
582500,194
708760,195
720750,196
756440,197
758480,198
826540,199
575940,200
589860,201
604240,202
605920,203
613230,204
617160,205
645500,206
684050,207
704300,208
736580,209
744680,210
749840,211
786990,212
801980,213
2277010,214
803600,215
824720,216
834760,217
850450,218
1600150,219
1568680,220
55100,221
208292,222
221910,223
222573,224
260690,225
267780,226
287900,227
292800,228
296470,229
343370,230
350640,231
353850,232
358190,233
358220,234
929480,235
319810,236
360650,237
365380,238
215100,239
6040,240
3920,241
15920,242
25010,243
31900,244
31220,245
206690,246
213350,247
65270,248
224960,249
65600,250
33180,251
246300,252
914890,253
920567,254
971690,255
984470,256
998790,257
1016770,258
1046230,259
1054340,260
1072480,261
1087760,262
1096410,263
1101930,264
1109050,265
1796170,266
793450,267
815150,268
843430,269
846800,270
961490,271
382210,272
848500,273
853480,274
891170,275
917150,276
917190,277
929100,278
931000,279
976920,280
987270,281
992050,282
1011900,283
1086481,284
1536700,285
215004,286
919640,287
774791,288
783120,289
818960,290
820540,291
837861,292
896640,293
933610,294
933940,295
946780,296
958320,297
959410,298
962630,299
971070,300
976900,301
1015480,302
1032430,303
1036760,304
1038280,305
939790,306
856210,307
868420,308
885440,309
888850,310
895600,311
938220,312
938490,313
964230,314
994910,315
996450,316
1054700,317
1054990,318
1761570,319
1081870,320
1124080,321
1151930,322
958210,323
829280,324
847290,325
848930,326
853380,327
861090,328
861880,329
905450,330
916060,331
949290,332
992172,333
1012560,334
1013910,335
1045010,336
1048580,337
1053250,338
1066430,339
1071130,340
1087451,341
1092630,342
1099170,343
1112340,344
1112790,345
1189680,346
1203510,347
1232520,348
1233260,349
1241275,350
1250250,351
1273690,352
1285020,353
1287530,354
1310990,355
1325800,356
1326000,357
1415140,358
1418844,359
1235763,360
1482860,361
1490340,362
1492070,363
1501150,364
1523720,365
1562700,366
1640760,367
1677180,368
1700220,369
1742840,370
1797280,371
1885690,372
1906530,373
1962430,374
2147630,375
1910790,376
1911560,377
1940752,378
1115580,379
1128880,380
1149710,381
1179450,382
1185600,383
1202310,384
1203040,385
1286280,386
1298050,387
1305310,388
1333410,389
1343920,390
1364034,391
1365020,392
1370050,393
1423090,394
1464980,395
1482081,396
1198960,397
73095,398
1061610,399
1064460,400
1066290,401
324250,402
1076160,403
1081510,404
1090183,405
1115050,406
1122700,407
1126310,408
1139110,409
1141360,410
1180491,411
1191580,412
1201270,413
1266430,414
918110,415
818610,416
870690,417
887900,418
904370,419
947300,420
975280,421
943380,422
979400,423
987480,424
1007520,425
1027120,426
1062830,427
1093330,428
1093800,429
1102380,430
368180,431
384360,432
399780,433
400940,434
403410,435
421040,436
428690,437
439750,438
1291790,439
440650,440
456180,441
461950,442
462680,443
485490,444
492530,445
499520,446
539670,447
1102130,448
1152320,449
1152420,450
1174720,451
1175460,452
1181840,453
1215110,454
1222400,455
1272930,456
1287030,457
924150,458
1296980,459
1384940,460
1472192,461
1477920,462
1481490,463
1503530,464
1512390,465
578320,466
596000,467
618970,468
676630,469
687540,470
701870,471
723790,472
760650,473
761821,474
837860,475
873880,476
881680,477
888701,478
894270,479
552520,480
981020,481
1238520,482
1483100,483
1491780,484
1524400,485
1532460,486
1543380,487
1564090,488
1567200,489
1572040,490
1594400,491
1617270,492
1662480,493
1739300,494
1743380,495
1763920,496
1764820,497
237050,498
1171370,499
1174580,500
1202870,501
1203041,502
1216710,503
1218920,504
1222690,505
1224940,506
1238100,507
1276040,508
1278500,509
1293900,510
1300211,511
1321580,512
1338630,513
1413660,514
1448800,515
1489110,516
1532920,517
1208260,518
1273220,519
1168680,520
1278170,521
1330470,522
1348390,523
1415420,524
1425730,525
1442160,526
1458920,527
1471530,528
1475420,529
1503670,530
1519490,531
1578357,532
1627150,533
1630580,534
1131140,535
1140660,536
1155760,537
1159030,538
1163550,539
1181770,540
1098340,541
1210340,542
1232252,543
1258480,544
1263820,545
1336560,546
1342070,547
1355650,548
1365390,549
1414000,550
1425130,551
1457510,552
1475430,553
1324000,554
1778500,555
1797973,556
1866430,557
1902820,558
1926170,559
1943370,560
44620,561
320351,562
2009860,563
1952760,564
1982490,565
2139271,566
2198872,567
2232290,568
1624830,569
1705150,570
1713870,571
1733060,572
1824010,573
1851020,574
1073320,575
1643260,576
1689810,577
1707400,578
1740660,579
1855500,580
1968340,581
1198060,582
1969060,583
1969100,584
2007050,585
2053360,586
2074940,587
2091250,588
2105000,589
1250520,590
1135432,591
203766,592
1485070,593
1514860,594
1520710,595
1532800,596
1573750,597
1586840,598
809140,599
1604780,600
1614270,601
1617870,602
1652710,603
1658870,604
1737350,605
1745280,606
1791690,607
1817560,608
1832950,609
1523510,610
1537870,611
1547380,612
1594460,613
1641830,614
1642040,615
1663640,616
1714320,617
1726520,618
1436950,619
1761900,620
1840660,621
1965800,622
1969820,623
2019730,624
2085360,625
2089350,626
2091500,627
1536080,628
1574910,629
1620720,630
1665500,631
1683690,632
1685510,633
1690440,634
1694600,635
1215050,636
1709180,637
1723560,638
1734470,639
1781960,640
1798067,641
1858560,642
1861290,643
1137540,644
22430,645
38410,646
38450,647
41070,648
99612,649
112100,650
200080,651
227200,652
269310,653
287070,654
297860,655
301760,656
329650,657
335420,658
351100,659
1636840,660
986280,661
992910,662
1010750,663
1016250,664
1019310,665
1028894,666
1029630,667
1047440,668
1097710,669
1112830,670
1125910,671
1133120,672
465070,673
1144400,674
1182920,675
1191210,676
205636,677
2093320,678
2105980,679
2109610,680
2158500,681
2203060,682
2233890,683
1267540,684
1272450,685
1294060,686
1327430,687
1371400,688
1385650,689
1386620,690
1388860,691
1418230,692
557240,693
1496640,694
1549180,695
1562870,696
211160,697
1851340,698
1859360,699
2000110,700
2077590,701
2119490,702
2131350,703
2210140,704
871570,705
882790,706
909610,707
918670,708
959860,709
995770,710
1006220,711
1015720,712
1034720,713
512260,714
1034750,715
1051380,716
1065970,717
1067220,718
346470,719
447310,720
449393,721
485120,722
490930,723
518030,724
529830,725
539720,726
555060,727
559910,728
562386,729
605450,730
704010,731
769840,732
770972,733
1155660,734
797400,735
824200,736
832720,737
347213,738
797280,739
33780,740
38600,741
39550,742
204240,743
225820,744
253750,745
256190,746
261030,747
270570,748
283080,749
304350,750
308600,751
313020,752
316441,753
327740,754
346180,755
358930,756
1895130,757
1926440,758
1934990,759
1947131,760
1971260,761
1973610,762
1991850,763
2013900,764
2050050,765
2076850,766
1895300,767
1932160,768
1149550,769
1150730,770
1998750,771
1170970,772
1180900,773
1204470,774
1206720,775
1247270,776
1254860,777
1267470,778
1273260,779
1273790,780
1291330,781
1297790,782
1328920,783
1345760,784
214590,785
1367420,786
1454050,787
1464060,788
1235762,789
1497820,790
1526010,791
1529710,792
1530340,793
1545250,794
1545600,795
1571140,796
1714440,797
1174860,798
1378990,799
1714460,800
1739880,801
1825740,802
1876350,803
1941332,804
1980490,805
1983420,806
1995870,807
2157060,808
2219200,809
2266310,810
11280,811
35450,812
65300,813
73041,814
205910,815
248170,816
267772,817
270760,818
274520,819
279140,820
283940,821
316060,822
318520,823
328900,824
341090,825
358250,826
363990,827
1248432,828
513730,829
364810,830
365660,831
365890,832
400790,833
412770,834
420640,835
73093,836
1386611,837
457760,838
461360,839
479100,840
486780,841
514090,842
522040,843
538710,844
541640,845
573120,846
583640,847
589760,848
646662,849
696490,850
721340,851
777670,852
779939,853
817230,854
820900,855
839080,856
210950,857
840260,858
874460,859
941955,860
949250,861
961990,862
978630,863
1039100,864
1052690,865
1099460,866
1166600,867
1168430,868
1169100,869
1178790,870
1188080,871
1209530,872
1213910,873
1270670,874
1288560,875
285820,876
1291010,877
1300600,878
1347751,879
1365750,880
1453490,881
1458690,882
1461930,883
1503030,884
1503590,885
1511090,886
1590712,887
1608040,888
1662010,889
1728830,890
1835840,891
1888130,892
1906020,893
1939790,894
2001090,895
2095140,896
2158240,897
2158850,898
2180310,899
2185770,900
2187660,901
6810,902
7020,903
208730,904
259510,905
271900,906
681240,907
592830,908
314470,909
322660,910
338390,911
343710,912
345580,913
348360,914
355050,915
355420,916
368430,917
372800,918
374280,919
378648,920
381712,921
387984,922
391030,923
398915,924
570930,925
431640,926
433910,927
440540,928
464360,929
1199660,930
533950,931
544600,932
565120,933
572720,934
584930,935
655790,936
671600,937
698890,938
724330,939
736770,940
742500,941
786820,942
808080,943
998930,944
1003310,945
1045190,946
1065100,947
1120810,948
1148510,949
1161410,950
1178230,951
1192380,952
1286710,953
1289211,954
1290270,955
1295510,956
1298080,957
1304420,958
226960,959
1341210,960
1395850,961
1406200,962
1423760,963
1446280,964
1449510,965
1452500,966
1469170,967
1493760,968
273840,969
1511630,970
1515320,971
1546930,972
237010,973
515171,974
1454970,975
1557860,976
1557990,977
1576130,978
1589680,979
1599484,980
1630110,981
1632740,982
1647960,983
1664670,984
1666170,985
1688120,986
1707790,987
1744080,988
1762770,989
1782150,990
1092400,991
1823600,992
1866710,993
1907080,994
1910320,995
1915550,996
1937750,997
1986940,998
2106810,999
2118540,1000
2164320,1001
2260410,1002
208790,1003
237090,1004
258658,1005
262830,1006
264140,1007
287290,1008
302970,1009
305380,1010
306393,1011
752450,1012
337410,1013
401635,1014
403190,1015
435490,1016
437690,1017
438560,1018
455340,1019
512250,1020
525620,1021
530060,1022
530320,1023
461242,1024
591960,1025
603760,1026
638011,1027
665100,1028
667600,1029
725780,1030
758320,1031
792220,1032
809500,1033
812040,1034
827050,1035
846720,1036
848060,1037
862480,1038
872990,1039
897690,1040
898720,1041
913110,1042
1415530,1043
470690,1044
960040,1045
964130,1046
964350,1047
984780,1048
989790,1049
1042390,1050
1047960,1051
1057800,1052
1066180,1053
1066900,1054
411110,1055
1135260,1056
1160750,1057
1167950,1058
1210800,1059
1228520,1060
1277830,1061
1280300,1062
1287057,1063
1290090,1064
1346960,1065
1367690,1066
1410580,1067
1418847,1068
1421020,1069
1443084,1070
1444730,1071
1492360,1072
1494400,1073
1502980,1074
305186,1075
1511950,1076
1547300,1077
215005,1078
1650250,1079
1673990,1080
1726870,1081
1773060,1082
1777090,1083
1807330,1084
1905430,1085
1967690,1086
1979320,1087
1979540,1088
1992290,1089
2072990,1090
2129390,1091
2193910,1092
1500,1093
15130,1094
32150,1095
32410,1096
243000,1097
265300,1098
266110,1099
273150,1100
314030,1101
326720,1102
327560,1103
346810,1104
361930,1105
364820,1106
370150,1107
384110,1108
387340,1109
388292,1110
398000,1111
733050,1112
433170,1113
312740,1114
439250,1115
467660,1116
468920,1117
492140,1118
495720,1119
545920,1120
580940,1121
595130,1122
600990,1123
616950,1124
621220,1125
640380,1126
675240,1127
691430,1128
717250,1129
724250,1130
729370,1131
755756,1132
810470,1133
883360,1134
277739,1135
884660,1136
951662,1137
984680,1138
1011610,1139
1019550,1140
1029980,1141
1074070,1142
1080110,1143
1081450,1144
1087426,1145
1090440,1146
1105542,1147
1122100,1148
1170010,1149
1280950,1150
1286340,1151
1366570,1152
1369340,1153
1943950,1154
1413370,1155
1436590,1156
1476350,1157
1479630,1158
1486580,1159
1503790,1160
1514780,1161
1519060,1162
1525660,1163
1552130,1164
1561363,1165
1592390,1166
1635980,1167
2175250,1168
1723260,1169
1724440,1170
1725500,1171
1732740,1172
288520,1173
1235731,1174
1747830,1175
1782860,1176
1799380,1177
1812153,1178
1884390,1179
1898830,1180
1949010,1181
2020530,1182
2055220,1183
2139269,1184
2168450,1185
2175780,1186
2185930,1187
2282210,1188
2920,1189
3500,1190
3990,1191
858040,1192
33100,1193
33650,1194
212630,1195
244930,1196
251170,1197
262150,1198
283290,1199
288260,1200
302110,1201
343464,1202
360020,1203
375750,1204
388880,1205
404180,1206
460060,1207
481180,1208
497850,1209
878465,1210
1307550,1211
509250,1212
543870,1213
547850,1214
564040,1215
568320,1216
623360,1217
654990,1218
657990,1219
867240,1220
660160,1221
668590,1222
672970,1223
674750,1224
695290,1225
704910,1226
709920,1227
742300,1228
751340,1229
751490,1230
883310,1231
753930,1232
776000,1233
813450,1234
851730,1235
853200,1236
1579850,1237
904400,1238
1034910,1239
1048660,1240
1079630,1241
1101140,1242
1112890,1243
1116780,1244
1142880,1245
1143851,1246
1162430,1247
1184411,1248
1218890,1249
1237523,1250
1245590,1251
1247010,1252
1287059,1253
445680,1254
1296510,1255
1329790,1256
1330480,1257
985890,1258
1361700,1259
1381440,1260
1395720,1261
1455910,1262
1481440,1263
1510460,1264
1522950,1265
1536210,1266
1543240,1267
1546400,1268
1572340,1269
1575300,1270
1579020,1271
1591490,1272
222608,1273
1653770,1274
1698520,1275
1711181,1276
1751590,1277
1930960,1278
1934330,1279
1961250,1280
1983330,1281
1992250,1282
2111860,1283
2222750,1284
1773801,1285
258270,1286
259170,1287
260130,1288
262120,1289
284770,1290
294540,1291
298030,1292
556760,1293
303720,1294
316966,1295
318130,1296
327450,1297
331390,1298
344850,1299
355890,1300
379400,1301
401760,1302
1610720,1303
1230274,1304
401920,1305
418070,1306
441440,1307
448160,1308
460420,1309
463270,1310
466000,1311
542160,1312
548570,1313
549170,1314
560170,1315
2362380,1316
573600,1317
573832,1318
642770,1319
646470,1320
646530,1321
657690,1322
719210,1323
733210,1324
751880,1325
44650,1326
754120,1327
755950,1328
798390,1329
802860,1330
843810,1331
893180,1332
910490,1333
925460,1334
931860,1335
967288,1336
361290,1337
976500,1338
982590,1339
984180,1340
994500,1341
1002100,1342
1010820,1343
1024700,1344
1058380,1345
1512590,1346
1088290,1347
1100930,1348
1118070,1349
1148290,1350
1158270,1351
1180721,1352
1185910,1353
1211171,1354
1212410,1355
1212940,1356
1222210,1357
1235754,1358
1345740,1359
1443065,1360
1206560,1361
1349000,1362
1475840,1363
1480480,1364
1489800,1365
1508630,1366
1388770,1367
1681010,1368
1705930,1369
1716940,1370
1729610,1371
1803780,1372
1825350,1373
1826910,1374
1829592,1375
1842510,1376
1847550,1377
1867740,1378
1904650,1379
1919470,1380
1994720,1381
1107760,1382
2025320,1383
2114760,1384
2126870,1385
567240,1386
2126990,1387
2140250,1388
2152690,1389
2154970,1390
2181000,1391
2220070,1392
2250340,1393
27000,1394
55398,1395
57690,1396
204340,1397
215690,1398
225824,1399
240360,1400
249650,1401
259060,1402
277430,1403
573040,1404
284460,1405
285380,1406
322190,1407
347950,1408
360620,1409
404590,1410
415670,1411
426690,1412
445991,1413
471650,1414
486510,1415
517780,1416
552160,1417
556060,1418
563200,1419
898340,1420
913160,1421
574090,1422
608120,1423
613190,1424
628050,1425
655080,1426
661990,1427
703730,1428
730261,1429
744750,1430
760720,1431
765810,1432
787040,1433
801750,1434
814740,1435
838410,1436
873870,1437
892830,1438
896750,1439
920200,1440
931500,1441
941570,1442
949600,1443
962730,1444
970640,1445
981750,1446
1029331,1447
1037130,1448
1069760,1449
1080220,1450
1094870,1451
1126710,1452
1144410,1453
1161490,1454
1191161,1455
1192450,1456
1200230,1457
1202043,1458
1204220,1459
1205960,1460
1244781,1461
1248360,1462
1294880,1463
1295190,1464
1300920,1465
1360670,1466
1371427,1467
1373630,1468
1391530,1469
1432200,1470
1432750,1471
1453790,1472
1477950,1473
1483870,1474
1499190,1475
1521440,1476
1525720,1477
1536070,1478
1571460,1479
1580780,1480
1584690,1481
1619080,1482
1639930,1483
1684010,1484
1691970,1485
1692060,1486
1711620,1487
1771360,1488
1783200,1489
1822102,1490
1836160,1491
1924710,1492
1925870,1493
1938860,1494
1951950,1495
1967510,1496
1974220,1497
2058190,1498
2059810,1499
249085,1500
2076810,1501
2135980,1502
2216960,1503
2240110,1504
1300,1505
12770,1506
15190,1507
15560,1508
102622,1509
215374,1510
221640,1511
222597,1512
281860,1513
336770,1514
345820,1515
266840,1516
355240,1517
434210,1518
434370,1519
450750,1520
452420,1521
453690,1522
465200,1523
477730,1524
480900,1525
500245,1526
524850,1527
550331,1528
550340,1529
558370,1530
570900,1531
572050,1532
594380,1533
607400,1534
625340,1535
630890,1536
644200,1537
663370,1538
677280,1539
690370,1540
733110,1541
267655,1542
755500,1543
770200,1544
778530,1545
812160,1546
820730,1547
821890,1548
932220,1549
939960,1550
951650,1551
1922550,1552
1001140,1553
1014040,1554
1020340,1555
1037940,1556
1049850,1557
1065730,1558
1102650,1559
1133580,1560
1146690,1561
1167170,1562
1230000,1563
1230276,1564
1237524,1565
1237830,1566
1258310,1567
1258910,1568
1265220,1569
1266220,1570
1272790,1571
1293160,1572
1318750,1573
1347920,1574
1396473,1575
1464380,1576
1482910,1577
1486150,1578
1550710,1579
1621670,1580
1655960,1581
1658930,1582
1672210,1583
544710,1584
1679220,1585
1689970,1586
1721870,1587
1751202,1588
2090700,1589
2161720,1590
2222160,1591
2230170,1592
2247680,1593
3450,1594
19000,1595
21680,1596
35102,1597
38430,1598
223100,1599
235800,1600
236370,1601
252370,1602
2163330,1603
290470,1604
312680,1605
314330,1606
333110,1607
350460,1608
351320,1609
354860,1610
357800,1611
359390,1612
361843,1613
365260,1614
434460,1615
445800,1616
451600,1617
465990,1618
467620,1619
478980,1620
488760,1621
523000,1622
525040,1623
570050,1624
590390,1625
600090,1626
619810,1627
628750,1628
657200,1629
661960,1630
704710,1631
720780,1632
728930,1633
739190,1634
773580,1635
325993,1636
61710,1637
823500,1638
851800,1639
866770,1640
906300,1641
920570,1642
965820,1643
980940,1644
982290,1645
1216880,1646
987230,1647
1038300,1648
1042380,1649
1054430,1650
1065520,1651
1066630,1652
1105890,1653
1129030,1654
1163590,1655
1202050,1656
1216060,1657
1216200,1658
1240130,1659
1245370,1660
1289010,1661
1296540,1662
1356411,1663
1365110,1664
1366091,1665
1377360,1666
292712,1667
1407100,1668
1491000,1669
1507380,1670
1608400,1671
1662140,1672
1667320,1673
1711182,1674
1755870,1675
1772480,1676
1782450,1677
1837330,1678
1876830,1679
1906170,1680
1949960,1681
1952840,1682
1952930,1683
1963210,1684
252130,1685
2077650,1686
2116920,1687
2129280,1688
2136020,1689
2157340,1690
2165980,1691
2175800,1692
2193911,1693
2200570,1694
2222180,1695
1763082,1696
2237800,1697
2241860,1698
2261650,1699
2270350,1700
7800,1701
40320,1702
115200,1703
209120,1704
209790,1705
213230,1706
222571,1707
243890,1708
357890,1709
395234,1710
1890183,1711
410820,1712
438150,1713
465240,1714
477310,1715
584383,1716
612720,1717
621810,1718
621927,1719
625910,1720
646669,1721
655910,1722
670870,1723
738520,1724
740550,1725
781810,1726
800390,1727
334420,1728
866190,1729
1578780,1730
2218750,1731
869880,1732
874040,1733
878461,1734
921060,1735
965350,1736
970840,1737
991810,1738
994280,1739
1029860,1740
1047010,1741
1047640,1742
1048000,1743
1054690,1744
1067590,1745
1071100,1746
1083870,1747
1090182,1748
1214330,1749
448191,1750
1219860,1751
1231880,1752
1249880,1753
1275600,1754
1281190,1755
1336180,1756
1336430,1757
1348400,1758
1352200,1759
1354830,1760
1370170,1761
1386710,1762
58200,1763
1457630,1764
1490060,1765
1570070,1766
1580800,1767
1605320,1768
1621980,1769
1700690,1770
1739010,1771
1743080,1772
1749200,1773
1801910,1774
1804140,1775
1903730,1776
1968730,1777
1984710,1778
224145,1779
1996210,1780
2022180,1781
2051440,1782
2095060,1783
457320,1784
447410,1785
2101110,1786
2226750,1787
1700,1788
37210,1789
43190,1790
230150,1791
250380,1792
257690,1793
310470,1794
319760,1795
324344,1796
359610,1797
373340,1798
388293,1799
393220,1800
405820,1801
429330,1802
434730,1803
461430,1804
463980,1805
577480,1806
587520,1807
588690,1808
598430,1809
601050,1810
630140,1811
698700,1812
727570,1813
751500,1814
802120,1815
803150,1816
820910,1817
822990,1818
953690,1819
1008920,1820
1018900,1821
1048950,1822
1063520,1823
1087120,1824
1116210,1825
15740,1826
1135300,1827
1153460,1828
1174631,1829
1192340,1830
1193340,1831
1198290,1832
1211209,1833
1289340,1834
1294770,1835
1337100,1836
1346830,1837
1379900,1838
1401480,1839
336370,1840
1440440,1841
1444650,1842
1449450,1843
1457520,1844
1473840,1845
94202,1846
108726,1847
1490980,1848
1494840,1849
1497230,1850
1506340,1851
1517217,1852
1518790,1853
1531490,1854
1592290,1855
1602930,1856
1664240,1857
1712890,1858
1826860,1859
1838970,1860
295750,1861
1848710,1862
2024230,1863
2064580,1864
2076260,1865
2109850,1866
2158180,1867
2219520,1868
38150,1869
78000,1870
91200,1871
210230,1872
231740,1873
235540,1874
254860,1875
278460,1876
294530,1877
297644,1878
299070,1879
301200,1880
1250740,1881
326840,1882
1284210,1883
334270,1884
347800,1885
353090,1886
395990,1887
398170,1888
402880,1889
446310,1890
458000,1891
514170,1892
528052,1893
554620,1894
556650,1895
571410,1896
585190,1897
586880,1898
588300,1899
616560,1900
621080,1901
623070,1902
631900,1903
2177500,1904
654910,1905
685680,1906
713560,1907
721260,1908
761350,1909
800342,1910
858690,1911
867180,1912
873610,1913
893690,1914
899970,1915
932210,1916
964210,1917
964440,1918
965300,1919
976890,1920
207020,1921
1009960,1922
1024400,1923
312280,1924
1038370,1925
1076750,1926
1078280,1927
1108090,1928
1144500,1929
1227890,1930
1242776,1931
1252240,1932
1255151,1933
1294450,1934
1304640,1935
1323470,1936
1693260,1937
1342620,1938
1342740,1939
1343670,1940
1387560,1941
1402920,1942
1424830,1943
1262572,1944
1437500,1945
1442070,1946
1485120,1947
1527060,1948
1532250,1949
1558210,1950
1612210,1951
1621476,1952
1638340,1953
1646030,1954
1676380,1955
1687590,1956
208690,1957
393830,1958
1769640,1959
1771540,1960
1804680,1961
1898290,1962
1960400,1963
499440,1964
266410,1965
2000270,1966
2026550,1967
2054090,1968
2072170,1969
2074480,1970
3390,1971
6090,1972
13000,1973
20700,1974
31920,1975
45200,1976
233190,1977
1837920,1978
242840,1979
258760,1980
263560,1981
285840,1982
292230,1983
966330,1984
337320,1985
342280,1986
343440,1987
356650,1988
374850,1989
383270,1990
393200,1991
407300,1992
420100,1993
420290,1994
650440,1995
435840,1996
443810,1997
460630,1998
465360,1999
482300,2000
485870,2001
613100,2002
517710,2003
527340,2004
544610,2005
556050,2006
575680,2007
588190,2008
599590,2009
600720,2010
606480,2011
641780,2012
1829582,2013
661130,2014
702350,2015
703940,2016
717490,2017
728740,2018
733460,2019
757030,2020
765900,2021
781010,2022
792120,2023
792160,2024
826010,2025
941490,2026
958400,2027
968870,2028
988172,2029
1003400,2030
1066852,2031
1080750,2032
1082250,2033
1094400,2034
1103100,2035
1114460,2036
1132760,2037
1138650,2038
1140120,2039
1171320,2040
1177660,2041
1208880,2042
1223860,2043
1249080,2044
1264170,2045
1265800,2046
1282730,2047
1324410,2048
1329540,2049
1329600,2050
1379020,2051
1380220,2052
1427890,2053
1522930,2054
1525190,2055
1542600,2056
1578960,2057
1581800,2058
1614890,2059
1252990,2060
1269370,2061
1674170,2062
1724920,2063
1767220,2064
1787100,2065
1813270,2066
1867070,2067
1887020,2068
1911900,2069
1996420,2070
2119940,2071
2138920,2072
6010,2073
11550,2074
12530,2075
203650,2076
220860,2077
223792,2078
251850,2079
1575450,2080
259530,2081
1284880,2082
269110,2083
273570,2084
275350,2085
292840,2086
297000,2087
318330,2088
320384,2089
326431,2090
329010,2091
354467,2092
363460,2093
375250,2094
416360,2095
432380,2096
433580,2097
434063,2098
435400,2099
446540,2100
446550,2101
446640,2102
448370,2103
452230,2104
461740,2105
503450,2106
529050,2107
546080,2108
552440,2109
567280,2110
585950,2111
615610,2112
629000,2113
636070,2114
698640,2115
724300,2116
745790,2117
767240,2118
781180,2119
787070,2120
953330,2121
1368950,2122
993110,2123
1017350,2124
1037560,2125
1049100,2126
1087424,2127
1106140,2128
1135450,2129
1141220,2130
1202460,2131
1217390,2132
1232130,2133
1257660,2134
1260800,2135
1272580,2136
1278210,2137
1347600,2138
1350350,2139
1353943,2140
1396440,2141
1839660,2142
1397030,2143
1404190,2144
1437810,2145
1469690,2146
1478720,2147
1479500,2148
1497020,2149
1501420,2150
1508270,2151
1511870,2152
1513510,2153
1553910,2154
1560270,2155
1590566,2156
1592110,2157
1712370,2158
1723190,2159
1728660,2160
1803960,2161
1836780,2162
1837260,2163
1879640,2164
1930730,2165
2061230,2166
2113490,2167
2162780,2168
2165690,2169
2171060,2170
2172170,2171
1439490,2172
238050,2173
265590,2174
270510,2175
292780,2176
302710,2177
304950,2178
340320,2179
359650,2180
1287601,2181
412270,2182
415000,2183
443460,2184
451780,2185
531180,2186
1253300,2187
544550,2188
548421,2189
552590,2190
580040,2191
583930,2192
584140,2193
594040,2194
637050,2195
681640,2196
684680,2197
685670,2198
691160,2199
696150,2200
725120,2201
735570,2202
748490,2203
2078157,2204
756500,2205
773500,2206
788210,2207
828740,2208
868423,2209
895140,2210
896715,2211
915310,2212
920630,2213
935580,2214
940310,2215
965990,2216
974650,2217
996370,2218
1009460,2219
1031120,2220
587470,2221
1070550,2222
1072640,2223
1097200,2224
72730,2225
1104450,2226
1114220,2227
1124140,2228
1132190,2229
1133950,2230
1150190,2231
1189440,2232
1195480,2233
1207480,2234
1213230,2235
1239050,2236
1281881,2237
1287602,2238
1310510,2239
1331210,2240
1336210,2241
1341160,2242
1344740,2243
1366610,2244
1382790,2245
1397470,2246
1411740,2247
1448030,2248
1461100,2249
1471521,2250
1482340,2251
1487390,2252
1500820,2253
1501490,2254
1504020,2255
1545430,2256
1549240,2257
1554620,2258
1587640,2259
1640470,2260
797660,2261
1623700,2262
1669170,2263
1711840,2264
1724010,2265
1726381,2266
1737340,2267
1744910,2268
1745170,2269
1763081,2270
1791790,2271
1802850,2272
1810960,2273
1815931,2274
1872751,2275
1874260,2276
1888350,2277
1890180,2278
1943310,2279
1952250,2280
2067570,2281
2075290,2282
2085800,2283
2090580,2284
2094190,2285
2143770,2286
2206340,2287
3010,2288
92800,2289
210770,2290
227380,2291
241300,2292
245930,2293
247910,2294
253030,2295
253840,2296
257371,2297
270790,2298
289420,2299
295690,2300
1947000,2301
302130,2302
316560,2303
316965,2304
321960,2305
327030,2306
337850,2307
349730,2308
361100,2309
379610,2310
387980,2311
406150,2312
409920,2313
410850,2314
422400,2315
428460,2316
446390,2317
447200,2318
474765,2319
495890,2320
529100,2321
521430,2322
538000,2323
548680,2324
569716,2325
573060,2326
619780,2327
625172,2328
726630,2329
742150,2330
748480,2331
761591,2332
772290,2333
811320,2334
832320,2335
844040,2336
854750,2337
861732,2338
886730,2339
897030,2340
951260,2341
1592520,2342
230883,2343
951430,2344
978951,2345
979131,2346
1038450,2347
1044220,2348
1051700,2349
1052580,2350
1108740,2351
1144440,2352
1145450,2353
1153430,2354
1162600,2355
1198850,2356
1202160,2357
1242752,2358
1282210,2359
1282650,2360
1288490,2361
1307540,2362
1354540,2363
1371404,2364
1389650,2365
1557850,2366
1570180,2367
1599760,2368
1629000,2369
1631090,2370
1633660,2371
1701600,2372
1705020,2373
1784890,2374
1785000,2375
1798080,2376
1884780,2377
1888720,2378
1920540,2379
1938680,2380
1952170,2381
2009550,2382
2089710,2383
2096310,2384
2133530,2385
2149870,2386
2182660,2387
2184791,2388
2203730,2389
2218370,2390
1100130,2391
32630,2392
43100,2393
214991,2394
216260,2395
224144,2396
252450,2397
278100,2398
286000,2399
286750,2400
293880,2401
298610,2402
311660,2403
318600,2404
359491,2405
366320,2406
376680,2407
378800,2408
399140,2409
403063,2410
420490,2411
449730,2412
450810,2413
451650,2414
467810,2415
489660,2416
495160,2417
505740,2418
513520,2419
556210,2420
314970,2421
558420,2422
564150,2423
571010,2424
588230,2425
624550,2426
644080,2427
678440,2428
691110,2429
705870,2430
732890,2431
748890,2432
764050,2433
809730,2434
850260,2435
852110,2436
861881,2437
870273,2438
887960,2439
914750,2440
952420,2441
954103,2442
1023700,2443
1035990,2444
403870,2445
1055610,2446
1058770,2447
1087421,2448
1094030,2449
1103740,2450
1134710,2451
1144645,2452
1198460,2453
1200550,2454
1229900,2455
1250690,2456
1261130,2457
1282550,2458
1286510,2459
1300310,2460
1324350,2461
1324970,2462
1327920,2463
1346460,2464
1361010,2465
1413990,2466
1432500,2467
1478650,2468
1492420,2469
1500940,2470
1522080,2471
1550650,2472
1573730,2473
1691460,2474
1699280,2475
1699860,2476
1710580,2477
1740680,2478
1742450,2479
1748230,2480
1768280,2481
1776850,2482
1032670,2483
1779070,2484
1799480,2485
1815530,2486
1861230,2487
1914490,2488
2003220,2489
2015180,2490
2085920,2491
2091930,2492
2139267,2493
2180430,2494
2209680,2495
2220810,2496
2229990,2497
4720,2498
18020,2499
23450,2500
1135431,2501
203210,2502
244810,2503
245050,2504
262960,2505
271820,2506
284240,2507
289950,2508
318350,2509
339910,2510
348680,2511
349250,2512
353070,2513
354620,2514
367870,2515
384020,2516
386900,2517
404040,2518
416550,2519
444130,2520
436470,2521
464780,2522
464880,2523
525690,2524
540060,2525
562220,2526
562399,2527
565720,2528
570680,2529
589500,2530
598700,2531
618080,2532
619583,2533
653580,2534
658160,2535
663580,2536
664000,2537
677020,2538
740090,2539
755470,2540
758080,2541
1940030,2542
819480,2543
821940,2544
858630,2545
869350,2546
872750,2547
877620,2548
883080,2549
887060,2550
898590,2551
905050,2552
910880,2553
915490,2554
922710,2555
941959,2556
941973,2557
971040,2558
1046770,2559
972770,2560
974400,2561
978670,2562
1005300,2563
1076880,2564
1079460,2565
1094390,2566
1101670,2567
1113030,2568
1132070,2569
1141320,2570
1162990,2571
1174640,2572
1218210,2573
1242778,2574
1276750,2575
1287082,2576
1307580,2577
1315200,2578
1332420,2579
1341220,2580
1345370,2581
1351390,2582
1544405,2583
1563180,2584
298860,2585
1597480,2586
1598370,2587
1619350,2588
1641660,2589
1806000,2590
1843010,2591
1846791,2592
1906240,2593
1925970,2594
1969530,2595
2020510,2596
2094810,2597
2123100,2598
2171310,2599
2175700,2600
2215320,2601
2251130,2602
70660,2603
210945,2604
217790,2605
228600,2606
555630,2607
266510,2608
273500,2609
278530,2610
302750,2611
1037890,2612
34330,2613
329970,2614
335350,2615
347620,2616
359400,2617
363330,2618
375120,2619
405830,2620
435360,2621
447220,2622
456600,2623
484900,2624
485900,2625
514180,2626
517720,2627
1167550,2628
1718640,2629
603530,2630
620890,2631
621922,2632
662540,2633
672270,2634
710710,2635
720280,2636
735580,2637
744050,2638
770974,2639
792710,2640
1221790,2641
793350,2642
825060,2643
838310,2644
850000,2645
890400,2646
891730,2647
911550,2648
940680,2649
1018020,2650
1025410,2651
1055310,2652
1084220,2653
1116110,2654
1125630,2655
1151070,2656
1162202,2657
1285060,2658
1316110,2659
1420350,2660
1526180,2661
1547160,2662
1549670,2663
1643351,2664
1643355,2665
1660860,2666
1724940,2667
1768920,2668
1772810,2669
1792980,2670
1812150,2671
203510,2672
1835060,2673
1840730,2674
1844170,2675
1848450,2676
1867810,2677
431280,2678
1868000,2679
1871620,2680
1984350,2681
2059480,2682
2073540,2683
2087000,2684
2110510,2685
2260420,2686
1510,2687
10680,2688
209690,2689
226860,2690
230090,2691
2078172,2692
238210,2693
258520,2694
272010,2695
275590,2696
288140,2697
289300,2698
302360,2699
304850,2700
317590,2701
319018,2702
329110,2703
336240,2704
345540,2705
355530,2706
364470,2707
622980,2708
366240,2709
372330,2710
372350,2711
394160,2712
450812,2713
457530,2714
486380,2715
548840,2716
561260,2717
565040,2718
577990,2719
582330,2720
610750,2721
636501,2722
683940,2723
685240,2724
743890,2725
761590,2726
779934,2727
786580,2728
788270,2729
288040,2730
806900,2731
822930,2732
843020,2733
854070,2734
870280,2735
906390,2736
912900,2737
930200,2738
946010,2739
980480,2740
998470,2741
1013300,2742
1093520,2743
1105410,2744
1127840,2745
1146310,2746
1159500,2747
1200570,2748
1205260,2749
1230800,2750
1242773,2751
1245200,2752
312690,2753
1257170,2754
1258460,2755
1265120,2756
1267940,2757
1304090,2758
1308180,2759
1371690,2760
1499660,2761
1505770,2762
1524671,2763
1530140,2764
1534030,2765
1585813,2766
1612810,2767
1628440,2768
1671420,2769
1694420,2770
1719390,2771
1801650,2772
412580,2773
1829450,2774
1905940,2775
1933740,2776
1936360,2777
1947011,2778
1949476,2779
1964260,2780
2078171,2781
2106700,2782
2287760,2783
18050,2784
95300,2785
201802,2786
204388,2787
213210,2788
214570,2789
233840,2790
625050,2791
290300,2792
297831,2793
337480,2794
362680,2795
395232,2796
1529660,2797
402560,2798
402990,2799
425580,2800
434420,2801
442210,2802
446020,2803
485360,2804
485510,2805
493060,2806
503270,2807
515130,2808
838390,2809
574180,2810
589200,2811
642240,2812
680380,2813
697650,2814
723390,2815
727850,2816
732860,2817
734980,2818
748680,2819
768240,2820
779430,2821
798290,2822
804647,2823
815780,2824
822760,2825
908560,2826
922500,2827
942210,2828
951330,2829
1087420,2830
1099581,2831
1113550,2832
1139940,2833
1143850,2834
1162207,2835
1166840,2836
1235755,2837
1235758,2838
1237770,2839
1241510,2840
1259440,2841
1282410,2842
1301720,2843
1313940,2844
1337010,2845
1361680,2846
1442650,2847
1465260,2848
1469620,2849
1491510,2850
1494670,2851
1505540,2852
1506680,2853
1507740,2854
1528460,2855
1573130,2856
1591870,2857
1613470,2858
1665080,2859
628170,2860
1732800,2861
1839940,2862
1862690,2863
1945560,2864
1953490,2865
1971770,2866
1975660,2867
1983244,2868
2011704,2869
2050530,2870
2050540,2871
2057430,2872
2105100,2873
2167454,2874
2215840,2875
794340,2876
300,2877
40330,2878
44660,2879
63900,2880
215470,2881
239070,2882
248570,2883
270010,2884
272620,2885
284000,2886
284020,2887
293900,2888
297515,2889
320363,2890
340000,2891
349300,2892
349770,2893
358290,2894
374380,2895
409600,2896
433280,2897
2221490,2898
1933990,2899
458730,2900
461870,2901
492230,2902
505170,2903
522130,2904
539470,2905
612930,2906
691830,2907
729570,2908
732930,2909
738710,2910
756080,2911
766730,2912
769710,2913
789460,2914
799510,2915
812070,2916
823130,2917
94303,2918
840390,2919
2086160,2920
840800,2921
841770,2922
850980,2923
854250,2924
884000,2925
900050,2926
914010,2927
923260,2928
959880,2929
1020590,2930
1020800,2931
1048920,2932
1084520,2933
1101760,2934
1136730,2935
1142080,2936
1145690,2937
1157700,2938
215535,2939
1567970,2940
1218280,2941
1220150,2942
1233250,2943
1265870,2944
1270620,2945
1285160,2946
1289451,2947
1299400,2948
1335530,2949
1353945,2950
1375250,2951
1399240,2952
1437000,2953
1444920,2954
1466680,2955
1478410,2956
1497160,2957
1537993,2958
1549550,2959
1575885,2960
48705,2961
1631640,2962
1656600,2963
1662505,2964
1687760,2965
1694260,2966
1698690,2967
1758910,2968
1772310,2969
1778720,2970
1809770,2971
2005311,2972
2062240,2973
2137200,2974
2141730,2975
2149480,2976
2840,2977
3020,2978
71000,2979
313375,2980
227860,2981
231330,2982
244890,2983
250990,2984
258810,2985
299680,2986
317300,2987
318511,2988
324680,2989
336760,2990
339330,2991
341730,2992
383230,2993
395236,2994
397780,2995
406850,2996
425210,2997
428540,2998
464840,2999
467400,3000
1325890,3001
495280,3002
500214,3003
537330,3004
539660,3005
553640,3006
554220,3007
606710,3008
609490,3009
650330,3010
655100,3011
663210,3012
706020,3013
724490,3014
741150,3015
757300,3016
779290,3017
787670,3018
812550,3019
842150,3020
853450,3021
912170,3022
926990,3023
974740,3024
980210,3025
1019931,3026
1028703,3027
1032390,3028
1056840,3029
1109205,3030
1116770,3031
1144180,3032
1181530,3033
1192910,3034
1215320,3035
1235830,3036
1241570,3037
1242756,3038
1271400,3039
1291400,3040
1295740,3041
1302860,3042
683080,3043
1419040,3044
1423600,3045
1441400,3046
1446991,3047
1473550,3048
1492620,3049
1517970,3050
1576370,3051
1599880,3052
1600370,3053
1612520,3054
1708550,3055
1711420,3056
1734230,3057
312410,3058
1736300,3059
1739020,3060
293680,3061
1777750,3062
1797960,3063
1849570,3064
1879710,3065
1927110,3066
1946070,3067
1962770,3068
1998977,3069
2012610,3070
2113570,3071
2117950,3072
2134640,3073
2256230,3074
8880,3075
12500,3076
209540,3077
211400,3078
222940,3079
267784,3080
277775,3081
1001321,3082
376979,3083
310700,3084
316790,3085
334310,3086
356831,3087
358020,3088
380120,3089
382466,3090
383690,3091
397690,3092
415480,3093
418810,3094
422480,3095
434067,3096
440520,3097
720620,3098
475550,3099
514290,3100
536280,3101
537450,3102
548850,3103
558450,3104
575300,3105
576810,3106
580180,3107
594130,3108
601220,3109
610370,3110
649600,3111
668360,3112
673800,3113
686711,3114
702990,3115
726050,3116
774091,3117
785790,3118
831570,3119
855550,3120
871210,3121
936180,3122
941952,3123
951670,3124
952200,3125
978790,3126
987400,3127
1058710,3128
1075190,3129
1114380,3130
327130,3131
1134520,3132
1180490,3133
1188900,3134
1196400,3135
1198860,3136
1202061,3137
1212830,3138
1236500,3139
1249800,3140
1250730,3141
1252080,3142
1285210,3143
1286880,3144
1321030,3145
1352030,3146
1363680,3147
205710,3148
466560,3149
1367300,3150
1377650,3151
1434330,3152
500190,3153
1491200,3154
1493300,3155
1503920,3156
1514840,3157
1526930,3158
1530012,3159
1539580,3160
1585020,3161
1603940,3162
1637170,3163
1657780,3164
1676010,3165
1721530,3166
1733880,3167
1740900,3168
1791620,3169
1117140,3170
323341,3171
1802270,3172
1804360,3173
1829380,3174
1835870,3175
1860860,3176
1861870,3177
1919460,3178
1949190,3179
1983243,3180
2022920,3181
2066490,3182
2088630,3183
2101382,3184
2222440,3185
2610,3186
61510,3187
203990,3188
253940,3189
269730,3190
280930,3191
297793,3192
306630,3193
312840,3194
327340,3195
335070,3196
335620,3197
340700,3198
351551,3199
378504,3200
385250,3201
391510,3202
489610,3203
490450,3204
543980,3205
570950,3206
573170,3207
588950,3208
2179380,3209
603810,3210
625960,3211
634340,3212
642800,3213
646673,3214
663130,3215
670160,3216
679990,3217
763970,3218
772430,3219
778160,3220
830540,3221
832360,3222
839670,3223
864680,3224
866010,3225
874260,3226
1520760,3227
909380,3228
913060,3229
915460,3230
917690,3231
923910,3232
1000640,3233
1011510,3234
1028570,3235
1043250,3236
1044340,3237
1299120,3238
1067540,3239
1080020,3240
1093170,3241
1099561,3242
1118240,3243
1121300,3244
1132690,3245
1141960,3246
1180320,3247
1211470,3248
1220100,3249
1225560,3250
1242759,3251
1243770,3252
1261180,3253
1287810,3254
2168960,3255
1300700,3256
1308900,3257
1325900,3258
1375364,3259
1394890,3260
1424350,3261
1444020,3262
1459910,3263
1504740,3264
1506980,3265
1518670,3266
1523740,3267
1529810,3268
1531471,3269
1544510,3270
1622770,3271
570970,3272
1670120,3273
1692340,3274
1726384,3275
1797340,3276
1849370,3277
1859290,3278
1879380,3279
1883650,3280
1928140,3281
1969850,3282
2017220,3283
2055140,3284
91100,3285
207816,3286
214990,3287
239120,3288
277764,3289
289180,3290
316445,3291
338960,3292
343463,3293
353700,3294
354400,3295
356450,3296
361040,3297
379568,3298
384690,3299
388479,3300
399670,3301
414740,3302
414780,3303
415170,3304
416210,3305
425840,3306
453100,3307
2173400,3308
454140,3309
497700,3310
503680,3311
527470,3312
544970,3313
546050,3314
547480,3315
560940,3316
590950,3317
610360,3318
624320,3319
661280,3320
740290,3321
763693,3322
806140,3323
834150,3324
586020,3325
854940,3326
863590,3327
876850,3328
942540,3329
953230,3330
961840,3331
1026070,3332
1687950,3333
1059430,3334
1077600,3335
1080250,3336
1197160,3337
1199630,3338
1213700,3339
1252560,3340
1277510,3341
1302570,3342
1331670,3343
1339000,3344
1354520,3345
1458560,3346
1507190,3347
1519070,3348
1539620,3349
1554130,3350
1575470,3351
1592640,3352
616850,3353
2193220,3354
1328350,3355
1597290,3356
1607530,3357
1673560,3358
1767250,3359
1812420,3360
1836060,3361
1843730,3362
1882140,3363
1903460,3364
1919720,3365
1946310,3366
2084930,3367
2176420,3368
2181930,3369
2224330,3370
619210,3371
322170,3372
2200,3373
11450,3374
42890,3375
111800,3376
208818,3377
215080,3378
224141,3379
226100,3380
226120,3381
233150,3382
255070,3383
260750,3384
269190,3385
297120,3386
306391,3387
306397,3388
312370,3389
292820,3390
317040,3391
328230,3392
401680,3393
407330,3394
423366,3395
433490,3396
438140,3397
440420,3398
487210,3399
490890,3400
503940,3401
505730,3402
507400,3403
513330,3404
521630,3405
538021,3406
546200,3407
567290,3408
698540,3409
652190,3410
491670,3411
673260,3412
721700,3413
809850,3414
825730,3415
861270,3416
879250,3417
905340,3418
929120,3419
960980,3420
978270,3421
979700,3422
981701,3423
1080550,3424
1101300,3425
1101790,3426
1129220,3427
1130630,3428
1168470,3429
1174390,3430
1178490,3431
1237525,3432
2175260,3433
1324270,3434
1335240,3435
1335840,3436
1350200,3437
1379930,3438
1381530,3439
1416420,3440
1450100,3441
1487870,3442
1537910,3443
1542100,3444
1556870,3445
654900,3446
1586290,3447
1590561,3448
1591450,3449
1620290,3450
1650610,3451
1654480,3452
1694200,3453
1701380,3454
1882420,3455
1896880,3456
1922060,3457
1931510,3458
1937110,3459
1998340,3460
2137220,3461
2145810,3462
2150830,3463
2239000,3464
6300,3465
15370,3466
35419,3467
583760,3468
91700,3469
206040,3470
207620,3471
219680,3472
221810,3473
222611,3474
238910,3475
245450,3476
249230,3477
253690,3478
1255040,3479
297590,3480
298160,3481
302180,3482
323850,3483
328080,3484
329440,3485
333880,3486
573090,3487
364640,3488
368080,3489
384630,3490
388420,3491
439501,3492
513290,3493
520500,3494
551690,3495
601810,3496
1232251,3497
682450,3498
694190,3499
696880,3500
721430,3501
751110,3502
759000,3503
762174,3504
769180,3505
813540,3506
861870,3507
871930,3508
916000,3509
1268380,3510
932850,3511
936720,3512
970560,3513
1000714,3514
1002560,3515
1004330,3516
1022830,3517
1030500,3518
1070860,3519
1079830,3520
1108590,3521
1116310,3522
1124030,3523
1126470,3524
1151530,3525
1178880,3526
1209470,3527
1246950,3528
1257940,3529
1261220,3530
2139260,3531
588963,3532
1274140,3533
1275330,3534
1292040,3535
2101380,3536
1049890,3537
1314300,3538
1321230,3539
1323210,3540
1335090,3541
1361230,3542
1435960,3543
1460040,3544
1467870,3545
1485340,3546
1502380,3547
1516330,3548
1602660,3549
1607200,3550
1631350,3551
1633370,3552
1653100,3553
1677410,3554
1710170,3555
1729300,3556
1751270,3557
1751750,3558
1760280,3559
1764300,3560
1777520,3561
1828740,3562
1876560,3563
1899620,3564
1918370,3565
1966500,3566
1996930,3567
2060670,3568
2089450,3569
2100050,3570
2114560,3571
2199230,3572
37960,3573
43600,3574
231466,3575
2118740,3576
91600,3577
216890,3578
249870,3579
256460,3580
267788,3581
283880,3582
285740,3583
309991,3584
313630,3585
317710,3586
324160,3587
335290,3588
352610,3589
361850,3590
364340,3591
397160,3592
527700,3593
530598,3594
540510,3595
577670,3596
611040,3597
622220,3598
635200,3599
664180,3600
682480,3601
690810,3602
691280,3603
691320,3604
704200,3605
704840,3606
299110,3607
720250,3608
348300,3609
733990,3610
772610,3611
859700,3612
867700,3613
967320,3614
980591,3615
1036480,3616
1098100,3617
1118880,3618
1121420,3619
1139160,3620
1164000,3621
1225070,3622
1235747,3623
1235751,3624
1254870,3625
1257280,3626
1257290,3627
1279370,3628
1264790,3629
1300770,3630
1301520,3631
1314230,3632
1348140,3633
1398100,3634
1425270,3635
1429752,3636
1437340,3637
1446770,3638
1578950,3639
1588340,3640
1648560,3641
2123890,3642
1700130,3643
1710610,3644
1726190,3645
1779180,3646
564310,3647
1794400,3648
1875310,3649
1882240,3650
1966460,3651
1975340,3652
2109620,3653
2112230,3654
2196790,3655
2197890,3656
2243040,3657
49600,3658
57600,3659
208600,3660
213250,3661
243780,3662
263700,3663
284440,3664
321270,3665
328070,3666
1304449,3667
369440,3668
377860,3669
382260,3670
397030,3671
407200,3672
419480,3673
428100,3674
429570,3675
449250,3676
459010,3677
460780,3678
467380,3679
475960,3680
498240,3681
499620,3682
513480,3683
521210,3684
527610,3685
531166,3686
1287050,3687
570090,3688
572510,3689
621920,3690
623080,3691
639270,3692
657240,3693
718600,3694
2152880,3695
2222342,3696
729460,3697
738650,3698
754850,3699
766560,3700
804870,3701
806490,3702
874345,3703
909820,3704
933480,3705
939620,3706
942230,3707
1561362,3708
948830,3709
977230,3710
988450,3711
992490,3712
1022980,3713
1026970,3714
1058200,3715
2122050,3716
1070020,3717
1101450,3718
1104220,3719
1105590,3720
1108450,3721
1131800,3722
1133050,3723
1148020,3724
1160243,3725
1173850,3726
1189780,3727
1194160,3728
1245470,3729
1257310,3730
1271380,3731
1309200,3732
1315300,3733
1331220,3734
1342080,3735
1346730,3736
1364760,3737
1388230,3738
1401220,3739
1414250,3740
1449670,3741
1459820,3742
1512480,3743
1521810,3744
1521870,3745
1552480,3746
1570750,3747
1747050,3748
1869393,3749
1893620,3750
1146790,3751
1921760,3752
1923630,3753
468550,3754
2063420,3755
2109700,3756
2117930,3757
2188960,3758
2254650,3759
7600,3760
32330,3761
61700,3762
63000,3763
207350,3764
239090,3765
257790,3766
271670,3767
291030,3768
228380,3769
299720,3770
305900,3771
306680,3772
314180,3773
362620,3774
376966,3775
386740,3776
397270,3777
399640,3778
408710,3779
422760,3780
449980,3781
497690,3782
503400,3783
545030,3784
556392,3785
584097,3786
593210,3787
593960,3788
597970,3789
606800,3790
1126200,3791
692100,3792
734920,3793
755980,3794
765710,3795
770070,3796
799751,3797
836812,3798
838350,3799
864060,3800
868312,3801
873890,3802
878940,3803
883100,3804
906870,3805
926520,3806
961150,3807
962090,3808
965860,3809
982201,3810
734830,3811
987730,3812
1000700,3813
1000717,3814
1017410,3815
1024010,3816
1036640,3817
1055430,3818
1058560,3819
1070260,3820
1096180,3821
1096940,3822
1126190,3823
1137400,3824
1147157,3825
1147450,3826
1149560,3827
1174400,3828
525030,3829
1181000,3830
1201230,3831
716340,3832
1206490,3833
1229370,3834
1249070,3835
1253610,3836
1255150,3837
1295160,3838
1328910,3839
1360270,3840
1399590,3841
1430990,3842
1508680,3843
1537624,3844
1566390,3845
1587130,3846
554790,3847
1620410,3848
1664950,3849
1684080,3850
1694960,3851
1798002,3852
1813100,3853
721620,3854
1818180,3855
1820570,3856
1842050,3857
1873910,3858
1919261,3859
1938850,3860
1962410,3861
1972410,3862
2012100,3863
2021310,3864
2076220,3865
2159890,3866
2167750,3867
354380,3868
2168000,3869
2180750,3870
2258590,3871
7210,3872
1252200,3873
15700,3874
45300,3875
90200,3876
210012,3877
224165,3878
243930,3879
250260,3880
267782,3881
268400,3882
274250,3883
303310,3884
311190,3885
366270,3886
371530,3887
392970,3888
408770,3889
415800,3890
428370,3891
428510,3892
438430,3893
446800,3894
463150,3895
467290,3896
467820,3897
492750,3898
517000,3899
523210,3900
528310,3901
531157,3902
579180,3903
638930,3904
650510,3905
685400,3906
689980,3907
698240,3908
722060,3909
760630,3910
770110,3911
777650,3912
813420,3913
1255152,3914
815360,3915
858760,3916
867490,3917
889280,3918
897440,3919
906810,3920
919770,3921
929490,3922
938030,3923
972740,3924
1007830,3925
1010100,3926
1011890,3927
1015080,3928
1021100,3929
1056180,3930
1064900,3931
1100250,3932
1119940,3933
1135435,3934
1155790,3935
2133159,3936
1161190,3937
1188540,3938
1211178,3939
1234950,3940
1242755,3941
1257860,3942
1264180,3943
1284080,3944
1297600,3945
1309610,3946
1346590,3947
1444320,3948
1525260,3949
1531040,3950
1596750,3951
1647420,3952
1663570,3953
1673020,3954
1678860,3955
1702390,3956
1721350,3957
1808060,3958
1889981,3959
210934,3960
1900340,3961
1961790,3962
1966630,3963
2017890,3964
2112420,3965
2138780,3966
2161440,3967
35138,3968
96100,3969
208520,3970
257990,3971
282514,3972
286540,3973
287840,3974
296240,3975
310740,3976
318510,3977
320970,3978
431620,3979
2320,3980
919320,3981
322450,3982
343860,3983
362790,3984
379420,3985
392030,3986
401590,3987
406290,3988
438480,3989
445040,3990
457200,3991
464900,3992
504050,3993
551880,3994
591983,3995
594350,3996
619390,3997
442050,3998
406590,3999
645260,4000
677620,4001
709150,4002
745330,4003
758370,4004
776490,4005
795420,4006
806190,4007
888851,4008
1051410,4009
1069740,4010
1076550,4011
1077970,4012
1085260,4013
1113700,4014
1114900,4015
1128190,4016
1131530,4017
1145960,4018
1163340,4019
1164210,4020
1200650,4021
1206430,4022
1257210,4023
1257910,4024
1264970,4025
1281630,4026
1295340,4027
1316230,4028
1368800,4029
1380650,4030
10697,4031
1414480,4032
1441840,4033
1443430,4034
1451680,4035
1456650,4036
1469370,4037
1478180,4038
1478350,4039
2148660,4040
1489970,4041
1511830,4042
1524250,4043
1533001,4044
1592670,4045
1600840,4046
47895,4047
413360,4048
1636660,4049
1670430,4050
1677171,4051
1736550,4052
1795430,4053
1803550,4054
1815512,4055
1876730,4056
1998260,4057
2167860,4058
2271940,4059
22500,4060
50980,4061
209100,4062
443860,4063
224142,4064
255390,4065
262770,4066
263460,4067
267530,4068
311060,4069
314810,4070
320040,4071
340800,4072
342610,4073
347212,4074
349760,4075
397750,4076
410780,4077
422510,4078
429720,4079
470780,4080
471891,4081
472070,4082
487770,4083
494960,4084
512350,4085
554310,4086
563840,4087
567380,4088
570490,4089
620650,4090
620680,4091
623940,4092
627510,4093
651470,4094
674090,4095
677330,4096
710920,4097
761320,4098
762650,4099
91810,4100
2160020,4101
806770,4102
812810,4103
818210,4104
826420,4105
837880,4106
849740,4107
880490,4108
888871,4109
896960,4110
905640,4111
944430,4112
944770,4113
952920,4114
970830,4115
981890,4116
1005790,4117
1010220,4118
1356240,4119
1028590,4120
407472,4121
1032170,4122
1036370,4123
1042980,4124
1056510,4125
1064840,4126
1088770,4127
1101350,4128
1105110,4129
1118275,4130
1148960,4131
1149940,4132
1167860,4133
1180510,4134
1218010,4135
1253880,4136
1299620,4137
1308181,4138
1315980,4139
1330890,4140
1352680,4141
1417730,4142
1438210,4143
551810,4144
1449280,4145
1475810,4146
1489300,4147
1518360,4148
1544408,4149
1545620,4150
1568780,4151
1572270,4152
1593350,4153
1609870,4154
1694310,4155
1720850,4156
1812930,4157
1882867,4158
1915240,4159
522490,4160
2050680,4161
2078175,4162
2082540,4163
2085970,4164
2235760,4165
2241560,4166
3570,4167
33670,4168
33934,4169
34640,4170
35320,4171
206420,4172
218550,4173
223595,4174
225833,4175
244050,4176
245890,4177
304500,4178
346750,4179
349310,4180
376953,4181
380360,4182
400910,4183
411920,4184
413160,4185
425440,4186
445430,4187
447170,4188
1159010,4189
1076011,4190
460810,4191
464170,4192
530596,4193
557750,4194
567080,4195
567630,4196
572620,4197
572910,4198
597150,4199
606330,4200
619584,4201
642730,4202
677340,4203
715110,4204
736570,4205
737520,4206
759540,4207
784010,4208
800290,4209
256321,4210
804850,4211
824070,4212
858240,4213
889770,4214
890280,4215
897410,4216
898650,4217
908520,4218
912540,4219
922040,4220
937850,4221
962580,4222
962960,4223
1045170,4224
1094960,4225
1098940,4226
1116450,4227
1120370,4228
1122050,4229
1131740,4230
1142330,4231
1178400,4232
1206670,4233
1229030,4234
1236640,4235
1236890,4236
1238070,4237
1238762,4238
1242751,4239
1255000,4240
1279740,4241
1317080,4242
493580,4243
1321010,4244
1333700,4245
1410440,4246
1420770,4247
1437840,4248
1461630,4249
1490117,4250
1498280,4251
1603720,4252
1683100,4253
1737351,4254
301895,4255
1033410,4256
1806700,4257
1807080,4258
1831630,4259
1844610,4260
1848730,4261
497170,4262
1856750,4263
1919040,4264
1933970,4265
1969380,4266
2058881,4267
2062910,4268
2065330,4269
32680,4270
34870,4271
108500,4272
201805,4273
204300,4274
229621,4275
235660,4276
237430,4277
249180,4278
304290,4279
320300,4280
1002,4281
322770,4282
325956,4283
331190,4284
337290,4285
344140,4286
363130,4287
384021,4288
405130,4289
406071,4290
431710,4291
436082,4292
467090,4293
483420,4294
501990,4295
549160,4296
550450,4297
554390,4298
560941,4299
577980,4300
2189640,4301
578850,4302
587220,4303
589690,4304
596540,4305
605550,4306
609150,4307
639680,4308
645690,4309
699150,4310
715070,4311
720090,4312
769970,4313
801650,4314
816090,4315
873970,4316
941961,4317
947000,4318
959200,4319
1005130,4320
1039960,4321
1055990,4322
1144170,4323
1036660,4324
1156360,4325
1185440,4326
1190380,4327
1207610,4328
1226990,4329
1229500,4330
1252600,4331
1261760,4332
1304444,4333
1318290,4334
1364010,4335
1383250,4336
1403630,4337
1435650,4338
1442820,4339
1461740,4340
1492680,4341
3300,4342
1493940,4343
1590850,4344
1641650,4345
1674820,4346
727020,4347
1726120,4348
1761630,4349
1784220,4350
1797220,4351
1822910,4352
1827660,4353
1838340,4354
1856910,4355
1904330,4356
2015840,4357
2024300,4358
2067590,4359
2072130,4360
2237070,4361
25808,4362
35720,4363
47896,4364
63710,4365
80340,4366
234270,4367
245910,4368
263540,4369
282050,4370
284870,4371
294440,4372
331180,4373
342190,4374
359350,4375
376240,4376
386590,4377
395500,4378
426310,4379
461840,4380
463070,4381
467360,4382
488520,4383
502891,4384
503280,4385
542050,4386
553790,4387
591370,4388
604330,4389
611160,4390
639130,4391
982110,4392
705160,4393
728301,4394
746930,4395
780990,4396
794060,4397
827000,4398
844860,4399
845000,4400
921590,4401
942060,4402
955740,4403
966430,4404
1020270,4405
1076610,4406
1087700,4407
1104610,4408
1138190,4409
1176050,4410
1177000,4411
1188250,4412
1262570,4413
1263790,4414
1269500,4415
1274490,4416
1293180,4417
1301010,4418
1304130,4419
1308670,4420
1322300,4421
1386612,4422
1392780,4423
1446160,4424
2131650,4425
1448840,4426
1455340,4427
1470640,4428
1472450,4429
1661920,4430
1518770,4431
1527890,4432
1543030,4433
1548990,4434
1550230,4435
1579780,4436
1585400,4437
1649730,4438
1696720,4439
1701720,4440
1702320,4441
1705520,4442
1766340,4443
1768270,4444
299660,4445
1780940,4446
1841390,4447
1878970,4448
1889540,4449
1406700,4450
1914630,4451
1922180,4452
1948140,4453
1968320,4454
1969720,4455
2024830,4456
2126130,4457
2147633,4458
2176760,4459
2190390,4460
2204970,4461
2221920,4462
2193880,4463
252890,4464
260290,4465
1558830,4466
313660,4467
349460,4468
352070,4469
364390,4470
367580,4471
375130,4472
384680,4473
390890,4474
391310,4475
394680,4476
402120,4477
407320,4478
429540,4479
445260,4480
446810,4481
470750,4482
502010,4483
503350,4484
516820,4485
523160,4486
555570,4487
2258500,4488
566160,4489
677480,4490
682140,4491
690620,4492
691770,4493
701420,4494
715193,4495
747360,4496
754770,4497
788430,4498
811070,4499
205730,4500
909670,4501
915090,4502
964040,4503
977810,4504
991773,4505
1004960,4506
1022120,4507
1029320,4508
1033530,4509
1057780,4510
1070790,4511
1074550,4512
1087123,4513
1088750,4514
1133730,4515
1137020,4516
1145490,4517
1168610,4518
1269310,4519
1329264,4520
1178220,4521
1185700,4522
1200346,4523
1209150,4524
1248430,4525
1248840,4526
1249280,4527
1284820,4528
1318800,4529
1349010,4530
1406850,4531
1430970,4532
1450090,4533
1450650,4534
633360,4535
1477980,4536
1499240,4537
1540220,4538
1552581,4539
1560939,4540
1595280,4541
1023780,4542
1674060,4543
1706210,4544
1728390,4545
1796880,4546
1846460,4547
1919140,4548
1970820,4549
2023810,4550
2065810,4551
2154820,4552
636410,4553
2181990,4554
18500,4555
33730,4556
41800,4557
94590,4558
200185,4559
209370,4560
224300,4561
244030,4562
258460,4563
264340,4564
265810,4565
290510,4566
292910,4567
316864,4568
320372,4569
354020,4570
358920,4571
385560,4572
768530,4573
386520,4574
395235,4575
403950,4576
408650,4577
431621,4578
437550,4579
502820,4580
508403,4581
510500,4582
538100,4583
547050,4584
572630,4585
583040,4586
591984,4587
597030,4588
599560,4589
606230,4590
607880,4591
664090,4592
690180,4593
716490,4594
761910,4595
773210,4596
806740,4597
809050,4598
840010,4599
861872,4600
868520,4601
894420,4602
925650,4603
950300,4604
967380,4605
967390,4606
968970,4607
1015880,4608
1033950,4609
1055690,4610
1105370,4611
1110380,4612
1130620,4613
1137940,4614
1155870,4615
1158240,4616
1179560,4617
1203140,4618
1205520,4619
1229270,4620
1278480,4621
1282080,4622
1287083,4623
1314000,4624
1346400,4625
1335560,4626
1398750,4627
1408620,4628
1415510,4629
1482750,4630
1490113,4631
1536470,4632
1596120,4633
1602110,4634
1615100,4635
1644080,4636
1663250,4637
1730140,4638
1732070,4639
1738020,4640
1767570,4641
1770230,4642
1795010,4643
1798084,4644
1847240,4645
1861610,4646
1865170,4647
1880490,4648
1916970,4649
1949300,4650
2022750,4651
2061250,4652
2085840,4653
16861,4654
880540,4655
32460,4656
73091,4657
111300,4658
212010,4659
222543,4660
222730,4661
232647,4662
234080,4663
244430,4664
1338470,4665
245390,4666
268130,4667
283980,4668
304030,4669
310950,4670
312380,4671
321560,4672
330720,4673
331440,4674
885190,4675
345390,4676
359930,4677
366420,4678
415710,4679
417463,4680
450950,4681
455910,4682
463850,4683
1737980,4684
464340,4685
465900,4686
503650,4687
504400,4688
512750,4689
525640,4690
537630,4691
563560,4692
566970,4693
606890,4694
607820,4695
612390,4696
852660,4697
670260,4698
747610,4699
763699,4700
794550,4701
824190,4702
890520,4703
974580,4704
978800,4705
997720,4706
1036260,4707
1068290,4708
1071200,4709
1088310,4710
1091250,4711
1100260,4712
1104410,4713
1129920,4714
1156120,4715
1200552,4716
1209360,4717
1239690,4718
1267250,4719
636960,4720
1338940,4721
1345800,4722
1357430,4723
1386180,4724
1393370,4725
1396980,4726
1400200,4727
1415660,4728
1459640,4729
1462650,4730
1475990,4731
1492030,4732
1572810,4733
1628970,4734
1635853,4735
1646790,4736
1662500,4737
1665130,4738
1752630,4739
1785850,4740
1787480,4741
1869261,4742
1158830,4743
321940,4744
1901340,4745
1916310,4746
1939750,4747
1998040,4748
2008050,4749
2246700,4750
1600,4751
3620,4752
16180,4753
17140,4754
33130,4755
49000,4756
71240,4757
204630,4758
211070,4759
223830,4760
235585,4761
297060,4762
310790,4763
317470,4764
331500,4765
333950,4766
345260,4767
365770,4768
373240,4769
386770,4770
404270,4771
406870,4772
425340,4773
467960,4774
513980,4775
547590,4776
567160,4777
580710,4778
590860,4779
656970,4780
738530,4781
787671,4782
789730,4783
792660,4784
814400,4785
834401,4786
886820,4787
926340,4788
953840,4789
978460,4790
1007910,4791
1031480,4792
1033880,4793
1040460,4794
1073870,4795
1085510,4796
1099560,4797
1110030,4798
1122690,4799
1133590,4800
1150031,4801
1196630,4802
1203710,4803
1208600,4804
1211960,4805
1232810,4806
1272120,4807
1289520,4808
1292050,4809
1305040,4810
1317950,4811
1345440,4812
1374840,4813
1399690,4814
1417420,4815
1493070,4816
1493520,4817
1548770,4818
1549440,4819
1551620,4820
1567420,4821
1572830,4822
1577330,4823
1581500,4824
1604000,4825
1672670,4826
1732060,4827
1772920,4828
1811010,4829
1817290,4830
1843020,4831
1866570,4832
1944360,4833
2061300,4834
2105910,4835
2228200,4836
4500,4837
15380,4838
22632,4839
113400,4840
209670,4841
220260,4842
224168,4843
225834,4844
252630,4845
259410,4846
322520,4847
328920,4848
329830,4849
332490,4850
349350,4851
350910,4852
358750,4853
359781,4854
376932,4855
388790,4856
395460,4857
416770,4858
423630,4859
458470,4860
462260,4861
482990,4862
508790,4863
512033,4864
518670,4865
573130,4866
715940,4867
776560,4868
783170,4869
790260,4870
793670,4871
795220,4872
814251,4873
749080,4874
845690,4875
856610,4876
895670,4877
941963,4878
963280,4879
1015790,4880
35480,4881
1061880,4882
1072150,4883
1143710,4884
1170760,4885
1179060,4886
1184570,4887
1188618,4888
1198462,4889
2222170,4890
1200720,4891
1202031,4892
1212100,4893
1235120,4894
1246940,4895
1275890,4896
1426490,4897
1444560,4898
1448780,4899
1449882,4900
3610,4901
1490410,4902
1526490,4903
1546790,4904
1554070,4905
1575881,4906
1592320,4907
1663680,4908
1690140,4909
1694670,4910
1752250,4911
1815780,4912
1833300,4913
1848421,4914
1852251,4915
1856370,4916
2081490,4917
2130810,4918
2230220,4919
2237940,4920
811300,4921
22230,4922
25990,4923
31810,4924
32310,4925
57923,4926
208371,4927
211340,4928
225080,4929
235584,4930
16862,4931
249083,4932
253710,4933
257120,4934
258642,4935
291190,4936
304240,4937
319012,4938
319280,4939
332070,4940
341960,4941
343462,4942
348687,4943
813390,4944
365960,4945
377530,4946
1313,4947
382380,4948
389140,4949
401629,4950
418120,4951
436081,4952
441350,4953
493310,4954
494810,4955
510590,4956
528060,4957
599750,4958
658590,4959
668630,4960
686680,4961
688140,4962
736810,4963
828660,4964
829420,4965
844670,4966
873030,4967
895420,4968
906100,4969
956400,4970
1022780,4971
1025340,4972
1050440,4973
1079510,4974
1082500,4975
1086870,4976
1087450,4977
1092050,4978
1094000,4979
1097170,4980
1113780,4981
2016370,4982
1189630,4983
1208770,4984
1253350,4985
1254570,4986
1274210,4987
1288790,4988
1297160,4989
1316740,4990
1323000,4991
1332760,4992
1347760,4993
1355640,4994
1374970,4995
1436410,4996
1443027,4997
2060330,4998
1461680,4999
1488560,5000
1502970,5001
1511670,5002
1526710,5003
1018000,5004
1528050,5005
1554970,5006
1582500,5007
1582620,5008
1619191,5009
1621140,5010
1685690,5011
1764390,5012
1766021,5013
1854710,5014
1859770,5015
1918130,5016
1958171,5017
2078174,5018
2112210,5019
2135030,5020
237070,5021
239350,5022
262280,5023
267810,5024
275290,5025
277761,5026
284710,5027
299950,5028
301830,5029
304020,5030
312980,5031
319170,5032
337661,5033
345180,5034
346970,5035
353270,5036
357300,5037
405030,5038
359490,5039
363150,5040
366250,5041
371550,5042
385510,5043
398913,5044
400180,5045
405430,5046
418221,5047
662350,5048
420660,5049
444140,5050
444930,5051
475150,5052
485450,5053
490220,5054
493200,5055
495700,5056
533060,5057
551620,5058
575820,5059
623640,5060
628920,5061
629220,5062
629860,5063
634410,5064
996380,5065
702110,5066
711380,5067
717310,5068
719660,5069
753660,5070
780100,5071
800340,5072
762915,5073
698670,5074
818320,5075
827330,5076
862810,5077
863570,5078
871420,5079
880521,5080
923470,5081
946050,5082
952950,5083
976700,5084
1017100,5085
1046660,5086
1056600,5087
1087425,5088
1101351,5089
1108370,5090
379233,5091
1112620,5092
1118290,5093
1172800,5094
1180540,5095
1181570,5096
1238105,5097
1264280,5098
1329261,5099
1336600,5100
1343620,5101
1356110,5102
1412230,5103
1445310,5104
1448610,5105
1466690,5106
1475460,5107
1478000,5108
1536370,5109
1546920,5110
1561980,5111
1608190,5112
1608470,5113
1701060,5114
1706870,5115
1749460,5116
1814770,5117
1848420,5118
1878720,5119
1903470,5120
1913620,5121
1931950,5122
1939240,5123
1942650,5124
1957230,5125
2097720,5126
2192170,5127
1199120,5128
2268540,5129
1520,5130
20510,5131
25890,5132
46500,5133
208793,5134
208807,5135
225825,5136
227780,5137
234650,5138
244710,5139
252330,5140
252550,5141
264400,5142
320320,5143
344770,5144
347430,5145
347590,5146
362870,5147
364250,5148
494100,5149
367270,5150
378720,5151
384300,5152
384990,5153
418620,5154
457841,5155
462261,5156
464260,5157
468310,5158
469720,5159
536220,5160
545210,5161
554791,5162
578210,5163
617610,5164
629430,5165
640590,5166
668980,5167
669380,5168
730390,5169
732430,5170
733790,5171
762913,5172
780350,5173
790710,5174
878462,5175
931270,5176
953900,5177
1006710,5178
1010821,5179
1067350,5180
1131670,5181
1145340,5182
1171240,5183
1172450,5184
1183640,5185
1194470,5186
1203930,5187
1211830,5188
1228810,5189
1294230,5190
1294660,5191
1295130,5192
1316390,5193
1316910,5194
1330380,5195
1345950,5196
1377430,5197
1398390,5198
1403830,5199
1409530,5200
1434940,5201
1451030,5202
1462520,5203
1477570,5204
516480,5205
1502230,5206
1525620,5207
1642620,5208
1647770,5209
1670700,5210
1672980,5211
1677580,5212
1679320,5213
1697880,5214
1732340,5215
1767690,5216
1818450,5217
1843931,5218
1848180,5219
1852235,5220
1909420,5221
1912630,5222
1986060,5223
2082260,5224
2099080,5225
70210,5226
556890,5227
73010,5228
222574,5229
225826,5230
228360,5231
230270,5232
237740,5233
314150,5234
316960,5235
324310,5236
329130,5237
333330,5238
340520,5239
342260,5240
358340,5241
373370,5242
388410,5243
389150,5244
395231,5245
418250,5246
421170,5247
429690,5248
440630,5249
444280,5250
450820,5251
454380,5252
466060,5253
467300,5254
486310,5255
541930,5256
545100,5257
559610,5258
574590,5259
575480,5260
587580,5261
610080,5262
611710,5263
636100,5264
675970,5265
684580,5266
695960,5267
1186160,5268
722960,5269
779640,5270
801440,5271
837200,5272
841460,5273
851280,5274
869690,5275
889921,5276
890750,5277
929200,5278
937892,5279
981260,5280
1003360,5281
1004750,5282
1121780,5283
1130800,5284
1132720,5285
1167870,5286
1168690,5287
1176700,5288
1652680,5289
1187510,5290
1235759,5291
1235766,5292
1267310,5293
1271260,5294
1341050,5295
1431240,5296
1432320,5297
1449440,5298
1458155,5299
1469910,5300
1472191,5301
1499800,5302
1515065,5303
537340,5304
1559300,5305
1581040,5306
1591670,5307
1639430,5308
1700890,5309
1751540,5310
1752150,5311
1780270,5312
1790370,5313
1794950,5314
1802170,5315
1826960,5316
1851280,5317
1877370,5318
1877710,5319
1881120,5320
1924150,5321
1928710,5322
1941400,5323
1979460,5324
1986840,5325
2019990,5326
2095450,5327
2164200,5328
2164210,5329
6550,5330
47880,5331
48000,5332
50910,5333
63200,5334
963260,5335
2054413,5336
64000,5337
102810,5338
213780,5339
220160,5340
224763,5341
259980,5342
269850,5343
297110,5344
327176,5345
1209461,5346
336300,5347
340990,5348
345741,5349
351160,5350
353330,5351
377690,5352
407810,5353
410830,5354
431940,5355
452860,5356
539320,5357
620590,5358
638160,5359
661430,5360
672150,5361
698870,5362
759940,5363
809890,5364
840210,5365
842810,5366
894620,5367
898450,5368
899160,5369
920690,5370
930630,5371
1003890,5372
1035510,5373
1045580,5374
1056230,5375
1058320,5376
1058740,5377
1069650,5378
1089840,5379
415400,5380
1103770,5381
1112420,5382
1135830,5383
1141580,5384
1159860,5385
1162205,5386
1175160,5387
1188330,5388
1190160,5389
1195910,5390
1198590,5391
1246250,5392
1263230,5393
1272440,5394
1294780,5395
1307090,5396
1371403,5397
1392490,5398
1411330,5399
1412890,5400
1433010,5401
1486840,5402
1491710,5403
1502710,5404
1543080,5405
1548820,5406
1552620,5407
1570130,5408
1610882,5409
1681880,5410
1704310,5411
1714590,5412
1735680,5413
1738980,5414
1763310,5415
1787820,5416
1788120,5417
1798780,5418
1875610,5419
1951170,5420
1990310,5421
2007530,5422
2016540,5423
2020520,5424
2052581,5425
2109890,5426
2124770,5427
2147890,5428
2152440,5429
2202880,5430
2218210,5431
2254000,5432
40990,5433
45400,5434
46770,5435
224143,5436
238530,5437
528260,5438
244750,5439
255300,5440
280220,5441
288860,5442
300380,5443
312290,5444
315840,5445
317510,5446
389170,5447
403030,5448
435570,5449
446620,5450
455820,5451
458920,5452
494720,5453
520010,5454
522340,5455
3420,5456
574200,5457
577530,5458
592374,5459
604540,5460
648890,5461
658600,5462
665330,5463
671640,5464
678005,5465
681390,5466
738510,5467
743850,5468
767930,5469
770970,5470
804645,5471
814360,5472
834740,5473
842100,5474
867050,5475
888857,5476
944250,5477
988310,5478
1016730,5479
1059880,5480
1060600,5481
1090250,5482
1104660,5483
1107790,5484
1120420,5485
1122750,5486
1181910,5487
1029780,5488
1227780,5489
1249500,5490
1289453,5491
1292940,5492
1302000,5493
1307440,5494
1327440,5495
1377530,5496
1386600,5497
1403400,5498
1409640,5499
1421790,5500
1424060,5501
1437850,5502
1460021,5503
1506760,5504
1507720,5505
1531607,5506
1550510,5507
1182000,5508
1554700,5509
1571580,5510
1592740,5511
1597460,5512
1711950,5513
1714180,5514
1735110,5515
1761600,5516
1780840,5517
1883580,5518
1917560,5519
1920800,5520
1983240,5521
1983740,5522
2008410,5523
2014490,5524
2018640,5525
2025610,5526
2122250,5527
2172840,5528
15710,5529
35091,5530
39630,5531
40700,5532
215830,5533
224166,5534
239800,5535
763710,5536
256290,5537
266930,5538
286460,5539
301120,5540
302590,5541
308000,5542
323500,5543
347670,5544
348400,5545
348990,5546
370550,5547
411380,5548
415700,5549
415850,5550
436290,5551
455080,5552
457842,5553
463930,5554
502320,5555
524540,5556
532190,5557
558100,5558
558241,5559
571880,5560
593600,5561
640290,5562
666150,5563
671620,5564
674150,5565
674190,5566
711890,5567
742700,5568
765910,5569
789090,5570
873200,5571
881960,5572
900290,5573
920560,5574
922700,5575
944350,5576
971160,5577
978870,5578
994340,5579
1010240,5580
1032700,5581
1063490,5582
1070710,5583
1079230,5584
1096690,5585
1097420,5586
1102100,5587
1140661,5588
1142830,5589
1158290,5590
1177030,5591
1184250,5592
1188270,5593
1883570,5594
1203630,5595
1203970,5596
1234730,5597
1250770,5598
1281330,5599
1351860,5600
1352330,5601
1380520,5602
1390190,5603
1399020,5604
1436920,5605
1450130,5606
1463920,5607
1562920,5608
1575710,5609
1577660,5610
1625790,5611
1744640,5612
1774770,5613
304214,5614
1889650,5615
1920100,5616
1927380,5617
1945590,5618
2004610,5619
2081570,5620
2125560,5621
2135990,5622
2138500,5623
2139440,5624
2154362,5625
598490,5626
2208070,5627
2214250,5628
2214840,5629
2235284,5630
6850,5631
72740,5632
115210,5633
205830,5634
208280,5635
421660,5636
209080,5637
214830,5638
221001,5639
232634,5640
257320,5641
271760,5642
290730,5643
295790,5644
301140,5645
301980,5646
336080,5647
337840,5648
345660,5649
358260,5650
360170,5651
406620,5652
379560,5653
381870,5654
395860,5655
400490,5656
409850,5657
435870,5658
468240,5659
476862,5660
480490,5661
486571,5662
499660,5663
500680,5664
512460,5665
514310,5666
564940,5667
616000,5668
622040,5669
632350,5670
652360,5671
756600,5672
772470,5673
787810,5674
787970,5675
789910,5676
73115,5677
791770,5678
794860,5679
829590,5680
836450,5681
851840,5682
857980,5683
880130,5684
882900,5685
887800,5686
930310,5687
994730,5688
995460,5689
1025070,5690
1068360,5691
1117850,5692
1124830,5693
1131080,5694
514400,5695
1144110,5696
1154760,5697
1158730,5698
1170640,5699
1179620,5700
1128810,5701
1184770,5702
1198210,5703
1204720,5704
1208550,5705
1254670,5706
1284870,5707
1306750,5708
1362560,5709
1374340,5710
1427591,5711
1432910,5712
1546570,5713
1575870,5714
1591420,5715
1615290,5716
1663690,5717
933140,5718
1671480,5719
1690710,5720
1708460,5721
1712950,5722
1724880,5723
1790250,5724
1798070,5725
1852710,5726
1874975,5727
1918300,5728
1924010,5729
2093950,5730
2109460,5731
2109640,5732
2113770,5733
2260720,5734
765880,5735
428140,5736
3320,5737
32110,5738
588340,5739
32900,5740
65242,5741
107100,5742
206250,5743
208791,5744
222549,5745
228601,5746
234940,5747
266310,5748
273070,5749
274900,5750
285500,5751
286260,5752
287920,5753
291860,5754
558243,5755
893150,5756
294140,5757
294370,5758
313102,5759
325504,5760
332400,5761
389430,5762
423364,5763
427680,5764
459090,5765
476530,5766
517810,5767
521500,5768
565610,5769
579490,5770
579760,5771
599160,5772
667610,5773
3310,5774
330830,5775
726560,5776
1299630,5777
771020,5778
769550,5779
780210,5780
799070,5781
816850,5782
821500,5783
830400,5784
871980,5785
899440,5786
908100,5787
909640,5788
945460,5789
1043230,5790
1066140,5791
1138100,5792
1160540,5793
1203830,5794
1220170,5795
1239260,5796
1244560,5797
1246870,5798
1344320,5799
1347640,5800
1255650,5801
1277950,5802
1295390,5803
1303191,5804
1371330,5805
1393780,5806
1400910,5807
1414800,5808
1421760,5809
1437870,5810
1458460,5811
1484230,5812
1511460,5813
1531480,5814
9760,5815
1590190,5816
1594340,5817
1605010,5818
1615060,5819
1639610,5820
1654890,5821
1688040,5822
1776170,5823
1836550,5824
1946970,5825
1952740,5826
1968100,5827
2062373,5828
2122170,5829
2133149,5830
2139262,5831
2241910,5832
2255290,5833
949210,5834
32760,5835
200010,5836
236930,5837
251470,5838
253790,5839
789070,5840
287630,5841
292880,5842
316320,5843
317820,5844
332800,5845
359960,5846
368640,5847
380150,5848
424280,5849
449392,5850
449981,5851
457890,5852
757330,5853
462940,5854
466030,5855
529690,5856
529700,5857
531730,5858
543240,5859
545880,5860
592260,5861
596590,5862
618050,5863
688770,5864
690560,5865
736850,5866
746960,5867
747650,5868
1672983,5869
768450,5870
779590,5871
838110,5872
888870,5873
907470,5874
914170,5875
925930,5876
935930,5877
968370,5878
1004610,5879
108231,5880
1015140,5881
1031900,5882
1051200,5883
1059230,5884
1070330,5885
1102040,5886
1136380,5887
1140150,5888
1156510,5889
1184160,5890
1191120,5891
1209480,5892
1211206,5893
1252320,5894
1262600,5895
1266820,5896
1274230,5897
1348670,5898
1400760,5899
1416390,5900
39660,5901
1426730,5902
1606210,5903
1646120,5904
1675011,5905
1707650,5906
1724110,5907
1727830,5908
1760120,5909
1786050,5910
1787760,5911
1896160,5912
1977380,5913
1978580,5914
2021370,5915
2155310,5916
15750,5917
32390,5918
50000,5919
55389,5920
80200,5921
96000,5922
205634,5923
222632,5924
237618,5925
292710,5926
294660,5927
314790,5928
322950,5929
337930,5930
344860,5931
346820,5932
358130,5933
370060,5934
370870,5935
737870,5936
414510,5937
1085410,5938
418180,5939
445770,5940
457730,5941
459080,5942
487120,5943
512300,5944
517130,5945
528056,5946
562480,5947
621000,5948
716500,5949
730430,5950
730920,5951
737050,5952
1075041,5953
1095500,5954
738860,5955
757480,5956
787340,5957
844930,5958
870277,5959
889890,5960
917920,5961
924800,5962
925826,5963
965620,5964
976330,5965
1004860,5966
1011830,5967
1028430,5968
1042670,5969
1042960,5970
1046300,5971
1057270,5972
1069230,5973
1167100,5974
1181830,5975
1232253,5976
1249510,5977
1289191,5978
1282690,5979
1303010,5980
1347780,5981
1399300,5982
1409142,5983
1420740,5984
1447000,5985
1510670,5986
1517350,5987
1544540,5988
1576720,5989
1581880,5990
1587090,5991
1611490,5992
1127800,5993
1664060,5994
1674270,5995
1674580,5996
1736700,5997
1761220,5998
1765700,5999
1817370,6000
2003310,6001
2053670,6002
2086180,6003
2093900,6004
2101940,6005
2139265,6006
2810,6007
2910,6008
38400,6009
46410,6010
1708330,6011
1272650,6012
65790,6013
107104,6014
205632,6015
222598,6016
231160,6017
237030,6018
287310,6019
311770,6020
316863,6021
274123,6022
340730,6023
343800,6024
367871,6025
368600,6026
370690,6027
406130,6028
408340,6029
428860,6030
446830,6031
452510,6032
465890,6033
494360,6034
513340,6035
555290,6036
556530,6037
587180,6038
587860,6039
599050,6040
629690,6041
635390,6042
723930,6043
726830,6044
733070,6045
747900,6046
761830,6047
771890,6048
800341,6049
1128140,6050
607080,6051
802880,6052
804010,6053
812840,6054
814110,6055
817860,6056
855860,6057
857460,6058
937940,6059
949081,6060
975360,6061
1013220,6062
1016360,6063
1034940,6064
1053830,6065
1064340,6066
1084480,6067
1122680,6068
1176710,6069
1198470,6070
1207000,6071
1304467,6072
1308183,6073
1345320,6074
1347750,6075
1379130,6076
1432470,6077
1449200,6078
1474200,6079
1490115,6080
1523190,6081
1559570,6082
1595640,6083
1658720,6084
1665280,6085
271943,6086
1718130,6087
1731930,6088
1755030,6089
1779960,6090
1785120,6091
1807450,6092
1816070,6093
2070220,6094
2107850,6095
2125770,6096
2205500,6097
24960,6098
33460,6099
35300,6100
1089672,6101
43000,6102
60350,6103
95400,6104
208110,6105
208806,6106
222593,6107
233550,6108
321890,6109
335510,6110
337720,6111
345860,6112
351940,6113
352620,6114
358960,6115
371140,6116
1118024,6117
398710,6118
402620,6119
428340,6120
428660,6121
450120,6122
488060,6123
550310,6124
565550,6125
584095,6126
591710,6127
924900,6128
593700,6129
595730,6130
603800,6131
606370,6132
639560,6133
672840,6134
695100,6135
700160,6136
725850,6137
1441230,6138
775940,6139
789660,6140
837830,6141
886070,6142
894700,6143
896160,6144
898780,6145
898961,6146
906510,6147
910450,6148
917290,6149
944020,6150
967282,6151
967400,6152
975270,6153
996741,6154
1031920,6155
1073630,6156
1079310,6157
1125710,6158
1144640,6159
1075040,6160
1164290,6161
1172520,6162
1174090,6163
1174410,6164
1183470,6165
1228560,6166
1243960,6167
1247110,6168
1256740,6169
1272130,6170
1285920,6171
1359120,6172
1393410,6173
1430420,6174
1515420,6175
1544402,6176
1556709,6177
1599630,6178
1612420,6179
1631140,6180
1660520,6181
1700940,6182
1762580,6183
1770400,6184
1787320,6185
1798003,6186
1808130,6187
1904530,6188
1977910,6189
2017370,6190
2101250,6191
2124670,6192
2131820,6193
2282670,6194
3330,6195
10100,6196
32660,6197
42670,6198
55399,6199
61500,6200
95900,6201
220090,6202
249094,6203
277470,6204
279620,6205
297510,6206
302490,6207
307340,6208
364510,6209
366970,6210
378030,6211
382920,6212
388080,6213
401810,6214
416450,6215
431510,6216
440310,6217
468410,6218
487370,6219
492500,6220
506500,6221
520150,6222
530599,6223
361842,6224
389730,6225
569220,6226
586910,6227
599600,6228
624710,6229
650360,6230
653930,6231
673950,6232
703620,6233
745880,6234
46350,6235
747340,6236
794240,6237
802870,6238
832700,6239
862450,6240
874344,6241
973220,6242
985760,6243
1042780,6244
1108170,6245
1133320,6246
1161370,6247
1204440,6248
1213750,6249
1226530,6250
1238000,6251
1299810,6252
1335790,6253
1342060,6254
333540,6255
1342250,6256
1418980,6257
1451970,6258
1468290,6259
1472540,6260
1366810,6261
1520270,6262
1535610,6263
1570010,6264
1611310,6265
1645640,6266
1651780,6267
1662750,6268
1690730,6269
1745476,6270
1753610,6271
1792600,6272
1840350,6273
1857650,6274
1889640,6275
1935100,6276
1975160,6277
1984610,6278
2054740,6279
2138290,6280
2243140,6281
4520,6282
9350,6283
12640,6284
16450,6285
47897,6286
92803,6287
102600,6288
205020,6289
221830,6290
233310,6291
241364,6292
243450,6293
275560,6294
317020,6295
297760,6296
323220,6297
325520,6298
353761,6299
415920,6300
423320,6301
433290,6302
447780,6303
461620,6304
491040,6305
493530,6306
528550,6307
530580,6308
535520,6309
538020,6310
553520,6311
562380,6312
535460,6313
598330,6314
612110,6315
669500,6316
1640310,6317
717610,6318
774759,6319
786450,6320
859580,6321
871900,6322
882140,6323
888360,6324
908070,6325
917680,6326
929680,6327
946970,6328
959520,6329
987190,6330
992170,6331
1542790,6332
995160,6333
1004919,6334
1005120,6335
1017510,6336
1038250,6337
1038500,6338
1042990,6339
1096890,6340
65254,6341
1148470,6342
1149660,6343
1186580,6344
1209880,6345
1235752,6346
1259640,6347
1267810,6348
1269690,6349
1283410,6350
1295790,6351
1322670,6352
1377580,6353
1406020,6354
1432220,6355
1471910,6356
1506610,6357
1507790,6358
1531720,6359
593030,6360
1546100,6361
1552220,6362
1555040,6363
1584840,6364
1613670,6365
1635350,6366
1667400,6367
1757680,6368
1773890,6369
1820770,6370
1826450,6371
1839510,6372
1845520,6373
1873540,6374
1880650,6375
1880890,6376
1881420,6377
1907230,6378
1956370,6379
2082560,6380
2091640,6381
2156680,6382
2164780,6383
2192840,6384
2204680,6385
2217730,6386
8340,6387
9060,6388
24980,6389
28000,6390
34810,6391
38700,6392
42210,6393
208300,6394
217961,6395
233350,6396
247240,6397
260291,6398
262390,6399
264240,6400
274880,6401
299540,6402
1429756,6403
1249010,6404
310390,6405
330650,6406
342920,6407
345120,6408
358200,6409
361320,6410
363930,6411
372940,6412
400080,6413
400160,6414
435440,6415
277733,6416
485040,6417
488310,6418
488730,6419
497180,6420
510650,6421
529620,6422
565180,6423
321430,6424
573410,6425
600280,6426
610250,6427
619880,6428
645320,6429
657730,6430
666330,6431
688060,6432
717340,6433
774351,6434
774651,6435
1368570,6436
780670,6437
792520,6438
800600,6439
802450,6440
836820,6441
867380,6442
898960,6443
938721,6444
952540,6445
957710,6446
989060,6447
1004921,6448
1043340,6449
1056360,6450
1104460,6451
1117310,6452
1121720,6453
1195830,6454
1219130,6455
1230860,6456
1241286,6457
1304447,6458
1819230,6459
1305820,6460
1315160,6461
1336322,6462
1338640,6463
1356040,6464
1392650,6465
1412690,6466
1422940,6467
1442170,6468
1468310,6469
1492310,6470
1508750,6471
1516480,6472
1540960,6473
1556980,6474
1586691,6475
1620040,6476
1696080,6477
1724230,6478
477770,6479
1779460,6480
1790490,6481
1799180,6482
1807930,6483
1877810,6484
1885200,6485
1902880,6486
2019380,6487
2133156,6488
2166140,6489
2220832,6490
7520,6491
35700,6492
90400,6493
266130,6494
277890,6495
289780,6496
326480,6497
339190,6498
340050,6499
356400,6500
356430,6501
358143,6502
377900,6503
419130,6504
427240,6505
431770,6506
438320,6507
440760,6508
465870,6509
496101,6510
517910,6511
524260,6512
427730,6513
538840,6514
545540,6515
567590,6516
579840,6517
598810,6518
654550,6519
712340,6520
740143,6521
765860,6522
782090,6523
804700,6524
811460,6525
821090,6526
822240,6527
842140,6528
857350,6529
894690,6530
1829586,6531
919260,6532
944070,6533
961620,6534
970100,6535
1004260,6536
1010210,6537
1027820,6538
1041320,6539
1056780,6540
1083760,6541
1087121,6542
1087440,6543
1098400,6544
1121580,6545
1142100,6546
1156340,6547
1655410,6548
1158890,6549
1175840,6550
1194590,6551
1220370,6552
1256530,6553
1272860,6554
1287051,6555
1313310,6556
1345890,6557
1408860,6558
1424720,6559
578540,6560
1499120,6561
760560,6562
1556420,6563
1558100,6564
1563860,6565
1580520,6566
1618540,6567
1766390,6568
1767680,6569
1776430,6570
1817400,6571
1822450,6572
1904900,6573
1926620,6574
2019370,6575
2077800,6576
2091960,6577
2134970,6578
2186650,6579
794345,6580
2242760,6581
2244880,6582
2282540,6583
32360,6584
32430,6585
39680,6586
55395,6587
236150,6588
269650,6589
294680,6590
301896,6591
312650,6592
313430,6593
319270,6594
324331,6595
327410,6596
345430,6597
360550,6598
368160,6599
1202170,6600
370600,6601
381780,6602
385710,6603
395238,6604
397060,6605
411960,6606
417880,6607
451920,6608
504370,6609
562230,6610
569530,6611
588160,6612
594700,6613
633460,6614
635790,6615
671650,6616
694500,6617
735280,6618
816490,6619
839850,6620
850850,6621
924780,6622
951664,6623
1047170,6624
1048350,6625
1048872,6626
1069690,6627
1082920,6628
1098270,6629
1134380,6630
1233370,6631
942190,6632
1138660,6633
1174730,6634
1211208,6635
1235756,6636
1289310,6637
1289640,6638
1301210,6639
1388590,6640
1394500,6641
1441719,6642
1481113,6643
1495870,6644
1517481,6645
1561890,6646
1584650,6647
1648531,6648
1704460,6649
1717770,6650
1814010,6651
1839160,6652
1161580,6653
1849890,6654
1860700,6655
1938330,6656
1966170,6657
1977800,6658
2147632,6659
8140,6660
32160,6661
63910,6662
261760,6663
266230,6664
267490,6665
1211480,6666
280680,6667
294690,6668
300300,6669
304211,6670
315660,6671
346730,6672
347170,6673
845330,6674
356530,6675
396650,6676
407070,6677
433241,6678
447290,6679
449390,6680
459280,6681
464450,6682
488470,6683
498190,6684
501090,6685
517790,6686
527070,6687
534990,6688
539460,6689
559070,6690
587450,6691
589480,6692
608800,6693
616920,6694
630310,6695
1823930,6696
703320,6697
757320,6698
774071,6699
781020,6700
872570,6701
878460,6702
881560,6703
940736,6704
950180,6705
955870,6706
965200,6707
968250,6708
1233061,6709
993780,6710
999660,6711
1006440,6712
1028850,6713
1059290,6714
775490,6715
1069190,6716
1089820,6717
1090920,6718
1135810,6719
1154830,6720
1160330,6721
1184050,6722
1184760,6723
1238820,6724
1242777,6725
1242779,6726
1290790,6727
1293080,6728
575330,6729
1295810,6730
1314470,6731
1377550,6732
1386616,6733
1386730,6734
1450330,6735
1457440,6736
1466340,6737
1494280,6738
1516680,6739
1521130,6740
1527500,6741
1548400,6742
1629200,6743
1641670,6744
1696960,6745
1702640,6746
1765690,6747
1803580,6748
888854,6749
1811040,6750
1822970,6751
508900,6752
1826980,6753
1827690,6754
1840540,6755
1844240,6756
1844650,6757
1882862,6758
1928320,6759
1931130,6760
1941110,6761
2060480,6762
2083900,6763
1250,6764
15930,6765
35083,6766
97120,6767
215001,6768
218020,6769
224160,6770
226620,6771
245570,6772
245620,6773
249680,6774
260570,6775
268770,6776
279440,6777
299160,6778
307690,6779
313101,6780
314230,6781
333250,6782
334940,6783
358070,6784
358140,6785
383460,6786
384500,6787
394320,6788
1223060,6789
1532570,6790
427510,6791
437570,6792
441050,6793
442780,6794
461640,6795
473770,6796
477870,6797
500710,6798
507070,6799
511470,6800
528051,6801
528120,6802
538810,6803
539400,6804
543930,6805
551110,6806
581300,6807
584800,6808
590510,6809
605830,6810
614581,6811
617970,6812
628800,6813
636970,6814
656030,6815
658690,6816
676430,6817
701380,6818
715010,6819
749520,6820
756060,6821
758420,6822
794600,6823
813840,6824
1238680,6825
883070,6826
890500,6827
899130,6828
899200,6829
903630,6830
937570,6831
951940,6832
1000410,6833
1003120,6834
1005971,6835
1031440,6836
1036440,6837
1061310,6838
1090860,6839
1109207,6840
1162520,6841
1266630,6842
1332970,6843
1341300,6844
1396780,6845
1202030,6846
686030,6847
1413210,6848
1422380,6849
1461960,6850
1505560,6851
1518430,6852
1540060,6853
1543520,6854
1554550,6855
455460,6856
1555400,6857
1578500,6858
1578860,6859
1579992,6860
1585812,6861
1621475,6862
1626530,6863
1722840,6864
1730590,6865
1115380,6866
1732090,6867
1771070,6868
1823560,6869
1866420,6870
1901780,6871
1941510,6872
326430,6873
2023050,6874
2075050,6875
2084720,6876
2094850,6877
2155280,6878
4870,6879
57640,6880
63398,6881
98300,6882
115800,6883
206370,6884
217750,6885
222617,6886
223592,6887
230050,6888
253350,6889
260790,6890
294000,6891
332610,6892
342380,6893
362960,6894
376300,6895
381990,6896
389650,6897
390560,6898
400800,6899
420520,6900
420980,6901
209360,6902
426000,6903
433850,6904
311870,6905
434660,6906
435970,6907
440550,6908
450440,6909
486810,6910
510490,6911
564790,6912
569380,6913
569717,6914
585040,6915
585710,6916
609970,6917
640120,6918
648750,6919
649280,6920
655770,6921
675210,6922
689950,6923
699540,6924
699600,6925
715440,6926
804210,6927
724000,6928
726340,6929
845640,6930
877850,6931
916250,6932
924980,6933
967300,6934
977720,6935
985080,6936
1009750,6937
1051620,6938
1077450,6939
1120360,6940
1133930,6941
1147890,6942
1194740,6943
1201830,6944
1240630,6945
1256490,6946
1259560,6947
1287062,6948
1292770,6949
1325200,6950
1338020,6951
1354990,6952
1356222,6953
1382210,6954
1418570,6955
1474600,6956
1477070,6957
1550840,6958
1592600,6959
1593280,6960
822700,6961
1604640,6962
1613680,6963
294590,6964
1617430,6965
1655190,6966
1678140,6967
1714330,6968
1741380,6969
1768370,6970
1808431,6971
1809660,6972
1829590,6973
1890120,6974
1914740,6975
1926210,6976
1973730,6977
2059250,6978
2249550,6979
10130,6980
21800,6981
31880,6982
208813,6983
238230,6984
241540,6985
271360,6986
322020,6987
361230,6988
365450,6989
396800,6990
400580,6991
405031,6992
405080,6993
418270,6994
422860,6995
423367,6996
438270,6997
501670,6998
502720,6999
521750,7000
526140,7001
528300,7002
529910,7003
532021,7004
541670,7005
544330,7006
569860,7007
575950,7008
583620,7009
633600,7010
646671,7011
684270,7012
751820,7013
545690,7014
752910,7015
801480,7016
839450,7017
857080,7018
893030,7019
917013,7020
982400,7021
1001150,7022
1003200,7023
1019930,7024
1030310,7025
1034471,7026
1043500,7027
691310,7028
1049280,7029
1051840,7030
1065710,7031
1075080,7032
1088640,7033
1100430,7034
2154171,7035
1126270,7036
1157170,7037
1178290,7038
1186260,7039
1191900,7040
1204410,7041
1205900,7042
1255080,7043
1265470,7044
1269840,7045
1278300,7046
1281400,7047
1281510,7048
1283530,7049
1859280,7050
1303990,7051
1325870,7052
1344070,7053
1354910,7054
1418020,7055
1476170,7056
1510620,7057
1555650,7058
1569090,7059
1608700,7060
1644210,7061
1750710,7062
1750770,7063
1781000,7064
1797972,7065
1799930,7066
1801110,7067
1811600,7068
1880230,7069
1911150,7070
1914750,7071
1922045,7072
1960870,7073
1972400,7074
1977260,7075
2068060,7076
2074220,7077
2207520,7078
2217840,7079
2233132,7080
2242530,7081
1530,7082
17100,7083
49604,7084
65247,7085
233610,7086
246420,7087
277110,7088
280560,7089
294230,7090
306240,7091
313470,7092
313480,7093
322930,7094
324110,7095
325970,7096
329490,7097
343461,7098
351240,7099
351554,7100
368650,7101
369280,7102
375310,7103
375820,7104
385130,7105
438940,7106
442051,7107
468820,7108
502740,7109
520600,7110
524560,7111
546430,7112
554290,7113
582040,7114
584640,7115
587100,7116
592373,7117
610380,7118
617100,7119
617980,7120
636502,7121
655730,7122
656590,7123
691500,7124
722230,7125
726870,7126
770973,7127
787510,7128
629040,7129
795510,7130
889730,7131
916140,7132
1322170,7133
946720,7134
981770,7135
983150,7136
1028350,7137
1030270,7138
1049710,7139
1066130,7140
1076630,7141
1104330,7142
1134160,7143
1161420,7144
1206110,7145
1224600,7146
899470,7147
1247940,7148
1264920,7149
1266840,7150
1316550,7151
1702060,7152
1342120,7153
1343640,7154
1372830,7155
1421551,7156
1422540,7157
1480340,7158
1533006,7159
1543460,7160
1550760,7161
1556200,7162
1557420,7163
1587860,7164
1630910,7165
1637255,7166
1667490,7167
1717570,7168
1758920,7169
1812400,7170
1814710,7171
1824142,7172
1865510,7173
1932742,7174
1960060,7175
1964220,7176
1964330,7177
1981884,7178
1993120,7179
2067790,7180
91604,7181
2127100,7182
2173950,7183
11560,7184
31930,7185
42966,7186
210906,7187
225822,7188
238090,7189
248650,7190
301520,7191
314450,7192
333420,7193
354240,7194
382467,7195
388471,7196
388472,7197
436220,7198
455572,7199
474980,7200
498660,7201
505040,7202
523150,7203
542240,7204
542480,7205
559850,7206
628460,7207
656880,7208
696230,7209
702540,7210
702680,7211
711680,7212
735730,7213
736220,7214
858360,7215
854290,7216
873270,7217
886900,7218
892690,7219
909320,7220
916840,7221
956310,7222
983450,7223
1035560,7224
1050460,7225
1065180,7226
1098220,7227
1104260,7228
1119710,7229
1141020,7230
1151050,7231
1165470,7232
1165510,7233
1167663,7234
1168870,7235
1176110,7236
1191630,7237
1200341,7238
1210250,7239
1233280,7240
1233540,7241
1242749,7242
1242754,7243
1251850,7244
1257410,7245
1277930,7246
1426880,7247
1496250,7248
1543590,7249
1547860,7250
1556650,7251
1590563,7252
1608280,7253
1627850,7254
2164540,7255
1662570,7256
1678260,7257
1748660,7258
1772950,7259
1812060,7260
1823190,7261
1836061,7262
1889780,7263
1907440,7264
1922631,7265
2238750,7266
2263170,7267
11610,7268
21010,7269
40720,7270
70617,7271
202710,7272
237760,7273
242530,7274
248970,7275
878290,7276
960781,7277
261700,7278
269030,7279
270610,7280
286280,7281
290770,7282
304410,7283
313400,7284
330580,7285
350110,7286
356670,7287
585240,7288
362490,7289
388476,7290
422473,7291
436120,7292
476460,7293
476490,7294
489380,7295
491494,7296
1365080,7297
515260,7298
543191,7299
555880,7300
560050,7301
578330,7302
607890,7303
624080,7304
642560,7305
647040,7306
658570,7307
671740,7308
949630,7309
686200,7310
708580,7311
718560,7312
754500,7313
761460,7314
763030,7315
926540,7316
1023690,7317
1047870,7318
1080230,7319
1090181,7320
1096060,7321
1101360,7322
1163040,7323
1184412,7324
1184810,7325
1230830,7326
666840,7327
1250440,7328
1267400,7329
1280770,7330
1283970,7331
1289950,7332
1346010,7333
1374480,7334
1383180,7335
1397381,7336
258910,7337
1416520,7338
1444350,7339
1457550,7340
1488430,7341
1517240,7342
1551160,7343
1551520,7344
385721,7345
1553061,7346
1715730,7347
1722020,7348
1763050,7349
1798064,7350
1851330,7351
1947530,7352
1947550,7353
1966130,7354
1966880,7355
1993030,7356
1159060,7357
2020480,7358
2063500,7359
2078153,7360
2139270,7361
2140410,7362
1613284,7363
2199570,7364
2254600,7365
1930,7366
22000,7367
32380,7368
42965,7369
98200,7370
102840,7371
202530,7372
206060,7373
207420,7374
210943,7375
222542,7376
236730,7377
258654,7378
312720,7379
313340,7380
347211,7381
359050,7382
363600,7383
376934,7384
378610,7385
379546,7386
397430,7387
404820,7388
412620,7389
415150,7390
416240,7391
418000,7392
427880,7393
444170,7394
462590,7395
502940,7396
508400,7397
530780,7398
555120,7399
562382,7400
562410,7401
599000,7402
622030,7403
625980,7404
628890,7405
663390,7406
680590,7407
693700,7408
698260,7409
721030,7410
728240,7411
732370,7412
736930,7413
807120,7414
813650,7415
8660,7416
639600,7417
839940,7418
843120,7419
949221,7420
954060,7421
954101,7422
971600,7423
1018130,7424
1024703,7425
1039890,7426
1078370,7427
1086010,7428
1148021,7429
1157310,7430
1159540,7431
1179210,7432
1189490,7433
1233800,7434
1275790,7435
1297300,7436
1324030,7437
847530,7438
1339900,7439
1340300,7440
1341720,7441
12830,7442
1358090,7443
1395400,7444
1429910,7445
1443630,7446
1450080,7447
1463010,7448
1492730,7449
1536420,7450
1562930,7451
1564340,7452
1575660,7453
1577620,7454
1602700,7455
1652490,7456
1658880,7457
1664931,7458
1679700,7459
1685721,7460
18040,7461
1689190,7462
1709700,7463
1798075,7464
1830040,7465
1889430,7466
1899810,7467
1913670,7468
1927720,7469
1937620,7470
1980350,7471
2004180,7472
2018610,7473
2055470,7474
2057080,7475
2072420,7476
2185190,7477
2234150,7478
2242260,7479
434901,7480
38460,7481
55110,7482
94304,7483
239160,7484
239250,7485
260040,7486
273153,7487
304910,7488
316910,7489
335190,7490
341550,7491
345650,7492
9970,7493
349720,7494
352590,7495
364420,7496
377950,7497
386050,7498
406970,7499
428080,7500
466430,7501
471660,7502
474766,7503
492090,7504
501320,7505
516600,7506
521920,7507
523770,7508
529930,7509
566050,7510
574560,7511
959160,7512
620900,7513
628320,7514
642630,7515
680700,7516
716640,7517
744060,7518
744260,7519
769560,7520
495750,7521
774511,7522
783150,7523
840370,7524
846110,7525
876980,7526
884980,7527
896680,7528
908480,7529
914020,7530
929060,7531
977570,7532
1004892,7533
1020290,7534
1090800,7535
1093790,7536
1100900,7537
1110100,7538
1129190,7539
1148450,7540
1150550,7541
2177430,7542
1182090,7543
1184840,7544
1269020,7545
1279400,7546
1288410,7547
1289760,7548
1316180,7549
1318970,7550
1322250,7551
1342790,7552
1364038,7553
1383700,7554
1387350,7555
1398740,7556
1424690,7557
1431780,7558
1446360,7559
1451080,7560
1454090,7561
1487800,7562
1553650,7563
1611580,7564
1647390,7565
1663100,7566
1793051,7567
1815230,7568
1817470,7569
1819400,7570
1830450,7571
1927740,7572
1947940,7573
1970460,7574
1987060,7575
2115700,7576
2214890,7577
2247820,7578
2286880,7579
3350,7580
1065940,7581
104600,7582
208349,7583
214550,7584
223790,7585
226280,7586
253250,7587
296770,7588
318872,7589
354427,7590
366510,7591
399600,7592
413710,7593
438660,7594
518060,7595
533850,7596
534230,7597
2081520,7598
550990,7599
919410,7600
579820,7601
585340,7602
588970,7603
592480,7604
610693,7605
624970,7606
628660,7607
636450,7608
657510,7609
706130,7610
726480,7611
750520,7612
757240,7613
773670,7614
603350,7615
822040,7616
904360,7617
905970,7618
916470,7619
916950,7620
1290340,7621
938380,7622
955710,7623
987050,7624
991780,7625
995900,7626
1011190,7627
1018010,7628
1049020,7629
1054660,7630
1092880,7631
1130770,7632
977660,7633
1133760,7634
1138970,7635
1156500,7636
1161930,7637
1183700,7638
1192350,7639
1198050,7640
1227400,7641
1280780,7642
1311570,7643
1314590,7644
1354010,7645
1365230,7646
1366900,7647
1368210,7648
1377920,7649
1433890,7650
1437830,7651
1478160,7652
1592630,7653
1630590,7654
1638390,7655
1659800,7656
1738150,7657
1774890,7658
1799520,7659
1806960,7660
1812970,7661
1955390,7662
58230,7663
1992640,7664
2007440,7665
2100720,7666
992070,7667
2205190,7668
6370,7669
12520,7670
46260,7671
204860,7672
208809,7673
232010,7674
252710,7675
290970,7676
312790,7677
313690,7678
327860,7679
352840,7680
355130,7681
1412780,7682
2186250,7683
392950,7684
406550,7685
419110,7686
471810,7687
481360,7688
489260,7689
505150,7690
524600,7691
535000,7692
569000,7693
584980,7694
602320,7695
611360,7696
616110,7697
620800,7698
621870,7699
8790,7700
824470,7701
630640,7702
712190,7703
713530,7704
770975,7705
840720,7706
2278280,7707
860650,7708
865610,7709
899310,7710
934690,7711
939400,7712
955370,7713
1004894,7714
1015800,7715
1028890,7716
1045080,7717
1054350,7718
827100,7719
1083300,7720
1096580,7721
1099584,7722
1100960,7723
1100990,7724
1147153,7725
1147690,7726
1151450,7727
1181600,7728
1181774,7729
1195070,7730
1196450,7731
1222870,7732
1277940,7733
1282090,7734
1287058,7735
1349540,7736
1361831,7737
1383650,7738
1110910,7739
1420080,7740
1456820,7741
1498310,7742
1519310,7743
1533590,7744
1542840,7745
1543430,7746
2200190,7747
1569150,7748
1668720,7749
1687990,7750
1707870,7751
1764530,7752
1767700,7753
1850670,7754
1895630,7755
12390,7756
1897630,7757
1998140,7758
2019360,7759
2056490,7760
2070550,7761
2098070,7762
2125400,7763
2153610,7764
27800,7765
41074,7766
49810,7767
57695,7768
63650,7769
65930,7770
248330,7771
265000,7772
278930,7773
298400,7774
325964,7775
366380,7776
375910,7777
394130,7778
395760,7779
408640,7780
415880,7781
416110,7782
1177880,7783
420930,7784
2401500,7785
433920,7786
443380,7787
455980,7788
460340,7789
461710,7790
503900,7791
521620,7792
522230,7793
531163,7794
550080,7795
559640,7796
573710,7797
592270,7798
600460,7799
612160,7800
635290,7801
646500,7802
1194680,7803
659970,7804
678620,7805
622200,7806
731320,7807
762180,7808
798840,7809
822080,7810
834580,7811
839420,7812
845050,7813
880220,7814
884141,7815
960190,7816
974290,7817
1004950,7818
1042730,7819
1057271,7820
1069480,7821
1105510,7822
1137460,7823
1203360,7824
1212400,7825
1251910,7826
623010,7827
1261430,7828
1290490,7829
1382840,7830
1480120,7831
1530920,7832
1536720,7833
1563700,7834
1596540,7835
1647250,7836
1734680,7837
1768780,7838
1780970,7839
1812410,7840
1881950,7841
1887000,7842
1902710,7843
1920650,7844
1925320,7845
1952910,7846
1983940,7847
1990980,7848
2025660,7849
2232200,7850
2295700,7851
835510,7852
3730,7853
16720,7854
19030,7855
57620,7856
63940,7857
207090,7858
217140,7859
229890,7860
259550,7861
2405130,7862
269330,7863
289360,7864
312350,7865
312970,7866
324710,7867
356040,7868
365580,7869
408300,7870
780280,7871
423490,7872
428730,7873
458770,7874
490270,7875
504800,7876
512790,7877
543260,7878
554800,7879
560710,7880
576430,7881
589510,7882
590391,7883
1755980,7884
617670,7885
639310,7886
703880,7887
710170,7888
739581,7889
1480500,7890
819510,7891
820203,7892
825310,7893
854570,7894
866740,7895
891370,7896
952040,7897
962700,7898
967350,7899
1013540,7900
1015770,7901
1042920,7902
1058180,7903
1071140,7904
1075170,7905
2405140,7906
1101310,7907
1109570,7908
1114130,7909
1169740,7910
1237730,7911
1238030,7912
1238871,7913
1333190,7914
1342330,7915
1374170,7916
1428520,7917
1428710,7918
1438100,7919
1455230,7920
1458090,7921
1465380,7922
1471180,7923
1486690,7924
1496320,7925
1566770,7926
1568880,7927
1580760,7928
1591290,7929
1604300,7930
1606340,7931
1621680,7932
1640300,7933
1672150,7934
1689910,7935
1694560,7936
1706090,7937
1725505,7938
1739000,7939
1853200,7940
981590,7941
1890740,7942
1913490,7943
1924940,7944
1963370,7945
1985930,7946
1989560,7947
1995730,7948
2080640,7949
7110,7950
22470,7951
31830,7952
40950,7953
207750,7954
215930,7955
240340,7956
242880,7957
285420,7958
248550,7959
248610,7960
250680,7961
266390,7962
269250,7963
277680,7964
278360,7965
297514,7966
301920,7967
313160,7968
263820,7969
315810,7970
315960,7971
334540,7972
370350,7973
372960,7974
408900,7975
453290,7976
489360,7977
529900,7978
562010,7979
570360,7980
587110,7981
609320,7982
637670,7983
638130,7984
646670,7985
649620,7986
678850,7987
1669720,7988
681110,7989
705450,7990
713160,7991
734900,7992
740160,7993
798850,7994
805870,7995
817460,7996
851670,7997
890720,7998
907820,7999
916030,8000
973250,8001
973910,8002
1775550,8003
1097750,8004
1117880,8005
1146630,8006
1162280,8007
1168660,8008
1198461,8009
1206340,8010
1238730,8011
1259380,8012
1273080,8013
1287040,8014
1291540,8015
1333460,8016
1342050,8017
1356670,8018
1843930,8019
849308,8020
1429500,8021
1438000,8022
1464740,8023
1477830,8024
1502120,8025
1510950,8026
1523260,8027
1560200,8028
1647962,8029
1676100,8030
1678320,8031
1681090,8032
1717640,8033
1725640,8034
1732190,8035
1737070,8036
1823802,8037
24075,8038
1831870,8039
1880550,8040
2005210,8041
2026880,8042
2086810,8043
2115940,8044
2153360,8045
2215220,8046
2221820,8047
2271911,8048
16120,8049
38000,8050
80300,8051
212672,8052
237890,8053
269670,8054
293220,8055
294650,8056
310510,8057
319970,8058
324520,8059
353080,8060
369420,8061
388140,8062
395170,8063
423120,8064
453360,8065
457210,8066
469920,8067
496432,8068
501570,8069
504720,8070
506260,8071
585890,8072
591760,8073
626580,8074
666670,8075
2406290,8076
736840,8077
739260,8078
760920,8079
774758,8080
811880,8081
816720,8082
860910,8083
873840,8084
888650,8085
940731,8086
942050,8087
988170,8088
999020,8089
1012102,8090
1055333,8091
1055490,8092
1080040,8093
1093730,8094
1100170,8095
1113940,8096
1119700,8097
2381590,8098
1119800,8099
1127610,8100
1130880,8101
1135436,8102
1141100,8103
1187940,8104
1188760,8105
1715910,8106
1764060,8107
1066780,8108
1225780,8109
1237540,8110
1243830,8111
1254350,8112
1332090,8113
1336060,8114
1342100,8115
1351060,8116
1352020,8117
1361830,8118
1371420,8119
542290,8120
1404530,8121
1441180,8122
1446330,8123
1582410,8124
1586750,8125
1659590,8126
1885540,8127
1890550,8128
1893020,8129
1911170,8130
1983241,8131
1996830,8132
1998330,8133
2013300,8134
2055180,8135
2113540,8136
2116260,8137
2151580,8138
2168550,8139
2399750,8140
2171270,8141
2183730,8142
67370,8143
70420,8144
99611,8145
273110,8146
286880,8147
296170,8148
305184,8149
321880,8150
331900,8151
368190,8152
370280,8153
411830,8154
458480,8155
461220,8156
482920,8157
487430,8158
506870,8159
538760,8160
542260,8161
2387940,8162
547340,8163
549080,8164
564170,8165
568990,8166
591560,8167
598740,8168
636500,8169
637880,8170
674210,8171
684060,8172
693580,8173
731920,8174
758730,8175
775960,8176
783840,8177
838010,8178
842750,8179
929101,8180
931310,8181
941972,8182
951000,8183
521990,8184
973700,8185
222820,8186
1057540,8187
1060670,8188
1067010,8189
1075710,8190
1094540,8191
1102580,8192
1143810,8193
1147960,8194
1185470,8195
1215230,8196
1232150,8197
1237070,8198
1303950,8199
1334700,8200
1424870,8201
1443092,8202
1476100,8203
1499690,8204
1535100,8205
1540410,8206
1559430,8207
1601740,8208
1643020,8209
1662501,8210
1680700,8211
1688100,8212
1701200,8213
1706570,8214
1710750,8215
1731520,8216
1747670,8217
1762550,8218
1781070,8219
1843090,8220
1885030,8221
1921550,8222
904960,8223
1990590,8224
1993060,8225
2006140,8226
2073470,8227
2135580,8228
31270,8229
39190,8230
98400,8231
208750,8232
224140,8233
239430,8234
241240,8235
251370,8236
257030,8237
267789,8238
283600,8239
300060,8240
301640,8241
319320,8242
331930,8243
336140,8244
356910,8245
366910,8246
384490,8247
395180,8248
411980,8249
414530,8250
415600,8251
434910,8252
438710,8253
439540,8254
913750,8255
941960,8256
452060,8257
493720,8258
496250,8259
514500,8260
1672981,8261
515650,8262
523780,8263
525240,8264
532720,8265
574160,8266
586960,8267
606520,8268
646665,8269
648100,8270
664780,8271
779130,8272
893680,8273
907670,8274
964990,8275
971060,8276
1004770,8277
1019920,8278
1029760,8279
1048874,8280
1672982,8281
1103730,8282
1122120,8283
1135960,8284
1143853,8285
1153560,8286
1164250,8287
1171190,8288
1182190,8289
1223020,8290
1223500,8291
1225590,8292
1247130,8293
1273710,8294
1314761,8295
1357860,8296
1361400,8297
1382730,8298
1394930,8299
1416050,8300
1416310,8301
1419370,8302
1852380,8303
1434910,8304
1521470,8305
1523390,8306
1531473,8307
1532710,8308
1545290,8309
1581780,8310
1597400,8311
1598160,8312
1343320,8313
1382560,8314
1599250,8315
1700180,8316
1724320,8317
1731200,8318
1747790,8319
1769170,8320
1802260,8321
225823,8322
1684410,8323
1856550,8324
1859470,8325
1882280,8326
1928370,8327
1951320,8328
1968780,8329
1981480,8330
1994760,8331
2061150,8332
2118130,8333
2179290,8334
2181720,8335
2206150,8336
2244640,8337
2210,8338
3720,8339
213030,8340
217900,8341
227080,8342
256370,8343
282590,8344
300630,8345
316866,8346
339510,8347
359220,8348
215000,8349
215003,8350
370540,8351
377460,8352
390730,8353
393980,8354
423580,8355
436500,8356
448170,8357
453390,8358
462391,8359
562500,8360
570363,8361
575780,8362
582270,8363
615930,8364
1095250,8365
644830,8366
648980,8367
686520,8368
746140,8369
761700,8370
830370,8371
843870,8372
843900,8373
861110,8374
885000,8375
920561,8376
934540,8377
937380,8378
941971,8379
956240,8380
969270,8381
986020,8382
999550,8383
1000715,8384
1051310,8385
1070840,8386
1079620,8387
1096550,8388
1114070,8389
1181400,8390
1197620,8391
1202770,8392
1232010,8393
1233270,8394
1252780,8395
1267870,8396
1332450,8397
1341820,8398
1347090,8399
1370010,8400
1372700,8401
1375366,8402
1379630,8403
1416240,8404
1430750,8405
1432641,8406
1462430,8407
1506830,8408
1526520,8409
1534980,8410
1546500,8411
1588410,8412
1593020,8413
1620250,8414
1698080,8415
1709500,8416
1709580,8417
1777430,8418
1907720,8419
1937230,8420
1972440,8421
2018130,8422
593240,8423
2094250,8424
235883,8425
2130060,8426
2138000,8427
2267210,8428
7660,8429
34030,8430
50300,8431
211500,8432
215258,8433
215530,8434
248190,8435
248530,8436
262690,8437
270450,8438
276340,8439
277450,8440
306396,8441
306399,8442
596870,8443
312560,8444
335020,8445
347150,8446
374390,8447
381020,8448
381760,8449
389250,8450
407380,8451
425650,8452
429830,8453
434820,8454
437160,8455
445310,8456
459790,8457
466270,8458
480640,8459
542220,8460
530120,8461
555150,8462
578060,8463
588930,8464
605230,8465
629650,8466
651380,8467
664450,8468
667890,8469
706870,8470
724970,8471
742520,8472
766630,8473
804646,8474
827250,8475
835520,8476
835700,8477
891230,8478
951750,8479
954603,8480
963400,8481
964570,8482
1014140,8483
1032830,8484
1619300,8485
1648062,8486
1066680,8487
1091740,8488
1162350,8489
1198400,8490
1207320,8491
1222370,8492
1251640,8493
1333490,8494
1426280,8495
1463250,8496
1483780,8497
1501120,8498
1510070,8499
1510630,8500
1523730,8501
1600500,8502
1629600,8503
1654830,8504
2054680,8505
1656640,8506
1741120,8507
1741400,8508
1780810,8509
1786830,8510
1798065,8511
1798083,8512
1811790,8513
1904391,8514
1905900,8515
1909770,8516
1930640,8517
1967640,8518
2016080,8519
2138580,8520
2160420,8521
8800,8522
21670,8523
57740,8524
61520,8525
223810,8526
229627,8527
232970,8528
244063,8529
263980,8530
275530,8531
297512,8532
318530,8533
349220,8534
356260,8535
359840,8536
384240,8537
386990,8538
408280,8539
408730,8540
415420,8541
441770,8542
477880,8543
495110,8544
507490,8545
524280,8546
542400,8547
545060,8548
576420,8549
588964,8550
601670,8551
621926,8552
624270,8553
629330,8554
651500,8555
700820,8556
725110,8557
758500,8558
798420,8559
818700,8560
46480,8561
857690,8562
864430,8563
865040,8564
869670,8565
898580,8566
916900,8567
966610,8568
979690,8569
987410,8570
1003800,8571
1005450,8572
1027190,8573
1077520,8574
1091150,8575
1123770,8576
1123830,8577
1125890,8578
1127920,8579
405950,8580
1141550,8581
1164060,8582
1653970,8583
1190340,8584
1228500,8585
1235110,8586
1272110,8587
1272160,8588
1338840,8589
1342260,8590
1448260,8591
1449310,8592
1493250,8593
1499180,8594
1558510,8595
1581935,8596
1600810,8597
1603640,8598
1613190,8599
1615740,8600
1689870,8601
1714190,8602
1717020,8603
1755280,8604
1777000,8605
1784880,8606
1844400,8607
1849550,8608
1903410,8609
1916340,8610
2019790,8611
2125390,8612
2145870,8613
2182230,8614
2226440,8615
2239220,8616
20,8617
40,8618
9940,8619
17330,8620
24670,8621
41740,8622
216174,8623
224480,8624
243970,8625
260730,8626
263740,8627
266931,8628
277756,8629
283620,8630
294750,8631
299480,8632
332390,8633
338163,8634
376660,8635
393320,8636
423368,8637
428550,8638
430070,8639
435881,8640
451080,8641
459851,8642
485460,8643
526490,8644
529490,8645
1424570,8646
551730,8647
553480,8648
603030,8649
620746,8650
659840,8651
662351,8652
745730,8653
747200,8654
765890,8655
780270,8656
801290,8657
837350,8658
840930,8659
841250,8660
846880,8661
859350,8662
878580,8663
2123800,8664
889480,8665
954870,8666
994820,8667
1015750,8668
1033790,8669
1044620,8670
1046030,8671
1047950,8672
1054750,8673
1058430,8674
1068640,8675
1174632,8676
1184420,8677
1187600,8678
1191940,8679
1193300,8680
1233220,8681
1233720,8682
1234260,8683
1237430,8684
1241268,8685
1281010,8686
1281170,8687
1290750,8688
1307670,8689
1308250,8690
1314820,8691
1341701,8692
1361670,8693
1393910,8694
1399670,8695
1412840,8696
1435470,8697
1443062,8698
1464010,8699
1492150,8700
2167451,8701
1494260,8702
1516750,8703
1518820,8704
1536952,8705
1549560,8706
1564110,8707
1599480,8708
1643353,8709
1670460,8710
1794300,8711
1798094,8712
1800790,8713
1809150,8714
1906180,8715
1918880,8716
1974460,8717
1982130,8718
2004360,8719
2077720,8720
2081051,8721
3700,8722
13630,8723
15200,8724
16300,8725
16863,8726
20550,8727
20710,8728
22400,8729
213330,8730
226667,8731
246960,8732
268870,8733
289930,8734
305180,8735
327280,8736
343090,8737
1250790,8738
359310,8739
378731,8740
393420,8741
407600,8742
411910,8743
813700,8744
421260,8745
427030,8746
434900,8747
438080,8748
453020,8749
474764,8750
534290,8751
568570,8752
575510,8753
591380,8754
613470,8755
673060,8756
681530,8757
694880,8758
704510,8759
725330,8760
734750,8761
743230,8762
746730,8763
750310,8764
789760,8765
1299090,8766
840430,8767
862570,8768
864100,8769
866800,8770
882250,8771
884101,8772
966680,8773
991260,8774
1000770,8775
1011990,8776
1022480,8777
1490112,8778
1077290,8779
1087131,8780
1102410,8781
1106940,8782
1112521,8783
1125480,8784
1143510,8785
1161360,8786
1533470,8787
1184560,8788
1192890,8789
1194010,8790
1196100,8791
1203180,8792
1214450,8793
1218580,8794
1220421,8795
1221640,8796
1227350,8797
1229880,8798
1238450,8799
1654481,8800
1257880,8801
1279380,8802
1296840,8803
1299420,8804
1305300,8805
1357870,8806
1587622,8807
679770,8808
1358490,8809
1371750,8810
1377930,8811
1381850,8812
1390490,8813
1450800,8814
1475650,8815
1479890,8816
1487270,8817
1024770,8818
1506850,8819
1514930,8820
1525420,8821
1530300,8822
1549100,8823
1574000,8824
1588940,8825
728302,8826
1634450,8827
1650200,8828
1709730,8829
1725620,8830
1733500,8831
1738520,8832
1745800,8833
1765150,8834
1770390,8835
1795210,8836
1910680,8837
1933980,8838
1935540,8839
2004110,8840
2123120,8841
6980,8842
47899,8843
204386,8844
208318,8845
213650,8846
1599690,8847
235250,8848
242680,8849
254920,8850
272890,8851
287260,8852
324760,8853
330420,8854
345620,8855
354600,8856
384280,8857
413991,8858
428750,8859
450550,8860
465280,8861
500420,8862
519110,8863
522240,8864
589940,8865
628070,8866
1611470,8867
628900,8868
654690,8869
796940,8870
806100,8871
819230,8872
1055338,8873
966760,8874
845880,8875
861888,8876
903040,8877
906730,8878
936160,8879
952891,8880
966720,8881
1026380,8882
1037190,8883
1040420,8884
1058140,8885
1088950,8886
1090161,8887
1098210,8888
504000,8889
1104280,8890
1131900,8891
1132100,8892
1144970,8893
1160440,8894
1203440,8895
1204320,8896
1211479,8897
1214410,8898
1230200,8899
1253550,8900
1292520,8901
1316880,8902
1340130,8903
1346250,8904
1348700,8905
1374990,8906
1413970,8907
1475530,8908
1528130,8909
508170,8910
1694290,8911
1697700,8912
1702920,8913
1707540,8914
1718160,8915
1908430,8916
1923820,8917
1952160,8918
2010830,8919
2054412,8920
2069110,8921
2150634,8922
2165030,8923
2278070,8924
6900,8925
24021,8926
37000,8927
42220,8928
204060,8929
216110,8930
1299980,8931
229480,8932
260190,8933
273600,8934
274350,8935
306460,8936
312450,8937
359495,8938
363980,8939
367570,8940
378750,8941
383740,8942
422300,8943
1690330,8944
473670,8945
445190,8946
466630,8947
467600,8948
492630,8949
1988850,8950
527280,8951
544580,8952
553160,8953
558260,8954
574720,8955
581360,8956
587260,8957
597170,8958
610700,8959
614580,8960
640140,8961
673000,8962
706560,8963
763930,8964
798430,8965
824280,8966
842050,8967
865830,8968
919280,8969
926390,8970
926650,8971
934780,8972
957820,8973
975680,8974
987340,8975
997360,8976
924970,8977
1062110,8978
1094920,8979
1109209,8980
1111940,8981
1135910,8982
1140620,8983
1174470,8984
1193590,8985
1228320,8986
1243890,8987
1258220,8988
1259580,8989
1262040,8990
1268960,8991
1277570,8992
385400,8993
1433990,8994
1477330,8995
1506820,8996
1508400,8997
1509120,8998
1514950,8999
1528580,9000
1553120,9001
1569550,9002
1623390,9003
1642170,9004
1643290,9005
1648100,9006
1658620,9007
1680340,9008
1714420,9009
1743710,9010
1749430,9011
1760640,9012
1837820,9013
1845260,9014
1865060,9015
1882820,9016
1924910,9017
2017270,9018
2059790,9019
2133161,9020
2137920,9021
2210190,9022
2222200,9023
2223590,9024
764590,9025
2237830,9026
2272740,9027
280,9028
22363,9029
39500,9030
115340,9031
222280,9032
223770,9033
224167,9034
224200,9035
235980,9036
259600,9037
261470,9038
263020,9039
274500,9040
1940751,9041
307230,9042
344340,9043
345680,9044
351860,9045
364230,9046
377080,9047
390290,9048
392860,9049
408410,9050
411901,9051
423230,9052
438640,9053
451760,9054
498500,9055
556900,9056
588490,9057
589780,9058
600610,9059
615010,9060
645820,9061
663090,9062
686760,9063
707300,9064
720350,9065
735290,9066
615730,9067
743130,9068
762930,9069
767890,9070
799330,9071
819630,9072
870110,9073
932500,9074
1051960,9075
1099640,9076
1114870,9077
1966190,9078
1185820,9079
1209531,9080
1226690,9081
1249260,9082
1250560,9083
1254900,9084
1281790,9085
626640,9086
1315210,9087
1338580,9088
1352580,9089
1395560,9090
1424980,9091
1430760,9092
1435620,9093
1466780,9094
1530430,9095
1535780,9096
1592360,9097
1608290,9098
500590,9099
1675620,9100
1680550,9101
1825160,9102
1843110,9103
1887100,9104
1904580,9105
630010,9106
1954750,9107
1991860,9108
2074240,9109
2075191,9110
2078178,9111
2095180,9112
2098130,9113
2197050,9114
2235090,9115
12470,9116
16730,9117
1127070,9118
18000,9119
42200,9120
208367,9121
208814,9122
214250,9123
215160,9124
217962,9125
239200,9126
242780,9127
250560,9128
261510,9129
267980,9130
279940,9131
306690,9132
314200,9133
323410,9134
343930,9135
367080,9136
386480,9137
416000,9138
420530,9139
429530,9140
461244,9141
468726,9142
488920,9143
509130,9144
558242,9145
562390,9146
577901,9147
510730,9148
638070,9149
666100,9150
705610,9151
737740,9152
776960,9153
790520,9154
556222,9155
806950,9156
815460,9157
857500,9158
865940,9159
889710,9160
897730,9161
917140,9162
960310,9163
963000,9164
976420,9165
1000718,9166
1009820,9167
1027880,9168
1072190,9169
1082180,9170
544310,9171
1083190,9172
1084680,9173
1110580,9174
1120560,9175
2013621,9176
1158940,9177
1160240,9178
1162650,9179
1216490,9180
1261960,9181
1264520,9182
1282610,9183
1309780,9184
1315260,9185
1329730,9186
1347550,9187
1351010,9188
1353550,9189
1353944,9190
1363690,9191
1371407,9192
1384380,9193
1413580,9194
1417890,9195
1459870,9196
1542040,9197
1617450,9198
1619070,9199
1622220,9200
1640320,9201
1648061,9202
1687940,9203
1773090,9204
1782330,9205
1796200,9206
1798071,9207
1798072,9208
1798095,9209
1804130,9210
1847510,9211
1883260,9212
1899400,9213
1078420,9214
1911780,9215
1942010,9216
1951530,9217
1967650,9218
2113530,9219
2190590,9220
34190,9221
41600,9222
104900,9223
111100,9224
201804,9225
209000,9226
237619,9227
244062,9228
244064,9229
247080,9230
252070,9231
268090,9232
280180,9233
284890,9234
303790,9235
448540,9236
320240,9237
323230,9238
323670,9239
334140,9240
351250,9241
370480,9242
374410,9243
391490,9244
420000,9245
422920,9246
423851,9247
436390,9248
461510,9249
500247,9250
530390,9251
534550,9252
661260,9253
555400,9254
1099585,9255
585080,9256
591750,9257
638970,9258
671090,9259
696480,9260
702050,9261
715670,9262
747690,9263
754921,9264
762914,9265
764300,9266
785740,9267
804644,9268
805590,9269
811870,9270
877360,9271
944920,9272
957720,9273
971430,9274
1020030,9275
1120304,9276
1157640,9277
1161421,9278
1165750,9279
1202052,9280
1202055,9281
1203350,9282
1261970,9283
1268040,9284
1269810,9285
1290260,9286
1294970,9287
1299330,9288
1332990,9289
1368910,9290
1925310,9291
1373510,9292
1387460,9293
1487680,9294
1498940,9295
1541260,9296
1554600,9297
1615010,9298
1646390,9299
1647900,9300
1671590,9301
1690010,9302
1697590,9303
1749910,9304
1765990,9305
1797930,9306
1907150,9307
742530,9308
1933490,9309
1943610,9310
2068280,9311
2088220,9312
2119922,9313
2152390,9314
2171290,9315
2287580,9316
20920,9317
33950,9318
39270,9319
40350,9320
63700,9321
219640,9322
222555,9323
235520,9324
265190,9325
446040,9326
1976440,9327
283680,9328
290040,9329
298600,9330
300610,9331
319850,9332
347400,9333
361841,9334
366230,9335
370460,9336
372590,9337
374770,9338
383930,9339
388450,9340
388600,9341
390720,9342
395270,9343
410990,9344
432350,9345
442052,9346
201274,9347
476420,9348
488340,9349
513780,9350
527450,9351
569800,9352
602700,9353
606980,9354
612210,9355
615530,9356
674960,9357
679110,9358
687920,9359
760640,9360
765850,9361
805940,9362
812800,9363
826740,9364
1320030,9365
868150,9366
893610,9367
931320,9368
934680,9369
984610,9370
1001620,9371
1019540,9372
1090670,9373
1098130,9374
1137802,9375
1139800,9376
1150030,9377
1156380,9378
1165070,9379
1170750,9380
1194840,9381
1241262,9382
1261980,9383
1262000,9384
20828,9385
1287840,9386
1292180,9387
1295900,9388
1322290,9389
1344440,9390
1380390,9391
1390010,9392
1394870,9393
1450120,9394
1495860,9395
1498210,9396
1498320,9397
1545990,9398
24679,9399
1674980,9400
1679290,9401
1701120,9402
1728700,9403
1729250,9404
1759440,9405
1897380,9406
1949475,9407
1997630,9408
2012500,9409
2066110,9410
2067920,9411
2077380,9412
2078158,9413
2107860,9414
882020,9415
2142030,9416
2167450,9417
3510,9418
13600,9419
39530,9420
108710,9421
202310,9422
219200,9423
251230,9424
255910,9425
263620,9426
269770,9427
915390,9428
236430,9429
272600,9430
279720,9431
319250,9432
327890,9433
331690,9434
338162,9435
347154,9436
349100,9437
370300,9438
2013580,9439
377600,9440
386560,9441
396230,9442
425720,9443
431230,9444
447890,9445
448080,9446
584141,9447
495140,9448
532750,9449
574050,9450
617700,9451
621923,9452
651090,9453
671800,9454
696200,9455
710490,9456
809880,9457
812410,9458
823940,9459
853310,9460
1018680,9461
936780,9462
942930,9463
955170,9464
966400,9465
966690,9466
979110,9467
1007580,9468
1013750,9469
1029130,9470
1037080,9471
1043260,9472
1056750,9473
1087122,9474
1108461,9475
1116880,9476
1144643,9477
1229320,9478
1277870,9479
1341460,9480
1353170,9481
1378040,9482
1399080,9483
1408430,9484
1430200,9485
1449442,9486
1450571,9487
1499700,9488
1560935,9489
1577540,9490
1599020,9491
1638300,9492
1681870,9493
1704980,9494
1742150,9495
1779200,9496
1866990,9497
988160,9498
1898680,9499
1908761,9500
214790,9501
1968650,9502
2102680,9503
2104790,9504
2281600,9505
2270,9506
34820,9507
207570,9508
208294,9509
208379,9510
233470,9511
254200,9512
254840,9513
260230,9514
270810,9515
329670,9516
329860,9517
1021790,9518
339790,9519
349000,9520
374300,9521
376944,9522
387850,9523
395239,9524
396790,9525
434062,9526
448194,9527
449210,9528
461160,9529
479130,9530
512490,9531
520850,9532
525510,9533
526950,9534
555950,9535
562360,9536
582980,9537
583850,9538
606680,9539
630830,9540
651660,9541
658780,9542
668430,9543
715580,9544
791180,9545
925470,9546
938860,9547
941300,9548
941969,9549
948990,9550
961660,9551
965010,9552
972160,9553
981430,9554
1001370,9555
1012980,9556
1015050,9557
1023550,9558
1038400,9559
1038630,9560
1049940,9561
1100180,9562
1146510,9563
1195270,9564
1256230,9565
752440,9566
1264880,9567
1274820,9568
1351080,9569
1380630,9570
1383570,9571
1393420,9572
1412950,9573
1423900,9574
1024950,9575
1479390,9576
1487770,9577
1498140,9578
1540430,9579
1585440,9580
1590700,9581
1596310,9582
1603980,9583
758771,9584
1650860,9585
1670550,9586
1678430,9587
1716390,9588
1728690,9589
1746520,9590
1761870,9591
1778791,9592
1781690,9593
1028420,9594
1792010,9595
1805200,9596
1926630,9597
1944060,9598
1978010,9599
2086380,9600
2103710,9601
2124380,9602
2139350,9603
2231410,9604
20530,9605
50620,9606
51030,9607
57000,9608
73057,9609
1150460,9610
209230,9611
209830,9612
218820,9613
257750,9614
276890,9615
293061,9616
300340,9617
304140,9618
304530,9619
306150,9620
325580,9621
332200,9622
338140,9623
531640,9624
340490,9625
342180,9626
48231,9627
246620,9628
313120,9629
342300,9630
346460,9631
347600,9632
349040,9633
361300,9634
361990,9635
368390,9636
418340,9637
426050,9638
465060,9639
465490,9640
491950,9641
767650,9642
545980,9643
566860,9644
574270,9645
613240,9646
622770,9647
672271,9648
675030,9649
682130,9650
699780,9651
708150,9652
725480,9653
730840,9654
788930,9655
810380,9656
856570,9657
867140,9658
934930,9659
940790,9660
959000,9661
980610,9662
1036580,9663
1043000,9664
1055880,9665
1078320,9666
1079210,9667
1081120,9668
1087427,9669
1090390,9670
1097130,9671
1116060,9672
1133070,9673
1137750,9674
1157940,9675
1197710,9676
1206060,9677
1206600,9678
1209131,9679
1226010,9680
1233100,9681
1238103,9682
1238104,9683
1275640,9684
1276540,9685
768090,9686
1287920,9687
1321270,9688
1384780,9689
1386780,9690
1458153,9691
1461050,9692
1528990,9693
1544020,9694
1593040,9695
1636344,9696
1641940,9697
1656420,9698
1678250,9699
1702260,9700
1702330,9701
18820,9702
1704080,9703
1720210,9704
1798006,9705
1815970,9706
875760,9707
1870140,9708
1927250,9709
1990880,9710
1999170,9711
2078810,9712
2121910,9713
2183230,9714
2204830,9715
2216360,9716
2231740,9717
2235250,9718
35137,9719
2272430,9720
15000,9721
32370,9722
1218900,9723
1242740,9724
40980,9725
67000,9726
94200,9727
209460,9728
225270,9729
247430,9730
287960,9731
288370,9732
293860,9733
301180,9734
304210,9735
328450,9736
329460,9737
342080,9738
354290,9739
380660,9740
388477,9741
412740,9742
435790,9743
451010,9744
466551,9745
513910,9746
521880,9747
580830,9748
591460,9749
600480,9750
671550,9751
2098090,9752
690040,9753
699080,9754
705290,9755
711172,9756
733140,9757
736250,9758
754530,9759
758720,9760
762912,9761
770100,9762
785890,9763
786520,9764
800620,9765
857710,9766
1247140,9767
1257900,9768
881320,9769
885270,9770
894630,9771
909080,9772
969760,9773
972010,9774
1010600,9775
1052530,9776
1069610,9777
1076620,9778
1079320,9779
1101190,9780
1149720,9781
1177970,9782
1178460,9783
1184350,9784
1187790,9785
1196420,9786
1201550,9787
1210870,9788
1319750,9789
1325730,9790
1347420,9791
2133124,9792
1393820,9793
1443018,9794
1503980,9795
1524630,9796
1538850,9797
1611410,9798
1619790,9799
1640850,9800
1715350,9801
1801230,9802
1815513,9803
1824020,9804
1963900,9805
1968911,9806
2007210,9807
1636730,9808
61600,9809
65780,9810
225000,9811
229752,9812
233680,9813
241600,9814
251810,9815
256070,9816
278570,9817
286300,9818
293740,9819
320760,9820
368890,9821
1637330,9822
378540,9823
403970,9824
407310,9825
413370,9826
422900,9827
426630,9828
431930,9829
435910,9830
485980,9831
494630,9832
499120,9833
516130,9834
531131,9835
548420,9836
555000,9837
576980,9838
592350,9839
609920,9840
620210,9841
465930,9842
632900,9843
642803,9844
644390,9845
655290,9846
658550,9847
695680,9848
736420,9849
741510,9850
821560,9851
824610,9852
844960,9853
850760,9854
856880,9855
868428,9856
877810,9857
887780,9858
893770,9859
895620,9860
922530,9861
939100,9862
976120,9863
990920,9864
1015030,9865
1021070,9866
1055670,9867
1119840,9868
1134570,9869
1137110,9870
495480,9871
1148650,9872
1175140,9873
1204050,9874
1215160,9875
468730,9876
1215270,9877
1242980,9878
1254370,9879
1297490,9880
1304410,9881
1395730,9882
1404070,9883
1456200,9884
1461030,9885
1464000,9886
1490840,9887
1491490,9888
1497000,9889
1505700,9890
298240,9891
500248,9892
1508740,9893
115120,9894
1563780,9895
1586600,9896
1587810,9897
1604380,9898
1612780,9899
1636340,9900
1660290,9901
1673190,9902
1681510,9903
1731270,9904
1819180,9905
1840490,9906
1844060,9907
1935940,9908
1984790,9909
2068710,9910
2094300,9911
2124040,9912
2222341,9913
2274390,9914
320,9915
7510,9916
38720,9917
212301,9918
224820,9919
227100,9920
228960,9921
236450,9922
243160,9923
262260,9924
267360,9925
274700,9926
292600,9927
324810,9928
331460,9929
347470,9930
350810,9931
356250,9932
401620,9933
429390,9934
455050,9935
457960,9936
459290,9937
836811,9938
460220,9939
483950,9940
518040,9941
521840,9942
535280,9943
540880,9944
606150,9945
618720,9946
623700,9947
628550,9948
638990,9949
647570,9950
654440,9951
680360,9952
720760,9953
723650,9954
745950,9955
746580,9956
206521,9957
750290,9958
830820,9959
896460,9960
918820,9961
937300,9962
948770,9963
965320,9964
986250,9965
1119570,9966
1139890,9967
1150590,9968
1163090,9969
1170080,9970
1171840,9971
1175360,9972
1278390,9973
1335230,9974
1348180,9975
1359920,9976
1364290,9977
1385680,9978
1398500,9979
1485650,9980
1497450,9981
1612770,9982
1618380,9983
1651540,9984
1283050,9985
1654680,9986
1709050,9987
1714050,9988
1720370,9989
1736390,9990
1736400,9991
1737352,9992
1741640,9993
1755190,9994
1821680,9995
1827250,9996
1876000,9997
1885750,9998
1901950,9999
1918530,10000
1926230,10001
966630,10002
1956600,10003
2102240,10004
2118560,10005
10195,10006
2158900,10007
2211280,10008
2225530,10009
19830,10010
31800,10011
31860,10012
40300,10013
204030,10014
224460,10015
229626,10016
240440,10017
242940,10018
248860,10019
257670,10020
274310,10021
281920,10022
288060,10023
306760,10024
334920,10025
348470,10026
353560,10027
360280,10028
366660,10029
373770,10030
375900,10031
376700,10032
402530,10033
423850,10034
430960,10035
436230,10036
476650,10037
477020,10038
484930,10039
513510,10040
568290,10041
578930,10042
594660,10043
598550,10044
619570,10045
643820,10046
646270,10047
656570,10048
669910,10049
676910,10050
690530,10051
696140,10052
726000,10053
775410,10054
821880,10055
848530,10056
897930,10057
920563,10058
925950,10059
1005400,10060
1027130,10061
1040430,10062
1041940,10063
1058060,10064
1066260,10065
1137300,10066
1149510,10067
1158420,10068
1172500,10069
1176020,10070
31910,10071
1190170,10072
1202970,10073
1219230,10074
1225960,10075
1260810,10076
1273440,10077
1305420,10078
1309130,10079
1336120,10080
1363350,10081
1392820,10082
1393570,10083
1400305,10084
1444550,10085
590770,10086
1533680,10087
1542810,10088
1566540,10089
1583390,10090
1643850,10091
1723790,10092
1751630,10093
1760130,10094
1769710,10095
342630,10096
1808900,10097
1816670,10098
1839700,10099
1869580,10100
1882102,10101
1950570,10102
1953860,10103
1968101,10104
404281,10105
107600,10106
206020,10107
224161,10108
225280,10109
301650,10110
307940,10111
318521,10112
320353,10113
344463,10114
344630,10115
353051,10116
366080,10117
373930,10118
376959,10119
379210,10120
388060,10121
397350,10122
437210,10123
464060,10124
505060,10125
529950,10126
560350,10127
566490,10128
611421,10129
611760,10130
661790,10131
708820,10132
708880,10133
730260,10134
741250,10135
741430,10136
760330,10137
792040,10138
836490,10139
882680,10140
894720,10141
895490,10142
943140,10143
952250,10144
953940,10145
1040390,10146
1057680,10147
1059291,10148
1086460,10149
1101180,10150
1106220,10151
1112470,10152
1113760,10153
1118025,10154
1141980,10155
1154591,10156
1161870,10157
1232640,10158
1248433,10159
1304468,10160
1317250,10161
1324870,10162
1354230,10163
348430,10164
1364100,10165
1370140,10166
1420500,10167
1420870,10168
1464061,10169
1493960,10170
1508980,10171
1510030,10172
1534260,10173
1581938,10174
1621110,10175
1706920,10176
1730920,10177
1810410,10178
1922043,10179
1946940,10180
1999140,10181
2024140,10182
2091070,10183
2112520,10184
310080,10185
2121260,10186
3600,10187
25850,10188
994260,10189
32650,10190
46250,10191
206440,10192
208792,10193
226820,10194
230330,10195
257170,10196
263880,10197
264220,10198
285110,10199
289520,10200
301860,10201
306660,10202
201210,10203
374190,10204
380680,10205
381100,10206
388475,10207
391580,10208
426330,10209
428900,10210
433530,10211
434000,10212
436030,10213
436160,10214
449710,10215
453750,10216
464590,10217
475190,10218
476700,10219
536780,10220
510420,10221
541300,10222
561470,10223
570361,10224
581400,10225
1005010,10226
611190,10227
646660,10228
656350,10229
658970,10230
704810,10231
728730,10232
737002,10233
747620,10234
758600,10235
781030,10236
792560,10237
794220,10238
840760,10239
844660,10240
862110,10241
887420,10242
888853,10243
859180,10244
904750,10245
932420,10246
933860,10247
970500,10248
1005930,10249
1087720,10250
1093910,10251
1099582,10252
1123450,10253
1135740,10254
1142470,10255
1163600,10256
1186740,10257
1204130,10258
1213940,10259
1215200,10260
1247570,10261
1289454,10262
570580,10263
1373320,10264
1408950,10265
1424660,10266
1465610,10267
1492750,10268
1573580,10269
1599000,10270
1618290,10271
1668070,10272
1687710,10273
1711183,10274
1717990,10275
1734390,10276
580832,10277
250360,10278
1532690,10279
1738610,10280
1787010,10281
1789650,10282
1818690,10283
1852237,10284
1898610,10285
1918440,10286
1930580,10287
407780,10288
2004370,10289
2067850,10290
2103640,10291
2137630,10292
50,10293
4890,10294
31840,10295
65255,10296
72760,10297
207930,10298
208140,10299
247140,10300
263300,10301
279920,10302
298360,10303
337680,10304
348040,10305
372930,10306
383790,10307
396860,10308
448280,10309
491530,10310
510520,10311
585180,10312
611980,10313
626610,10314
638280,10315
646663,10316
670750,10317
700100,10318
704920,10319
734120,10320
737040,10321
755410,10322
804760,10323
809310,10324
843440,10325
878520,10326
968440,10327
982720,10328
995590,10329
1555590,10330
1009450,10331
1011390,10332
1042600,10333
1061180,10334
1095120,10335
1109820,10336
1114561,10337
1132110,10338
1134480,10339
1147382,10340
1155320,10341
1164050,10342
1179830,10343
1184480,10344
1214480,10345
1217050,10346
1233950,10347
1249170,10348
1258740,10349
1099563,10350
1303660,10351
1309860,10352
1318030,10353
1319420,10354
1322650,10355
1347970,10356
1363600,10357
1375362,10358
1382320,10359
1399700,10360
1412760,10361
1419870,10362
1422420,10363
1466610,10364
1542670,10365
1554790,10366
1659210,10367
1683320,10368
1687550,10369
1702840,10370
1756190,10371
1779990,10372
1788780,10373
1838750,10374
1887030,10375
1907280,10376
1909860,10377
1921740,10378
1928750,10379
1931690,10380
1931780,10381
1933320,10382
745740,10383
10604,10384
1938290,10385
1947950,10386
1983000,10387
1984662,10388
2007700,10389
2136380,10390
2140700,10391
12710,10392
13620,10393
25800,10394
35136,10395
42918,10396
50940,10397
93200,10398
105420,10399
214931,10400
233720,10401
748360,10402
242960,10403
255320,10404
267781,10405
276360,10406
301300,10407
325150,10408
331600,10409
336130,10410
359100,10411
396710,10412
397390,10413
406350,10414
409890,10415
416830,10416
779401,10417
429660,10418
433100,10419
435120,10420
496450,10421
503180,10422
514830,10423
549071,10424
551770,10425
555220,10426
577910,10427
603100,10428
610699,10429
615770,10430
631510,10431
658620,10432
662970,10433
787910,10434
821370,10435
821640,10436
823990,10437
844330,10438
844420,10439
865820,10440
868310,10441
954030,10442
988490,10443
1004940,10444
1019230,10445
1028530,10446
1035230,10447
295630,10448
1040630,10449
1066860,10450
1074260,10451
1074620,10452
1074980,10453
1083890,10454
1094530,10455
1122490,10456
1127460,10457
1173010,10458
1187870,10459
1208030,10460
1230230,10461
1233530,10462
1242750,10463
1243790,10464
1244040,10465
1268450,10466
1275670,10467
1292020,10468
1348760,10469
1356220,10470
1360850,10471
1401880,10472
1417720,10473
1422410,10474
1493580,10475
1533010,10476
324342,10477
1550730,10478
1587710,10479
1707850,10480
1723660,10481
1769270,10482
1775080,10483
1800980,10484
1877960,10485
1878570,10486
1892950,10487
2000040,10488
288840,10489
2013080,10490
2055290,10491
2064590,10492
2086060,10493
2098790,10494
222140,10495
2171280,10496
2182500,10497
2210141,10498
2242220,10499
6120,10500
55205,10501
208817,10502
215280,10503
221540,10504
246110,10505
258010,10506
270110,10507
273381,10508
314980,10509
316868,10510
318970,10511
337270,10512
338300,10513
340170,10514
346060,10515
387920,10516
392580,10517
412352,10518
422610,10519
452960,10520
454900,10521
467520,10522
476864,10523
497730,10524
503580,10525
524300,10526
532110,10527
554150,10528
1945680,10529
1967800,10530
556640,10531
559960,10532
222602,10533
571260,10534
582550,10535
592030,10536
643270,10537
656700,10538
671390,10539
671920,10540
705220,10541
705550,10542
748970,10543
757180,10544
757210,10545
791150,10546
794343,10547
797620,10548
854860,10549
861889,10550
864700,10551
871651,10552
963710,10553
965430,10554
1015130,10555
1025600,10556
1026910,10557
1062420,10558
1066300,10559
1073220,10560
1088420,10561
1099220,10562
1143820,10563
1146600,10564
1173380,10565
1196440,10566
1234940,10567
1244270,10568
1296700,10569
1298590,10570
1342410,10571
1387150,10572
1391050,10573
1474740,10574
1477840,10575
1490111,10576
1516010,10577
1521110,10578
1522650,10579
1557980,10580
1571390,10581
1584540,10582
1584620,10583
1621460,10584
1651960,10585
1663270,10586
1672000,10587
1724000,10588
1725350,10589
1759140,10590
1811530,10591
1838820,10592
1852255,10593
229660,10594
1886400,10595
1995240,10596
2052630,10597
2083180,10598
2104560,10599
2105660,10600
2120900,10601
2167453,10602
2230280,10603
2246120,10604
6200,10605
7200,10606
22100,10607
219910,10608
225829,10609
905650,10610
230700,10611
233410,10612
248310,10613
249310,10614
294460,10615
297513,10616
298840,10617
351230,10618
360840,10619
376972,10620
383080,10621
397340,10622
415300,10623
422220,10624
437020,10625
443020,10626
493950,10627
510620,10628
540730,10629
545180,10630
584370,10631
586350,10632
595290,10633
603400,10634
606730,10635
636570,10636
662210,10637
685300,10638
690140,10639
699170,10640
704860,10641
720700,10642
749800,10643
753900,10644
1213540,10645
758190,10646
761030,10647
783770,10648
798750,10649
867960,10650
871280,10651
939840,10652
970300,10653
995670,10654
1004510,10655
1041460,10656
1042020,10657
1085630,10658
1092590,10659
1093400,10660
1155880,10661
1793011,10662
996580,10663
1209440,10664
1227280,10665
1231980,10666
1242772,10667
1262930,10668
1287061,10669
1297430,10670
1333470,10671
1356760,10672
1369320,10673
1430640,10674
1431040,10675
1431270,10676
1455900,10677
1462700,10678
1536730,10679
1563850,10680
1585670,10681
1586700,10682
1652450,10683
1658290,10684
1764062,10685
1788100,10686
1812152,10687
1851120,10688
1852470,10689
1884300,10690
1911800,10691
1916960,10692
1927780,10693
1966430,10694
1996720,10695
2182590,10696
2232370,10697
8400,10698
47932,10699
208306,10700
208365,10701
217290,10702
229622,10703
236690,10704
253900,10705
275510,10706
290080,10707
292140,10708
305050,10709
310490,10710
316160,10711
319050,10712
323380,10713
363090,10714
395260,10715
398030,10716
812860,10717
408930,10718
294670,10719
416680,10720
453280,10721
458160,10722
494170,10723
504770,10724
530610,10725
549180,10726
577230,10727
588620,10728
595690,10729
643620,10730
690420,10731
742540,10732
758330,10733
762610,10734
787840,10735
316440,10736
645402,10737
495900,10738
817840,10739
825630,10740
845030,10741
848050,10742
954650,10743
1000000,10744
1006400,10745
1018160,10746
1018850,10747
1028630,10748
1052440,10749
1056490,10750
1056690,10751
1057273,10752
1069030,10753
822680,10754
1077470,10755
1223910,10756
1238851,10757
1244510,10758
1247290,10759
1249110,10760
1257570,10761
1263350,10762
1268100,10763
1319460,10764
1328570,10765
1372370,10766
1375870,10767
1433420,10768
1457740,10769
1462460,10770
1564100,10771
1222680,10772
1494140,10773
1498090,10774
1521040,10775
496431,10776
1530750,10777
1549160,10778
1567290,10779
1575520,10780
1583280,10781
1616120,10782
1662380,10783
1684840,10784
1728680,10785
1733840,10786
1770640,10787
1797610,10788
1826160,10789
1847080,10790
270490,10791
1488200,10792
1861490,10793
1870150,10794
1913680,10795
1937690,10796
1946300,10797
499890,10798
2063480,10799
2099900,10800
2111630,10801
2116770,10802
2150950,10803
2153770,10804
2192570,10805
2196980,10806
2850,10807
6510,10808
817190,10809
37220,10810
203701,10811
205630,10812
215710,10813
225821,10814
258644,10815
263760,10816
264160,10817
276810,10818
299740,10819
376946,10820
384190,10821
387280,10822
394760,10823
398916,10824
405032,10825
415680,10826
495371,10827
531153,10828
1738490,10829
536890,10830
583470,10831
615690,10832
616520,10833
647740,10834
683850,10835
691190,10836
692690,10837
813300,10838
815760,10839
821320,10840
828580,10841
876360,10842
888040,10843
909150,10844
936530,10845
1887010,10846
963220,10847
970060,10848
970510,10849
979480,10850
983350,10851
1017030,10852
1054490,10853
1074270,10854
1082430,10855
1120400,10856
1132910,10857
1162380,10858
1174670,10859
1194610,10860
1209532,10861
1220420,10862
1238761,10863
1242760,10864
1337920,10865
1358840,10866
1383050,10867
1386610,10868
1394320,10869
1400460,10870
1413870,10871
1414650,10872
1437750,10873
1475200,10874
1488100,10875
1506080,10876
1508920,10877
1552760,10878
1562200,10879
504210,10880
1577880,10881
1599470,10882
1646350,10883
1702140,10884
1965920,10885
1972190,10886
2059670,10887
2097180,10888
2183320,10889
2261090,10890
1690,10891
12320,10892
15300,10893
73097,10894
80310,10895
218660,10896
233740,10897
250620,10898
251210,10899
262470,10900
2009530,10901
286480,10902
293260,10903
299400,10904
301660,10905
306550,10906
321060,10907
354430,10908
357760,10909
370340,10910
389270,10911
405520,10912
412050,10913
418950,10914
443620,10915
490820,10916
771070,10917
508980,10918
2011980,10919
521670,10920
535480,10921
561400,10922
567670,10923
602480,10924
630720,10925
635310,10926
650780,10927
651150,10928
700520,10929
745970,10930
779931,10931
785480,10932
802890,10933
805880,10934
828900,10935
862580,10936
874342,10937
884143,10938
893760,10939
919720,10940
931930,10941
944080,10942
957660,10943
969710,10944
998740,10945
1072561,10946
1085070,10947
1147500,10948
1174630,10949
1200344,10950
1353942,10951
1356221,10952
1379870,10953
1402090,10954
1414850,10955
1429640,10956
1485140,10957
1553080,10958
1573090,10959
1628130,10960
1798053,10961
1810610,10962
1960890,10963
1973320,10964
1993150,10965
1996600,10966
2093590,10967
2261790,10968
1200,10969
38140,10970
57680,10971
73120,10972
108230,10973
204180,10974
209950,10975
214932,10976
215256,10977
217270,10978
1229060,10979
228260,10980
233980,10981
277759,10982
277771,10983
301897,10984
307880,10985
316448,10986
318710,10987
332330,10988
664340,10989
375440,10990
398911,10991
414651,10992
444800,10993
496460,10994
498330,10995
502420,10996
514700,10997
517670,10998
528070,10999
553210,11000
591630,11001
591740,11002
594630,11003
596810,11004
928390,11005
602070,11006
605770,11007
630430,11008
678970,11009
686900,11010
704360,11011
719640,11012
735850,11013
756530,11014
758160,11015
795760,11016
843260,11017
873190,11018
906930,11019
908120,11020
911930,11021
929320,11022
1251000,11023
935490,11024
944180,11025
967250,11026
1029260,11027
1045610,11028
1046050,11029
1060210,11030
1063190,11031
1078330,11032
1122360,11033
1126290,11034
1126990,11035
1141290,11036
1149590,11037
1167330,11038
1170060,11039
1175090,11040
1225790,11041
1287056,11042
1290710,11043
1341960,11044
1361620,11045
1371480,11046
1392150,11047
1401150,11048
1424080,11049
1482700,11050
1489600,11051
1503040,11052
1515064,11053
1534180,11054
1559100,11055
1570500,11056
1585811,11057
1599860,11058
1608450,11059
1608560,11060
1613770,11061
222596,11062
1637140,11063
1659600,11064
1682970,11065
1788610,11066
1795180,11067
1804500,11068
1849760,11069
1860960,11070
1910340,11071
1921130,11072
1944240,11073
1970060,11074
2071200,11075
2135430,11076
2182690,11077
3430,11078
12690,11079
200960,11080
205690,11081
241560,11082
273590,11083
278910,11084
316967,11085
340080,11086
349790,11087
369830,11088
410890,11089
426820,11090
429520,11091
443730,11092
448580,11093
508840,11094
513360,11095
514130,11096
521150,11097
545410,11098
550330,11099
559430,11100
571720,11101
575340,11102
593200,11103
1113570,11104
594550,11105
612100,11106
615380,11107
662190,11108
678900,11109
730720,11110
747060,11111
775430,11112
778400,11113
779936,11114
789830,11115
794960,11116
819020,11117
838990,11118
852790,11119
869170,11120
875800,11121
939990,11122
1118270,11123
485500,11124
995230,11125
998990,11126
1026420,11127
1028860,11128
1048876,11129
1978790,11130
1050000,11131
1060220,11132
1105630,11133
1107340,11134
1122400,11135
1125020,11136
1151630,11137
1209770,11138
1239020,11139
1279280,11140
1338460,11141
1339440,11142
1343250,11143
1607011,11144
1647510,11145
493070,11146
1383640,11147
1386900,11148
2075190,11149
1389550,11150
1390840,11151
1408020,11152
1479370,11153
1536953,11154
1552730,11155
1599481,11156
1611940,11157
1623210,11158
1630500,11159
1648880,11160
1653050,11161
1660560,11162
1662503,11163
1784780,11164
1807200,11165
1823490,11166
1337970,11167
1920320,11168
1921770,11169
386180,11170
2135500,11171
2146450,11172
2175450,11173
2184790,11174
2210720,11175
2252850,11176
2800,11177
10150,11178
34630,11179
203830,11180
240500,11181
251290,11182
258655,11183
274980,11184
277748,11185
304010,11186
316444,11187
323060,11188
357310,11189
359420,11190
384700,11191
388980,11192
391140,11193
409210,11194
420740,11195
464960,11196
469730,11197
476871,11198
495370,11199
499100,11200
548810,11201
598060,11202
626521,11203
633110,11204
691120,11205
703860,11206
720790,11207
740140,11208
741370,11209
513490,11210
744520,11211
746510,11212
762178,11213
774811,11214
824850,11215
831110,11216
835430,11217
865270,11218
888000,11219
888820,11220
912450,11221
912570,11222
925110,11223
976210,11224
994020,11225
1003020,11226
1056280,11227
1073810,11228
1089000,11229
1100140,11230
1107300,11231
2257070,11232
1130560,11233
1155300,11234
1182310,11235
1253520,11236
1297210,11237
1361760,11238
1364130,11239
1416090,11240
1426980,11241
1438090,11242
1440670,11243
1444090,11244
1454460,11245
1460490,11246
1556712,11247
1560450,11248
612520,11249
1571940,11250
1578030,11251
1578880,11252
1591920,11253
1595510,11254
1647730,11255
1655220,11256
1695830,11257
1706190,11258
1791210,11259
1833490,11260
1857140,11261
1909820,11262
1937720,11263
1966930,11264
1986880,11265
2015620,11266
623140,11267
745850,11268
2017840,11269
2096790,11270
2139261,11271
2154230,11272
2014790,11273
2180350,11274
2191670,11275
2200010,11276
2210142,11277
2232230,11278
65530,11279
200900,11280
248510,11281
252750,11282
259380,11283
271260,11284
277760,11285
292990,11286
297290,11287
318310,11288
326990,11289
332360,11290
349830,11291
353580,11292
2020071,11293
1566820,11294
366690,11295
378070,11296
388291,11297
389670,11298
423853,11299
486720,11300
490950,11301
499110,11302
500260,11303
540780,11304
543193,11305
543460,11306
546550,11307
584400,11308
585550,11309
594220,11310
599460,11311
601530,11312
606920,11313
359780,11314
394550,11315
669950,11316
676440,11317
696220,11318
701730,11319
703510,11320
707580,11321
736190,11322
766320,11323
779937,11324
793551,11325
873871,11326
878020,11327
885150,11328
888858,11329
894000,11330
916050,11331
933130,11332
986040,11333
990900,11334
439800,11335
1003090,11336
1019940,11337
1035760,11338
1036910,11339
1045620,11340
1057640,11341
1107290,11342
1120301,11343
1135430,11344
1143430,11345
1164740,11346
1180010,11347
1210750,11348
1213950,11349
1218500,11350
1228740,11351
1235767,11352
1236960,11353
1284110,11354
1301390,11355
1301620,11356
450790,11357
1333800,11358
1372210,11359
1399720,11360
1418842,11361
1448530,11362
1457750,11363
1467121,11364
1489410,11365
1535490,11366
1544403,11367
1576000,11368
1582510,11369
1584830,11370
1590660,11371
476870,11372
1648610,11373
1825970,11374
1834820,11375
1914120,11376
1923690,11377
1966690,11378
1975360,11379
2009527,11380
2060240,11381
2106450,11382
2127791,11383
2130700,11384
2133144,11385
2143950,11386
2158270,11387
2194400,11388
791930,11389
2202020,11390
6080,11391
34900,11392
47931,11393
218760,11394
222440,11395
235380,11396
244065,11397
250400,11398
298050,11399
333600,11400
354425,11401
399070,11402
401660,11403
427290,11404
480650,11405
496620,11406
502210,11407
531152,11408
536750,11409
557780,11410
580051,11411
636150,11412
665380,11413
675260,11414
683000,11415
704250,11416
720560,11417
737890,11418
746400,11419
752480,11420
753360,11421
859090,11422
841600,11423
841660,11424
846870,11425
858880,11426
875440,11427
891510,11428
918380,11429
950740,11430
968350,11431
991560,11432
1005050,11433
1032790,11434
1094930,11435
1100410,11436
1144020,11437
1229580,11438
1236501,11439
1275150,11440
1296360,11441
1311510,11442
1323320,11443
1331910,11444
1351370,11445
1363850,11446
1386930,11447
1412850,11448
1486710,11449
1529570,11450
1554640,11451
1656971,11452
1668690,11453
1674890,11454
1692462,11455
1766020,11456
1812151,11457
1815010,11458
1834740,11459
1842610,11460
1886290,11461
1888660,11462
1944341,11463
1958170,11464
2057110,11465
2081470,11466
2085790,11467
2130950,11468
2168562,11469
2215321,11470
17710,11471
1704470,11472
202750,11473
244870,11474
248390,11475
248750,11476
274290,11477
288120,11478
301610,11479
324510,11480
335370,11481
2098510,11482
368360,11483
372690,11484
378505,11485
381880,11486
405290,11487
436490,11488
1604240,11489
502770,11490
521800,11491
537800,11492
555640,11493
563550,11494
575640,11495
582620,11496
585840,11497
597700,11498
610980,11499
616290,11500
621930,11501
667870,11502
675270,11503
1128180,11504
922100,11505
943410,11506
978960,11507
1012840,11508
1028750,11509
1069750,11510
1089600,11511
1111370,11512
1147480,11513
1148590,11514
1162340,11515
1173830,11516
1193870,11517
1233550,11518
1247720,11519
1304469,11520
1307430,11521
1143520,11522
1150032,11523
1328530,11524
1384700,11525
1412470,11526
1418540,11527
1450740,11528
1452210,11529
1461850,11530
1519350,11531
1545820,11532
1603500,11533
1635790,11534
1704730,11535
1733680,11536
1748990,11537
1818230,11538
1975570,11539
2001011,11540
2200760,11541
2217450,11542
41000,11543
48110,11544
209190,11545
229750,11546
231200,11547
258657,11548
259390,11549
264200,11550
269710,11551
320370,11552
351970,11553
376770,11554
388750,11555
404690,11556
417464,11557
427760,11558
427980,11559
431950,11560
451410,11561
455220,11562
501080,11563
514160,11564
556470,11565
573790,11566
574260,11567
599080,11568
614950,11569
623380,11570
676840,11571
678220,11572
980300,11573
685340,11574
686360,11575
701930,11576
703500,11577
704470,11578
717790,11579
751450,11580
756660,11581
782270,11582
794490,11583
818500,11584
836810,11585
844390,11586
885120,11587
915590,11588
925940,11589
926800,11590
953020,11591
1152310,11592
1167140,11593
1241279,11594
1251970,11595
1254360,11596
1257360,11597
1270010,11598
1271671,11599
1282140,11600
1285770,11601
1303193,11602
1316700,11603
1325470,11604
1345860,11605
1363740,11606
1378290,11607
1395540,11608
1244930,11609
1405440,11610
1414020,11611
1416391,11612
1443048,11613
1482640,11614
1508530,11615
1525890,11616
1542280,11617
1547290,11618
1557960,11619
1576060,11620
774121,11621
1578390,11622
1664952,11623
1668190,11624
1677360,11625
1692070,11626
1735980,11627
1760240,11628
1781350,11629
2192700,11630
1796410,11631
1802451,11632
1803060,11633
1804511,11634
1826570,11635
1842220,11636
1869390,11637
1933820,11638
1953970,11639
1958240,11640
1985260,11641
2066300,11642
2086230,11643
2218140,11644
2237250,11645
2242100,11646
673430,11647
7620,11648
8970,11649
15120,11650
25930,11651
204530,11652
208544,11653
227600,11654
273152,11655
275200,11656
299240,11657
301892,11658
307190,11659
355570,11660
361020,11661
689910,11662
369530,11663
1011290,11664
418890,11665
437420,11666
453790,11667
462620,11668
508600,11669
511140,11670
512230,11671
521220,11672
532270,11673
568770,11674
573720,11675
610701,11676
625430,11677
658990,11678
668550,11679
1015710,11680
676510,11681
727640,11682
762770,11683
779938,11684
789570,11685
809440,11686
844850,11687
866400,11688
887450,11689
916040,11690
929350,11691
948900,11692
949080,11693
952080,11694
959150,11695
971620,11696
978250,11697
988440,11698
22633,11699
35417,11700
684850,11701
1043390,11702
1049320,11703
1058280,11704
1175880,11705
1059980,11706
1073910,11707
1094250,11708
1107230,11709
1116620,11710
1138960,11711
1154850,11712
1167300,11713
1169520,11714
1195230,11715
1211110,11716
670500,11717
242760,11718
1150440,11719
444200,11720
1551670,11721
1211930,11722
1222800,11723
1232180,11724
1233880,11725
1246520,11726
1285230,11727
1360600,11728
1374200,11729
1441725,11730
1449630,11731
1475850,11732
1531250,11733
1586100,11734
1680000,11735
1728840,11736
1762140,11737
1764660,11738
1787960,11739
2223240,11740
1807610,11741
1836120,11742
1863080,11743
1871790,11744
1940758,11745
1948870,11746
1987160,11747
1998650,11748
2005310,11749
2012630,11750
2021180,11751
2062550,11752
2103340,11753
2124930,11754
2144482,11755
2150631,11756
2150700,11757
2158670,11758
2162350,11759
2244160,11760
40960,11761
98800,11762
208288,11763
211180,11764
258890,11765
276190,11766
302790,11767
2229750,11768
308060,11769
325120,11770
325930,11771
353830,11772
354160,11773
375530,11774
376965,11775
407471,11776
416422,11777
417290,11778
1488270,11779
443360,11780
446520,11781
459830,11782
468460,11783
470310,11784
492180,11785
503100,11786
522880,11787
525430,11788
530611,11789
1001060,11790
539340,11791
541230,11792
560370,11793
597230,11794
598940,11795
602520,11796
618700,11797
652570,11798
658560,11799
1977370,11800
692840,11801
727670,11802
737990,11803
751250,11804
762916,11805
764030,11806
785770,11807
817540,11808
844920,11809
857320,11810
863810,11811
871530,11812
891360,11813
899070,11814
907370,11815
926860,11816
951530,11817
957440,11818
986310,11819
992171,11820
1015920,11821
1020820,11822
1032590,11823
1034900,11824
1061920,11825
1076015,11826
1096930,11827
1147110,11828
1147970,11829
1172190,11830
1746860,11831
1920780,11832
1185490,11833
1186030,11834
1195410,11835
1230279,11836
1235730,11837
1254980,11838
1245540,11839
1301020,11840
1352582,11841
1364036,11842
1459360,11843
1476800,11844
1490116,11845
1524820,11846
1544407,11847
1564560,11848
1590710,11849
1590910,11850
1623000,11851
1636150,11852
1642950,11853
1650830,11854
1279610,11855
1656780,11856
1696220,11857
1718910,11858
2147340,11859
1726400,11860
1770490,11861
1778210,11862
1793070,11863
1798051,11864
1871470,11865
1892620,11866
1917920,11867
1946430,11868
1978330,11869
1980980,11870
1986240,11871
2015100,11872
2050740,11873
2057710,11874
2089110,11875
2162160,11876
2015890,11877
2246400,11878
130,11879
32610,11880
40930,11881
42881,11882
63960,11883
208541,11884
242920,11885
250300,11886
272230,11887
277821,11888
282030,11889
297791,11890
299230,11891
312300,11892
358350,11893
395200,11894
235460,11895
1282531,11896
411310,11897
417465,11898
431180,11899
457840,11900
461170,11901
463760,11902
464202,11903
470260,11904
522334,11905
545430,11906
561740,11907
591420,11908
610190,11909
650570,11910
684851,11911
735000,11912
741350,11913
760160,11914
765210,11915
771420,11916
785910,11917
787740,11918
585290,11919
2273430,11920
809230,11921
815410,11922
836760,11923
880850,11924
887050,11925
890970,11926
939450,11927
950140,11928
953580,11929
971120,11930
973760,11931
977630,11932
1052990,11933
1054730,11934
1078840,11935
1097530,11936
1098170,11937
1112240,11938
1126750,11939
1128000,11940
1139280,11941
1180120,11942
1184820,11943
1189100,11944
1206330,11945
1235760,11946
1236370,11947
1266130,11948
1268140,11949
1271750,11950
1305590,11951
1378800,11952
1389360,11953
1416720,11954
1417880,11955
1449230,11956
1449883,11957
1464930,11958
1543270,11959
1587590,11960
657422,11961
2447000,11962
1593170,11963
1606200,11964
1662910,11965
1664930,11966
1717510,11967
1782210,11968
1803840,11969
1835970,11970
1841520,11971
1842730,11972
1846790,11973
1879030,11974
1917450,11975
1969870,11976
1804690,11977
780310,11978
1995890,11979
2010320,11980
2021560,11981
2062372,11982
1905530,11983
31170,11984
33930,11985
73031,11986
216670,11987
219760,11988
220460,11989
224164,11990
232890,11991
243950,11992
246580,11993
292982,11994
294810,11995
301894,11996
306390,11997
314410,11998
318740,11999
325991,12000
587970,12001
344740,12002
359570,12003
367872,12004
376200,12005
390100,12006
2349820,12007
402840,12008
411680,12009
421190,12010
449220,12011
465180,12012
552620,12013
561000,12014
564050,12015
566440,12016
493190,12017
606080,12018
617120,12019
630870,12020
643880,12021
803020,12022
804530,12023
820610,12024
853220,12025
909660,12026
980548,12027
1003430,12028
2348090,12029
1013870,12030
1026130,12031
1026820,12032
1028920,12033
1043430,12034
1045180,12035
1256,12036
35425,12037
1050510,12038
1087423,12039
1090180,12040
1122720,12041
1145410,12042
1151120,12043
1160360,12044
1162470,12045
1163070,12046
1243750,12047
1258590,12048
1258710,12049
1271100,12050
1306620,12051
367680,12052
1334110,12053
1334730,12054
1418846,12055
1434480,12056
1458390,12057
1462530,12058
1517960,12059
1546510,12060
1580510,12061
1657600,12062
1687980,12063
1704060,12064
1715690,12065
1724942,12066
1797490,12067
1901750,12068
2005972,12069
2065000,12070
703310,12071
2094730,12072
2169090,12073
2206120,12074
3800,12075
25900,12076
32400,12077
98820,12078
222561,12079
234350,12080
277763,12081
283920,12082
292930,12083
294730,12084
303680,12085
311340,12086
311720,12087
311800,12088
319011,12089
325950,12090
327177,12091
346560,12092
350070,12093
352400,12094
354330,12095
358310,12096
368620,12097
376931,12098
379310,12099
385120,12100
398850,12101
400370,12102
402210,12103
405710,12104
409100,12105
2058060,12106
415830,12107
423365,12108
497800,12109
547930,12110
551860,12111
556212,12112
567030,12113
607120,12114
625500,12115
744190,12116
780390,12117
795160,12118
913550,12119
916730,12120
917840,12121
943980,12122
971680,12123
974570,12124
1045840,12125
1086030,12126
1116650,12127
1124260,12128
1133330,12129
1139310,12130
1162110,12131
1167700,12132
1172510,12133
1196080,12134
1196470,12135
1215280,12136
1232100,12137
1232255,12138
1241550,12139
1286760,12140
441380,12141
1315120,12142
1343750,12143
1348690,12144
1410640,12145
1427400,12146
1434350,12147
1435510,12148
1476760,12149
1497120,12150
1522280,12151
1533007,12152
1553320,12153
1579090,12154
661680,12155
1580150,12156
1600930,12157
1649570,12158
1671900,12159
1680880,12160
1726730,12161
1736630,12162
1771730,12163
1829470,12164
1829620,12165
1889620,12166
1895890,12167
1915740,12168
1944660,12169
2202023,12170
2148901,12171
2200740,12172
51010,12173
206500,12174
215257,12175
224980,12176
289880,12177
291050,12178
293240,12179
314020,12180
334120,12181
343560,12182
345460,12183
375840,12184
438680,12185
460390,12186
242050,12187
454160,12188
485350,12189
511090,12190
531160,12191
541450,12192
549070,12193
595460,12194
595930,12195
649410,12196
1337710,12197
676830,12198
684530,12199
704450,12200
769730,12201
809020,12202
835650,12203
878463,12204
890220,12205
907881,12206
917720,12207
920320,12208
931280,12209
940770,12210
947930,12211
951740,12212
961510,12213
978520,12214
987150,12215
988470,12216
1034850,12217
1039970,12218
1054050,12219
1062960,12220
1109720,12221
1114950,12222
1166000,12223
1176870,12224
1189230,12225
1195560,12226
1236490,12227
1253680,12228
1262720,12229
1298140,12230
1301230,12231
1302590,12232
1314140,12233
1340640,12234
1353946,12235
1377260,12236
1383160,12237
1432642,12238
1432680,12239
1656370,12240
1482080,12241
1487590,12242
1489120,12243
1523400,12244
1533011,12245
1610540,12246
1624460,12247
1648470,12248
1651610,12249
1663410,12250
1673630,12251
1683620,12252
1697940,12253
1767560,12254
1802450,12255
1833830,12256
471920,12257
1898670,12258
1939560,12259
1973700,12260
2164490,12261
2170270,12262
2215540,12263
2241390,12264
35460,12265
207690,12266
208363,12267
223597,12268
240820,12269
242820,12270
251890,12271
257970,12272
264560,12273
270210,12274
326670,12275
328500,12276
331920,12277
345060,12278
354310,12279
372110,12280
378649,12281
458710,12282
463590,12283
480430,12284
504390,12285
511680,12286
511740,12287
517160,12288
522210,12289
497970,12290
524910,12291
1259930,12292
567580,12293
584381,12294
587430,12295
588440,12296
647830,12297
648050,12298
675490,12299
716660,12300
725270,12301
729850,12302
741400,12303
763760,12304
781480,12305
844340,12306
855640,12307
857280,12308
864540,12309
893010,12310
893790,12311
920562,12312
1270100,12313
929010,12314
929550,12315
944810,12316
954560,12317
1004490,12318
1057060,12319
1071330,12320
1076120,12321
1105620,12322
1132970,12323
1136040,12324
1140890,12325
1143650,12326
1151390,12327
1154810,12328
1156960,12329
1162560,12330
1188610,12331
1233590,12332
1251940,12333
1279240,12334
1329110,12335
1353270,12336
1363770,12337
1368110,12338
1379970,12339
1395100,12340
1420650,12341
1484620,12342
1535200,12343
1082450,12344
1538570,12345
1601680,12346
1662340,12347
1683900,12348
1692700,12349
1715460,12350
1785010,12351
1723530,12352
1753270,12353
1785250,12354
1841200,12355
1871300,12356
1892030,12357
1901670,12358
1929370,12359
1949740,12360
1998962,12361
2144400,12362
2194030,12363
1640650,12364
6910,12365
31890,12366
40135,12367
91900,12368
99300,12369
206450,12370
212671,12371
227020,12372
230860,12373
241760,12374
1174110,12375
243220,12376
250340,12377
265610,12378
327170,12379
339830,12380
344500,12381
354331,12382
365160,12383
378580,12384
439490,12385
448290,12386
450140,12387
455700,12388
457860,12389
461500,12390
490490,12391
501840,12392
564780,12393
594950,12394
596910,12395
600130,12396
676240,12397
680480,12398
691690,12399
1132230,12400
1162200,12401
726110,12402
752580,12403
753220,12404
814300,12405
838730,12406
842910,12407
850210,12408
864160,12409
898890,12410
904570,12411
976930,12412
1016860,12413
1024480,12414
1027250,12415
1055170,12416
1067720,12417
1657120,12418
1175830,12419
1186040,12420
1186880,12421
1191260,12422
1203043,12423
1205600,12424
1246570,12425
1253710,12426
1290220,12427
1300100,12428
1329880,12429
1348300,12430
903280,12431
1371630,12432
1374930,12433
1392600,12434
1443080,12435
1444150,12436
1483570,12437
1534200,12438
1558880,12439
1567060,12440
1572990,12441
1620100,12442
1642010,12443
1650550,12444
1660900,12445
1740520,12446
1779560,12447
1780720,12448
1835200,12449
326520,12450
1872680,12451
1911390,12452
1921390,12453
2003370,12454
2074910,12455
2115650,12456
2138010,12457
2141820,12458
2152630,12459
2200971,12460
3170,12461
3830,12462
16860,12463
25980,12464
35080,12465
55391,12466
55397,12467
241320,12468
254880,12469
353890,12470
259680,12471
277700,12472
277752,12473
328930,12474
338190,12475
341870,12476
375450,12477
410710,12478
418190,12479
418440,12480
435530,12481
462930,12482
476868,12483
481090,12484
501790,12485
515180,12486
529020,12487
534370,12488
255710,12489
544920,12490
557400,12491
574940,12492
581520,12493
586240,12494
590360,12495
602623,12496
615780,12497
616720,12498
618550,12499
628950,12500
635030,12501
639490,12502
641000,12503
654100,12504
712970,12505
715380,12506
726840,12507
750030,12508
752900,12509
2012010,12510
819040,12511
822830,12512
824570,12513
824830,12514
861710,12515
900270,12516
906130,12517
908990,12518
919051,12519
924650,12520
940710,12521
955060,12522
979710,12523
980590,12524
982350,12525
985400,12526
1004893,12527
1046930,12528
1054071,12529
1075200,12530
1089830,12531
1092140,12532
1106530,12533
1126420,12534
1137350,12535
1142390,12536
1144030,12537
1171310,12538
1197570,12539
1199180,12540
1200330,12541
1210270,12542
1213220,12543
1220600,12544
1221800,12545
1240550,12546
1254130,12547
1270720,12548
1306720,12549
1307400,12550
1389610,12551
1397380,12552
1405470,12553
1432390,12554
1458590,12555
1491460,12556
1566550,12557
1571890,12558
1589010,12559
1619010,12560
259780,12561
1634990,12562
1663860,12563
1724390,12564
1788430,12565
1874870,12566
1921840,12567
1945220,12568
2005660,12569
2070540,12570
2088160,12571
2133158,12572
220,12573
9850,12574
18523,12575
224163,12576
225420,12577
227940,12578
259190,12579
291480,12580
304213,12581
336060,12582
352520,12583
362930,12584
368370,12585
373380,12586
386970,12587
388620,12588
438130,12589
464920,12590
466110,12591
471550,12592
494430,12593
526160,12594
530660,12595
2013290,12596
547390,12597
551450,12598
562398,12599
563810,12600
579980,12601
626470,12602
975620,12603
633060,12604
645420,12605
645670,12606
659960,12607
682780,12608
702700,12609
733300,12610
733340,12611
856890,12612
861250,12613
874340,12614
1551560,12615
1913370,12616
2458610,12617
513710,12618
1457320,12619
654890,12620
1250410,12621
914260,12622
918530,12623
926140,12624
931630,12625
960710,12626
979560,12627
992120,12628
1028270,12629
1037120,12630
1041840,12631
1062000,12632
1073820,12633
1074080,12634
1080450,12635
1093290,12636
1155590,12637
597180,12638
1126890,12639
1145130,12640
1175430,12641
1190150,12642
1206290,12643
1211174,12644
1216230,12645
1253270,12646
1292170,12647
1303313,12648
1412761,12649
1459540,12650
1496130,12651
1534340,12652
1534850,12653
1550270,12654
1301740,12655
2512180,12656
393380,12657
594650,12658
1142710,12659
2111170,12660
678950,12661
1151340,12662
1569930,12663
1586880,12664
1609730,12665
1644490,12666
1744780,12667
1763083,12668
815580,12669
1766010,12670
1812340,12671
1829581,12672
1829910,12673
1869980,12674
1916850,12675
1947130,12676
1953680,12677
1957990,12678
1968750,12679
2093380,12680
2101500,12681
2150870,12682
2218531,12683
1533390,12684
312520,12685
1397390,12686
323190,12687
582010,12688
1063730,12689
471710,12690
11190,12691
19800,12692
28010,12693
33320,12694
38080,12695
40340,12696
202690,12697
218680,12698
231040,12699
235820,12700
252470,12701
257420,12702
258653,12703
263380,12704
277745,12705
289760,12706
678960,12707
756800,12708
1113410,12709
2348100,12710
550,12711
1174180,12712
1648532,12713
1826140,12714
1385380,12715
1668540,12716
271590,12717
303290,12718
314680,12719
334080,12720
336150,12721
339200,12722
345090,12723
1863920,12724
352220,12725
366650,12726
367850,12727
376963,12728
394321,12729
411320,12730
412480,12731
437070,12732
483840,12733
490390,12734
525520,12735
527710,12736
528057,12737
623340,12738
629700,12739
294100,12740
799600,12741
1203220,12742
1988550,12743
107410,12744
1945340,12745
1135690,12746
2201940,12747
202970,12748
493340,12749
747660,12750
1868140,12751
2450010,12752
683180,12753
695920,12754
721270,12755
726690,12756
762520,12757
822094,12758
837841,12759
831050,12760
848030,12761
852300,12762
881040,12763
933230,12764
957570,12765
962970,12766
968390,12767
992174,12768
995170,12769
1000760,12770
1049440,12771
1077430,12772
1077530,12773
1088930,12774
1092780,12775
880940,12776
1361210,12777
1194700,12778
1209430,12779
1234550,12780
1238102,12781
1242753,12782
1252870,12783
1156900,12784
1290770,12785
1293820,12786
1305120,12787
1342890,12788
1371760,12789
1375480,12790
1422190,12791
1437860,12792
1457660,12793
1481112,12794
1498760,12795
1515890,12796
1817190,12797
1942660,12798
2137700,12799
292030,12800
1096530,12801
1158310,12802
1541710,12803
1550740,12804
1573390,12805
297511,12806
1576230,12807
1713900,12808
1753181,12809
1798069,12810
1819160,12811
1822230,12812
1830720,12813
1832050,12814
1840920,12815
1847400,12816
1918540,12817
1924330,12818
1964310,12819
2114370,12820
2153870,12821
571060,12822
2173670,12823
3710,12824
222750,12825
258659,12826
290020,12827
1168030,12828
296570,12829
300400,12830
306394,12831
318230,12832
318500,12833
320030,12834
321540,12835
322022,12836
323450,12837
347190,12838
351030,12839
361690,12840
377360,12841
397900,12842
423852,12843
431700,12844
2493660,12845
525680,12846
546780,12847
559680,12848
579020,12849
596890,12850
615250,12851
621830,12852
629770,12853
642610,12854
673740,12855
694370,12856
706990,12857
715310,12858
730616,12859
506780,12860
739650,12861
775530,12862
787860,12863
789740,12864
802730,12865
808910,12866
809540,12867
811270,12868
580730,12869
889080,12870
898962,12871
908050,12872
914320,12873
928480,12874
941920,12875
354200,12876
943370,12877
966090,12878
979310,12879
989440,12880
990260,12881
1033080,12882
1046820,12883
1072500,12884
1101970,12885
1127970,12886
1174460,12887
1195160,12888
1209040,12889
1218740,12890
1662080,12891
1317200,12892
1351260,12893
1358710,12894
1379560,12895
1402320,12896
1406250,12897
1426700,12898
1446730,12899
1455220,12900
1494190,12901
1507410,12902
1555110,12903
1585530,12904
1597040,12905
1603410,12906
1609090,12907
1612760,12908
1617480,12909
1708190,12910
1748390,12911
1804513,12912
1818610,12913
1913711,12914
1951840,12915
1975670,12916
2185780,12917
2235780,12918
23460,12919
31850,12920
211010,12921
237990,12922
256320,12923
319014,12924
342010,12925
229753,12926
320330,12927
345800,12928
355680,12929
357360,12930
376520,12931
444000,12932
449960,12933
451310,12934
465980,12935
490160,12936
505540,12937
509420,12938
512032,12939
515570,12940
528160,12941
534840,12942
537110,12943
543610,12944
548230,12945
548330,12946
549040,12947
576480,12948
600080,12949
603260,12950
606971,12951
650250,12952
657000,12953
706450,12954
710800,12955
774754,12956
779935,12957
823230,12958
876650,12959
892860,12960
915230,12961
938270,12962
995780,12963
1025250,12964
1064310,12965
1066760,12966
1125420,12967
1148810,12968
1202900,12969
1217380,12970
1251460,12971
1284410,12972
1298530,12973
1299130,12974
1318240,12975
1327020,12976
987720,12977
1383720,12978
1409143,12979
1419960,12980
1431350,12981
1464062,12982
1475580,12983
1515900,12984
1521460,12985
1521930,12986
1537990,12987
1547340,12988
1559680,12989
1576350,12990
1640160,12991
1831450,12992
1889000,12993
1947010,12994
1990900,12995
2054800,12996
2062940,12997
2118500,12998
2123140,12999
2224790,13000
2278120,13001
7650,13002
32340,13003
42230,13004
48720,13005
65740,13006
208810,13007
210944,13008
238430,13009
267775,13010
274230,13011
293780,13012
323580,13013
324740,13014
348910,13015
358830,13016
398917,13017
403430,13018
415030,13019
441280,13020
454250,13021
455223,13022
468737,13023
484860,13024
511660,13025
517330,13026
539270,13027
554381,13028
619320,13029
724010,13030
304320,13031
1466860,13032
2138830,13033
2459970,13034
105600,13035
727930,13036
734400,13037
739281,13038
857450,13039
880520,13040
927270,13041
953080,13042
982220,13043
1007040,13044
1008710,13045
1069730,13046
1073840,13047
1089790,13048
1093840,13049
1098280,13050
1128690,13051
1222300,13052
1229570,13053
1244800,13054
1255630,13055
1278060,13056
1303312,13057
1350340,13058
1359660,13059
1397650,13060
1404560,13061
1409340,13062
1418300,13063
1419290,13064
1420510,13065
1443083,13066
1520480,13067
1525700,13068
1551570,13069
1559390,13070
327500,13071
1593780,13072
1652650,13073
1653650,13074
1655360,13075
1669360,13076
1672140,13077
1698630,13078
1710240,13079
1731081,13080
1733890,13081
1744050,13082
1771780,13083
1811070,13084
1837210,13085
2013650,13086
2020070,13087
2051200,13088
6400,13089
1147660,13090
1774100,13091
23400,13092
200150,13093
214730,13094
224040,13095
230820,13096
249181,13097
251730,13098
260293,13099
262790,13100
266490,13101
279900,13102
297920,13103
333810,13104
336940,13105
345240,13106
356570,13107
381890,13108
852090,13109
400360,13110
414190,13111
416421,13112
440820,13113
446330,13114
447820,13115
456670,13116
545820,13117
549260,13118
552450,13119
567980,13120
570000,13121
573290,13122
583810,13123
530760,13124
438100,13125
1476970,13126
1607680,13127
2243710,13128
1629520,13129
2313541,13130
585450,13131
595560,13132
626600,13133
1397490,13134
673600,13135
714800,13136
737272,13137
746710,13138
747910,13139
754680,13140
777150,13141
907760,13142
928100,13143
929670,13144
952890,13145
996742,13146
1001070,13147
1004150,13148
1059990,13149
1062590,13150
1090140,13151
62100,13152
1097670,13153
1138910,13154
1144860,13155
1161880,13156
1167660,13157
1186460,13158
1209110,13159
1226510,13160
1227690,13161
1276070,13162
1304400,13163
1330820,13164
1335290,13165
1342040,13166
2348930,13167
212500,13168
742420,13169
1217060,13170
1650010,13171
1716740,13172
252490,13173
2451950,13174
2507010,13175
570,13176
2338140,13177
1659040,13178
412020,13179
244210,13180
377160,13181
552500,13182
1394480,13183
1395030,13184
1414630,13185
1416260,13186
1419750,13187
1421540,13188
850940,13189
1437050,13190
1450460,13191
1515460,13192
1543750,13193
1572080,13194
1607670,13195
1714080,13196
1721770,13197
1745780,13198
1754260,13199
529340,13200
1607890,13201
1997040,13202
739630,13203
1286830,13204
1282100,13205
1313140,13206
1702010,13207
383980,13208
594570,13209
1121640,13210
1641960,13211
1852940,13212
1874973,13213
1926200,13214
1931240,13215
1948800,13216
2009350,13217
2077060,13218
2202430,13219
2243920,13220
2250640,13221
3900,13222
18420,13223
22180,13224
39160,13225
48800,13226
80360,13227
201882,13228
233290,13229
243200,13230
311050,13231
369070,13232
401650,13233
408960,13234
412830,13235
543160,13236
416190,13237
451840,13238
461249,13239
466130,13240
480530,13241
502750,13242
502800,13243
503620,13244
524640,13245
1641500,13246
529520,13247
545340,13248
622720,13249
676130,13250
687830,13251
715950,13252
728850,13253
729490,13254
793545,13255
799790,13256
823950,13257
839340,13258
850050,13259
915130,13260
236850,13261
686810,13262
813780,13263
1557740,13264
2492320,13265
1113120,13266
1089090,13267
1244460,13268
1652250,13269
261640,13270
805550,13271
335300,13272
1085660,13273
1332010,13274
1622941,13275
997010,13276
2515990,13277
2537200,13278
1426300,13279
2433000,13280
965310,13281
1008800,13282
1015890,13283
1015930,13284
1020100,13285
1029890,13286
1079180,13287
1079990,13288
1086760,13289
1120980,13290
1178150,13291
1212620,13292
1065950,13293
1227530,13294
1255050,13295
1329080,13296
1368870,13297
1454640,13298
1478340,13299
1480230,13300
1527660,13301
1554840,13302
1577320,13303
1577690,13304
1609080,13305
1621470,13306
1644280,13307
642580,13308
1648590,13309
1719660,13310
1731870,13311
1741760,13312
1789190,13313
1818940,13314
1839450,13315
1840890,13316
1854980,13317
1857580,13318
1867600,13319
1871310,13320
1897050,13321
1941061,13322
1949440,13323
1970050,13324
2004320,13325
2023440,13326
2111960,13327
404530,13328
2160150,13329
2189910,13330
2203990,13331
42980,13332
55387,13333
71260,13334
207490,13335
224900,13336
255340,13337
292660,13338
306640,13339
350550,13340
365210,13341
386880,13342
396900,13343
399620,13344
419460,13345
431750,13346
438000,13347
657423,13348
351555,13349
1248130,13350
439930,13351
490280,13352
490370,13353
524030,13354
542350,13355
550470,13356
583730,13357
595960,13358
614910,13359
619280,13360
636320,13361
643810,13362
645790,13363
650000,13364
651670,13365
719730,13366
705100,13367
737270,13368
749340,13369
752170,13370
758772,13371
761596,13372
764230,13373
793830,13374
798740,13375
644550,13376
805360,13377
812930,13378
813630,13379
817550,13380
842020,13381
885960,13382
923370,13383
937530,13384
938310,13385
942430,13386
948100,13387
973810,13388
977650,13389
1040550,13390
1040730,13391
1055540,13392
1107620,13393
1131240,13394
1135090,13395
1146100,13396
1146300,13397
1165860,13398
1186220,13399
1191070,13400
1202041,13401
1212850,13402
1227750,13403
1228760,13404
746620,13405
1264730,13406
1271680,13407
1273920,13408
1278190,13409
1305130,13410
1347720,13411
1386890,13412
1397790,13413
1415320,13414
1419160,13415
1681201,13416
1424300,13417
1431712,13418
1436810,13419
1519040,13420
1527510,13421
1552080,13422
1557580,13423
1590860,13424
783200,13425
1666890,13426
1668530,13427
1672985,13428
1701800,13429
1752910,13430
1760030,13431
1773800,13432
1776550,13433
1792270,13434
1834920,13435
1885670,13436
1902650,13437
1919740,13438
1932280,13439
1961950,13440
1990260,13441
2100780,13442
12330,13443
57650,13444
71230,13445
216172,13446
219750,13447
262210,13448
267060,13449
267650,13450
282400,13451
283960,13452
294550,13453
317370,13454
322210,13455
344760,13456
380920,13457
389470,13458
427250,13459
436670,13460
441700,13461
447120,13462
449060,13463
449550,13464
500234,13465
505640,13466
506971,13467
514890,13468
547501,13469
547502,13470
550050,13471
570980,13472
575050,13473
576470,13474
578430,13475
613450,13476
638650,13477
388294,13478
816430,13479
821250,13480
831770,13481
844500,13482
845210,13483
859340,13484
868280,13485
982580,13486
986830,13487
991710,13488
1048870,13489
1095040,13490
1111390,13491
1113620,13492
1140440,13493
1156990,13494
1168830,13495
1517290,13496
1658040,13497
1574310,13498
2343650,13499
509980,13500
1432860,13501
268500,13502
1145360,13503
22380,13504
239140,13505
667970,13506
812140,13507
1170880,13508
1197350,13509
1244630,13510
1250890,13511
1254320,13512
1257440,13513
1267930,13514
1279700,13515
1323610,13516
1351020,13517
1359650,13518
1393320,13519
1416460,13520
1418840,13521
1464550,13522
1469160,13523
1519050,13524
1543420,13525
1553060,13526
1721270,13527
1471960,13528
1765350,13529
1788370,13530
1804270,13531
1835740,13532
1856570,13533
1866620,13534
1904160,13535
1907140,13536
1919550,13537
1944980,13538
1969080,13539
2055270,13540
2113920,13541
2253290,13542
4580,13543
805820,13544
6800,13545
8890,13546
1474030,13547
16600,13548
42964,13549
212894,13550
224760,13551
234390,13552
262240,13553
271944,13554
297470,13555
301560,13556
314430,13557
352780,13558
353053,13559
1789480,13560
1971650,13561
527230,13562
434170,13563
505460,13564
779340,13565
1451190,13566
728880,13567
632360,13568
1105420,13569
1196310,13570
364360,13571
1433140,13572
2236950,13573
986130,13574
1382070,13575
2050650,13576
355170,13577
360960,13578
373610,13579
404200,13580
408110,13581
411891,13582
411894,13583
423363,13584
490860,13585
496103,13586
535980,13587
591000,13588
617090,13589
629910,13590
671440,13591
709710,13592
761670,13593
928990,13594
954810,13595
976390,13596
982270,13597
976730,13598
1047220,13599
1051690,13600
400110,13601
1067440,13602
1079450,13603
1137801,13604
1147490,13605
1148022,13606
1166290,13607
1232570,13608
1233360,13609
1238330,13610
1271670,13611
1279750,13612
1282760,13613
1287020,13614
1304340,13615
1351261,13616
1356410,13617
1361920,13618
1389270,13619
771840,13620
1404660,13621
1414180,13622
1445440,13623
404250,13624
1502080,13625
1502990,13626
1522870,13627
1534520,13628
1556490,13629
1610220,13630
1612920,13631
1621310,13632
1644840,13633
1658570,13634
1671280,13635
1699390,13636
316600,13637
1749750,13638
1755350,13639
1817120,13640
1838500,13641
1882863,13642
410790,13643
1955330,13644
2006230,13645
2119210,13646
2130540,13647
2133152,13648
2148904,13649
9010,13650
80350,13651
108800,13652
222551,13653
232790,13654
275390,13655
339400,13656
349320,13657
356310,13658
359940,13659
395250,13660
396480,13661
397740,13662
248370,13663
409450,13664
411892,13665
439340,13666
448780,13667
451290,13668
451690,13669
456540,13670
459350,13671
466550,13672
493320,13673
501970,13674
852910,13675
514360,13676
521350,13677
567140,13678
574820,13679
580170,13680
590610,13681
610860,13682
638000,13683
646200,13684
425960,13685
656740,13686
672680,13687
676820,13688
681330,13689
699330,13690
742460,13691
742480,13692
743880,13693
793549,13694
804490,13695
1845541,13696
893840,13697
896719,13698
920569,13699
984200,13700
1005240,13701
1013650,13702
1022990,13703
1037590,13704
1054710,13705
1087460,13706
434940,13707
1091390,13708
1136160,13709
1137800,13710
1151680,13711
1157731,13712
1170720,13713
1177640,13714
1187330,13715
1210610,13716
1211240,13717
1240230,13718
1250760,13719
1259790,13720
1295180,13721
1295800,13722
1304350,13723
1348800,13724
1351990,13725
1385730,13726
1451120,13727
275180,13728
1461200,13729
1481111,13730
1489590,13731
1494500,13732
1557480,13733
1579991,13734
821950,13735
1590160,13736
1606640,13737
1620540,13738
1631790,13739
1643352,13740
1708870,13741
1714040,13742
1715980,13743
1717410,13744
1726360,13745
1726760,13746
1729050,13747
1787090,13748
1796180,13749
1802720,13750
2231380,13751
1846330,13752
1867580,13753
1890680,13754
1952480,13755
1997680,13756
2019920,13757
2020090,13758
2088360,13759
2099930,13760
2100810,13761
2177070,13762
2185760,13763
2251810,13764
35140,13765
40392,13766
208400,13767
1460750,13768
233130,13769
234160,13770
254320,13771
264690,13772
272040,13773
277774,13774
300570,13775
301840,13776
319400,13777
345740,13778
348090,13779
353540,13780
366870,13781
386260,13782
400170,13783
401890,13784
453340,13785
492370,13786
496438,13787
550810,13788
556740,13789
632710,13790
648390,13791
683830,13792
695630,13793
729660,13794
746940,13795
800670,13796
833140,13797
963450,13798
975390,13799
994210,13800
1010890,13801
1054550,13802
221100,13803
2511580,13804
270880,13805
1028310,13806
1605220,13807
2362390,13808
460930,13809
1061730,13810
1094820,13811
1096210,13812
1096570,13813
1109160,13814
1111620,13815
1157730,13816
1166471,13817
1167661,13818
1180130,13819
1193871,13820
1200348,13821
1215860,13822
1243530,13823
1246400,13824
1257800,13825
1434310,13826
1299360,13827
1319850,13828
1330460,13829
1333910,13830
1353980,13831
1428310,13832
1430030,13833
1440130,13834
1443061,13835
1470320,13836
1486440,13837
1510860,13838
1518690,13839
1526620,13840
1557490,13841
1582830,13842
1595050,13843
1703180,13844
627690,13845
1049590,13846
1151640,13847
1179080,13848
1435790,13849
1588010,13850
1728520,13851
1754840,13852
1771180,13853
1775520,13854
1842690,13855
1851910,13856
1857420,13857
1921780,13858
1932230,13859
1939350,13860
1952900,13861
1960210,13862
1972710,13863
2015160,13864
2066360,13865
2078190,13866
2093420,13867
2164530,13868
2184980,13869
2251620,13870
6860,13871
18470,13872
55393,13873
94620,13874
223730,13875
1918190,13876
236090,13877
253290,13878
262190,13879
264080,13880
266740,13881
267630,13882
302210,13883
319740,13884
336440,13885
360740,13886
373750,13887
376938,13888
378360,13889
1016180,13890
385240,13891
408060,13892
434260,13893
441830,13894
448320,13895
464350,13896
469890,13897
513230,13898
543900,13899
554280,13900
580833,13901
590370,13902
601710,13903
622710,13904
625680,13905
1023802,13906
279623,13907
16900,13908
251570,13909
1407200,13910
2380030,13911
304390,13912
1158370,13913
2239150,13914
2294130,13915
2369390,13916
400750,13917
2230110,13918
2365810,13919
214950,13920
635260,13921
631570,13922
632250,13923
660850,13924
691260,13925
545590,13926
723780,13927
728440,13928
743640,13929
749140,13930
859640,13931
877010,13932
883130,13933
883150,13934
883880,13935
885810,13936
896741,13937
923810,13938
925440,13939
932660,13940
937630,13941
976010,13942
980544,13943
654500,13944
1060180,13945
1071510,13946
1075400,13947
661480,13948
1082930,13949
1089780,13950
1092040,13951
1092430,13952
1099500,13953
1140180,13954
1142500,13955
1243220,13956
1287590,13957
1400260,13958
1420300,13959
1888160,13960
2345020,13961
286160,13962
1184370,13963
1456470,13964
1513120,13965
1543150,13966
1558930,13967
1561770,13968
1567440,13969
1571600,13970
1613580,13971
1631500,13972
1642890,13973
1645820,13974
1664951,13975
1687100,13976
1712840,13977
1736480,13978
331450,13979
337660,13980
1770080,13981
1782170,13982
1793012,13983
1795250,13984
1967805,13985
1969430,13986
2066240,13987
2106720,13988
2181440,13989
3130,13990
7670,13991
9180,13992
44690,13993
218060,13994
223220,13995
270830,13996
338810,13997
382050,13998
397190,13999
404510,14000
414100,14001
445110,14002
466160,14003
549860,14004
474220,14005
538070,14006
551190,14007
565140,14008
568020,14009
570780,14010
1436850,14011
570840,14012
611830,14013
628770,14014
655740,14015
667750,14016
722560,14017
759570,14018
787930,14019
792100,14020
831070,14021
884142,14022
560250,14023
944010,14024
946030,14025
948740,14026
957110,14027
981600,14028
988670,14029
995050,14030
4856,14031
1019590,14032
1109840,14033
1110890,14034
1111600,14035
1125330,14036
1221320,14037
1229350,14038
1240360,14039
1254620,14040
1259510,14041
1271850,14042
1280420,14043
1299591,14044
1302050,14045
1329510,14046
1351950,14047
1365030,14048
2144480,14049
1462210,14050
1498590,14051
1508300,14052
1549420,14053
1554690,14054
1586960,14055
1657990,14056
1688580,14057
1690360,14058
1732390,14059
1777830,14060
1860570,14061
1891090,14062
1924810,14063
562260,14064
565261,14065
1989150,14066
2072140,14067
2088270,14068
4920,14069
2118910,14070
2122430,14071
73170,14072
200910,14073
205650,14074
208812,14075
219890,14076
227260,14077
247000,14078
258647,14079
270950,14080
287200,14081
298280,14082
317480,14083
619940,14084
325180,14085
334560,14086
351090,14087
355350,14088
1408610,14089
1677280,14090
655500,14091
1462040,14092
1611600,14093
2287220,14094
289070,14095
1161590,14096
1577120,14097
238960,14098
385330,14099
422810,14100
437233,14101
449610,14102
451020,14103
458580,14104
458640,14105
474020,14106
480450,14107
482450,14108
514580,14109
662240,14110
750200,14111
754840,14112
761600,14113
762840,14114
783940,14115
801670,14116
816340,14117
837460,14118
866140,14119
878670,14120
930280,14121
955050,14122
967287,14123
977460,14124
1012110,14125
1029550,14126
1031460,14127
1038740,14128
1044440,14129
1050260,14130
1053680,14131
1137640,14132
1137970,14133
1144140,14134
1150080,14135
1163290,14136
1183260,14137
1186561,14138
1231970,14139
1246490,14140
1249480,14141
1260310,14142
1273540,14143
561600,14144
1279310,14145
1286330,14146
1336481,14147
1356530,14148
1375363,14149
1433950,14150
1434320,14151
1452540,14152
1459500,14153
1485080,14154
1494110,14155
1544401,14156
1569700,14157
1578330,14158
2231450,14159
767560,14160
848450,14161
1450900,14162
1091500,14163
108600,14164
1548850,14165
220200,14166
1719240,14167
1751040,14168
1805540,14169
1852233,14170
1879480,14171
1895860,14172
1944250,14173
2026520,14174
2091510,14175
2164880,14176
2195230,14177
2218980,14178
2228880,14179
61730,14180
205990,14181
207530,14182
211780,14183
225160,14184
243470,14185
249590,14186
283270,14187
302080,14188
320371,14189
344440,14190
370910,14191
398980,14192
399720,14193
421050,14194
425600,14195
762270,14196
446000,14197
447020,14198
449800,14199
472870,14200
496630,14201
504920,14202
512060,14203
527740,14204
531930,14205
540840,14206
566190,14207
572220,14208
575970,14209
576300,14210
639701,14211
657440,14212
740080,14213
750170,14214
776340,14215
833360,14216
845250,14217
855850,14218
865680,14219
936190,14220
977840,14221
1000710,14222
1035020,14223
1111590,14224
1121960,14225
1132030,14226
1968570,14227
1147130,14228
284390,14229
1148730,14230
1160020,14231
1241287,14232
1256620,14233
1279420,14234
1358530,14235
1372810,14236
1383280,14237
1409140,14238
1412240,14239
1519790,14240
1539750,14241
1561380,14242
1648060,14243
1798063,14244
1891140,14245
1918520,14246
920571,14247
878080,14248
2052680,14249
2196290,14250
2216600,14251
6220,14252
10695,14253
39110,14254
203700,14255
210937,14256
222575,14257
222590,14258
249090,14259
250320,14260
266210,14261
293920,14262
309990,14263
311820,14264
313780,14265
327390,14266
340580,14267
364930,14268
377680,14269
448850,14270
457680,14271
461241,14272
477200,14273
543190,14274
546090,14275
562860,14276
572730,14277
608160,14278
609110,14279
610410,14280
618920,14281
924330,14282
976310,14283
1044720,14284
1164940,14285
2357570,14286
1056640,14287
858710,14288
1937500,14289
233860,14290
1288320,14291
2338770,14292
200210,14293
489630,14294
658260,14295
710030,14296
715190,14297
728910,14298
736470,14299
1722620,14300
770390,14301
798510,14302
799331,14303
937170,14304
941950,14305
963870,14306
965600,14307
965610,14308
979600,14309
1024650,14310
1041920,14311
1042210,14312
1047180,14313
1083820,14314
1092660,14315
1097790,14316
1103880,14317
1124541,14318
1144684,14319
1148490,14320
1191840,14321
1205480,14322
1244260,14323
1302780,14324
1308182,14325
1328840,14326
1358140,14327
1400490,14328
1401570,14329
1409141,14330
1440010,14331
1336490,14332
1588530,14333
1654660,14334
2378500,14335
703080,14336
1574260,14337
1480830,14338
1482560,14339
1493230,14340
1516400,14341
1549750,14342
1612620,14343
205870,14344
1726410,14345
1739650,14346
1761290,14347
1786230,14348
1836860,14349
1864790,14350
1885640,14351
2000280,14352
2022880,14353
2023240,14354
2078040,14355
2078176,14356
2100790,14357
2228170,14358
2249830,14359
13560,14360
55388,14361
65259,14362
107200,14363
115100,14364
205230,14365
230070,14366
232430,14367
232530,14368
253110,14369
269790,14370
1465750,14371
1895880,14372
1957780,14373
1657630,14374
548430,14375
1172470,14376
285800,14377
305780,14378
330820,14379
347250,14380
366280,14381
401290,14382
401633,14383
416790,14384
421630,14385
511350,14386
513033,14387
531151,14388
546230,14389
559260,14390
606510,14391
612261,14392
617850,14393
648420,14394
949050,14395
367520,14396
440900,14397
730,14398
1693980,14399
264710,14400
359320,14401
656240,14402
657431,14403
661040,14404
721390,14405
727130,14406
739720,14407
741140,14408
759581,14409
767570,14410
837510,14411
872060,14412
1063420,14413
1593500,14414
891790,14415
914110,14416
915600,14417
952860,14418
984110,14419
1039360,14420
1097620,14421
1117480,14422
1126600,14423
1150640,14424
1157220,14425
1211207,14426
1258040,14427
1302230,14428
1321450,14429
1343810,14430
629730,14431
646570,14432
2469400,14433
275850,14434
1386870,14435
1417750,14436
1438150,14437
1463160,14438
1497950,14439
1511140,14440
1549850,14441
1556729,14442
1566410,14443
1571220,14444
1683200,14445
1684100,14446
1745790,14447
1754720,14448
1811800,14449
1813190,14450
768200,14451
1229490,14452
1245620,14453
1889490,14454
1527950,14455
1931770,14456
230410,14457
620980,14458
413150,14459
431240,14460
1426210,14461
1831530,14462
1904040,14463
1923670,14464
1978100,14465
1985420,14466
1990270,14467
2009460,14468
2108440,14469
2143010,14470
2241020,14471
3360,14472
38740,14473
55040,14474
63500,14475
98822,14476
1757240,14477
201420,14478
204372,14479
496120,14480
277490,14481
285160,14482
316430,14483
328590,14484
342640,14485
353280,14486
373491,14487
374500,14488
385800,14489
392000,14490
399810,14491
414120,14492
443000,14493
450811,14494
454970,14495
459852,14496
460160,14497
465250,14498
466800,14499
558480,14500
561620,14501
485380,14502
492680,14503
509570,14504
518920,14505
522620,14506
528250,14507
589040,14508
599840,14509
643390,14510
658530,14511
666820,14512
671970,14513
674850,14514
679750,14515
679900,14516
927310,14517
696940,14518
715920,14519
746560,14520
750060,14521
760410,14522
777470,14523
787850,14524
810660,14525
827290,14526
838860,14527
841150,14528
892550,14529
895492,14530
900400,14531
906110,14532
924070,14533
2517370,14534
359550,14535
1677740,14536
546560,14537
1384160,14538
1990600,14539
950530,14540
990050,14541
992640,14542
997700,14543
1007350,14544
1058390,14545
16867,14546
1063790,14547
1078920,14548
1103800,14549
1118410,14550
1146370,14551
1163910,14552
1166990,14553
1182830,14554
1238050,14555
1241267,14556
1257850,14557
1266690,14558
2218001,14559
916440,14560
2362391,14561
588650,14562
218620,14563
1267270,14564
1268420,14565
1269950,14566
1320950,14567
1338790,14568
1363210,14569
1418841,14570
1441550,14571
1461600,14572
1463420,14573
1465510,14574
1509820,14575
1561060,14576
1595710,14577
1601970,14578
1626003,14579
1630920,14580
1641100,14581
1709170,14582
1710620,14583
1727300,14584
1732750,14585
1739070,14586
1820560,14587
1840320,14588
1887250,14589
1935790,14590
1944340,14591
1967320,14592
1982310,14593
2011470,14594
1485420,14595
2061710,14596
2095290,14597
2124420,14598
4800,14599
22650,14600
31870,14601
42850,14602
208803,14603
223793,14604
234670,14605
282510,14606
24963,14607
284050,14608
358410,14609
377670,14610
378770,14611
418040,14612
418750,14613
436940,14614
458380,14615
459640,14616
466920,14617
473444,14618
488550,14619
524580,14620
525031,14621
529890,14622
530690,14623
534000,14624
562379,14625
565860,14626
572700,14627
582540,14628
649810,14629
702120,14630
755490,14631
783990,14632
800120,14633
848080,14634
893500,14635
907650,14636
914080,14637
941957,14638
993270,14639
1020470,14640
1024380,14641
1024704,14642
1024890,14643
1033220,14644
1070580,14645
1079000,14646
1127980,14647
1130410,14648
1131190,14649
546790,14650
1170950,14651
1179420,14652
1194750,14653
1222340,14654
1315350,14655
1324420,14656
1367320,14657
1383630,14658
1410980,14659
1429950,14660
1443028,14661
1458660,14662
1460020,14663
1515490,14664
1523470,14665
1530310,14666
1533002,14667
1567800,14668
1572420,14669
1575860,14670
1720670,14671
316610,14672
1727180,14673
1735950,14674
814000,14675
1084160,14676
1756160,14677
1777760,14678
1846890,14679
1867890,14680
1882550,14681
1921900,14682
1928650,14683
1949220,14684
1952440,14685
2003050,14686
2084010,14687
2088340,14688
2157070,14689
2249520,14690
3460,14691
1248460,14692
9710,14693
210936,14694
225831,14695
463210,14696
249630,14697
254440,14698
259810,14699
280740,14700
338800,14701
347160,14702
358470,14703
362780,14704
368570,14705
377880,14706
381750,14707
382470,14708
385380,14709
414150,14710
416600,14711
432980,14712
442080,14713
505230,14714
532320,14715
547360,14716
577970,14717
580081,14718
590690,14719
595060,14720
613830,14721
616680,14722
623540,14723
627430,14724
641080,14725
644540,14726
661940,14727
662352,14728
29130,14729
722730,14730
461880,14731
750130,14732
756070,14733
774221,14734
864300,14735
919050,14736
949220,14737
992730,14738
1005972,14739
1029570,14740
1048100,14741
1062040,14742
1098510,14743
1104380,14744
1106080,14745
1118026,14746
1128020,14747
1151440,14748
1153540,14749
1165870,14750
1174500,14751
1192440,14752
1200110,14753
1233340,14754
1274630,14755
1295270,14756
1351450,14757
1373220,14758
1373930,14759
1406690,14760
1425430,14761
1468550,14762
1484231,14763
1508430,14764
1508910,14765
1529160,14766
1531840,14767
1566090,14768
1573740,14769
1086940,14770
1696440,14771
1235721,14772
1324340,14773
1118200,14774
1985810,14775
2170420,14776
435150,14777
581320,14778
1582680,14779
1609570,14780
1631480,14781
1694510,14782
1702760,14783
1765780,14784
1771990,14785
1782451,14786
1788410,14787
1828320,14788
1836470,14789
1843880,14790
1870630,14791
1947012,14792
1983580,14793
2095300,14794
2101385,14795
6310,14796
418520,14797
1928420,14798
223750,14799
538030,14800
6830,14801
13540,14802
21780,14803
35089,14804
203750,14805
237800,14806
264060,14807
265950,14808
277740,14809
302810,14810
307010,14811
317290,14812
321620,14813
327880,14814
343070,14815
359600,14816
360090,14817
377060,14818
390580,14819
1624540,14820
477881,14821
618710,14822
658890,14823
676500,14824
691450,14825
751980,14826
775630,14827
838630,14828
856540,14829
880400,14830
889510,14831
923570,14832
752590,14833
930640,14834
938560,14835
973060,14836
998550,14837
1026400,14838
1044210,14839
927250,14840
1051420,14841
1075740,14842
1087428,14843
1094060,14844
1094780,14845
1118274,14846
1154780,14847
1162130,14848
1166472,14849
1181772,14850
1207470,14851
1279480,14852
1289190,14853
1304600,14854
457480,14855
1307690,14856
1344530,14857
1356280,14858
1406990,14859
1413020,14860
1425760,14861
2139268,14862
2214600,14863
1435970,14864
1456880,14865
1462470,14866
1482820,14867
1491140,14868
1719550,14869
1734080,14870
1745620,14871
1852830,14872
1883530,14873
1957590,14874
1961520,14875
2050590,14876
2126610,14877
2157130,14878
2163850,14879
2174420,14880
2235280,14881
2271300,14882
2360,14883
39650,14884
269490,14885
289881,14886
306398,14887
323470,14888
333300,14889
337460,14890
353760,14891
359040,14892
363110,14893
372210,14894
386690,14895
396310,14896
401360,14897
403180,14898
407560,14899
411930,14900
416800,14901
455400,14902
2320211,14903
2172260,14904
576770,14905
586210,14906
598190,14907
619500,14908
654880,14909
668350,14910
676030,14911
684000,14912
686800,14913
701860,14914
725410,14915
730820,14916
737000,14917
780340,14918
801400,14919
822190,14920
829110,14921
839280,14922
863520,14923
2314720,14924
268910,14925
1150690,14926
935880,14927
940920,14928
965230,14929
986800,14930
1002430,14931
1003730,14932
1026800,14933
1036740,14934
1073900,14935
1079160,14936
1079800,14937
1086480,14938
1090141,14939
1138580,14940
1150090,14941
3380,14942
1160790,14943
1162601,14944
1171820,14945
1184890,14946
1222040,14947
1232460,14948
1236360,14949
1256520,14950
1316181,14951
1320490,14952
1368410,14953
1393790,14954
1405241,14955
1408710,14956
1415070,14957
1480140,14958
1482632,14959
1488650,14960
360730,14961
1515820,14962
1519590,14963
1527520,14964
1539550,14965
1550870,14966
1552310,14967
1588250,14968
1647450,14969
1650120,14970
1671350,14971
1698340,14972
1705580,14973
1744550,14974
1763830,14975
1824130,14976
1877410,14977
1880840,14978
1912380,14979
1643210,14980
1774580,14981
2167580,14982
1914970,14983
1963080,14984
1969830,14985
1990050,14986
2052720,14987
2087940,14988
2130530,14989
2133155,14990
10270,14991
32350,14992
33680,14993
38090,14994
72750,14995
97000,14996
207170,14997
410670,14998
227060,14999
232750,15000
245470,15001
252230,15002
252310,15003
254460,15004
282010,15005
300840,15006
315150,15007
332380,15008
332540,15009
337150,15010
391730,15011
395230,15012
396940,15013
403100,15014
1893820,15015
905370,15016
420110,15017
436090,15018
462240,15019
465130,15020
468100,15021
469790,15022
501671,15023
507010,15024
519080,15025
533780,15026
544810,15027
595770,15028
642804,15029
667800,15030
673840,15031
688740,15032
696180,15033
698300,15034
823580,15035
1058190,15036
1259420,15037
1545560,15038
2172860,15039
620,15040
839910,15041
851640,15042
859150,15043
879160,15044
919370,15045
934180,15046
979070,15047
1003480,15048
1004370,15049
1010970,15050
1671550,15051
1012030,15052
1021770,15053
1036950,15054
1056960,15055
1057430,15056
1100160,15057
1112930,15058
1120480,15059
1133990,15060
1146170,15061
1148180,15062
1158470,15063
1177020,15064
1180650,15065
1183500,15066
1194830,15067
1241261,15068
1246032,15069
2140330,15070
208650,15071
1257930,15072
1302800,15073
1316800,15074
1329262,15075
799960,15076
1237970,15077
1290000,15078
1659420,15079
1904540,15080
1347450,15081
1350680,15082
1352584,15083
1390670,15084
1396890,15085
1400870,15086
1401490,15087
1451720,15088
1470790,15089
1481380,15090
1512720,15091
1562230,15092
1569470,15093
1631380,15094
1659050,15095
648800,15096
782330,15097
1695620,15098
1708020,15099
1718240,15100
1785110,15101
1535220,15102
1293830,15103
1449850,15104
1794390,15105
1870490,15106
1905750,15107
1920660,15108
1943210,15109
1960270,15110
1961370,15111
1986230,15112
2095190,15113
2102020,15114
2116850,15115
2124780,15116
6420,15117
7830,15118
21980,15119
729640,15120
22310,15121
32640,15122
63610,15123
201310,15124
208348,15125
216910,15126
232550,15127
245970,15128
255870,15129
284830,15130
289440,15131
292240,15132
296830,15133
302730,15134
308420,15135
328760,15136
872670,15137
745130,15138
339230,15139
377300,15140
400400,15141
407980,15142
459120,15143
460700,15144
462290,15145
495560,15146
499460,15147
520550,15148
542200,15149
561631,15150
575900,15151
576960,15152
606280,15153
611500,15154
617140,15155
671160,15156
671170,15157
714590,15158
1244090,15159
1817230,15160
1372110,15161
1029690,15162
2311920,15163
704270,15164
2557070,15165
750990,15166
758290,15167
762220,15168
762830,15169
763770,15170
774441,15171
810040,15172
833040,15173
851950,15174
874341,15175
904540,15176
944340,15177
954280,15178
962220,15179
996720,15180
1022450,15181
1078510,15182
1119730,15183
215002,15184
816650,15185
1131920,15186
1133300,15187
1139990,15188
1183100,15189
1209133,15190
1229460,15191
1235750,15192
1247100,15193
1261040,15194
1269710,15195
1304770,15196
1336480,15197
1378470,15198
1397290,15199
1534270,15200
1546940,15201
1621760,15202
1647190,15203
1711180,15204
528990,15205
1744330,15206
1784870,15207
1798081,15208
1817000,15209
1878920,15210
1944780,15211
1965840,15212
1977570,15213
2010370,15214
39510,15215
2019840,15216
2023880,15217
2103940,15218
2153120,15219
2166710,15220
2192500,15221
2203030,15222
2203610,15223
2193450,15224
200440,15225
221180,15226
240760,15227
272330,15228
275030,15229
292670,15230
322290,15231
327380,15232
362090,15233
362380,15234
371190,15235
372360,15236
373390,15237
392470,15238
399890,15239
417461,15240
424200,15241
426930,15242
2121980,15243
518790,15244
1190000,15245
671860,15246
815370,15247
820630,15248
427940,15249
458830,15250
461246,15251
487320,15252
489140,15253
493540,15254
495990,15255
508550,15256
509637,15257
529390,15258
553340,15259
579320,15260
619580,15261
627440,15262
657421,15263
678310,15264
697860,15265
715650,15266
2000950,15267
570940,15268
1286680,15269
1310330,15270
1401590,15271
2080690,15272
444090,15273
1622940,15274
1637320,15275
244850,15276
380600,15277
960090,15278
1975440,15279
376210,15280
1794680,15281
2432430,15282
962130,15283
1604030,15284
2383120,15285
508440,15286
368260,15287
2230760,15288
864730,15289
895493,15290
915710,15291
920564,15292
968550,15293
977690,15294
1028702,15295
1034150,15296
1090130,15297
1110050,15298
1131720,15299
1135434,15300
1151250,15301
1158490,15302
1210550,15303
1241263,15304
1252010,15305
1268860,15306
1285080,15307
1304442,15308
1322100,15309
1329350,15310
1341170,15311
1371560,15312
1373260,15313
1383740,15314
1399410,15315
1407090,15316
1493910,15317
1502190,15318
1530630,15319
1548910,15320
1549040,15321
1585700,15322
1587540,15323
1610600,15324
1616030,15325
1667120,15326
297490,15327
1686130,15328
1741240,15329
1767691,15330
1856390,15331
1891700,15332
1917860,15333
2010110,15334
2194280,15335
2197970,15336
16110,15337
17460,15338
99910,15339
228760,15340
238280,15341
242700,15342
252670,15343
262490,15344
262550,15345
265193,15346
277731,15347
289200,15348
533601,15349
318020,15350
342940,15351
347610,15352
356950,15353
360830,15354
370090,15355
1599600,15356
1175380,15357
1938090,15358
1158160,15359
2141910,15360
2303350,15361
2504720,15362
4000,15363
261550,15364
216150,15365
386360,15366
459820,15367
377520,15368
388210,15369
395237,15370
406540,15371
413870,15372
441550,15373
454890,15374
466547,15375
471570,15376
498470,15377
513500,15378
520950,15379
556480,15380
555420,15381
559210,15382
571761,15383
578620,15384
583590,15385
609440,15386
653080,15387
482400,15388
524220,15389
1230530,15390
2114740,15391
1144200,15392
1235734,15393
774801,15394
1171690,15395
1304930,15396
489830,15397
1634040,15398
1101120,15399
1929610,15400
361420,15401
1340480,15402
1538970,15403
2492940,15404
670290,15405
671510,15406
687500,15407
697900,15408
711660,15409
716650,15410
724740,15411
730614,15412
732240,15413
793680,15414
1682260,15415
823610,15416
879240,15417
899190,15418
915320,15419
931640,15420
955400,15421
977420,15422
989770,15423
1067150,15424
681550,15425
1106170,15426
1128260,15427
1178210,15428
1202280,15429
1205240,15430
1213550,15431
1249130,15432
1293280,15433
1296450,15434
1326270,15435
1940757,15436
1372300,15437
1421550,15438
1437820,15439
1488810,15440
2146190,15441
1493970,15442
1495420,15443
1517890,15444
1531606,15445
1540150,15446
1548940,15447
1555050,15448
1565660,15449
1575764,15450
1588380,15451
1625400,15452
1627330,15453
1632320,15454
1636000,15455
1643354,15456
1669420,15457
1693040,15458
1722390,15459
1730260,15460
1766790,15461
1770830,15462
1798052,15463
1834870,15464
1856480,15465
1870540,15466
1923790,15467
1926370,15468
2083560,15469
12900,15470
31820,15471
72000,15472
224162,15473
228300,15474
237930,15475
518720,15476
259130,15477
272510,15478
280600,15479
291770,15480
305490,15481
310060,15482
316446,15483
349270,15484
351870,15485
359140,15486
395233,15487
395850,15488
400450,15489
458360,15490
463795,15491
560430,15492
588960,15493
625820,15494
1982080,15495
641960,15496
642280,15497
644290,15498
647080,15499
654260,15500
702660,15501
705340,15502
712730,15503
726250,15504
754922,15505
758570,15506
780500,15507
809870,15508
832770,15509
881420,15510
917940,15511
932330,15512
937891,15513
950050,15514
977390,15515
2020630,15516
1111210,15517
1123050,15518
1156590,15519
1204700,15520
1266340,15521
1340120,15522
1378020,15523
1418849,15524
1422130,15525
1489660,15526
1600780,15527
1628620,15528
1677090,15529
1677980,15530
1726383,15531
1772910,15532
1803400,15533
1810270,15534
1851680,15535
1889320,15536
1899950,15537
1927140,15538
1935250,15539
1977381,15540
1990690,15541
2078179,15542
2101350,15543
2113900,15544
2160000,15545
2172510,15546
2239300,15547
2271790,15548
2283211,15549
2990,15550
23490,15551
26900,15552
55381,15553
70300,15554
111600,15555
201230,15556
201790,15557
513890,15558
252350,15559
257730,15560
270630,15561
289890,15562
313500,15563
319080,15564
322130,15565
325210,15566
327220,15567
347830,15568
349231,15569
352120,15570
355250,15571
380231,15572
386080,15573
396990,15574
410110,15575
411900,15576
2255880,15577
392160,15578
539650,15579
611420,15580
616040,15581
627350,15582
637100,15583
668210,15584
683900,15585
696460,15586
717640,15587
752470,15588
766280,15589
792420,15590
794760,15591
808290,15592
811550,15593
847423,15594
850060,15595
865180,15596
880830,15597
904380,15598
933540,15599
937580,15600
945830,15601
952290,15602
964370,15603
979120,15604
985260,15605
1004270,15606
1045430,15607
1049800,15608
1063040,15609
1085160,15610
1106340,15611
1124710,15612
1129310,15613
1189700,15614
1564550,15615
1233690,15616
1256060,15617
1265720,15618
1296830,15619
1327820,15620
1341450,15621
1351140,15622
1351400,15623
1365010,15624
1368960,15625
1393350,15626
1476230,15627
1482490,15628
1490110,15629
1529240,15630
1614780,15631
1623880,15632
1636343,15633
1643390,15634
1722010,15635
1729410,15636
1785910,15637
1801850,15638
1814170,15639
1814930,15640
1871510,15641
1951590,15642
2011707,15643
2020030,15644
2105130,15645
2117080,15646
2175550,15647
348200,15648
1973710,15649
2266320,15650
22450,15651
40400,15652
51060,15653
204440,15654
220740,15655
222880,15656
249086,15657
255960,15658
269050,15659
285520,15660
312530,15661
325420,15662
332480,15663
341150,15664
345350,15665
351480,15666
358360,15667
361840,15668
409000,15669
409380,15670
441790,15671
448400,15672
472420,15673
533040,15674
567130,15675
573180,15676
575291,15677
575650,15678
590590,15679
594050,15680
612370,15681
615350,15682
815000,15683
618740,15684
619150,15685
622670,15686
646330,15687
654050,15688
657290,15689
661230,15690
703700,15691
708173,15692
720150,15693
726230,15694
728600,15695
731940,15696
770490,15697
770780,15698
1615011,15699
878180,15700
894940,15701
985780,15702
1003780,15703
1006140,15704
1025440,15705
1030980,15706
1033170,15707
1092291,15708
1111070,15709
1113560,15710
1151740,15711
1173140,15712
1180250,15713
1225210,15714
1226000,15715
1238090,15716
1640030,15717
1164110,15718
1172620,15719
2276930,15720
2390150,15721
381210,15722
688420,15723
1436700,15724
784080,15725
1169040,15726
1599340,15727
454650,15728
1235733,15729
1241520,15730
1247860,15731
1399411,15732
1400303,15733
1241020,15734
1407420,15735
1415920,15736
1418800,15737
1456290,15738
1465440,15739
1477790,15740
1478810,15741
1481780,15742
1493450,15743
1507780,15744
1575761,15745
1590567,15746
1591620,15747
1684670,15748
1692620,15749
1754000,15750
1805930,15751
1840440,15752
1880400,15753
1929870,15754
1935900,15755
1949470,15756
1982150,15757
2009380,15758
2069180,15759
2095000,15760
2149430,15761
2184130,15762
2251560,15763
2390,15764
1162204,15765
200410,15766
6920,15767
66002,15768
91800,15769
210908,15770
216290,15771
227580,15772
235320,15773
259960,15774
262000,15775
262450,15776
269150,15777
269170,15778
300550,15779
303690,15780
311930,15781
312510,15782
312630,15783
1247760,15784
311210,15785
319480,15786
331650,15787
343140,15788
361360,15789
371650,15790
382090,15791
402980,15792
421120,15793
421700,15794
425220,15795
436121,15796
450660,15797
463810,15798
487720,15799
527940,15800
530710,15801
543030,15802
547500,15803
549850,15804
1201240,15805
2530380,15806
219990,15807
493520,15808
534380,15809
1240440,15810
2209650,15811
257350,15812
617290,15813
557600,15814
558245,15815
576130,15816
589770,15817
595140,15818
595740,15819
378110,15820
595790,15821
597840,15822
608660,15823
618750,15824
644710,15825
669290,15826
710470,15827
720960,15828
748040,15829
749960,15830
773430,15831
212700,15832
812560,15833
834280,15834
867400,15835
891810,15836
895440,15837
985950,15838
986680,15839
992740,15840
995980,15841
1007400,15842
1010670,15843
1017160,15844
1029090,15845
1029170,15846
1032730,15847
1050280,15848
1057750,15849
1089660,15850
1215000,15851
1221700,15852
1234520,15853
1277500,15854
1289380,15855
1294390,15856
1324470,15857
1351040,15858
1353080,15859
1383960,15860
1391540,15861
1460620,15862
1487530,15863
1536954,15864
1558310,15865
1573720,15866
1581170,15867
1611430,15868
225580,15869
251081,15870
1617030,15871
1647740,15872
1665210,15873
1696200,15874
1760340,15875
1771050,15876
1815930,15877
1847600,15878
1858750,15879
1874170,15880
1897250,15881
1918680,15882
2027810,15883
2056880,15884
2129150,15885
2141690,15886
2238190,15887
1237320,15888
1551360,15889
2325830,15890
25620,15891
35135,15892
37390,15893
48950,15894
203778,15895
219152,15896
227310,15897
240970,15898
280160,15899
290260,15900
292711,15901
301910,15902
308330,15903
319015,15904
320362,15905
331181,15906
352000,15907
363420,15908
384570,15909
397330,15910
402180,15911
416590,15912
446380,15913
461248,15914
487000,15915
502870,15916
507520,15917
598730,15918
600370,15919
629440,15920
632870,15921
771240,15922
774461,15923
788100,15924
39210,15925
552990,15926
790600,15927
826600,15928
826650,15929
828150,15930
850010,15931
875620,15932
887530,15933
892380,15934
907180,15935
928440,15936
941890,15937
963680,15938
1049810,15939
1062340,15940
1065491,15941
1096140,15942
1122730,15943
1150033,15944
1229390,15945
1270680,15946
1346770,15947
1935580,15948
1349830,15949
1359900,15950
1399170,15951
1420540,15952
1432970,15953
1473050,15954
1481110,15955
1544890,15956
1588830,15957
1596666,15958
1597580,15959
1727000,15960
1730910,15961
1751920,15962
1770820,15963
292860,15964
1793030,15965
1848590,15966
1921280,15967
1072860,15968
1938180,15969
1939940,15970
2051420,15971
2127090,15972
2165740,15973
2231260,15974
2280510,15975
24240,15976
45700,15977
203630,15978
208808,15979
218410,15980
219950,15981
272710,15982
296970,15983
303210,15984
303550,15985
325969,15986
350080,15987
353050,15988
376958,15989
388970,15990
401910,15991
415590,15992
415610,15993
427470,15994
446560,15995
1142810,15996
450170,15997
451340,15998
458750,15999
472350,16000
479330,16001
489110,16002
500670,16003
508402,16004
528058,16005
551700,16006
557410,16007
1082470,16008
590280,16009
575720,16010
602430,16011
612900,16012
647560,16013
673190,16014
680980,16015
682530,16016
730050,16017
741420,16018
1143400,16019
1008080,16020
751300,16021
753650,16022
761010,16023
794580,16024
837840,16025
857680,16026
958880,16027
985430,16028
1001371,16029
1016150,16030
1021190,16031
1084020,16032
1084790,16033
1124060,16034
1142220,16035
720770,16036
736100,16037
1173940,16038
1177050,16039
1225140,16040
1236900,16041
1245430,16042
1262060,16043
1307870,16044
1312960,16045
1351250,16046
1357610,16047
1426480,16048
1450700,16049
1502660,16050
1520250,16051
1591690,16052
1610650,16053
1611350,16054
1710100,16055
1713810,16056
1776970,16057
1816930,16058
1822710,16059
1829650,16060
1835810,16061
1899430,16062
1917090,16063
2163620,16064
2182450,16065
1593950,16066
2210670,16067
2710,16068
22410,16069
1741470,16070
374320,16071
1353230,16072
1703340,16073
32740,16074
40703,16075
55000,16076
231430,16077
253880,16078
258743,16079
272100,16080
290890,16081
294860,16082
325730,16083
327175,16084
329530,16085
345890,16086
377870,16087
754923,16088
388730,16089
398810,16090
434030,16091
447190,16092
447700,16093
489560,16094
512890,16095
543140,16096
547900,16097
572710,16098
581130,16099
610400,16100
645720,16101
675940,16102
686440,16103
689710,16104
713460,16105
714080,16106
1286320,16107
2009100,16108
801550,16109
831660,16110
835950,16111
865320,16112
873390,16113
889920,16114
907600,16115
918950,16116
930320,16117
943260,16118
947820,16119
974390,16120
979920,16121
989690,16122
1021280,16123
1034860,16124
1046790,16125
1498570,16126
1053390,16127
1069530,16128
1089630,16129
1098470,16130
1150950,16131
1166470,16132
1193430,16133
1197370,16134
1198450,16135
1228570,16136
1235753,16137
1239390,16138
1254921,16139
1286380,16140
1363430,16141
1422610,16142
1449350,16143
1712820,16144
1461810,16145
1480010,16146
1490119,16147
1520330,16148
1560250,16149
1574250,16150
570420,16151
1589540,16152
1636850,16153
1689350,16154
1709920,16155
1713190,16156
1715370,16157
1827980,16158
1870121,16159
1907000,16160
453720,16161
1940090,16162
2005430,16163
2108600,16164
2132450,16165
2218530,16166
8600,16167
16866,16168
25700,16169
97110,16170
214340,16171
222520,16172
222557,16173
224500,16174
251110,16175
253860,16176
272270,16177
277777,16178
279070,16179
281640,16180
307110,16181
316260,16182
330390,16183
339030,16184
344450,16185
358150,16186
367330,16187
370670,16188
391720,16189
2492640,16190
1419850,16191
400630,16192
411970,16193
422110,16194
422970,16195
431250,16196
448190,16197
453320,16198
465480,16199
2139263,16200
520940,16201
529180,16202
590850,16203
604770,16204
610900,16205
618620,16206
645400,16207
653950,16208
679660,16209
690640,16210
2489020,16211
701290,16212
788690,16213
804860,16214
869620,16215
871200,16216
893020,16217
896745,16218
952490,16219
952892,16220
1357160,16221
2153470,16222
992175,16223
1015940,16224
1027620,16225
1062140,16226
1072020,16227
1091460,16228
1092840,16229
1097770,16230
1129050,16231
1180720,16232
1185160,16233
1260020,16234
1273250,16235
2537800,16236
1287140,16237
1290170,16238
1310460,16239
1319550,16240
1381650,16241
1398770,16242
1434950,16243
1443780,16244
1454540,16245
1476680,16246
1487120,16247
1530720,16248
1548800,16249
1556660,16250
1557410,16251
1610460,16252
1653180,16253
2477660,16254
1679210,16255
1714890,16256
1717591,16257
382469,16258
57200,16259
1747890,16260
1767170,16261
1773180,16262
1793013,16263
1832750,16264
1840550,16265
1853640,16266
1877800,16267
1897740,16268
1934800,16269
1972550,16270
2001970,16271
2025840,16272
2096080,16273
16100,16274
16130,16275
33620,16276
38120,16277
39540,16278
80330,16279
206190,16280
208319,16281
210019,16282
243360,16283
247020,16284
279800,16285
292330,16286
307580,16287
312670,16288
327140,16289
330370,16290
337760,16291
346120,16292
351710,16293
373150,16294
1456361,16295
383100,16296
388470,16297
411330,16298
415350,16299
438040,16300
442070,16301
445020,16302
456050,16303
487150,16304
496350,16305
513030,16306
554000,16307
559330,16308
623090,16309
626660,16310
628200,16311
635330,16312
643900,16313
65700,16314
842170,16315
879140,16316
888990,16317
897820,16318
903950,16319
907210,16320
941480,16321
975950,16322
979060,16323
1009700,16324
1026160,16325
1041290,16326
1066110,16327
1090100,16328
1103860,16329
1118292,16330
1127850,16331
1232420,16332
2248430,16333
1546310,16334
1266100,16335
1283400,16336
1298210,16337
1302990,16338
1304550,16339
1310970,16340
1316670,16341
1323900,16342
1329260,16343
1374580,16344
1403310,16345
1511270,16346
1516050,16347
1533050,16348
1575363,16349
1581936,16350
1585790,16351
1610550,16352
1664956,16353
1677020,16354
1983970,16355
2570010,16356
2524030,16357
1641700,16358
1202200,16359
1234430,16360
1707560,16361
1707860,16362
1730110,16363
1737760,16364
1793380,16365
1823710,16366
1941310,16367
1947070,16368
1964480,16369
2026870,16370
2058200,16371
2208730,16372
2227130,16373
3540,16374
11480,16375
783180,16376
853360,16377
21000,16378
37260,16379
105450,16380
1467120,16381
208670,16382
225640,16383
244730,16384
246840,16385
265890,16386
281280,16387
307570,16388
312610,16389
312750,16390
312780,16391
318950,16392
326360,16393
866540,16394
1867120,16395
357340,16396
358380,16397
365350,16398
1921560,16399
375950,16400
387290,16401
450100,16402
473920,16403
502230,16404
525700,16405
554600,16406
608760,16407
697610,16408
710950,16409
711750,16410
724680,16411
747190,16412
758770,16413
776370,16414
1482631,16415
1755830,16416
2466100,16417
2478020,16418
2524160,16419
2140100,16420
880580,16421
883860,16422
895491,16423
925827,16424
1049670,16425
965670,16426
1000030,16427
1002000,16428
1016520,16429
1035660,16430
1036700,16431
1037750,16432
1043240,16433
1058130,16434
1063980,16435
1065320,16436
1081650,16437
1084570,16438
1099960,16439
1135438,16440
1137320,16441
1158720,16442
1074650,16443
1184450,16444
1195290,16445
1222160,16446
1233410,16447
1279630,16448
1288900,16449
1304414,16450
1315270,16451
1354960,16452
1393210,16453
1431950,16454
1444300,16455
1446000,16456
1449920,16457
1486080,16458
1489380,16459
1591520,16460
1682230,16461
1695480,16462
1709070,16463
1762010,16464
1796080,16465
1856090,16466
1879280,16467
1886380,16468
1900020,16469
1905390,16470
1958130,16471
2002970,16472
2057770,16473
338070,16474
339480,16475
7010,16476
16868,16477
38130,16478
55392,16479
70900,16480
97130,16481
99610,16482
1956830,16483
204100,16484
222980,16485
238260,16486
245300,16487
257370,16488
277460,16489
288160,16490
299250,16491
307640,16492
320352,16493
321190,16494
321300,16495
328730,16496
1599330,16497
340150,16498
345630,16499
348940,16500
350780,16501
416930,16502
422910,16503
462770,16504
465020,16505
492740,16506
521280,16507
531680,16508
552700,16509
556390,16510
565170,16511
580620,16512
662960,16513
692080,16514
712630,16515
731101,16516
837610,16517
839310,16518
881690,16519
888856,16520
896520,16521
935400,16522
959890,16523
977920,16524
1968910,16525
985900,16526
1054510,16527
1087422,16528
1090167,16529
1090790,16530
1143890,16531
1146230,16532
1162341,16533
207320,16534
1173150,16535
1190990,16536
1225580,16537
1251040,16538
1252980,16539
1274710,16540
1285670,16541
1290350,16542
1306630,16543
1307600,16544
1338980,16545
1425510,16546
1437660,16547
1443055,16548
1450340,16549
1461770,16550
1496330,16551
1366540,16552
1423330,16553
1958220,16554
2442020,16555
2342040,16556
2138330,16557
2535830,16558
2510770,16559
2325281,16560
1501410,16561
1502560,16562
1515740,16563
1523990,16564
1583320,16565
1584450,16566
1592680,16567
1628290,16568
1635600,16569
1640500,16570
1643180,16571
1650810,16572
1688320,16573
1709460,16574
1712750,16575
222627,16576
1719460,16577
1720600,16578
1753570,16579
1807690,16580
1826290,16581
1837750,16582
1848960,16583
1866880,16584
1882865,16585
1890520,16586
1901370,16587
542880,16588
1969440,16589
1997780,16590
2004030,16591
2024150,16592
2106080,16593
2106520,16594
2170050,16595
2217440,16596
60,16597
2450,16598
12810,16599
22340,16600
50990,16601
231480,16602
234820,16603
235620,16604
252250,16605
254940,16606
277762,16607
308173,16608
320430,16609
229628,16610
681980,16611
351700,16612
352710,16613
353820,16614
375200,16615
389260,16616
395570,16617
424370,16618
435250,16619
462390,16620
468723,16621
509220,16622
522020,16623
530597,16624
547910,16625
552080,16626
563260,16627
990430,16628
582890,16629
615700,16630
618850,16631
623320,16632
668320,16633
690710,16634
696170,16635
711860,16636
716630,16637
773090,16638
804643,16639
826940,16640
845970,16641
888859,16642
889600,16643
892760,16644
924151,16645
940220,16646
966350,16647
1658150,16648
1551530,16649
1580180,16650
973450,16651
988810,16652
1000440,16653
1028490,16654
1045720,16655
1051950,16656
1084430,16657
1140100,16658
1144280,16659
1170807,16660
1176130,16661
1188790,16662
1193090,16663
1236720,16664
1241283,16665
1241290,16666
1320850,16667
1328170,16668
1360940,16669
1393660,16670
1396470,16671
1399750,16672
1416670,16673
1453720,16674
1486630,16675
1531608,16676
1558990,16677
1563730,16678
1585820,16679
1612070,16680
1676870,16681
1683000,16682
1736340,16683
1761020,16684
1775300,16685
1783750,16686
1820200,16687
1883090,16688
1920410,16689
1947060,16690
1967450,16691
1984660,16692
2071330,16693
1948280,16694
234900,16695
235900,16696
243040,16697
253330,16698
301190,16699
327370,16700
331970,16701
345370,16702
355630,16703
371200,16704
376969,16705
403510,16706
430210,16707
475240,16708
508990,16709
512180,16710
1449441,16711
524660,16712
528053,16713
562373,16714
595440,16715
612020,16716
995654,16717
623180,16718
650760,16719
651490,16720
658150,16721
673450,16722
688700,16723
720710,16724
733740,16725
733800,16726
760810,16727
793690,16728
897330,16729
940580,16730
940810,16731
945440,16732
949200,16733
953660,16734
974301,16735
1024160,16736
1024460,16737
1035930,16738
1078380,16739
1090930,16740
1102980,16741
1121430,16742
1124090,16743
1135433,16744
1156730,16745
1158120,16746
1158980,16747
1162160,16748
1178780,16749
1224290,16750
1229040,16751
1242630,16752
1332720,16753
1262460,16754
1287800,16755
1301930,16756
1330660,16757
1334490,16758
1347030,16759
1363840,16760
1370370,16761
1384790,16762
1394550,16763
1413960,16764
1418160,16765
1433570,16766
1159290,16767
2272400,16768
2285150,16769
2532370,16770
2378900,16771
1167750,16772
1501750,16773
1355090,16774
1564790,16775
1566880,16776
1622900,16777
1346020,16778
638510,16779
2497760,16780
2383250,16781
2529120,16782
1496180,16783
1535180,16784
1597730,16785
1607280,16786
1623420,16787
1638220,16788
1664550,16789
1696670,16790
1721170,16791
1740070,16792
1749350,16793
1761380,16794
1761450,16795
1824880,16796
1959530,16797
2081050,16798
2176130,16799
2258910,16800
13570,16801
21100,16802
48220,16803
260530,16804
261110,16805
297130,16806
320360,16807
323320,16808
336420,16809
354740,16810
365900,16811
383960,16812
389570,16813
394700,16814
622060,16815
423590,16816
428880,16817
436320,16818
463060,16819
464080,16820
464500,16821
527150,16822
530350,16823
545040,16824
550650,16825
558790,16826
564791,16827
582560,16828
602010,16829
611400,16830
612470,16831
615270,16832
624690,16833
701470,16834
719080,16835
742250,16836
760070,16837
800180,16838
837940,16839
894500,16840
931670,16841
939000,16842
970570,16843
1045650,16844
1049290,16845
1056610,16846
1013320,16847
1114290,16848
1123270,16849
1140570,16850
1174420,16851
1175190,16852
1183720,16853
1212190,16854
1220010,16855
1221540,16856
1224820,16857
1231460,16858
1263370,16859
1265820,16860
1266640,16861
1270850,16862
1288310,16863
348950,16864
1293730,16865
1357070,16866
1392340,16867
1400302,16868
1438190,16869
1475570,16870
1520850,16871
1592230,16872
1596670,16873
1632330,16874
1644150,16875
1645550,16876
1661450,16877
355740,16878
1741160,16879
1746560,16880
1802330,16881
1815630,16882
1878070,16883
1886070,16884
1963010,16885
1963040,16886
1997840,16887
2012160,16888
2023670,16889
2242810,16890
1904560,16891
25910,16892
33570,16893
39520,16894
40380,16895
55385,16896
210013,16897
223510,16898
237620,16899
249990,16900
262410,16901
275690,16902
277753,16903
282210,16904
298830,16905
317580,16906
331870,16907
409870,16908
411760,16909
428010,16910
443691,16911
506510,16912
510540,16913
524290,16914
531510,16915
540720,16916
564960,16917
588261,16918
628030,16919
656900,16920
667720,16921
673300,16922
684690,16923
685690,16924
703840,16925
1933770,16926
720660,16927
739980,16928
781130,16929
831470,16930
833950,16931
853860,16932
896440,16933
921950,16934
941964,16935
957070,16936
1004920,16937
1038810,16938
1044200,16939
1054800,16940
1065260,16941
1088000,16942
1184410,16943
1195240,16944
1201840,16945
1222270,16946
1224020,16947
1263830,16948
1264350,16949
1282350,16950
1284950,16951
1304601,16952
1336484,16953
1341900,16954
1348661,16955
1349060,16956
1361110,16957
1378360,16958
1382190,16959
1875670,16960
1418430,16961
1450220,16962
1515200,16963
1590640,16964
1353920,16965
1600900,16966
1711610,16967
1722760,16968
1742610,16969
1755710,16970
1771130,16971
1787160,16972
1810090,16973
1829980,16974
1842480,16975
1858303,16976
1869394,16977
2290790,16978
1607250,16979
1971870,16980
762940,16981
1491670,16982
2291020,16983
1951230,16984
2499890,16985
2510870,16986
2107670,16987
2377001,16988
2518960,16989
1977530,16990
2001570,16991
2004440,16992
2023210,16993
2074800,16994
2075370,16995
2087470,16996
2094750,16997
2144450,16998
2158740,16999
2179720,17000
2199580,17001
2201400,17002
2870,17003
11040,17004
379640,17005
12130,17006
15320,17007
37280,17008
70616,17009
70620,17010
1356480,17011
201290,17012
207870,17013
208811,17014
245280,17015
264610,17016
310660,17017
320840,17018
325955,17019
338160,17020
347720,17021
350272,17022
357720,17023
369990,17024
782660,17025
404540,17026
427820,17027
433730,17028
459840,17029
466544,17030
552280,17031
566700,17032
567800,17033
583010,17034
596950,17035
603390,17036
622460,17037
646666,17038
718650,17039
719330,17040
732050,17041
741670,17042
1257,17043
791330,17044
808010,17045
815380,17046
853550,17047
885910,17048
896000,17049
910630,17050
920568,17051
928300,17052
935511,17053
939520,17054
944220,17055
946990,17056
949800,17057
950620,17058
987070,17059
1061350,17060
1061470,17061
1065220,17062
1072710,17063
1083310,17064
1138440,17065
1181771,17066
1235757,17067
1237510,17068
1261300,17069
1265850,17070
1271300,17071
1319400,17072
1337890,17073
1339860,17074
65720,17075
1381980,17076
1432643,17077
1506510,17078
1524470,17079
1147010,17080
1302240,17081
2183930,17082
2250600,17083
593150,17084
1059900,17085
1937780,17086
1292500,17087
2328750,17088
1206370,17089
1538750,17090
1546010,17091
1547410,17092
1559760,17093
1568620,17094
1577470,17095
1597920,17096
1664955,17097
1715160,17098
1812300,17099
1872860,17100
1882040,17101
506970,17102
1908250,17103
1920400,17104
1947750,17105
1951940,17106
2395210,17107
2440510,17108
2487480,17109
1966900,17110
2011708,17111
2074710,17112
2153310,17113
2154361,17114
2191950,17115
2130960,17116
2148903,17117
2179800,17118
7610,17119
11140,17120
22200,17121
38100,17122
42960,17123
55115,17124
107300,17125
203350,17126
218090,17127
225320,17128
246760,17129
263400,17130
2585630,17131
849100,17132
2243110,17133
2160480,17134
1150530,17135
2287970,17136
2022670,17137
2344520,17138
2168680,17139
2322560,17140
1379600,17141
2593020,17142
1021210,17143
278510,17144
284441,17145
284730,17146
296710,17147
298820,17148
300820,17149
307670,17150
311010,17151
313810,17152
316964,17153
318870,17154
324140,17155
327440,17156
360430,17157
382462,17158
386620,17159
394430,17160
395930,17161
403700,17162
2237970,17163
434650,17164
464620,17165
464650,17166
466050,17167
474750,17168
476240,17169
491620,17170
267380,17171
527440,17172
552880,17173
557280,17174
625740,17175
658700,17176
665300,17177
683880,17178
696360,17179
741990,17180
742490,17181
2574770,17182
765940,17183
787790,17184
808100,17185
842780,17186
850630,17187
878464,17188
893720,17189
968790,17190
993090,17191
998220,17192
1014280,17193
1037020,17194
1057180,17195
1088150,17196
1095030,17197
1107750,17198
1131550,17199
1159560,17200
1206280,17201
1209950,17202
1228530,17203
1234220,17204
1243880,17205
1247340,17206
1252300,17207
1252830,17208
1259140,17209
1280930,17210
294990,17211
1298480,17212
1325790,17213
1338330,17214
1385260,17215
1388650,17216
1451950,17217
1476340,17218
1549030,17219
1579300,17220
1606130,17221
1642580,17222
1671410,17223
1691170,17224
1692080,17225
1778830,17226
1817940,17227
1843940,17228
1903580,17229
2051120,17230
1935470,17231
1956710,17232
1961300,17233
1143750,17234
1356810,17235
2004210,17236
2194530,17237
2581740,17238
2383990,17239
2585640,17240
2059660,17241
2390260,17242
2599300,17243
1715280,17244
1989270,17245
2011900,17246
2168564,17247
2180060,17248
2208010,17249
33770,17250
208296,17251
244770,17252
246070,17253
253920,17254
257260,17255
259940,17256
265990,17257
314070,17258
314660,17259
325954,17260
331480,17261
1741600,17262
346940,17263
364800,17264
368920,17265
389510,17266
402020,17267
433950,17268
434061,17269
463799,17270
465840,17271
474210,17272
481110,17273
496890,17274
524330,17275
565600,17276
596620,17277
2203430,17278
631980,17279
636040,17280
1796220,17281
2534810,17282
1485590,17283
2506160,17284
2216830,17285
1985170,17286
1882500,17287
673210,17288
733760,17289
740200,17290
741590,17291
746660,17292
754920,17293
757200,17294
771770,17295
779933,17296
899460,17297
912920,17298
930780,17299
945450,17300
995380,17301
1099583,17302
521950,17303
1106830,17304
1114430,17305
1143860,17306
1158220,17307
1168070,17308
1181990,17309
1182620,17310
1215220,17311
1265300,17312
1267070,17313
1272070,17314
1289452,17315
1360720,17316
1363360,17317
1443090,17318
1478220,17319
1482970,17320
1494450,17321
1393111,17322
1548750,17323
1570510,17324
1629010,17325
1648390,17326
1648810,17327
1742340,17328
1749630,17329
1794780,17330
1853450,17331
1886830,17332
1901420,17333
1930920,17334
1935660,17335
1944840,17336
1950440,17337
1971100,17338
2057970,17339
429610,17340
2190290,17341
9200,17342
22610,17343
33720,17344
35090,17345
38190,17346
55400,17347
66001,17348
200188,17349
204371,17350
212050,17351
222604,17352
238750,17353
239700,17354
252030,17355
253150,17356
259381,17357
263940,17358
268540,17359
459750,17360
1966720,17361
2131680,17362
291900,17363
302610,17364
317250,17365
338360,17366
366220,17367
368000,17368
371300,17369
374900,17370
391570,17371
396750,17372
431600,17373
436080,17374
438490,17375
454410,17376
474960,17377
477270,17378
2499470,17379
945770,17380
1159830,17381
1710740,17382
2414110,17383
2394720,17384
949230,17385
497640,17386
504790,17387
514920,17388
524390,17389
603700,17390
604450,17391
651020,17392
667530,17393
674520,17394
709830,17395
720530,17396
722920,17397
730870,17398
739540,17399
744810,17400
744950,17401
755800,17402
773740,17403
777130,17404
789380,17405
844260,17406
844380,17407
868422,17408
955130,17409
1048540,17410
1068260,17411
1082680,17412
1090730,17413
1100550,17414
1124540,17415
1188680,17416
1197030,17417
1213710,17418
1232254,17419
1247170,17420
781820,17421
1271280,17422
1292130,17423
1300060,17424
1352910,17425
1356180,17426
1404130,17427
1454730,17428
1465640,17429
1569520,17430
1585815,17431
1585816,17432
1625830,17433
1637370,17434
1664953,17435
1675090,17436
1708680,17437
1408230,17438
1849820,17439
1922044,17440
2023230,17441
2062920,17442
2158250,17443
2222770,17444
2234060,17445
32420,17446
32620,17447
37600,17448
57925,17449
202200,17450
214770,17451
245410,17452
245580,17453
252010,17454
252730,17455
273151,17456
286320,17457
292350,17458
303860,17459
307800,17460
320350,17461
330460,17462
333390,17463
355980,17464
370341,17465
405500,17466
421610,17467
431120,17468
441870,17469
454530,17470
460960,17471
461247,17472
464591,17473
474763,17474
485610,17475
494740,17476
1824140,17477
495570,17478
508340,17479
540770,17480
564710,17481
568090,17482
610610,17483
638850,17484
646672,17485
652950,17486
657424,17487
662353,17488
686770,17489
697950,17490
704180,17491
738550,17492
740040,17493
758990,17494
690790,17495
788050,17496
814530,17497
861540,17498
869830,17499
878380,17500
931950,17501
941020,17502
961010,17503
1033060,17504
1072562,17505
1107840,17506
1162700,17507
1168880,17508
1172650,17509
1217570,17510
1220710,17511
700750,17512
1245820,17513
1264171,17514
1286350,17515
1337530,17516
1359320,17517
1365250,17518
1409740,17519
1418360,17520
1449070,17521
1450310,17522
1460220,17523
1471040,17524
1538460,17525
1611420,17526
1614340,17527
1620110,17528
1635590,17529
1662504,17530
1666510,17531
1682060,17532
1732330,17533
1765560,17534
1818750,17535
1880930,17536
1891640,17537
1944670,17538
1995590,17539
2051590,17540
2060120,17541
2061260,17542
2089290,17543
2101800,17544
2239577,17545
94400,17546
224580,17547
225827,17548
229629,17549
248730,17550
275570,17551
287020,17552
350700,17553
414660,17554
359510,17555
373540,17556
393190,17557
403290,17558
418650,17559
532890,17560
423950,17561
441600,17562
451570,17563
463796,17564
470270,17565
485400,17566
504130,17567
513000,17568
516840,17569
568910,17570
568930,17571
576030,17572
585900,17573
589670,17574
591986,17575
649950,17576
683280,17577
730830,17578
739080,17579
750330,17580
754320,17581
816780,17582
829660,17583
839870,17584
941962,17585
947550,17586
990230,17587
1024702,17588
1044980,17589
1046400,17590
1072100,17591
1089620,17592
1090030,17593
1101400,17594
392070,17595
1105040,17596
1621560,17597
1138410,17598
1144582,17599
1153210,17600
1192900,17601
1196150,17602
1208590,17603
1239510,17604
1243670,17605
1253190,17606
1262670,17607
1279410,17608
1285040,17609
1285810,17610
1315410,17611
1346390,17612
1353941,17613
1565890,17614
1379830,17615
1494300,17616
396173,17617
1503430,17618
1504500,17619
1514360,17620
1551510,17621
1564220,17622
1599010,17623
1609220,17624
1674240,17625
1681480,17626
1682010,17627
1717040,17628
1730650,17629
1778870,17630
1797998,17631
1811140,17632
1814570,17633
1839070,17634
955320,17635
1848080,17636
1889980,17637
1901560,17638
2108900,17639
2122550,17640
2152190,17641
2191860,17642
2198490,17643
2231920,17644
42990,17645
227760,17646
258648,17647
273380,17648
275100,17649
279600,17650
290790,17651
324570,17652
337350,17653
355820,17654
378400,17655
384030,17656
415910,17657
417380,17658
433090,17659
473530,17660
553760,17661
617440,17662
630610,17663
631560,17664
666570,17665
675690,17666
676420,17667
682570,17668
730611,17669
743390,17670
776660,17671
820930,17672
886360,17673
888790,17674
912460,17675
916190,17676
921780,17677
941958,17678
949480,17679
994140,17680
1004890,17681
1051290,17682
1063540,17683
1064200,17684
1065490,17685
1098161,17686
1116580,17687
1581450,17688
1593360,17689
1118380,17690
1158500,17691
1237610,17692
1279260,17693
1289390,17694
1296970,17695
1297330,17696
1320100,17697
1404090,17698
1300210,17699
1429350,17700
1442300,17701
1443016,17702
1471390,17703
1472190,17704
1490300,17705
1524650,17706
1528120,17707
1546320,17708
1690011,17709
1710670,17710
1711190,17711
1717270,17712
1820720,17713
1851591,17714
1859370,17715
1872750,17716
1873920,17717
1989450,17718
1998973,17719
2012140,17720
2063530,17721
2074431,17722
2122210,17723
2187930,17724
2211190,17725
1610,17726
2820,17727
3530,17728
47110,17729
102623,17730
220780,17731
222584,17732
250110,17733
251990,17734
258751,17735
264600,17736
267900,17737
267920,17738
277769,17739
284260,17740
290690,17741
311730,17742
657630,17743
349690,17744
354468,17745
356500,17746
389930,17747
390710,17748
464150,17749
515040,17750
571530,17751
572410,17752
572740,17753
578310,17754
580600,17755
584150,17756
585910,17757
618510,17758
620080,17759
630030,17760
642780,17761
958130,17762
680310,17763
695600,17764
729530,17765
748020,17766
774521,17767
779932,17768
790850,17769
818730,17770
843180,17771
845270,17772
855630,17773
865540,17774
897220,17775
898800,17776
910830,17777
922400,17778
930620,17779
940910,17780
618070,17781
474761,17782
984560,17783
986090,17784
1029330,17785
1033420,17786
1034890,17787
1086860,17788
1095260,17789
1096720,17790
1120800,17791
1138260,17792
1147940,17793
1160490,17794
1202070,17795
1206480,17796
1210770,17797
745250,17798
1234620,17799
1240480,17800
1781880,17801
1250300,17802
1253390,17803
1291170,17804
1372990,17805
1374290,17806
1379170,17807
1396472,17808
1463830,17809
1502000,17810
1506440,17811
1507210,17812
1533009,17813
1588610,17814
1634680,17815
298480,17816
1680650,17817
1697600,17818
1725440,17819
1739340,17820
1822810,17821
1831980,17822
1852480,17823
1859490,17824
1862520,17825
1919100,17826
1963520,17827
2007930,17828
2127000,17829
2139266,17830
2144460,17831
2263510,17832
6870,17833
22420,17834
70000,17835
215510,17836
221040,17837
223330,17838
231310,17839
239840,17840
251270,17841
258678,17842
271390,17843
273580,17844
280140,17845
291710,17846
292500,17847
629750,17848
303800,17849
319450,17850
320361,17851
327173,17852
338820,17853
339580,17854
360940,17855
368220,17856
388800,17857
390310,17858
401190,17859
405180,17860
405900,17861
425670,17862
428602,17863
449391,17864
465780,17865
491540,17866
495290,17867
532170,17868
561730,17869
580720,17870
609800,17871
613390,17872
618140,17873
628670,17874
643700,17875
647960,17876
648730,17877
717560,17878
718590,17879
719750,17880
726390,17881
732810,17882
750470,17883
765840,17884
774541,17885
788470,17886
790740,17887
799240,17888
817510,17889
849210,17890
858050,17891
867290,17892
886200,17893
925550,17894
929270,17895
931370,17896
939360,17897
951440,17898
957790,17899
958530,17900
18400,17901
975230,17902
999490,17903
1011670,17904
1051350,17905
1064010,17906
1074420,17907
1085180,17908
1096100,17909
1102880,17910
1115780,17911
1167320,17912
1188615,17913
1206620,17914
1210230,17915
1241930,17916
1290250,17917
1323540,17918
25806,17919
1349960,17920
1360390,17921
1376680,17922
1377100,17923
1403020,17924
1437280,17925
1454160,17926
1461920,17927
1483470,17928
1586350,17929
1613110,17930
1630490,17931
1655780,17932
1674570,17933
1682410,17934
1694430,17935
1787120,17936
33372,17937
1795960,17938
1797961,17939
1804170,17940
1874460,17941
1889770,17942
1903970,17943
1927070,17944
1933070,17945
1961390,17946
2003660,17947
2004261,17948
2009528,17949
2061020,17950
2062371,17951
2074690,17952
2161530,17953
2167220,17954
2212390,17955
3560,17956
4880,17957
9310,17958
19900,17959
32770,17960
63399,17961
63660,17962
65231,17963
72840,17964
214170,17965
218640,17966
225828,17967
292390,17968
297570,17969
316030,17970
336610,17971
351510,17972
363070,17973
396280,17974
425360,17975
448910,17976
454950,17977
489600,17978
496030,17979
500272,17980
523600,17981
528055,17982
628830,17983
657430,17984
664850,17985
694950,17986
724590,17987
726200,17988
846470,17989
849540,17990
859370,17991
939330,17992
940650,17993
941956,17994
956140,17995
965680,17996
1001800,17997
1007630,17998
1010139,17999
411570,18000
1016790,18001
1042800,18002
1048871,18003
1084210,18004
1124660,18005
1129250,18006
1139930,18007
1174680,18008
1207710,18009
1264670,18010
1238020,18011
1244160,18012
1284900,18013
1311070,18014
1315610,18015
1336483,18016
1393750,18017
1396230,18018
1416760,18019
1419480,18020
2150180,18021
1426890,18022
1449881,18023
1497680,18024
1546860,18025
1549500,18026
1574601,18027
1627830,18028
1685720,18029
1688750,18030
1275730,18031
1277600,18032
1738890,18033
1741130,18034
1750740,18035
1781100,18036
1798930,18037
1829585,18038
1905270,18039
1906771,18040
1907380,18041
1929360,18042
1949000,18043
2184800,18044
2185880,18045
2254210,18046
2261240,18047
3910,18048
1300850,18049
224940,18050
280790,18051
289460,18052
324332,18053
340360,18054
357330,18055
368070,18056
371100,18057
385511,18058
412670,18059
413990,18060
416870,18061
420030,18062
435100,18063
436180,18064
387870,18065
454320,18066
455370,18067
459853,18068
500580,18069
512470,18070
522333,18071
543010,18072
554380,18073
580200,18074
580731,18075
589290,18076
621070,18077
622870,18078
635850,18079
690120,18080
726590,18081
774151,18082
808800,18083
868230,18084
1612480,18085
875210,18086
888852,18087
892780,18088
917390,18089
924140,18090
951460,18091
958740,18092
960420,18093
965590,18094
992173,18095
994860,18096
1020730,18097
1032760,18098
1034970,18099
1070300,18100
1098370,18101
1100150,18102
1197580,18103
1202051,18104
1240590,18105
1246880,18106
1616620,18107
1321070,18108
1329263,18109
1334040,18110
1352930,18111
1356580,18112
1367020,18113
1385780,18114
1396471,18115
1400290,18116
1425190,18117
1502040,18118
1503250,18119
1534780,18120
1580920,18121
1590713,18122
1601280,18123
1606090,18124
1685750,18125
1748610,18126
1764810,18127
249330,18128
1769320,18129
1781510,18130
1790630,18131
1798050,18132
1852236,18133
1895480,18134
1923680,18135
1947660,18136
2083840,18137
2118730,18138
2153330,18139
2154010,18140
2244840,18141
2286510,18142
1167000,18143
9460,18144
10110,18145
55140,18146
216090,18147
237570,18148
252410,18149
270850,18150
272680,18151
277390,18152
278420,18153
283820,18154
294040,18155
317320,18156
345200,18157
376760,18158
377710,18159
383730,18160
402330,18161
455570,18162
459470,18163
466810,18164
467210,18165
473690,18166
476867,18167
487280,18168
306395,18169
505630,18170
517360,18171
520610,18172
543192,18173
572430,18174
578900,18175
597200,18176
635320,18177
691490,18178
723270,18179
738540,18180
749890,18181
763790,18182
771920,18183
774241,18184
792650,18185
801260,18186
813410,18187
920840,18188
429780,18189
966320,18190
993790,18191
994670,18192
1040070,18193
1067750,18194
1078200,18195
1118840,18196
1121530,18197
823830,18198
1131620,18199
1145030,18200
1155980,18201
1171660,18202
1289990,18203
1316182,18204
1318740,18205
1319790,18206
1339380,18207
1367590,18208
1374850,18209
1400301,18210
1436680,18211
1456210,18212
1487460,18213
1517340,18214
1527070,18215
1531472,18216
1532510,18217
1577250,18218
1597200,18219
1598220,18220
1608680,18221
1616280,18222
1618840,18223
1662502,18224
1676910,18225
1685460,18226
1766000,18227
1781130,18228
1802910,18229
1819870,18230
1852790,18231
1935910,18232
1960330,18233
2057310,18234
2131200,18235
2069310,18236
7000,18237
55394,18238
55396,18239
71340,18240
94300,18241
113204,18242
210938,18243
219830,18244
229870,18245
239550,18246
260210,18247
275670,18248
297790,18249
323490,18250
347210,18251
347890,18252
357780,18253
382468,18254
390610,18255
433240,18256
447150,18257
452530,18258
463791,18259
464490,18260
466910,18261
530920,18262
589870,18263
594680,18264
600420,18265
616250,18266
618950,18267
619510,18268
630060,18269
686720,18270
699920,18271
751060,18272
765690,18273
792300,18274
793370,18275
813530,18276
509350,18277
813820,18278
844870,18279
847240,18280
884260,18281
916160,18282
941954,18283
966670,18284
1033890,18285
1042490,18286
1100420,18287
1118029,18288
1151170,18289
1162206,18290
1255950,18291
1260510,18292
2102810,18293
1264160,18294
1265620,18295
1267509,18296
1320770,18297
1328900,18298
1385100,18299
1390700,18300
1424710,18301
1432640,18302
1433340,18303
1442840,18304
1452070,18305
1484730,18306
1499300,18307
1500970,18308
1514380,18309
1515260,18310
1525410,18311
1568690,18312
1582290,18313
1588870,18314
1627310,18315
1645480,18316
1684400,18317
1687470,18318
1719180,18319
1719690,18320
1732650,18321
1740850,18322
1750980,18323
1783530,18324
1850740,18325
1879190,18326
1882861,18327
2060320,18328
2125420,18329
2168590,18330
2184230,18331
38440,18332
41900,18333
46510,18334
204120,18335
211600,18336
227000,18337
250500,18338
251950,18339
254480,18340
258970,18341
271970,18342
274940,18343
277830,18344
297792,18345
299350,18346
317280,18347
318850,18348
329630,18349
331160,18350
337960,18351
341170,18352
349680,18353
351550,18354
351890,18355
393430,18356
405920,18357
434066,18358
449540,18359
453310,18360
484950,18361
488690,18362
502370,18363
504380,18364
528620,18365
529440,18366
547760,18367
561150,18368
552920,18369
559100,18370
579940,18371
584990,18372
593640,18373
603960,18374
604170,18375
607040,18376
611370,18377
614582,18378
645090,18379
646350,18380
673910,18381
702670,18382
721280,18383
722180,18384
785260,18385
785880,18386
789100,18387
494670,18388
837040,18389
861590,18390
868429,18391
887160,18392
894710,18393
906470,18394
931650,18395
955610,18396
969990,18397
1016960,18398
1050360,18399
1055850,18400
1084640,18401
1091680,18402
1094590,18403
1156250,18404
1164850,18405
1167680,18406
1179290,18407
1191490,18408
1211673,18409
1215750,18410
1241271,18411
1243200,18412
1244230,18413
1267507,18414
1271090,18415
1278260,18416
1313490,18417
1334580,18418
1375360,18419
1378350,18420
1378890,18421
1386931,18422
1397920,18423
1420810,18424
571210,18425
1441790,18426
1453640,18427
1476780,18428
1480540,18429
1497080,18430
1522560,18431
1541020,18432
1566230,18433
1569650,18434
1575670,18435
1585910,18436
1587560,18437
1594130,18438
1599050,18439
1599770,18440
1621740,18441
1622750,18442
1623080,18443
1627680,18444
338170,18445
1650590,18446
1682050,18447
1701190,18448
1713140,18449
1735420,18450
1746580,18451
1755100,18452
1792250,18453
1810590,18454
1811740,18455
1825620,18456
1847170,18457
1880720,18458
1900280,18459
1946010,18460
1946550,18461
1974170,18462
1980530,18463
1981550,18464
2017210,18465
2028850,18466
2098350,18467
26000,18468
26800,18469
62000,18470
212480,18471
261530,18472
306700,18473
327171,18474
332580,18475
337340,18476
363050,18477
366260,18478
376976,18479
379564,18480
404170,18481
405640,18482
406560,18483
409660,18484
411370,18485
433000,18486
434570,18487
443880,18488
443970,18489
846690,18490
444770,18491
538550,18492
1211176,18493
573080,18494
595500,18495
611720,18496
645900,18497
668660,18498
673850,18499
711980,18500
715560,18501
730860,18502
753590,18503
767390,18504
774201,18505
775580,18506
798810,18507
803980,18508
882710,18509
1748411,18510
1018830,18511
1032370,18512
1053710,18513
1058690,18514
1086410,18515
1094420,18516
1098300,18517
1136890,18518
1161570,18519
1162070,18520
1178160,18521
1203470,18522
1211170,18523
1218170,18524
1228540,18525
1230273,18526
1249770,18527
1255001,18528
1258780,18529
1271740,18530
1216950,18531
546260,18532
1282200,18533
1283500,18534
1330420,18535
1334840,18536
1361320,18537
1365090,18538
1392170,18539
1405790,18540
1429757,18541
1449320,18542
1451880,18543
1455850,18544
1462790,18545
1465950,18546
1485720,18547
1531470,18548
1537992,18549
1573630,18550
1602880,18551
1621471,18552
1343500,18553
1622470,18554
1622970,18555
1635450,18556
1640720,18557
1662850,18558
1725680,18559
1815510,18560
1996731,18561
2001010,18562
2171010,18563
2274510,18564
8190,18565
35101,18566
39150,18567
51000,18568
70600,18569
379260,18570
211260,18571
554750,18572
226720,18573
228180,18574
233700,18575
241910,18576
283160,18577
292410,18578
297830,18579
311240,18580
318430,18581
319870,18582
345330,18583
356240,18584
361670,18585
460790,18586
502280,18587
512220,18588
536560,18589
539330,18590
580310,18591
664750,18592
674020,18593
682470,18594
693800,18595
698780,18596
706710,18597
717850,18598
758930,18599
761820,18600
765870,18601
781640,18602
804642,18603
822640,18604
1229650,18605
828790,18606
834910,18607
844190,18608
848320,18609
1819980,18610
880730,18611
891130,18612
897610,18613
956450,18614
971630,18615
975470,18616
980592,18617
1000010,18618
1004620,18619
1051570,18620
1066150,18621
1072750,18622
1108350,18623
1180660,18624
1222570,18625
1230271,18626
1232330,18627
1263550,18628
1264340,18629
1288340,18630
404100,18631
1296260,18632
1341400,18633
1400520,18634
1406780,18635
1418830,18636
1455350,18637
1494470,18638
1520900,18639
1558840,18640
1596440,18641
1603920,18642
1626890,18643
1643820,18644
1678420,18645
1701670,18646
1734250,18647
1798087,18648
1839190,18649
1851730,18650
1856900,18651
1876990,18652
1954930,18653
1995600,18654
2020860,18655
2076560,18656
2088180,18657
2231730,18658
2251120,18659
20820,18660
31100,18661
39200,18662
70200,18663
210933,18664
251870,18665
292420,18666
301150,18667
322110,18668
325060,18669
327090,18670
327400,18671
357070,18672
392080,18673
396350,18674
424250,18675
426730,18676
458860,18677
548340,18678
559010,18679
574140,18680
578720,18681
609420,18682
610708,18683
612570,18684
657040,18685
434065,18686
665440,18687
666730,18688
705280,18689
771350,18690
771430,18691
794341,18692
851100,18693
880950,18694
885140,18695
900790,18696
919360,18697
1005410,18698
1056761,18699
1064610,18700
1070220,18701
1144300,18702
1152300,18703
437250,18704
1154080,18705
1214810,18706
1222580,18707
1238760,18708
1252400,18709
1273750,18710
1288420,18711
1332220,18712
1368030,18713
1373430,18714
1383680,18715
1395760,18716
1443091,18717
1527880,18718
1562940,18719
1570760,18720
1625520,18721
1697720,18722
1734320,18723
1743570,18724
1552350,18725
1776930,18726
1778790,18727
1781030,18728
1787500,18729
1829420,18730
1845542,18731
1867280,18732
1878910,18733
1897320,18734
1903370,18735
1949474,18736
2116890,18737
2183240,18738
2193380,18739
2198800,18740
2216300,18741
1900,18742
16200,18743
29900,18744
38170,18745
210932,18746
221260,18747
226350,18748
242110,18749
258752,18750
263720,18751
275810,18752
284850,18753
301380,18754
312230,18755
314500,18756
344810,18757
346830,18758
361310,18759
368680,18760
456430,18761
496810,18762
533110,18763
545020,18764
588263,18765
595080,18766
604510,18767
606490,18768
666610,18769
678520,18770
730262,18771
748341,18772
761620,18773
788630,18774
800820,18775
846700,18776
869840,18777
876500,18778
1624880,18779
911220,18780
965640,18781
982200,18782
989550,18783
1004740,18784
1019450,18785
1032050,18786
1076230,18787
1108750,18788
1125210,18789
1137450,18790
1141120,18791
1145290,18792
1156670,18793
1177130,18794
1178830,18795
1182020,18796
1184500,18797
1186400,18798
1198510,18799
1209135,18800
1257810,18801
1281880,18802
1306790,18803
1355780,18804
1375930,18805
1390680,18806
1394810,18807
1422570,18808
1428420,18809
1431230,18810
1472780,18811
1477770,18812
1503200,18813
1524710,18814
1560500,18815
1570020,18816
1611300,18817
1615930,18818
1655430,18819
1693760,18820
1697460,18821
465100,18822
1739610,18823
1769420,18824
1769970,18825
1825930,18826
1831250,18827
1877111,18828
1968540,18829
1976230,18830
2027920,18831
2060000,18832
2078120,18833
2178590,18834
7760,18835
803920,18836
15520,18837
23530,18838
32720,18839
207080,18840
229754,18841
250050,18842
251130,18843
258590,18844
266010,18845
269270,18846
292260,18847
304730,18848
340340,18849
349230,18850
361350,18851
363240,18852
383840,18853
1695590,18854
347990,18855
400660,18856
431490,18857
431590,18858
434040,18859
455520,18860
461810,18861
1601350,18862
496300,18863
530890,18864
540721,18865
550590,18866
556180,18867
558990,18868
559620,18869
560720,18870
579230,18871
610220,18872
2071390,18873
612300,18874
623530,18875
628060,18876
646664,18877
658140,18878
666020,18879
670180,18880
695330,18881
696560,18882
1613282,18883
714240,18884
749250,18885
768180,18886
778840,18887
788420,18888
802490,18889
804600,18890
806780,18891
861887,18892
879000,18893
894460,18894
920520,18895
973070,18896
984800,18897
1035050,18898
1055290,18899
1109202,18900
1210030,18901
1213570,18902
1232070,18903
1246930,18904
1309820,18905
1345610,18906
1345820,18907
1352850,18908
1369520,18909
1377540,18910
1384770,18911
1397110,18912
1420290,18913
1429753,18914
1439430,18915
1490610,18916
1493470,18917
1519010,18918
1544404,18919
1556690,18920
1568050,18921
1596170,18922
1629910,18923
1664220,18924
1708990,18925
1755570,18926
1762700,18927
1795770,18928
1848580,18929
1850280,18930
1853060,18931
1875950,18932
1918450,18933
1920270,18934
1920390,18935
1938820,18936
1939810,18937
1960590,18938
1964870,18939
1998976,18940
380670,18941
2078780,18942
2081180,18943
2111040,18944
2228890,18945
1640,18946
3980,18947
24420,18948
32450,18949
50970,18950
208351,18951
219190,18952
235210,18953
250310,18954
251490,18955
251630,18956
282530,18957
299050,18958
315151,18959
322021,18960
328470,18961
332310,18962
339130,18963
346170,18964
351556,18965
363360,18966
376942,18967
399860,18968
420440,18969
457086,18970
524250,18971
524270,18972
527190,18973
532840,18974
556240,18975
560410,18976
564530,18977
579110,18978
590750,18979
601270,18980
611230,18981
648580,18982
656550,18983
668710,18984
689900,18985
704640,18986
752500,18987
764510,18988
827640,18989
855010,18990
911430,18991
926580,18992
927350,18993
980543,18994
1024640,18995
1048740,18996
1066810,18997
1097100,18998
1115640,18999
1120950,19000
1131410,19001
1156000,19002
1161170,19003
1161650,19004
1188930,19005
1191620,19006
1198040,19007
1202540,19008
1209132,19009
1269820,19010
1311540,19011
1346070,19012
1351550,19013
1368801,19014
593410,19015
1393500,19016
1415700,19017
1419730,19018
1482620,19019
1506450,19020
1524550,19021
1527930,19022
1528810,19023
1552810,19024
1565670,19025
1600800,19026
1637230,19027
1674780,19028
1677140,19029
1701560,19030
1732480,19031
1607390,19032
1740930,19033
1776490,19034
1867450,19035
1909810,19036
1975180,19037
1998974,19038
2025070,19039
2058880,19040
2144483,19041
2161540,19042
1630,19043
354680,19044
2500,19045
20570,19046
55382,19047
58560,19048
70400,19049
211360,19050
220420,19051
220820,19052
223000,19053
234190,19054
290530,19055
292320,19056
322680,19057
324080,19058
333980,19059
339570,19060
341040,19061
355950,19062
389870,19063
390520,19064
394600,19065
396170,19066
996080,19067
403120,19068
403830,19069
406140,19070
449140,19071
461800,19072
470740,19073
473460,19074
496260,19075
518730,19076
531660,19077
541660,19078
569810,19079
586660,19080
612640,19081
623170,19082
640990,19083
660270,19084
648780,19085
653940,19086
664830,19087
691150,19088
758090,19089
774041,19090
801710,19091
810500,19092
846030,19093
853770,19094
888855,19095
906120,19096
936500,19097
949870,19098
966190,19099
974300,19100
929460,19101
1029650,19102
1056570,19103
1056970,19104
1092260,19105
1101720,19106
1111500,19107
1125390,19108
1140170,19109
1146970,19110
1149080,19111
1152340,19112
1163870,19113
1211672,19114
1238880,19115
1334000,19116
1260590,19117
1336160,19118
1348750,19119
1368120,19120
1268370,19121
1389560,19122
1418231,19123
1450180,19124
1452990,19125
1457990,19126
1502800,19127
1508460,19128
1525320,19129
1541790,19130
1551540,19131
1562260,19132
1575640,19133
1586820,19134
1598210,19135
1599560,19136
1637760,19137
1681970,19138
1691420,19139
1722520,19140
1771440,19141
1802470,19142
1804840,19143
1824080,19144
1832910,19145
1904820,19146
1904860,19147
1929900,19148
2133151,19149
2235610,19150
2900,19151
640340,19152
13530,19153
16030,19154
34410,19155
58610,19156
212030,19157
237630,19158
244070,19159
259900,19160
265470,19161
270130,19162
281750,19163
297350,19164
298950,19165
306392,19166
350310,19167
358650,19168
648930,19169
364210,19170
385970,19171
396640,19172
400551,19173
417462,19174
432010,19175
437630,19176
1308910,19177
469800,19178
477030,19179
482420,19180
494600,19181
508401,19182
537990,19183
564160,19184
571890,19185
586950,19186
587400,19187
616740,19188
629090,19189
655480,19190
711810,19191
753420,19192
761170,19193
763100,19194
798490,19195
1324060,19196
809720,19197
858260,19198
870272,19199
892990,19200
960030,19201
963060,19202
1848330,19203
968760,19204
986990,19205
1018800,19206
1020440,19207
1038710,19208
1050122,19209
1101270,19210
1194930,19211
1211173,19212
1214520,19213
1223870,19214
1227650,19215
1228600,19216
1241276,19217
1394460,19218
1435670,19219
1475150,19220
1540870,19221
1556722,19222
1580570,19223
1590711,19224
1608660,19225
1618230,19226
1622650,19227
1643100,19228
1648760,19229
1676740,19230
1727420,19231
1750110,19232
1777570,19233
1791710,19234
1793050,19235
1829580,19236
1990820,19237
2027000,19238
2063050,19239
2147050,19240
2186240,19241
15240,19242
18070,19243
45100,19244
58570,19245
208286,19246
265170,19247
269470,19248
289380,19249
296490,19250
301930,19251
325963,19252
325968,19253
327930,19254
353052,19255
356470,19256
375520,19257
382464,19258
545940,19259
666660,19260
399040,19261
401621,19262
434020,19263
434130,19264
435030,19265
446910,19266
449170,19267
455690,19268
461700,19269
470691,19270
490320,19271
500810,19272
555531,19273
570960,19274
574740,19275
580010,19276
586310,19277
603870,19278
620190,19279
642650,19280
646667,19281
650070,19282
669050,19283
740142,19284
757510,19285
759130,19286
771720,19287
771810,19288
773600,19289
914970,19290
931560,19291
940501,19292
970960,19293
1007940,19294
1008830,19295
1044490,19296
1063580,19297
1071490,19298
1124560,19299
1133000,19300
1144420,19301
1162960,19302
1118012,19303
1164690,19304
1200342,19305
1211205,19306
1239514,19307
1247020,19308
1256750,19309
1259800,19310
1267260,19311
1279920,19312
1294440,19313
1346980,19314
1428820,19315
1443089,19316
1477780,19317
1487560,19318
1501650,19319
1509080,19320
1511860,19321
1578160,19322
341120,19323
1584750,19324
1601860,19325
1608550,19326
1610470,19327
1641310,19328
1662840,19329
1680500,19330
1731460,19331
1797940,19332
1806420,19333
1828900,19334
1855260,19335
1863750,19336
1934180,19337
2016530,19338
2162070,19339
795040,19340
2283590,19341
23600,19342
202670,19343
225832,19344
250520,19345
251430,19346
254370,19347
254960,19348
268990,19349
281080,19350
294570,19351
332260,19352
333260,19353
335000,19354
371320,19355
345610,19356
357500,19357
360640,19358
377070,19359
394220,19360
398100,19361
399120,19362
411560,19363
416250,19364
439190,19365
444590,19366
449680,19367
491220,19368
494230,19369
500500,19370
502890,19371
515960,19372
561190,19373
576500,19374
583090,19375
614630,19376
628040,19377
628080,19378
638200,19379
638720,19380
643960,19381
650940,19382
677900,19383
693170,19384
720740,19385
514570,19386
720940,19387
721341,19388
736590,19389
740260,19390
748340,19391
755890,19392
757040,19393
768830,19394
776950,19395
819030,19396
884140,19397
909851,19398
928970,19399
929102,19400
936490,19401
948640,19402
958930,19403
968820,19404
996180,19405
1023570,19406
1024701,19407
1041710,19408
1078760,19409
1086160,19410
1098080,19411
1114530,19412
1132980,19413
1713610,19414
1148560,19415
1178140,19416
1195360,19417
1213670,19418
1217830,19419
1227160,19420
1236780,19421
1242761,19422
1247190,19423
1248060,19424
1250900,19425
1257200,19426
1275350,19427
1299530,19428
1300851,19429
1364390,19430
1364971,19431
1399370,19432
1421120,19433
1437130,19434
1468480,19435
1481080,19436
1483370,19437
1514370,19438
1516080,19439
1571190,19440
1573280,19441
1574240,19442
1579260,19443
1591150,19444
1631890,19445
1632670,19446
1642790,19447
1686540,19448
965470,19449
1720090,19450
1749980,19451
1783690,19452
1792890,19453
1824150,19454
1829584,19455
1951560,19456
1958600,19457
1970630,19458
1985360,19459
1988540,19460
2085260,19461
2133148,19462
2139264,19463
2197460,19464
27810,19465
99700,19466
115220,19467
205610,19468
433520,19469
209630,19470
216333,19471
242980,19472
466740,19473
247660,19474
265210,19475
268320,19476
286660,19477
303590,19478
313100,19479
331750,19480
346140,19481
351552,19482
355960,19483
358142,19484
360820,19485
363680,19486
384960,19487
391170,19488
411650,19489
433242,19490
437440,19491
444670,19492
444940,19493
446840,19494
457201,19495
529160,19496
561140,19497
568830,19498
586750,19499
617480,19500
618470,19501
632000,19502
683770,19503
692151,19504
692510,19505
714960,19506
720800,19507
745960,19508
747470,19509
750050,19510
760890,19511
798460,19512
799640,19513
819500,19514
854960,19515
861300,19516
1131750,19517
861330,19518
861871,19519
873940,19520
875310,19521
895480,19522
942240,19523
956030,19524
979930,19525
986820,19526
1016080,19527
1025140,19528
1029810,19529
1108000,19530
1111460,19531
1112460,19532
1116230,19533
1118288,19534
1163740,19535
1163770,19536
1166230,19537
1232580,19538
1244950,19539
1248350,19540
1266370,19541
1299710,19542
1336340,19543
1372400,19544
1377080,19545
612540,19546
1391450,19547
1399412,19548
1407450,19549
1413980,19550
1424630,19551
1436990,19552
1442670,19553
1483940,19554
1544000,19555
1544580,19556
1622221,19557
1626002,19558
1639790,19559
1655940,19560
1664957,19561
1711520,19562
1724120,19563
1724130,19564
1753521,19565
1756180,19566
1801640,19567
1832070,19568
1855800,19569
1882866,19570
1933700,19571
1937520,19572
2022090,19573
2062210,19574
2142510,19575
2205290,19576
2215260,19577
407840,19578
19980,19579
33120,19580
46560,19581
211740,19582
232570,19583
249082,19584
251830,19585
256330,19586
270310,19587
271240,19588
290000,19589
293660,19590
301970,19591
348550,19592
349470,19593
368610,19594
378570,19595
394970,19596
1170800,19597
441010,19598
452440,19599
485030,19600
487700,19601
491330,19602
498570,19603
527100,19604
540820,19605
542490,19606
595430,19607
601430,19608
604010,19609
652410,19610
665370,19611
681730,19612
687750,19613
1144770,19614
689070,19615
694330,19616
695970,19617
728530,19618
754150,19619
782110,19620
791240,19621
840750,19622
853500,19623
871950,19624
950760,19625
975510,19626
991870,19627
1011940,19628
1025960,19629
1059820,19630
1065880,19631
1117670,19632
1124180,19633
1138400,19634
1172530,19635
1173200,19636
1175800,19637
1465050,19638
1199760,19639
1205170,19640
1229260,19641
1231840,19642
1232940,19643
1247740,19644
1263070,19645
1287060,19646
1291210,19647
1323420,19648
1346890,19649
1375400,19650
1384320,19651
1399840,19652
1408060,19653
1458154,19654
1486950,19655
1495380,19656
1508280,19657
1550260,19658
1585540,19659
1585570,19660
1586080,19661
1593790,19662
1638330,19663
1639920,19664
1675920,19665
1748991,19666
1758950,19667
1808780,19668
411820,19669
1858120,19670
1872040,19671
1875560,19672
1903530,19673
1990740,19674
1998530,19675
2073900,19676
2076280,19677
2217550,19678
2235500,19679
8000,19680
40390,19681
45000,19682
47892,19683
47893,19684
58520,19685
115110,19686
411000,19687
418820,19688
238010,19689
241410,19690
250700,19691
297750,19692
303430,19693
312540,19694
315460,19695
317490,19696
325976,19697
327172,19698
338161,19699
339040,19700
340830,19701
343460,19702
348440,19703
553880,19704
358090,19705
361550,19706
370360,19707
374301,19708
1210400,19709
432190,19710
433080,19711
437701,19712
444430,19713
452570,19714
468670,19715
483980,19716
497460,19717
515190,19718
520910,19719
540610,19720
635940,19721
659540,19722
705120,19723
705500,19724
718200,19725
747030,19726
748370,19727
1684820,19728
773840,19729
779090,19730
785840,19731
787400,19732
794540,19733
802400,19734
889910,19735
951820,19736
675010,19737
1055210,19738
1071290,19739
1074170,19740
1087130,19741
1087500,19742
1119600,19743
1143840,19744
1204230,19745
1238080,19746
1240610,19747
1261700,19748
1286010,19749
1288760,19750
1317160,19751
1392060,19752
1414240,19753
1388910,19754
1418100,19755
1460150,19756
1482630,19757
1486590,19758
1520380,19759
1529920,19760
1590580,19761
1593490,19762
1606940,19763
1608540,19764
1610690,19765
1642220,19766
1654800,19767
1683860,19768
1695230,19769
1725360,19770
1737730,19771
1787810,19772
2197324,19773
1810210,19774
1828690,19775
1873760,19776
1879750,19777
1952000,19778
1954420,19779
2015700,19780
2016220,19781
2026370,19782
2085130,19783
2133154,19784
2147490,19785
2265790,19786
3520,19787
3960,19788
629110,19789
13520,19790
48806,19791
70640,19792
977300,19793
208575,19794
218065,19795
225830,19796
232910,19797
241260,19798
260430,19799
262850,19800
270230,19801
273300,19802
278490,19803
282440,19804
298520,19805
298680,19806
971030,19807
678390,19808
313740,19809
341950,19810
350740,19811
371180,19812
399820,19813
403400,19814
407340,19815
426790,19816
447800,19817
471010,19818
502570,19819
503770,19820
528330,19821
550010,19822
555050,19823
566890,19824
588040,19825
598960,19826
626790,19827
694770,19828
700620,19829
702810,19830
710600,19831
739282,19832
744270,19833
770976,19834
801040,19835
807320,19836
828070,19837
842680,19838
846050,19839
857200,19840
871650,19841
880640,19842
904320,19843
995270,19844
995640,19845
996770,19846
1004891,19847
1130780,19848
1133060,19849
1169020,19850
566870,19851
1180610,19852
1187130,19853
1193990,19854
1203420,19855
1222090,19856
1248431,19857
1253580,19858
1279270,19859
1281270,19860
1313810,19861
1369470,19862
1439460,19863
1386650,19864
1386932,19865
1412530,19866
1435780,19867
1440500,19868
1500840,19869
1575820,19870
1630650,19871
1727520,19872
1803760,19873
1860900,19874
1902150,19875
1904610,19876
1977110,19877
2234600,19878
674310,19879
2300440,19880
30,19881
33520,19882
55380,19883
209060,19884
224180,19885
225020,19886
243800,19887
261180,19888
270910,19889
570220,19890
281200,19891
300870,19892
314710,19893
319016,19894
341000,19895
697550,19896
342580,19897
348620,19898
353640,19899
370020,19900
401710,19901
427700,19902
433430,19903
451050,19904
470580,19905
496760,19906
509580,19907
533300,19908
588600,19909
581660,19910
622830,19911
662680,19912
718730,19913
746840,19914
747970,19915
759440,19916
762590,19917
778390,19918
814680,19919
816270,19920
836640,19921
851870,19922
852220,19923
920680,19924
1011700,19925
1031270,19926
1097110,19927
1009850,19928
1126580,19929
219780,19930
1137040,19931
1160920,19932
1204930,19933
1261520,19934
1317230,19935
1368850,19936
1378710,19937
1389990,19938
1418843,19939
1418848,19940
1431430,19941
1484900,19942
1493840,19943
1528020,19944
1533008,19945
1590320,19946
1024630,19947
1641990,19948
1645220,19949
1649630,19950
1666250,19951
1693650,19952
1714920,19953
1715850,19954
1740050,19955
1762270,19956
1780370,19957
1797680,19958
1862270,19959
1906500,19960
1937180,19961
1986010,19962
1996310,19963
1998963,19964
2059460,19965
867120,19966
1041000,19967
2099110,19968
2120360,19969
2137660,19970
2139272,19971
2149330,19972
2156750,19973
2197760,19974
4850,19975
15080,19976
15170,19977
22440,19978
34830,19979
42968,19980
65540,19981
208370,19982
214970,19983
22370,19984
225300,19985
240300,19986
245490,19987
261050,19988
1055580,19989
283840,19990
286240,19991
294720,19992
325090,19993
327950,19994
343580,19995
350690,19996
356390,19997
376790,19998
377450,19999
382140,20000
387370,20001
393520,20002
418300,20003
867250,20004
462990,20005
491010,20006
500233,20007
550320,20008
606500,20009
617660,20010
620370,20011
630900,20012
703180,20013
710070,20014
744650,20015
747920,20016
748610,20017
751220,20018
756071,20019
783210,20020
793546,20021
833090,20022
870200,20023
885970,20024
888530,20025
940500,20026
949790,20027
1009290,20028
1060310,20029
1064720,20030
1071220,20031
1086850,20032
1107812,20033
1130840,20034
1134700,20035
1138490,20036
1143852,20037
1162680,20038
1198070,20039
2307470,20040
1209410,20041
1236990,20042
1301950,20043
1336482,20044
1339110,20045
1364980,20046
1417600,20047
1429754,20048
1435580,20049
1437880,20050
1449750,20051
1456363,20052
1518810,20053
1573360,20054
1580790,20055
1750570,20056
1829540,20057
1876030,20058
2182370,20059
1909220,20060
1930600,20061
1983690,20062
2054540,20063
2060140,20064
2269460,20065
32000,20066
109700,20067
453850,20068
110400,20069
445210,20070
452520,20071
455230,20072
505080,20073
540690,20074
546180,20075
566320,20076
566910,20077
579050,20078
593370,20079
607440,20080
614005,20081
624680,20082
666640,20083
673620,20084
686790,20085
463170,20086
483450,20087
484830,20088
503780,20089
513430,20090
459520,20091
463160,20092
487380,20093
495830,20094
497050,20095
503070,20096
521860,20097
530130,20098
530820,20099
535150,20100
543360,20101
550160,20102
216210,20103
260930,20104
266290,20105
282100,20106
283370,20107
289840,20108
314210,20109
318793,20110
333790,20111
339034,20112
348540,20113
356160,20114
360870,20115
370770,20116
391160,20117
407290,20118
431910,20119
1221280,20120
435420,20121
446100,20122
449510,20123
450760,20124
552970,20125
249092,20126
269890,20127
281390,20128
302460,20129
304670,20130
332500,20131
333870,20132
341500,20133
342370,20134
347060,20135
355880,20136
368860,20137
374520,20138
374990,20139
375600,20140
385860,20141
404840,20142
409090,20143
409390,20144
415860,20145
434060,20146
438350,20147
11250,20148
29570,20149
42000,20150
200990,20151
220822,20152
247950,20153
269990,20154
289050,20155
318690,20156
321870,20157
323260,20158
342520,20159
351330,20160
379558,20161
386640,20162
396660,20163
398990,20164
407720,20165
448010,20166
448183,20167
549740,20168
573660,20169
579920,20170
585360,20171
586360,20172
592372,20173
601890,20174
609170,20175
621300,20176
635880,20177
637310,20178
642830,20179
661490,20180
668610,20181
675890,20182
680910,20183
681750,20184
1540070,20185
703630,20186
709140,20187
710250,20188
720380,20189
726490,20190
727530,20191
732030,20192
747050,20193
766940,20194
769670,20195
772090,20196
779650,20197
790830,20198
799060,20199
843890,20200
849670,20201
852450,20202
854210,20203
882640,20204
891720,20205
895470,20206
909830,20207
910460,20208
930100,20209
944120,20210
957050,20211
976020,20212
981420,20213
995000,20214
1001240,20215
689170,20216
694930,20217
705800,20218
722040,20219
746750,20220
1002850,20221
1013350,20222
1034400,20223
1035310,20224
1080130,20225
1094310,20226
1162570,20227
1178200,20228
1191440,20229
1196800,20230
1200860,20231
562250,20232
1212300,20233
586130,20234
604140,20235
1221050,20236
1237721,20237
623150,20238
623860,20239
1256200,20240
628290,20241
1268810,20242
772230,20243
782670,20244
785860,20245
811720,20246
815300,20247
839240,20248
842530,20249
845150,20250
898260,20251
952460,20252
956990,20253
1403740,20254
990360,20255
992080,20256
1004990,20257
1023250,20258
1026110,20259
1036120,20260
1042170,20261
1043360,20262
1044410,20263
1068350,20264
629960,20265
635580,20266
646100,20267
661700,20268
670830,20269
682670,20270
688410,20271
712610,20272
712650,20273
735810,20274
771680,20275
777180,20276
784070,20277
831120,20278
836580,20279
836860,20280
837240,20281
840690,20282
841210,20283
851530,20284
853940,20285
861400,20286
1275450,20287
1303480,20288
1335360,20289
1364039,20290
1386980,20291
1396010,20292
1448980,20293
1457430,20294
1475140,20295
1486750,20296
292620,20297
1491640,20298
1492230,20299
1521600,20300
1575650,20301
1590080,20302
1632020,20303
1633670,20304
1656860,20305
1079440,20306
1090184,20307
1098390,20308
1102310,20309
1156630,20310
1190810,20311
1219480,20312
1235450,20313
1278880,20314
1364224,20315
1379380,20316
1412580,20317
1421700,20318
1426990,20319
1456630,20320
1497710,20321
1543970,20322
1558730,20323
1674440,20324
1729160,20325
1745474,20326
1765720,20327
1792610,20328
1794710,20329
1818250,20330
1825390,20331
1836280,20332
1843500,20333
1942140,20334
1972910,20335
2121840,20336
713100,20337
861960,20338
863400,20339
882200,20340
891020,20341
891860,20342
941180,20343
955070,20344
964020,20345
971480,20346
982480,20347
984820,20348
989780,20349
992700,20350
993680,20351
1022770,20352
1024220,20353
1027990,20354
1113690,20355
799500,20356
1569220,20357
1571010,20358
1578060,20359
1635960,20360
1638640,20361
1639340,20362
1642940,20363
1706770,20364
1739400,20365
1757890,20366
1795390,20367
1803590,20368
1855030,20369
1908870,20370
1922360,20371
1954640,20372
1975290,20373
1977360,20374
1114230,20375
1149400,20376
1153880,20377
1172730,20378
1177430,20379
1200900,20380
1230980,20381
1242741,20382
1251410,20383
1262910,20384
1286400,20385
1297090,20386
1298020,20387
1305380,20388
1340470,20389
1372730,20390
2194760,20391
2222190,20392
2301510,20393
1407620,20394
1414840,20395
1437120,20396
1449380,20397
1451560,20398
1480410,20399
1485450,20400
1520720,20401
1563820,20402
1581580,20403
1584660,20404
1601340,20405
1639580,20406
1807750,20407
1875170,20408
1877920,20409
1879850,20410
1894990,20411
1904590,20412
1909020,20413
1912700,20414
1917720,20415
1920990,20416
1965060,20417
1980420,20418
1999970,20419
2021050,20420
2063580,20421
2151710,20422
2219580,20423
2267870,20424
288970,20425
664620,20426
24650,20427
209850,20428
226780,20429
279622,20430
281050,20431
291640,20432
296180,20433
313360,20434
314010,20435
318794,20436
335200,20437
386090,20438
389240,20439
395350,20440
397500,20441
397840,20442
411880,20443
428170,20444
462480,20445
470170,20446
474010,20447
486150,20448
492160,20449
495010,20450
499400,20451
502470,20452
536210,20453
542340,20454
565020,20455
592300,20456
602120,20457
608530,20458
612600,20459
618500,20460
629030,20461
632510,20462
679740,20463
692120,20464
710220,20465
740960,20466
760490,20467
771530,20468
790810,20469
792500,20470
797410,20471
801840,20472
804400,20473
804610,20474
821720,20475
823810,20476
834170,20477
836440,20478
837780,20479
838340,20480
852390,20481
863380,20482
864550,20483
872630,20484
873790,20485
874380,20486
886060,20487
905490,20488
912590,20489
974910,20490
1015020,20491
1024670,20492
1030970,20493
1043350,20494
1056720,20495
1065850,20496
1084360,20497
1114620,20498
1142130,20499
1143530,20500
1148530,20501
1165380,20502
1170814,20503
1184550,20504
1187830,20505
1204760,20506
1211360,20507
1218200,20508
1241710,20509
1305540,20510
1355310,20511
1370800,20512
1385540,20513
1396380,20514
1412190,20515
1428840,20516
1481140,20517
1503540,20518
1526600,20519
1527920,20520
1546950,20521
1591300,20522
1606254,20523
1652960,20524
1673670,20525
1682550,20526
203560,20527
1727650,20528
1731330,20529
1746620,20530
1763740,20531
1779650,20532
1820390,20533
1849930,20534
1891230,20535
1928010,20536
2259270,20537
1280,20538
11240,20539
70500,20540
256240,20541
277560,20542
301690,20543
320120,20544
325973,20545
336840,20546
354426,20547
208376,20548
360880,20549
362140,20550
379242,20551
380800,20552
399230,20553
402340,20554
1543120,20555
403230,20556
423890,20557
429060,20558
434220,20559
438460,20560
440720,20561
448650,20562
450110,20563
457520,20564
462610,20565
495920,20566
503960,20567
504420,20568
508230,20569
538220,20570
552120,20571
556860,20572
557890,20573
587570,20574
587930,20575
596640,20576
600600,20577
604230,20578
632620,20579
637120,20580
644380,20581
655940,20582
667780,20583
741100,20584
766600,20585
767310,20586
786280,20587
799620,20588
804900,20589
1427710,20590
812190,20591
835630,20592
837310,20593
840910,20594
845900,20595
885630,20596
897760,20597
938300,20598
980640,20599
984070,20600
987000,20601
1014460,20602
1014920,20603
1061270,20604
1081040,20605
1084530,20606
1088630,20607
1094080,20608
1096040,20609
1098840,20610
24460,20611
40393,20612
1116100,20613
1140110,20614
1158150,20615
1166740,20616
1189800,20617
1240530,20618
1245670,20619
1253110,20620
1262140,20621
1283000,20622
1300450,20623
1307380,20624
1342340,20625
1358030,20626
1382800,20627
1389850,20628
1390370,20629
1400080,20630
1424200,20631
1427760,20632
1467060,20633
1475180,20634
1504140,20635
1511410,20636
1512300,20637
289600,20638
1517150,20639
1518090,20640
1557100,20641
1557230,20642
1566960,20643
1663610,20644
1721980,20645
1738570,20646
1785370,20647
1803940,20648
1820690,20649
1830910,20650
56480,20651
1831690,20652
1839420,20653
1853810,20654
1963280,20655
2000300,20656
2138960,20657
290400,20658
2146720,20659
2206480,20660
2234400,20661
29160,20662
73220,20663
210113,20664
253570,20665
274560,20666
280040,20667
284990,20668
288100,20669
292630,20670
298140,20671
301600,20672
306000,20673
306401,20674
219440,20675
261680,20676
268200,20677
282780,20678
288730,20679
306260,20680
320385,20681
327270,20682
331400,20683
338130,20684
344551,20685
358270,20686
358840,20687
370160,20688
370710,20689
375460,20690
396890,20691
397400,20692
401626,20693
423720,20694
429350,20695
444410,20696
316080,20697
318260,20698
318414,20699
320381,20700
340600,20701
345670,20702
360350,20703
386650,20704
388270,20705
389220,20706
391280,20707
421740,20708
428250,20709
446120,20710
457720,20711
463000,20712
220825,20713
455830,20714
492850,20715
494460,20716
500235,20717
520120,20718
521560,20719
530830,20720
580300,20721
589680,20722
602200,20723
646430,20724
664350,20725
674170,20726
676700,20727
682630,20728
690240,20729
692830,20730
693790,20731
694490,20732
706510,20733
477140,20734
485750,20735
501170,20736
506080,20737
510910,20738
514780,20739
519940,20740
520360,20741
537430,20742
551780,20743
555410,20744
570362,20745
583632,20746
652150,20747
936620,20748
656040,20749
659110,20750
659260,20751
680340,20752
699820,20753
724110,20754
740000,20755
748330,20756
754830,20757
772570,20758
800690,20759
818480,20760
820760,20761
836940,20762
888070,20763
949000,20764
950370,20765
987290,20766
1010270,20767
293340,20768
1012460,20769
1012720,20770
1029120,20771
1031540,20772
1040590,20773
1050720,20774
1074610,20775
1090590,20776
762560,20777
781440,20778
801890,20779
803080,20780
806850,20781
808810,20782
809840,20783
823310,20784
862460,20785
868920,20786
879430,20787
895720,20788
903620,20789
904860,20790
970600,20791
1002280,20792
1061300,20793
1062540,20794
1064950,20795
1067760,20796
1091380,20797
246254,20798
1121650,20799
1137260,20800
1137330,20801
1138320,20802
1147030,20803
1183840,20804
1200350,20805
1222631,20806
1228410,20807
1261060,20808
1262080,20809
1265960,20810
1284260,20811
1311150,20812
1329573,20813
1338100,20814
1339580,20815
1352581,20816
1371770,20817
1997900,20818
1093880,20819
1104390,20820
1116290,20821
1118050,20822
1132060,20823
1134050,20824
1142410,20825
1182760,20826
1183670,20827
1193550,20828
1213860,20829
1216550,20830
1252190,20831
1265930,20832
1274360,20833
1295670,20834
1337080,20835
1378070,20836
1391000,20837
1455380,20838
1998120,20839
1412680,20840
1420950,20841
1445400,20842
1452630,20843
1494910,20844
1497780,20845
1500290,20846
1515180,20847
1554660,20848
1569820,20849
1610350,20850
1641580,20851
1677260,20852
1682520,20853
1716070,20854
1736490,20855
1789620,20856
1803420,20857
1988630,20858
1461990,20859
1489810,20860
1515830,20861
1517230,20862
1522550,20863
1532180,20864
1536770,20865
1547820,20866
1592970,20867
1342480,20868
1614730,20869
1622920,20870
1659180,20871
1675100,20872
1682610,20873
1701740,20874
1733280,20875
2063550,20876
2116280,20877
1744140,20878
1752810,20879
1815270,20880
1815932,20881
1830000,20882
1860550,20883
1887490,20884
1912880,20885
1981590,20886
1371030,20887
2011160,20888
2018260,20889
2018930,20890
2020750,20891
2081460,20892
2100710,20893
2205160,20894
2209190,20895
260330,20896
17740,20897
46280,20898
208802,20899
212800,20900
229520,20901
245150,20902
262610,20903
281820,20904
285090,20905
308300,20906
432230,20907
314520,20908
326150,20909
332250,20910
332710,20911
337130,20912
343320,20913
345080,20914
348690,20915
373870,20916
382880,20917
387060,20918
390656,20919
393750,20920
400130,20921
219520,20922
259340,20923
280460,20924
22350,20925
3260,20926
341470,20927
280640,20928
27050,20929
34500,20930
294280,20931
268670,20932
201490,20933
297720,20934
292370,20935
338110,20936
205633,20937
339070,20938
307070,20939
340370,20940
345710,20941
313420,20942
41680,20943
65200,20944
105800,20945
208801,20946
270170,20947
276240,20948
302190,20949
313040,20950
328000,20951
357690,20952
361830,20953
400030,20954
406440,20955
412520,20956
417400,20957
423369,20958
453810,20959
458030,20960
461990,20961
463870,20962
480631,20963
220960,20964
100400,20965
280850,20966
233510,20967
281102,20968
273750,20969
285010,20970
288610,20971
541560,20972
302440,20973
315830,20974
286671,20975
319000,20976
330860,20977
291930,20978
341510,20979
303390,20980
307930,20981
349280,20982
318390,20983
350010,20984
350530,20985
319540,20986
374670,20987
978340,20988
262370,20989
286040,20990
314320,20991
316930,20992
320150,20993
320340,20994
329770,20995
339031,20996
340480,20997
342510,20998
346250,20999
348870,21000
371000,21001
397440,21002
398820,21003
404850,21004
431810,21005
447920,21006
454030,21007
463710,21008
467350,21009
347230,21010
377570,21011
380570,21012
385070,21013
406220,21014
411630,21015
430094,21016
434290,21017
435880,21018
437740,21019
448060,21020
460650,21021
462220,21022
483960,21023
499940,21024
502460,21025
511490,21026
514390,21027
518710,21028
523680,21029
576860,21030
325430,21031
337880,21032
348460,21033
366760,21034
387921,21035
388680,21036
399520,21037
400842,21038
419070,21039
740070,21040
432990,21041
438030,21042
439770,21043
457690,21044
459140,21045
461040,21046
464400,21047
490260,21048
496440,21049
498620,21050
501610,21051
526780,21052
543390,21053
553470,21054
491510,21055
496580,21056
497470,21057
501220,21058
512920,21059
536040,21060
545580,21061
546220,21062
551930,21063
552400,21064
568750,21065
571760,21066
377140,21067
576740,21068
379561,21069
587660,21070
384890,21071
622370,21072
391820,21073
639220,21074
639840,21075
660920,21076
665890,21077
697710,21078
703430,21079
709620,21080
716750,21081
739256,21082
415140,21083
444970,21084
447860,21085
458700,21086
458990,21087
466420,21088
475131,21089
489370,21090
498460,21091
509400,21092
525950,21093
809360,21094
471720,21095
501020,21096
507510,21097
516030,21098
520930,21099
209750,21100
215259,21101
234788,21102
242300,21103
264300,21104
277850,21105
521580,21106
305500,21107
522250,21108
325962,21109
533170,21110
329200,21111
539260,21112
331610,21113
551820,21114
339320,21115
356890,21116
562320,21117
560970,21118
568500,21119
622010,21120
660730,21121
671240,21122
677210,21123
681590,21124
683890,21125
693250,21126
708171,21127
709080,21128
716560,21129
727040,21130
729060,21131
624430,21132
745940,21133
747310,21134
751831,21135
625580,21136
799180,21137
627450,21138
417200,21139
420570,21140
423620,21141
447180,21142
453270,21143
461940,21144
468800,21145
485760,21146
489120,21147
489720,21148
495951,21149
328890,21150
510110,21151
512170,21152
513370,21153
543270,21154
548130,21155
552580,21156
561590,21157
562470,21158
562490,21159
566780,21160
575670,21161
529780,21162
533050,21163
535380,21164
539640,21165
551610,21166
560790,21167
571340,21168
599480,21169
613200,21170
671980,21171
673500,21172
333160,21173
703400,21174
705670,21175
715050,21176
719470,21177
736710,21178
738270,21179
742380,21180
767100,21181
770400,21182
776650,21183
823700,21184
873930,21185
892210,21186
893070,21187
907510,21188
920190,21189
922150,21190
942010,21191
996550,21192
1012240,21193
1016970,21194
1034540,21195
1043180,21196
1052970,21197
1070510,21198
1085520,21199
1096710,21200
1109410,21201
1119060,21202
1135130,21203
1145740,21204
1172430,21205
366670,21206
395600,21207
412450,21208
435800,21209
441060,21210
444160,21211
446470,21212
477180,21213
497660,21214
498980,21215
502550,21216
528960,21217
534910,21218
535650,21219
535890,21220
536630,21221
540410,21222
547260,21223
578390,21224
583490,21225
581230,21226
595780,21227
612050,21228
616440,21229
633660,21230
641950,21231
665340,21232
675410,21233
686870,21234
687310,21235
702030,21236
707400,21237
732520,21238
868080,21239
732670,21240
734510,21241
737880,21242
795680,21243
801020,21244
819870,21245
821610,21246
833660,21247
450060,21248
578870,21249
580680,21250
581740,21251
582575,21252
586920,21253
593330,21254
604490,21255
612030,21256
620170,21257
645750,21258
671190,21259
683260,21260
873810,21261
686500,21262
689400,21263
746570,21264
748940,21265
765030,21266
775860,21267
778050,21268
805320,21269
827120,21270
848990,21271
451330,21272
515230,21273
517050,21274
523501,21275
537000,21276
542680,21277
543440,21278
546820,21279
600190,21280
601380,21281
605760,21282
622910,21283
630460,21284
643420,21285
651550,21286
655370,21287
660520,21288
663690,21289
688680,21290
694480,21291
698790,21292
735600,21293
739251,21294
822650,21295
833370,21296
837530,21297
840140,21298
857950,21299
861240,21300
861550,21301
870100,21302
880990,21303
893740,21304
893870,21305
935790,21306
597810,21307
938240,21308
946860,21309
953680,21310
956090,21311
967130,21312
967440,21313
998330,21314
1015610,21315
630470,21316
641980,21317
652480,21318
656400,21319
659630,21320
661920,21321
666220,21322
674860,21323
683690,21324
699010,21325
701810,21326
726380,21327
1196520,21328
726950,21329
727180,21330
751832,21331
754520,21332
761790,21333
769200,21334
788890,21335
809180,21336
810510,21337
783810,21338
792570,21339
795990,21340
798940,21341
838490,21342
851650,21343
865870,21344
869540,21345
888010,21346
916930,21347
938600,21348
963490,21349
968500,21350
974150,21351
985590,21352
1003010,21353
1007740,21354
1011110,21355
1660420,21356
584170,21357
594184,21358
594320,21359
597860,21360
609826,21361
610960,21362
637850,21363
649580,21364
653728,21365
657050,21366
675640,21367
684210,21368
705390,21369
708172,21370
736110,21371
757420,21372
769130,21373
771060,21374
772540,21375
776670,21376
789900,21377
729040,21378
837190,21379
838100,21380
856640,21381
862280,21382
874010,21383
879620,21384
885650,21385
887820,21386
923970,21387
946000,21388
951640,21389
973000,21390
996820,21391
1072590,21392
1081410,21393
1121230,21394
1225120,21395
1245180,21396
1319570,21397
1330180,21398
1174030,21399
1239970,21400
1267770,21401
1316000,21402
1336950,21403
1372310,21404
1402790,21405
1414430,21406
1453600,21407
1507970,21408
1516490,21409
1516760,21410
1522850,21411
1537760,21412
1554860,21413
1557570,21414
740570,21415
751640,21416
780840,21417
788540,21418
798280,21419
814660,21420
828050,21421
829210,21422
854550,21423
870260,21424
872080,21425
874610,21426
881500,21427
887370,21428
909570,21429
925370,21430
931920,21431
940640,21432
941640,21433
959540,21434
1079940,21435
961220,21436
968200,21437
1672984,21438
1042750,21439
1067600,21440
1074180,21441
1078640,21442
1109310,21443
1133910,21444
1191550,21445
1202790,21446
1255990,21447
1287100,21448
1294690,21449
1294750,21450
1309430,21451
1315670,21452
1369560,21453
1533720,21454
1399090,21455
1424250,21456
1436830,21457
849800,21458
849940,21459
868400,21460
868970,21461
883220,21462
899360,21463
907330,21464
916180,21465
933524,21466
935510,21467
978470,21468
978610,21469
981630,21470
990850,21471
995280,21472
1012180,21473
1018170,21474
1021780,21475
1074340,21476
1087110,21477
1107510,21478
1018610,21479
1036200,21480
1083600,21481
1085500,21482
1087950,21483
1101660,21484
1102750,21485
1130430,21486
1151750,21487
1169760,21488
1172890,21489
1204870,21490
1281390,21491
1283190,21492
1290160,21493
1311160,21494
1328220,21495
1339620,21496
1345080,21497
1362910,21498
1383500,21499
539450,21500
1390600,21501
1412000,21502
792860,21503
798560,21504
807020,21505
810330,21506
820830,21507
851710,21508
865220,21509
885570,21510
909100,21511
952120,21512
970090,21513
970940,21514
974610,21515
1022310,21516
1023680,21517
1051500,21518
1061260,21519
1063930,21520
1076070,21521
1553690,21522
1076920,21523
1082840,21524
1112520,21525
815080,21526
816080,21527
830470,21528
892980,21529
935070,21530
979080,21531
993810,21532
1010230,21533
1035750,21534
1050580,21535
1058980,21536
1060630,21537
1096030,21538
1107210,21539
1112970,21540
1120240,21541
1121090,21542
1124940,21543
1146560,21544
1168710,21545
1171140,21546
1250720,21547
853580,21548
1253860,21549
1702970,21550
41300,21551
58550,21552
211440,21553
248290,21554
251080,21555
258397,21556
280380,21557
303470,21558
312420,21559
317770,21560
317840,21561
319013,21562
333340,21563
340440,21564
344510,21565
344900,21566
347070,21567
350480,21568
353980,21569
355340,21570
365810,21571
370560,21572
372480,21573
376950,21574
907460,21575
1570730,21576
1591470,21577
1596370,21578
1634280,21579
1642230,21580
1642590,21581
1675590,21582
1699380,21583
1838950,21584
1862960,21585
1897460,21586
1947280,21587
1970300,21588
2053250,21589
2148930,21590
2203680,21591
1135120,21592
1142510,21593
1149760,21594
1191590,21595
1198833,21596
1207850,21597
1241160,21598
1280940,21599
1301430,21600
1302460,21601
1303440,21602
1305690,21603
1367330,21604
1374300,21605
1384020,21606
1400390,21607
1409510,21608
1440870,21609
1453810,21610
1492990,21611
983760,21612
991480,21613
1012990,21614
1014990,21615
1032750,21616
1090760,21617
1113730,21618
1127470,21619
1170290,21620
1203560,21621
1217330,21622
1261270,21623
1269550,21624
1288170,21625
1304150,21626
1336420,21627
1352560,21628
1365220,21629
1372220,21630
1421140,21631
1434000,21632
389810,21633
1445810,21634
1451410,21635
1455760,21636
1478030,21637
1509000,21638
1563150,21639
1580600,21640
1612910,21641
1653980,21642
1709060,21643
1715470,21644
1729090,21645
1750410,21646
1751100,21647
1757690,21648
1808690,21649
590970,21650
1121140,21651
1145950,21652
1157750,21653
1184040,21654
1194050,21655
1196041,21656
1203160,21657
1210490,21658
1281420,21659
1282510,21660
1304780,21661
1325370,21662
1333980,21663
1360370,21664
1383990,21665
1392790,21666
1396240,21667
1420720,21668
1426230,21669
1453710,21670
1479990,21671
1480520,21672
1485280,21673
1488860,21674
1495580,21675
1512070,21676
1539640,21677
1543550,21678
1547970,21679
1572400,21680
1587350,21681
1589040,21682
1589080,21683
1604280,21684
818650,21685
1166090,21686
1830870,21687
1862830,21688
1862840,21689
1881160,21690
1891210,21691
1916940,21692
2014620,21693
2064120,21694
2064950,21695
2083040,21696
2090160,21697
2112150,21698
2114430,21699
2131960,21700
2205870,21701
2250040,21702
2257060,21703
1140640,21704
1436980,21705
1441670,21706
1442380,21707
1467052,21708
1470970,21709
1480370,21710
1490850,21711
1491150,21712
1505420,21713
1529770,21714
1543090,21715
1550450,21716
1559810,21717
1570580,21718
1597550,21719
1606980,21720
2204230,21721
1617790,21722
1022920,21723
1358610,21724
1398180,21725
1408530,21726
1419510,21727
1428610,21728
1466830,21729
1500650,21730
1526380,21731
1529470,21732
1558420,21733
1559500,21734
1560280,21735
1608270,21736
1613490,21737
1628750,21738
1631850,21739
1648550,21740
1651280,21741
1659650,21742
1354100,21743
1402460,21744
1455780,21745
1473760,21746
1485050,21747
1490010,21748
1499220,21749
1508360,21750
1539810,21751
1669160,21752
1677150,21753
1684440,21754
1727670,21755
1736900,21756
1761420,21757
1799140,21758
2137560,21759
1433930,21760
1469550,21761
1513860,21762
1515060,21763
1520260,21764
1557880,21765
1560440,21766
1564520,21767
1571590,21768
1579310,21769
1581937,21770
1589360,21771
1610660,21772
1629360,21773
1630390,21774
1663650,21775
1668590,21776
1673420,21777
1717658,21778
1735670,21779
1561361,21780
1569310,21781
1637200,21782
1663120,21783
1724780,21784
1729170,21785
1747650,21786
1756800,21787
1772720,21788
1787080,21789
1789660,21790
1928940,21791
1933800,21792
2009470,21793
2023630,21794
2109320,21795
2164080,21796
2205950,21797
1899060,21798
1566560,21799
1577450,21800
1590330,21801
1592530,21802
1679340,21803
1694500,21804
1700630,21805
1714580,21806
1734790,21807
1735800,21808
1763610,21809
1793020,21810
1826500,21811
1828640,21812
1864070,21813
1920940,21814
2018240,21815
2096680,21816
2274800,21817
2289150,21818
1874200,21819
2010420,21820
2012690,21821
2013870,21822
2127590,21823
2156120,21824
2283210,21825
2311760,21826
648510,21827
657530,21828
688340,21829
690550,21830
713580,21831
1596950,21832
716270,21833
1628650,21834
1639190,21835
1205100,21836
380750,21837
386320,21838
387430,21839
506670,21840
521540,21841
524120,21842
526510,21843
537230,21844
544410,21845
552570,21846
553410,21847
573520,21848
591970,21849
601490,21850
616700,21851
620580,21852
634700,21853
1855950,21854
1869710,21855
1895920,21856
2073640,21857
421810,21858
2254490,21859
1624760,21860
1637970,21861
2142370,21862
1664910,21863
2172190,21864
1730630,21865
1739970,21866
1808700,21867
1834540,21868
1836290,21869
1856540,21870
1895740,21871
1901300,21872
726580,21873
1969900,21874
2139540,21875
324170,21876
345750,21877
349440,21878
351810,21879
352210,21880
355460,21881
356000,21882
362110,21883
385360,21884
409510,21885
415270,21886
443430,21887
459370,21888
466220,21889
485440,21890
491240,21891
492280,21892
499370,21893
500218,21894
500620,21895
503480,21896
503820,21897
1591730,21898
730450,21899
744980,21900
747260,21901
759260,21902
760610,21903
772480,21904
776920,21905
790730,21906
823030,21907
846280,21908
876450,21909
936140,21910
947250,21911
950670,21912
978990,21913
1001490,21914
1020910,21915
1080440,21916
1113220,21917
1023150,21918
1681350,21919
1696710,21920
1765520,21921
1767930,21922
1794760,21923
1816821,21924
1857540,21925
1882520,21926
1885010,21927
1915450,21928
1942440,21929
1949780,21930
1967750,21931
2050720,21932
2100390,21933
2104320,21934
1065570,21935
1505430,21936
2285600,21937
2286020,21938
2293420,21939
1987450,21940
2001150,21941
2022020,21942
2105960,21943
2141230,21944
2214826,21945
1740570,21946
1752740,21947
1760320,21948
1814060,21949
1901870,21950
1940370,21951
1995060,21952
2007470,21953
595300,21954
18508,21955
1114110,21956
1122150,21957
1130600,21958
1197230,21959
1228910,21960
1236160,21961
1250490,21962
1283130,21963
1283220,21964
1292910,21965
1305730,21966
1333750,21967
1339460,21968
1366100,21969
1382370,21970
1407080,21971
1453450,21972
1453850,21973
1503870,21974
598710,21975
22631,21976
1524020,21977
1560640,21978
1584040,21979
1588700,21980
1592180,21981
1597090,21982
1647200,21983
1670310,21984
1693430,21985
1718660,21986
1796950,21987
1799280,21988
1855710,21989
1872740,21990
1916100,21991
1971730,21992
610100,21993
12360,21994
40420,21995
283530,21996
293720,21997
315680,21998
321150,21999
326190,22000
327670,22001
332830,22002
333660,22003
339460,22004
340220,22005
341640,22006
345220,22007
357120,22008
365510,22009
369470,22010
377120,22011
380020,22012
386710,22013
567810,22014
596960,22015
387930,22016
412230,22017
793760,22018
427930,22019
443580,22020
447950,22021
456390,22022
470760,22023
487530,22024
520520,22025
528450,22026
559870,22027
602310,22028
605560,22029
620710,22030
628150,22031
656600,22032
682590,22033
713230,22034
727510,22035
773630,22036
788810,22037
980850,22038
793560,22039
807060,22040
842850,22041
854810,22042
862690,22043
864420,22044
886470,22045
913820,22046
930480,22047
935512,22048
937020,22049
952510,22050
960330,22051
965950,22052
971460,22053
995070,22054
1007800,22055
1061690,22056
1070150,22057
1090163,22058
1090165,22059
1096420,22060
1125860,22061
1153130,22062
1225840,22063
1229420,22064
1232430,22065
1235800,22066
1241289,22067
1286810,22068
1290010,22069
1297660,22070
1335800,22071
1363540,22072
1377590,22073
1419980,22074
1423200,22075
1432620,22076
2071770,22077
1433030,22078
1503390,22079
1544460,22080
1551230,22081
1636070,22082
1698251,22083
1751710,22084
1816001,22085
1850380,22086
1869263,22087
1903480,22088
1908320,22089
1922200,22090
1927540,22091
1946740,22092
1962530,22093
1972830,22094
1983600,22095
2005780,22096
2017630,22097
2137250,22098
2213340,22099
2072110,22100
2133160,22101
452320,22102
455970,22103
463794,22104
470300,22105
476050,22106
504640,22107
510790,22108
517400,22109
522010,22110
527750,22111
549840,22112
582570,22113
618270,22114
622880,22115
667170,22116
685310,22117
688370,22118
699390,22119
703720,22120
2305830,22121
3490,22122
7530,22123
33550,22124
200130,22125
253670,22126
284950,22127
286200,22128
307590,22129
321400,22130
322900,22131
323280,22132
327640,22133
330730,22134
338320,22135
343595,22136
348180,22137
358390,22138
367260,22139
370590,22140
388960,22141
390180,22142
408360,22143
413500,22144
428910,22145
437140,22146
441720,22147
454060,22148
468330,22149
509070,22150
513610,22151
742170,22152
520660,22153
562378,22154
573050,22155
574500,22156
596740,22157
601540,22158
608630,22159
648640,22160
659920,22161
665310,22162
678003,22163
697660,22164
697760,22165
702200,22166
726430,22167
734700,22168
741520,22169
765610,22170
769150,22171
791370,22172
799080,22173
826083,22174
843170,22175
874880,22176
878160,22177
886370,22178
898190,22179
922410,22180
925690,22181
929140,22182
939350,22183
951930,22184
990400,22185
1016600,22186
1034040,22187
1035770,22188
1037090,22189
1065110,22190
1077090,22191
1080410,22192
1109300,22193
1112570,22194
1127680,22195
1142850,22196
1146660,22197
1165290,22198
1178030,22199
1228680,22200
1239660,22201
1252580,22202
1277210,22203
1304419,22204
1308880,22205
1330830,22206
1391960,22207
1400100,22208
1408070,22209
1427650,22210
1447900,22211
1458350,22212
1481810,22213
1482330,22214
1483130,22215
1559750,22216
707080,22217
1621200,22218
1662830,22219
1678030,22220
1793900,22221
1848160,22222
1860370,22223
1892790,22224
1893330,22225
1933050,22226
2138700,22227
1788210,22228
2151820,22229
15960,22230
65243,22231
105300,22232
222591,22233
270090,22234
287720,22235
300280,22236
662990,22237
312600,22238
324720,22239
337070,22240
343950,22241
354650,22242
376750,22243
385770,22244
386140,22245
388300,22246
393020,22247
394260,22248
401631,22249
410000,22250
413850,22251
201881,22252
204380,22253
222568,22254
222634,22255
249950,22256
253370,22257
282513,22258
289340,22259
296630,22260
322420,22261
339440,22262
352850,22263
356030,22264
365620,22265
365860,22266
381090,22267
399420,22268
400200,22269
431500,22270
448150,22271
450190,22272
452710,22273
453620,22274
463390,22275
467480,22276
468560,22277
506090,22278
512940,22279
516580,22280
528660,22281
535440,22282
536510,22283
538330,22284
546700,22285
554640,22286
563120,22287
566430,22288
617620,22289
649250,22290
669390,22291
676930,22292
681620,22293
440810,22294
744710,22295
745510,22296
756700,22297
762080,22298
777460,22299
780980,22300
785100,22301
812090,22302
821970,22303
823600,22304
837590,22305
873960,22306
891100,22307
906790,22308
911050,22309
924310,22310
935640,22311
951666,22312
985020,22313
992200,22314
992610,22315
999410,22316
1006700,22317
1045110,22318
1045680,22319
1103920,22320
1127110,22321
1143440,22322
1144590,22323
1180630,22324
951220,22325
1201800,22326
1220900,22327
1233420,22328
1236660,22329
1245640,22330
1268940,22331
1293990,22332
1296290,22333
1334800,22334
1367750,22335
1376420,22336
1407920,22337
1416130,22338
1429740,22339
1433480,22340
1447090,22341
1447920,22342
1473220,22343
1496680,22344
1513460,22345
1520170,22346
1578700,22347
1611270,22348
1618450,22349
1657170,22350
1693230,22351
2192750,22352
705770,22353
728420,22354
742030,22355
746920,22356
748800,22357
749860,22358
753990,22359
758470,22360
769790,22361
778830,22362
996740,22363
1023560,22364
789930,22365
792331,22366
811910,22367
819520,22368
822140,22369
826160,22370
829720,22371
831060,22372
839960,22373
850310,22374
857300,22375
1270080,22376
878250,22377
889630,22378
908390,22379
923420,22380
932980,22381
942990,22382
946210,22383
946670,22384
1024110,22385
8690,22386
1049220,22387
1064130,22388
1069550,22389
1073720,22390
1112580,22391
1116260,22392
1121740,22393
1131330,22394
1139470,22395
1163730,22396
1196040,22397
1333020,22398
1338250,22399
1338520,22400
1341100,22401
1346850,22402
1358640,22403
1360550,22404
1362860,22405
1379260,22406
1385960,22407
1406000,22408
1429480,22409
1444750,22410
1473820,22411
1528570,22412
1529560,22413
1567830,22414
1593330,22415
1886450,22416
1597950,22417
1605590,22418
1607040,22419
1623240,22420
1633830,22421
1681560,22422
1736730,22423
1771400,22424
1794970,22425
1884540,22426
1929850,22427
1957170,22428
1999700,22429
2011140,22430
2073420,22431
2225070,22432
2073970,22433
50510,22434
73190,22435
204290,22436
218240,22437
259700,22438
259760,22439
267220,22440
274050,22441
286220,22442
291270,22443
296210,22444
296280,22445
296990,22446
302060,22447
313200,22448
323000,22449
341190,22450
342230,22451
368700,22452
373810,22453
385080,22454
388474,22455
2225120,22456
392940,22457
396060,22458
398930,22459
434944,22460
440410,22461
444460,22462
450700,22463
460940,22464
463180,22465
488660,22466
489160,22467
495520,22468
1639120,22469
498630,22470
499610,22471
527800,22472
544680,22473
547960,22474
557700,22475
558390,22476
570790,22477
575590,22478
595280,22479
597075,22480
606960,22481
633580,22482
640090,22483
647280,22484
666870,22485
677850,22486
683440,22487
698520,22488
701460,22489
703060,22490
705620,22491
709670,22492
740320,22493
771410,22494
773440,22495
774261,22496
779300,22497
788150,22498
809580,22499
838900,22500
866520,22501
885640,22502
906030,22503
909220,22504
910540,22505
913810,22506
928170,22507
930850,22508
939750,22509
975660,22510
978210,22511
2022270,22512
994040,22513
1004000,22514
1032520,22515
1039370,22516
1040720,22517
1046440,22518
1059120,22519
1082440,22520
1083090,22521
1108320,22522
1150130,22523
1163140,22524
1183240,22525
1197990,22526
1209910,22527
1240050,22528
1263200,22529
1281530,22530
1292410,22531
1292700,22532
1321890,22533
1329320,22534
1341660,22535
1350430,22536
1408110,22537
1428320,22538
1453140,22539
1478420,22540
1486620,22541
1495250,22542
1506620,22543
1547070,22544
1568650,22545
1575888,22546
1576950,22547
1606590,22548
1620390,22549
1661880,22550
1667770,22551
1705220,22552
1716950,22553
1731910,22554
1745750,22555
1747080,22556
1786590,22557
1788540,22558
1801220,22559
1815440,22560
1825380,22561
1834690,22562
1855020,22563
1855270,22564
1917370,22565
1976460,22566
1995300,22567
2091230,22568
2094640,22569
2142210,22570
2159180,22571
2236480,22572
890920,22573
10140,22574
50960,22575
281840,22576
293059,22577
294830,22578
307350,22579
316810,22580
317100,22581
319180,22582
324470,22583
332270,22584
335460,22585
337980,22586
341440,22587
869130,22588
347000,22589
376956,22590
379530,22591
383590,22592
393460,22593
396850,22594
432470,22595
438820,22596
439420,22597
450470,22598
466860,22599
498300,22600
498940,22601
500237,22602
504980,22603
513740,22604
523740,22605
533180,22606
550240,22607
552110,22608
873220,22609
555210,22610
557860,22611
562840,22612
581980,22613
585481,22614
601750,22615
613420,22616
910370,22617
622470,22618
623810,22619
705090,22620
738000,22621
769340,22622
777880,22623
794940,22624
800140,22625
814960,22626
818950,22627
836350,22628
856600,22629
868930,22630
876110,22631
918780,22632
942900,22633
975050,22634
1074640,22635
1097550,22636
1109070,22637
1126770,22638
1148100,22639
1148550,22640
1182940,22641
1197820,22642
1218260,22643
1229280,22644
1263490,22645
1268290,22646
1307530,22647
1318130,22648
1855470,22649
1321400,22650
1329100,22651
1338130,22652
1381610,22653
1428770,22654
1437420,22655
1508030,22656
1532780,22657
1541690,22658
1579190,22659
1587790,22660
1591570,22661
1606950,22662
1636910,22663
1678950,22664
1681020,22665
1810310,22666
1846040,22667
1852990,22668
1863540,22669
1892850,22670
1965970,22671
1998110,22672
2010450,22673
2016940,22674
2111220,22675
2175430,22676
2194410,22677
2202900,22678
2273550,22679
4900,22680
7340,22681
213312,22682
222556,22683
241660,22684
265240,22685
277754,22686
282680,22687
308540,22688
317201,22689
322700,22690
323250,22691
333130,22692
338090,22693
340950,22694
343570,22695
366610,22696
372890,22697
390030,22698
397310,22699
406940,22700
409910,22701
420840,22702
424170,22703
428490,22704
466710,22705
509360,22706
558660,22707
562600,22708
1064270,22709
569200,22710
573760,22711
584850,22712
589620,22713
597071,22714
600660,22715
652700,22716
665670,22717
667250,22718
688070,22719
695980,22720
700060,22721
715520,22722
716230,22723
719950,22724
780120,22725
799670,22726
810770,22727
818440,22728
822110,22729
831530,22730
846830,22731
849930,22732
864010,22733
864450,22734
866420,22735
929910,22736
932800,22737
946380,22738
966560,22739
977050,22740
1013410,22741
1024790,22742
1053660,22743
1097120,22744
1101800,22745
1114420,22746
1144080,22747
1173690,22748
1189060,22749
1228970,22750
1231710,22751
1241910,22752
1249680,22753
1276550,22754
1204920,22755
1283960,22756
1328760,22757
1344210,22758
1353680,22759
1362650,22760
1368780,22761
1377450,22762
1385670,22763
1401320,22764
1416340,22765
1433410,22766
1445980,22767
1460830,22768
1488820,22769
1560110,22770
1568730,22771
1601040,22772
351450,22773
1676700,22774
1684710,22775
1685610,22776
1686340,22777
1744450,22778
1765310,22779
1774980,22780
1786670,22781
1807500,22782
1814460,22783
1825480,22784
1841710,22785
1888000,22786
1901970,22787
1926240,22788
1928670,22789
1978800,22790
2066950,22791
380220,22792
2081930,22793
2108760,22794
46850,22795
63110,22796
70615,22797
202370,22798
211280,22799
235780,22800
263920,22801
272990,22802
311120,22803
312860,22804
317610,22805
320400,22806
324120,22807
331720,22808
333290,22809
344890,22810
353620,22811
357490,22812
358700,22813
359560,22814
371790,22815
903830,22816
431740,22817
435260,22818
440090,22819
444440,22820
453950,22821
460640,22822
501030,22823
501740,22824
501950,22825
512120,22826
517010,22827
552610,22828
557670,22829
563760,22830
580420,22831
582530,22832
589100,22833
617710,22834
657700,22835
658430,22836
658790,22837
671200,22838
686910,22839
695450,22840
709840,22841
738610,22842
756280,22843
765160,22844
771950,22845
787980,22846
788410,22847
800280,22848
817360,22849
820070,22850
821550,22851
824880,22852
843010,22853
858780,22854
860790,22855
1797040,22856
878270,22857
909630,22858
910470,22859
938640,22860
954590,22861
979810,22862
982310,22863
985510,22864
1012610,22865
1061010,22866
1063160,22867
1071350,22868
1089670,22869
1110650,22870
1116860,22871
1118700,22872
1120940,22873
573570,22874
574990,22875
1134200,22876
1177210,22877
833810,22878
1183030,22879
1223780,22880
1242745,22881
1259600,22882
1300430,22883
1307760,22884
1368770,22885
1435090,22886
1443081,22887
1445240,22888
1575430,22889
1611540,22890
1629830,22891
1648580,22892
1705590,22893
1728740,22894
1740530,22895
1741030,22896
1808730,22897
1849680,22898
1861940,22899
1932690,22900
1935490,22901
1945190,22902
1989190,22903
1995830,22904
2004290,22905
2077040,22906
2119530,22907
2255480,22908
2275820,22909
3270,22910
27020,22911
45750,22912
208375,22913
231140,22914
234771,22915
833910,22916
259450,22917
265192,22918
277776,22919
299190,22920
327910,22921
328100,22922
338620,22923
350880,22924
357940,22925
373480,22926
422250,22927
437590,22928
467930,22929
485800,22930
492610,22931
497020,22932
509610,22933
518280,22934
527720,22935
538050,22936
553670,22937
563180,22938
610810,22939
652800,22940
664260,22941
666250,22942
675810,22943
692930,22944
694830,22945
697370,22946
710110,22947
711210,22948
722660,22949
730220,22950
732090,22951
741260,22952
753960,22953
758070,22954
760843,22955
763610,22956
763695,22957
791890,22958
809680,22959
813460,22960
818800,22961
826030,22962
856130,22963
867860,22964
867980,22965
870290,22966
885290,22967
912550,22968
918990,22969
926810,22970
933930,22971
953830,22972
993990,22973
1001010,22974
1010780,22975
1020090,22976
1040890,22977
1058640,22978
540020,22979
1060240,22980
1063450,22981
1112940,22982
1147980,22983
1705400,22984
1161910,22985
1299590,22986
1303280,22987
1377060,22988
1383690,22989
1481550,22990
1514660,22991
1548830,22992
1550020,22993
1557540,22994
1559960,22995
1583410,22996
1613150,22997
1618050,22998
656560,22999
1620640,23000
1627040,23001
1673230,23002
1688560,23003
1711771,23004
1715970,23005
1719000,23006
1729150,23007
1748890,23008
1753490,23009
1773700,23010
1819440,23011
1845630,23012
1866110,23013
1867670,23014
1944140,23015
1980590,23016
971540,23017
2001140,23018
2013740,23019
2017020,23020
2055500,23021
2099440,23022
2170450,23023
2203650,23024
2245700,23025
2245840,23026
2300390,23027
12340,23028
108110,23029
222639,23030
256501,23031
260410,23032
264580,23033
282511,23034
291130,23035
296030,23036
321700,23037
977900,23038
563210,23039
322080,23040
333990,23041
340640,23042
341720,23043
343720,23044
729310,23045
350970,23046
352740,23047
354180,23048
364329,23049
367990,23050
374120,23051
379542,23052
384840,23053
395410,23054
403860,23055
420370,23056
456220,23057
457550,23058
467950,23059
470470,23060
501380,23061
502650,23062
661470,23063
664530,23064
705380,23065
724630,23066
260960,23067
745810,23068
747160,23069
755080,23070
779660,23071
792332,23072
826100,23073
827860,23074
849560,23075
854190,23076
863900,23077
868410,23078
874030,23079
874690,23080
875830,23081
903150,23082
923790,23083
926180,23084
934220,23085
993980,23086
997480,23087
1010410,23088
1020520,23089
1030060,23090
1087810,23091
1101940,23092
1102370,23093
1106670,23094
1110770,23095
1111830,23096
1164570,23097
1189350,23098
1196670,23099
1249430,23100
1271110,23101
1291220,23102
1322270,23103
1342660,23104
464810,23105
1345040,23106
1359870,23107
1360360,23108
1366520,23109
1375760,23110
308180,23111
1376300,23112
1405180,23113
1429010,23114
1440350,23115
1479540,23116
1500390,23117
1515470,23118
1532760,23119
1596580,23120
1597110,23121
1625230,23122
1673840,23123
1688240,23124
1692310,23125
1695080,23126
1763550,23127
1801490,23128
1815580,23129
1820890,23130
1826620,23131
1843030,23132
1848570,23133
1867590,23134
1938200,23135
2023800,23136
2027490,23137
2101600,23138
2123050,23139
2178570,23140
2282700,23141
10230,23142
16500,23143
19200,23144
35800,23145
201100,23146
234775,23147
260710,23148
322440,23149
338330,23150
359790,23151
360530,23152
364880,23153
372380,23154
376951,23155
379600,23156
406410,23157
411550,23158
432670,23159
435040,23160
437702,23161
440950,23162
444830,23163
450000,23164
466900,23165
489570,23166
503980,23167
526790,23168
552720,23169
556230,23170
566560,23171
580560,23172
588990,23173
628160,23174
628410,23175
646680,23176
652980,23177
659900,23178
667360,23179
689800,23180
697810,23181
707189,23182
715270,23183
726070,23184
726720,23185
1304411,23186
727220,23187
728150,23188
746731,23189
759060,23190
759220,23191
760842,23192
809000,23193
817720,23194
858250,23195
869060,23196
884640,23197
897040,23198
898160,23199
898990,23200
907350,23201
919170,23202
931700,23203
948320,23204
985580,23205
985940,23206
998570,23207
1016110,23208
1066200,23209
1072800,23210
1121490,23211
1126840,23212
1139760,23213
1139870,23214
1210930,23215
1229730,23216
1240290,23217
1250100,23218
1264760,23219
1265230,23220
1268900,23221
1296720,23222
1305060,23223
1347360,23224
1354940,23225
1361480,23226
1371405,23227
1405830,23228
1443064,23229
1507650,23230
1522430,23231
1590070,23232
1598750,23233
1630780,23234
1651760,23235
1672840,23236
1788800,23237
1801030,23238
1824143,23239
1875540,23240
1887200,23241
1893310,23242
777220,23243
1919400,23244
1961480,23245
1980920,23246
1982620,23247
1989310,23248
2018490,23249
2065200,23250
2092410,23251
2146180,23252
2207080,23253
922450,23254
2216280,23255
2216750,23256
2219470,23257
2272710,23258
360,23259
4530,23260
40500,23261
46440,23262
96200,23263
259890,23264
261600,23265
276730,23266
284930,23267
288750,23268
295510,23269
308560,23270
325994,23271
341290,23272
343170,23273
357670,23274
373820,23275
376960,23276
393800,23277
394840,23278
397970,23279
65252,23280
203765,23281
401250,23282
405190,23283
426290,23284
427780,23285
427890,23286
436140,23287
458520,23288
459540,23289
464100,23290
496180,23291
507030,23292
511820,23293
385150,23294
523640,23295
523760,23296
544150,23297
553100,23298
558410,23299
577460,23300
577490,23301
580410,23302
694870,23303
705300,23304
706850,23305
710300,23306
738060,23307
742360,23308
752780,23309
752850,23310
753370,23311
768550,23312
774231,23313
2027310,23314
787120,23315
810460,23316
815860,23317
821670,23318
829540,23319
837900,23320
871810,23321
251590,23322
884390,23323
965120,23324
980520,23325
989740,23326
1016130,23327
1018060,23328
1034160,23329
1044870,23330
1047860,23331
1095060,23332
1095710,23333
1134387,23334
1135110,23335
391210,23336
1137100,23337
1154430,23338
1166780,23339
1170050,23340
1172310,23341
1185400,23342
1240690,23343
1243520,23344
1256310,23345
1267502,23346
1329990,23347
1356190,23348
1356440,23349
1417940,23350
1417950,23351
1420060,23352
1443330,23353
1451160,23354
1453670,23355
1463450,23356
1527620,23357
1572800,23358
1586230,23359
1605290,23360
1617580,23361
1633210,23362
1637540,23363
258070,23364
1638140,23365
1687190,23366
1708800,23367
1759370,23368
1799020,23369
1799190,23370
1828890,23371
1878200,23372
1884750,23373
1932670,23374
2052640,23375
2197252,23376
2222850,23377
2237980,23378
92100,23379
92300,23380
234791,23381
258640,23382
259640,23383
281770,23384
287220,23385
299440,23386
301540,23387
329690,23388
352190,23389
361630,23390
362940,23391
368780,23392
370640,23393
371850,23394
374871,23395
1571090,23396
407020,23397
414110,23398
433750,23399
437610,23400
439370,23401
208293,23402
445070,23403
460990,23404
488040,23405
497720,23406
500270,23407
513440,23408
527760,23409
534980,23410
546930,23411
564180,23412
585270,23413
627390,23414
657090,23415
687600,23416
702430,23417
703920,23418
706440,23419
715850,23420
1790460,23421
736240,23422
758250,23423
769370,23424
783545,23425
795910,23426
798880,23427
827920,23428
835860,23429
845630,23430
849301,23431
875160,23432
886160,23433
888800,23434
896950,23435
922430,23436
922550,23437
946700,23438
952020,23439
980542,23440
1013710,23441
1014810,23442
1028130,23443
362920,23444
1034280,23445
1048560,23446
1058750,23447
1067930,23448
1121970,23449
1127140,23450
1141711,23451
1189520,23452
1205140,23453
1208900,23454
1214550,23455
1215500,23456
1222630,23457
1430590,23458
1446320,23459
1457710,23460
1478440,23461
1501090,23462
1509720,23463
1530860,23464
1531620,23465
1535060,23466
1563680,23467
373950,23468
1578890,23469
1583720,23470
1590570,23471
2063430,23472
1590790,23473
1616870,23474
1622250,23475
1653850,23476
1661640,23477
1668130,23478
1671710,23479
1672170,23480
1676200,23481
1711773,23482
1712150,23483
1719770,23484
1835090,23485
1871740,23486
1876070,23487
1995120,23488
2067760,23489
2106170,23490
2215011,23491
2267930,23492
38230,23493
222603,23494
249088,23495
313374,23496
330770,23497
36910,23498
348250,23499
355810,23500
369550,23501
215670,23502
370580,23503
380860,23504
234770,23505
425330,23506
425680,23507
258646,23508
449760,23509
456810,23510
457600,23511
208346,23512
259620,23513
273940,23514
281350,23515
287100,23516
292200,23517
313330,23518
328550,23519
354950,23520
365070,23521
386600,23522
409420,23523
416340,23524
429040,23525
434230,23526
456830,23527
470490,23528
473780,23529
1085150,23530
473970,23531
481600,23532
494490,23533
704030,23534
502200,23535
504430,23536
528970,23537
552410,23538
556190,23539
569410,23540
569720,23541
593270,23542
609821,23543
619490,23544
681790,23545
689870,23546
694680,23547
715840,23548
717050,23549
722870,23550
730580,23551
741110,23552
760860,23553
714620,23554
779240,23555
717950,23556
735530,23557
751730,23558
801690,23559
813370,23560
831810,23561
836540,23562
839730,23563
841200,23564
844880,23565
845200,23566
851930,23567
881520,23568
914680,23569
932480,23570
937350,23571
943680,23572
985240,23573
987800,23574
992720,23575
1041780,23576
1058350,23577
861350,23578
784940,23579
785760,23580
796510,23581
805150,23582
809210,23583
809470,23584
843730,23585
878090,23586
891710,23587
915160,23588
982040,23589
987790,23590
1008680,23591
1026060,23592
1028740,23593
1076480,23594
1081730,23595
1088070,23596
1096540,23597
1171220,23598
1060170,23599
1086450,23600
1108190,23601
1162760,23602
1209450,23603
1219990,23604
1227448,23605
1284510,23606
1287600,23607
1290510,23608
1307900,23609
1343770,23610
1348680,23611
1356800,23612
1379370,23613
1414770,23614
1419050,23615
1430740,23616
1442360,23617
1470270,23618
1766022,23619
1207310,23620
1252210,23621
1254923,23622
1265030,23623
1268530,23624
1283590,23625
1306180,23626
1312070,23627
1313470,23628
1347540,23629
1401840,23630
1409020,23631
1411800,23632
1437550,23633
1454200,23634
1475970,23635
1477050,23636
1487360,23637
659480,23638
1499930,23639
1508650,23640
1542140,23641
1474390,23642
1503850,23643
1509650,23644
1509750,23645
1520110,23646
1524350,23647
1524530,23648
1564710,23649
1573010,23650
1585030,23651
1654120,23652
1680250,23653
1714660,23654
1669490,23655
1732130,23656
1739770,23657
1745000,23658
310640,23659
1745990,23660
1756120,23661
1802570,23662
1836030,23663
1852890,23664
1859590,23665
1865340,23666
1934100,23667
1948290,23668
1961780,23669
1964640,23670
2091790,23671
2102500,23672
662950,23673
2143290,23674
2178560,23675
2241890,23676
1446720,23677
1576150,23678
1587610,23679
1593730,23680
1637257,23681
1681040,23682
1776540,23683
1779710,23684
1787650,23685
1796210,23686
1833820,23687
1836970,23688
1902790,23689
1663990,23690
1929990,23691
1944000,23692
1995840,23693
2074040,23694
2272090,23695
1470900,23696
1490970,23697
1505450,23698
1508730,23699
1547030,23700
1570790,23701
1582090,23702
1600600,23703
1609310,23704
1635800,23705
1637490,23706
1638310,23707
621010,23708
1679830,23709
1691150,23710
1699130,23711
1703230,23712
6600,23713
17500,23714
31700,23715
206610,23716
208640,23717
215246,23718
222595,23719
321950,23720
327831,23721
334410,23722
341660,23723
345230,23724
352890,23725
355400,23726
373290,23727
381310,23728
636580,23729
383620,23730
383710,23731
408120,23732
424260,23733
429160,23734
436690,23735
449090,23736
459260,23737
461320,23738
461490,23739
496530,23740
508950,23741
510610,23742
522200,23743
548900,23744
550332,23745
569687,23746
575760,23747
576660,23748
580950,23749
582370,23750
596470,23751
597900,23752
1691440,23753
691590,23754
713680,23755
751260,23756
768050,23757
785750,23758
806470,23759
832510,23760
857900,23761
880780,23762
897300,23763
921430,23764
921520,23765
929440,23766
940870,23767
946610,23768
999760,23769
1009910,23770
1056420,23771
1079200,23772
1080770,23773
1115450,23774
1120090,23775
1123610,23776
1124530,23777
1132410,23778
1166730,23779
1167020,23780
1190400,23781
1195620,23782
1207840,23783
1217720,23784
1232590,23785
1236450,23786
1287230,23787
1330330,23788
1381290,23789
1422220,23790
1457140,23791
1464290,23792
1480960,23793
1498110,23794
1590565,23795
1695150,23796
1701830,23797
1710140,23798
1712830,23799
1724860,23800
1725990,23801
1734400,23802
1798810,23803
1799160,23804
1806580,23805
1862030,23806
1968870,23807
1998660,23808
2019830,23809
2094620,23810
2186940,23811
2265850,23812
2266580,23813
1727660,23814
1777820,23815
1782380,23816
1829800,23817
1830210,23818
1885460,23819
1912500,23820
1917390,23821
1928800,23822
1974310,23823
1981883,23824
1989200,23825
2119740,23826
2206450,23827
2230630,23828
203776,23829
204385,23830
15400,23831
222613,23832
249610,23833
257610,23834
277757,23835
279420,23836
291250,23837
314240,23838
318874,23839
330500,23840
336030,23841
341380,23842
341770,23843
352170,23844
352900,23845
364740,23846
369000,23847
370570,23848
372780,23849
374851,23850
376140,23851
388720,23852
392680,23853
395400,23854
401850,23855
437030,23856
441670,23857
461480,23858
461820,23859
464070,23860
471330,23861
493880,23862
508200,23863
546170,23864
555320,23865
559900,23866
564251,23867
565390,23868
570500,23869
574440,23870
575990,23871
510250,23872
597060,23873
625350,23874
643689,23875
654080,23876
655430,23877
666940,23878
667760,23879
689360,23880
719520,23881
727290,23882
728830,23883
729720,23884
740240,23885
752640,23886
762190,23887
764010,23888
774781,23889
785850,23890
816180,23891
834140,23892
834880,23893
842330,23894
844890,23895
862700,23896
895850,23897
917830,23898
919010,23899
924770,23900
928680,23901
931250,23902
933250,23903
948120,23904
954270,23905
995660,23906
998480,23907
1022010,23908
1026760,23909
1047380,23910
1059740,23911
1063020,23912
1067900,23913
1094880,23914
517370,23915
1096200,23916
1113090,23917
1118920,23918
1197440,23919
1237570,23920
1265080,23921
1270390,23922
1294560,23923
1328750,23924
1330930,23925
1367720,23926
1400300,23927
1410260,23928
1424780,23929
530860,23930
463320,23931
485370,23932
488950,23933
489070,23934
494050,23935
500211,23936
516590,23937
555920,23938
572160,23939
576540,23940
583150,23941
591990,23942
594300,23943
603090,23944
609880,23945
654840,23946
673590,23947
214700,23948
219092,23949
246253,23950
277730,23951
278120,23952
294160,23953
320090,23954
345980,23955
360030,23956
366000,23957
382180,23958
384920,23959
396260,23960
401632,23961
402390,23962
404700,23963
411180,23964
453830,23965
466350,23966
469710,23967
475130,23968
485240,23969
506920,23970
508710,23971
570540,23972
582920,23973
586460,23974
595090,23975
595660,23976
598240,23977
609100,23978
611350,23979
613260,23980
620130,23981
628140,23982
654800,23983
655610,23984
678002,23985
704282,23986
723350,23987
725080,23988
726320,23989
728050,23990
731172,23991
746350,23992
786410,23993
790360,23994
795570,23995
803260,23996
817110,23997
834450,23998
855190,23999
862770,24000
870180,24001
882150,24002
984730,24003
995790,24004
1000470,24005
1002510,24006
1019010,24007
1026940,24008
1029070,24009
1029450,24010
1037820,24011
1044790,24012
1059460,24013
1090940,24014
1095960,24015
1099450,24016
1107490,24017
1124850,24018
1140510,24019
1167050,24020
1187040,24021
1188160,24022
1188710,24023
1208220,24024
1220080,24025
1232610,24026
1314870,24027
1320830,24028
1373550,24029
1382241,24030
1386500,24031
1396474,24032
1412120,24033
1443900,24034
1500600,24035
1517200,24036
1597520,24037
1610670,24038
1745475,24039
1756090,24040
1829640,24041
1854120,24042
1883050,24043
1914570,24044
1922870,24045
1929910,24046
1966700,24047
1987290,24048
2050400,24049
2079370,24050
2082620,24051
2085460,24052
2109160,24053
46830,24054
65080,24055
110610,24056
222623,24057
244630,24058
254100,24059
268970,24060
279160,24061
282860,24062
292020,24063
301115,24064
315610,24065
331290,24066
377430,24067
391070,24068
401280,24069
412600,24070
422640,24071
427550,24072
450630,24073
458760,24074
460580,24075
473840,24076
474910,24077
498770,24078
504470,24079
505070,24080
540180,24081
550540,24082
575860,24083
585500,24084
595030,24085
600550,24086
620040,24087
628350,24088
629540,24089
645410,24090
649330,24091
652050,24092
657790,24093
661500,24094
665740,24095
687850,24096
688500,24097
690580,24098
696110,24099
698280,24100
714300,24101
723190,24102
735330,24103
754160,24104
777430,24105
802200,24106
809530,24107
820870,24108
822470,24109
826930,24110
833110,24111
834407,24112
847660,24113
849262,24114
857010,24115
860260,24116
862880,24117
873070,24118
885790,24119
890050,24120
912250,24121
923460,24122
932690,24123
951660,24124
1000500,24125
1000540,24126
1005420,24127
1047090,24128
1053730,24129
1053750,24130
1058800,24131
1067080,24132
1118272,24133
1141130,24134
1158910,24135
1174320,24136
1178680,24137
504750,24138
1194390,24139
1213390,24140
1218640,24141
1278960,24142
1347880,24143
1352585,24144
1367150,24145
1396450,24146
1405260,24147
1475380,24148
1483300,24149
1570740,24150
436480,24151
1623090,24152
1642640,24153
1646910,24154
1689730,24155
1716360,24156
1791820,24157
1806040,24158
1854740,24159
1865440,24160
1900400,24161
1923450,24162
1984590,24163
2001460,24164
2091240,24165
2101670,24166
2137600,24167
7220,24168
17120,24169
46570,24170
104200,24171
222610,24172
280890,24173
313080,24174
314510,24175
336100,24176
340840,24177
345040,24178
350610,24179
372820,24180
378645,24181
385420,24182
397240,24183
404283,24184
404390,24185
407700,24186
418360,24187
420950,24188
437060,24189
461380,24190
466548,24191
485290,24192
487240,24193
490870,24194
1597780,24195
505660,24196
506760,24197
516250,24198
521450,24199
526400,24200
532800,24201
541370,24202
549910,24203
561440,24204
583633,24205
589300,24206
619790,24207
631770,24208
635900,24209
636370,24210
637330,24211
660080,24212
696590,24213
777240,24214
798870,24215
809900,24216
822440,24217
860620,24218
879740,24219
896340,24220
952050,24221
1005340,24222
1014360,24223
1031110,24224
1044770,24225
1053620,24226
1163660,24227
1175250,24228
1182370,24229
1194940,24230
1198832,24231
1210780,24232
1229310,24233
1294220,24234
1303870,24235
1318980,24236
1329250,24237
1330120,24238
1336840,24239
1361020,24240
1366290,24241
1403800,24242
1410620,24243
1424700,24244
1426790,24245
1427640,24246
1437770,24247
1452410,24248
1491090,24249
1503280,24250
1523800,24251
1524230,24252
42722,24253
73037,24254
1535290,24255
1553230,24256
1563010,24257
1572180,24258
1588160,24259
1595310,24260
1602280,24261
1641510,24262
1644310,24263
1677730,24264
1686980,24265
1719890,24266
1755890,24267
1758200,24268
1765540,24269
1850020,24270
1867330,24271
1872550,24272
1908720,24273
1980390,24274
2012180,24275
2073200,24276
2101710,24277
11390,24278
208804,24279
299360,24280
301460,24281
318410,24282
343959,24283
353940,24284
366590,24285
369110,24286
376620,24287
711570,24288
400280,24289
420850,24290
434090,24291
829300,24292
439940,24293
457420,24294
463740,24295
505550,24296
507060,24297
516550,24298
527920,24299
538190,24300
554870,24301
587170,24302
596380,24303
610780,24304
643200,24305
652510,24306
657810,24307
688570,24308
716040,24309
722570,24310
749540,24311
750800,24312
776600,24313
777790,24314
793940,24315
837600,24316
876310,24317
908740,24318
987950,24319
995990,24320
998150,24321
1023750,24322
1047750,24323
1061540,24324
1070780,24325
1073610,24326
1080330,24327
1109480,24328
2272500,24329
1111650,24330
1113750,24331
1123460,24332
1240840,24333
1271690,24334
1288610,24335
1323600,24336
1328500,24337
1337820,24338
1383760,24339
1413590,24340
1422930,24341
1472250,24342
1489680,24343
1495690,24344
1507760,24345
1527780,24346
1529860,24347
1580640,24348
1593700,24349
1611070,24350
1674340,24351
1676550,24352
1690650,24353
1696090,24354
1698870,24355
1715380,24356
1789270,24357
1800900,24358
1906110,24359
1976820,24360
2066780,24361
2068460,24362
2171300,24363
2304680,24364
1141170,24365
107310,24366
212110,24367
248470,24368
284100,24369
315130,24370
338000,24371
341710,24372
351553,24373
354960,24374
375170,24375
376120,24376
376391,24377
379575,24378
388320,24379
393290,24380
393480,24381
405610,24382
412360,24383
418910,24384
430100,24385
431260,24386
433350,24387
436530,24388
445750,24389
448182,24390
457087,24391
459130,24392
488910,24393
496540,24394
515170,24395
516500,24396
557190,24397
575450,24398
589220,24399
597590,24400
608190,24401
611140,24402
628580,24403
638470,24404
675950,24405
676080,24406
703090,24407
787550,24408
789050,24409
850780,24410
867550,24411
871270,24412
872810,24413
881490,24414
892510,24415
896747,24416
909970,24417
910390,24418
926020,24419
950150,24420
952400,24421
971500,24422
991240,24423
993840,24424
1028895,24425
1057420,24426
1059160,24427
1066490,24428
1092950,24429
1111090,24430
1142180,24431
1125880,24432
1143720,24433
1152950,24434
1159000,24435
1167030,24436
1177100,24437
1204370,24438
1213180,24439
1233350,24440
1249420,24441
1253570,24442
1289234,24443
1303820,24444
1351360,24445
1363250,24446
1367570,24447
1372550,24448
1390380,24449
1394420,24450
1444110,24451
1898420,24452
1181740,24453
1444190,24454
1486280,24455
1490460,24456
1557700,24457
1600890,24458
1605960,24459
1660890,24460
1683670,24461
1699500,24462
1703740,24463
1823360,24464
1839960,24465
1861780,24466
1881340,24467
1889660,24468
1892680,24469
1962030,24470
1992260,24471
2010720,24472
2259740,24473
360450,24474
3810,24475
39800,24476
73033,24477
203775,24478
204940,24479
217120,24480
258180,24481
260020,24482
292983,24483
303870,24484
314340,24485
314560,24486
326180,24487
327260,24488
1183740,24489
327520,24490
328830,24491
333120,24492
340860,24493
355910,24494
909370,24495
371520,24496
372080,24497
389900,24498
390650,24499
406650,24500
429580,24501
466540,24502
467430,24503
492690,24504
495980,24505
502100,24506
509230,24507
512000,24508
515910,24509
544940,24510
547210,24511
550170,24512
554700,24513
575710,24514
576940,24515
593670,24516
603230,24517
610570,24518
639770,24519
675720,24520
675960,24521
677260,24522
680730,24523
691080,24524
716940,24525
749370,24526
757580,24527
804410,24528
823340,24529
830850,24530
836290,24531
871850,24532
882110,24533
882120,24534
885070,24535
888670,24536
913600,24537
939120,24538
1002490,24539
1019020,24540
1022180,24541
1034370,24542
1044630,24543
1064221,24544
1069710,24545
1084710,24546
1099840,24547
1101570,24548
1102260,24549
1118000,24550
1123650,24551
1139880,24552
1215550,24553
1218570,24554
1998951,24555
1255380,24556
1272060,24557
1272690,24558
1295490,24559
1296560,24560
1304910,24561
1307200,24562
1309870,24563
1331620,24564
1341650,24565
1345870,24566
1364800,24567
1390120,24568
1404980,24569
1408990,24570
1417540,24571
1423060,24572
1427700,24573
1429670,24574
1471080,24575
1481680,24576
1499520,24577
1506600,24578
1537600,24579
1548930,24580
1587180,24581
1665520,24582
1671340,24583
1682840,24584
1766160,24585
1780990,24586
1805590,24587
1814990,24588
1856010,24589
1883510,24590
1927650,24591
1971980,24592
2007840,24593
2159880,24594
2160160,24595
2185750,24596
2302160,24597
23150,24598
48150,24599
65610,24600
111000,24601
208353,24602
245010,24603
263320,24604
278970,24605
285130,24606
306440,24607
313980,24608
335660,24609
534680,24610
341530,24611
349210,24612
351730,24613
880550,24614
368140,24615
370190,24616
378642,24617
378647,24618
399240,24619
412370,24620
412460,24621
418160,24622
428280,24623
450220,24624
462530,24625
465660,24626
467780,24627
494090,24628
500940,24629
503240,24630
509850,24631
510840,24632
521230,24633
542960,24634
545800,24635
566880,24636
579040,24637
601250,24638
619720,24639
629380,24640
639460,24641
649870,24642
708120,24643
711320,24644
712000,24645
717070,24646
725640,24647
739030,24648
770370,24649
777020,24650
785060,24651
793600,24652
795610,24653
813970,24654
814770,24655
818030,24656
875300,24657
972280,24658
972850,24659
982700,24660
997750,24661
1003160,24662
1024610,24663
1036270,24664
1037830,24665
1046370,24666
1052500,24667
1056860,24668
1078520,24669
1081810,24670
1107820,24671
1117390,24672
1127170,24673
1128570,24674
1151430,24675
1178430,24676
1199640,24677
1255740,24678
1275760,24679
1278270,24680
1286570,24681
1302430,24682
1304510,24683
1314980,24684
1315100,24685
1345990,24686
1346310,24687
1391740,24688
1407860,24689
1411670,24690
1419380,24691
1439300,24692
1454430,24693
1475780,24694
1509230,24695
1513680,24696
1029920,24697
1514610,24698
1653300,24699
1694100,24700
1734890,24701
1746370,24702
1768810,24703
1825650,24704
1829594,24705
1863100,24706
1886850,24707
1932890,24708
1968600,24709
2158130,24710
2191270,24711
340,24712
1670,24713
47870,24714
1299270,24715
565030,24716
293600,24717
299600,24718
356170,24719
361330,24720
362670,24721
365730,24722
374030,24723
414950,24724
423550,24725
431540,24726
438010,24727
444710,24728
458170,24729
458510,24730
467910,24731
474240,24732
476030,24733
485970,24734
492840,24735
222541,24736
496490,24737
496660,24738
496730,24739
496990,24740
501470,24741
510040,24742
523710,24743
527770,24744
544420,24745
556820,24746
563500,24747
564810,24748
566390,24749
567010,24750
603420,24751
608370,24752
608580,24753
608990,24754
615090,24755
644900,24756
676090,24757
735460,24758
748060,24759
755540,24760
773471,24761
776530,24762
780580,24763
810780,24764
815440,24765
823920,24766
827460,24767
842420,24768
847790,24769
849305,24770
852320,24771
897380,24772
913180,24773
926010,24774
950160,24775
962150,24776
965410,24777
970970,24778
991930,24779
1014560,24780
1095790,24781
1042160,24782
1053980,24783
1060360,24784
1090162,24785
1098760,24786
1114830,24787
1129690,24788
1141530,24789
1141570,24790
1141640,24791
1148360,24792
1154300,24793
1173340,24794
1174290,24795
1200400,24796
1216030,24797
1222635,24798
1242744,24799
1253302,24800
1265970,24801
1275660,24802
1292540,24803
1294280,24804
566900,24805
1361840,24806
1402900,24807
1416000,24808
1425070,24809
1467830,24810
1511970,24811
1529550,24812
1531602,24813
1547490,24814
1563770,24815
1571330,24816
1572120,24817
1694880,24818
1697080,24819
1880640,24820
1896710,24821
1936130,24822
22630,24823
1979120,24824
1987650,24825
2001690,24826
2058370,24827
2066550,24828
2068820,24829
2088250,24830
2104732,24831
2170760,24832
2187740,24833
2207060,24834
2261570,24835
264520,24836
277510,24837
282560,24838
323780,24839
327940,24840
337650,24841
339033,24842
528180,24843
339250,24844
348800,24845
363840,24846
364370,24847
378270,24848
381220,24849
391420,24850
396171,24851
409460,24852
420070,24853
445350,24854
465750,24855
487220,24856
498340,24857
513930,24858
516120,24859
530500,24860
539090,24861
557880,24862
561080,24863
564680,24864
595640,24865
601780,24866
617030,24867
628130,24868
634060,24869
646600,24870
659930,24871
670280,24872
676720,24873
680390,24874
684870,24875
688800,24876
705640,24877
706960,24878
727100,24879
734283,24880
740810,24881
756590,24882
759750,24883
801870,24884
858420,24885
922650,24886
932760,24887
960720,24888
960920,24889
966010,24890
977160,24891
986370,24892
989490,24893
1016950,24894
1042330,24895
1054290,24896
1086840,24897
1097690,24898
1106690,24899
1109490,24900
1110720,24901
1114270,24902
1118100,24903
1146880,24904
1198760,24905
1631130,24906
1240910,24907
1251300,24908
1267860,24909
1271980,24910
1302930,24911
1351290,24912
1380290,24913
1383670,24914
1391690,24915
1457930,24916
1492210,24917
1495950,24918
1513670,24919
1521520,24920
1551180,24921
1563840,24922
1572380,24923
1606300,24924
210015,24925
1673550,24926
1686690,24927
1692900,24928
1737620,24929
1771210,24930
1805670,24931
1814780,24932
1825080,24933
1844510,24934
1850840,24935
71390,24936
1856020,24937
1869890,24938
1945360,24939
1980890,24940
1983670,24941
1998030,24942
2017580,24943
2067000,24944
1156050,24945
2170890,24946
2208320,24947
209650,24948
220900,24949
222562,24950
229210,24951
238870,24952
268750,24953
279500,24954
279990,24955
282512,24956
283040,24957
300360,24958
337220,24959
352186,24960
355430,24961
361600,24962
374570,24963
381800,24964
392020,24965
893420,24966
395580,24967
398250,24968
410740,24969
412440,24970
455710,24971
456470,24972
460890,24973
461730,24974
477900,24975
488360,24976
496960,24977
497670,24978
501940,24979
511330,24980
511540,24981
513270,24982
516890,24983
520840,24984
523511,24985
527270,24986
528670,24987
544530,24988
552630,24989
555610,24990
556920,24991
562372,24992
562520,24993
583950,24994
584200,24995
585430,24996
597040,24997
612820,24998
624830,24999
626160,25000
655760,25001
666340,25002
679830,25003
680400,25004
682730,25005
696430,25006
697630,25007
515470,25008
705860,25009
713610,25010
721720,25011
724980,25012
740020,25013
752570,25014
777770,25015
799460,25016
808880,25017
819650,25018
823530,25019
835450,25020
837220,25021
871100,25022
899540,25023
949380,25024
966000,25025
966530,25026
970130,25027
973800,25028
524310,25029
649150,25030
998850,25031
1001970,25032
1020780,25033
1063230,25034
1067200,25035
1083800,25036
1143610,25037
1155830,25038
1157732,25039
1164440,25040
1216470,25041
1221650,25042
1221890,25043
1224530,25044
1246390,25045
1251840,25046
1259240,25047
1278290,25048
1280730,25049
1286370,25050
1313360,25051
1761740,25052
1369770,25053
1408220,25054
1455040,25055
1518200,25056
1520510,25057
1527290,25058
1531790,25059
1535500,25060
1547150,25061
1581420,25062
1644920,25063
1670010,25064
1676880,25065
1697810,25066
1709260,25067
277630,25068
1721830,25069
1759130,25070
1783740,25071
1792660,25072
1825460,25073
1882160,25074
1992580,25075
1995110,25076
2054340,25077
2081690,25078
2126010,25079
23700,25080
257650,25081
269810,25082
4230,25083
293054,25084
27940,25085
329150,25086
331070,25087
34272,25088
57696,25089
251410,25090
261820,25091
263800,25092
325989,25093
337970,25094
340470,25095
346340,25096
349670,25097
350770,25098
366920,25099
370920,25100
378641,25101
408102,25102
412540,25103
416480,25104
417110,25105
433650,25106
440130,25107
443330,25108
24029,25109
217690,25110
466780,25111
223710,25112
267340,25113
278710,25114
307050,25115
316970,25116
318480,25117
345010,25118
352160,25119
365110,25120
367810,25121
369040,25122
380700,25123
381940,25124
404011,25125
409710,25126
410050,25127
413830,25128
423700,25129
444260,25130
454100,25131
456920,25132
485280,25133
525450,25134
525500,25135
569640,25136
351410,25137
575580,25138
575700,25139
580020,25140
360380,25141
589740,25142
367010,25143
598780,25144
383520,25145
612960,25146
385830,25147
386110,25148
406960,25149
65256,25150
207190,25151
208281,25152
208710,25153
226666,25154
265120,25155
461350,25156
9340,25157
286730,25158
12440,25159
288930,25160
205637,25161
290401,25162
209730,25163
293440,25164
209772,25165
222558,25166
302570,25167
222587,25168
305840,25169
244610,25170
332700,25171
245730,25172
342570,25173
252570,25174
254260,25175
347290,25176
448730,25177
451630,25178
452410,25179
479990,25180
484890,25181
488130,25182
414160,25183
489020,25184
516510,25185
521720,25186
524490,25187
420770,25188
527950,25189
529770,25190
546400,25191
549390,25192
431430,25193
560960,25194
570690,25195
584220,25196
255280,25197
269370,25198
290380,25199
318440,25200
320790,25201
340290,25202
351400,25203
357370,25204
361200,25205
368150,25206
370620,25207
378100,25208
408750,25209
423770,25210
432490,25211
432890,25212
442810,25213
447270,25214
448630,25215
456200,25216
459500,25217
347690,25218
352050,25219
355280,25220
360390,25221
378710,25222
385370,25223
385950,25224
388260,25225
393790,25226
394850,25227
398210,25228
404460,25229
406310,25230
437180,25231
458290,25232
462110,25233
496640,25234
498540,25235
499420,25236
506800,25237
524200,25238
524320,25239
836600,25240
616030,25241
617590,25242
619220,25243
649670,25244
650291,25245
651120,25246
653210,25247
815320,25248
662780,25249
667130,25250
670630,25251
703530,25252
749990,25253
758660,25254
765380,25255
778590,25256
787260,25257
790080,25258
790700,25259
794820,25260
797200,25261
805760,25262
828380,25263
590910,25264
611020,25265
613330,25266
614250,25267
620940,25268
640150,25269
661820,25270
690930,25271
707450,25272
710090,25273
710120,25274
711480,25275
720270,25276
720470,25277
724260,25278
733820,25279
738580,25280
747520,25281
778860,25282
811620,25283
840580,25284
433630,25285
433900,25286
478210,25287
512410,25288
525300,25289
564190,25290
602880,25291
529760,25292
612190,25293
612230,25294
616191,25295
618350,25296
618590,25297
655120,25298
656060,25299
665030,25300
667290,25301
668850,25302
673440,25303
678820,25304
701040,25305
709190,25306
717780,25307
718720,25308
2780,25309
18522,25310
25962,25311
42950,25312
71120,25313
238890,25314
246250,25315
248710,25316
267610,25317
291070,25318
324343,25319
339120,25320
341820,25321
359070,25322
381610,25323
391780,25324
393240,25325
394390,25326
405540,25327
428430,25328
440730,25329
441940,25330
855700,25331
1481720,25332
1492920,25333
1509850,25334
1564080,25335
1598810,25336
1624140,25337
552651,25338
1641230,25339
1663550,25340
1800300,25341
1702980,25342
1812820,25343
1707040,25344
1852100,25345
1731260,25346
1854580,25347
510120,25348
831720,25349
864790,25350
881730,25351
891320,25352
916100,25353
960740,25354
1057770,25355
1153930,25356
1155120,25357
1160820,25358
1166240,25359
1178280,25360
1188430,25361
1222190,25362
1222790,25363
1239890,25364
1242742,25365
1249300,25366
1266420,25367
1315150,25368
1365560,25369
1376270,25370
531960,25371
532690,25372
556720,25373
560300,25374
562387,25375
577470,25376
591360,25377
595260,25378
598600,25379
604590,25380
612060,25381
624890,25382
677810,25383
687900,25384
700740,25385
706280,25386
713500,25387
739180,25388
742230,25389
745830,25390
764920,25391
754460,25392
760841,25393
768100,25394
776580,25395
779570,25396
792330,25397
802330,25398
806960,25399
823040,25400
842120,25401
843360,25402
843740,25403
848550,25404
874270,25405
896170,25406
925490,25407
932240,25408
934710,25409
956870,25410
992330,25411
1000480,25412
1037010,25413
1051870,25414
452521,25415
470590,25416
523720,25417
556140,25418
556540,25419
564700,25420
567890,25421
572760,25422
601010,25423
603460,25424
825550,25425
617690,25426
629840,25427
647500,25428
663540,25429
670430,25430
676550,25431
680830,25432
686450,25433
696280,25434
471700,25435
483680,25436
490880,25437
491090,25438
493110,25439
527320,25440
535190,25441
573110,25442
576950,25443
591680,25444
593740,25445
593990,25446
594000,25447
594810,25448
603880,25449
630080,25450
647650,25451
654570,25452
658500,25453
721420,25454
722810,25455
821800,25456
851980,25457
859130,25458
879030,25459
897550,25460
899180,25461
936820,25462
955890,25463
984540,25464
992680,25465
1019512,25466
1021850,25467
1429755,25468
1431482,25469
1039380,25470
1046980,25471
1061820,25472
1067810,25473
726120,25474
728540,25475
1109206,25476
737490,25477
774321,25478
1141710,25479
857850,25480
1079970,25481
1087060,25482
1096980,25483
1102780,25484
1120310,25485
1185340,25486
1295260,25487
1338220,25488
1384820,25489
1389530,25490
1413300,25491
1418460,25492
1425410,25493
1426110,25494
1448330,25495
1450050,25496
1469340,25497
874400,25498
1403750,25499
1445630,25500
1451140,25501
1456360,25502
1466010,25503
1479170,25504
1507630,25505
1507990,25506
1508960,25507
810670,25508
1581220,25509
1597170,25510
1645460,25511
1695793,25512
1697190,25513
1725130,25514
1752130,25515
778760,25516
801910,25517
805970,25518
880370,25519
698040,25520
752800,25521
759740,25522
764430,25523
767110,25524
770090,25525
778190,25526
779260,25527
780800,25528
810570,25529
779320,25530
782380,25531
831680,25532
1150040,25533
783910,25534
1165230,25535
833170,25536
836610,25537
813110,25538
1762920,25539
1900490,25540
1900780,25541
2000150,25542
2228230,25543
931450,25544
932120,25545
937970,25546
973240,25547
997560,25548
1015090,25549
1018730,25550
1021940,25551
1039310,25552
1041670,25553
1042230,25554
1048873,25555
1056580,25556
1064271,25557
1064660,25558
1067520,25559
1081560,25560
1086240,25561
1087800,25562
1188970,25563
1202090,25564
535760,25565
788740,25566
789620,25567
790230,25568
810000,25569
834000,25570
876320,25571
899390,25572
899480,25573
905300,25574
914630,25575
918970,25576
936650,25577
940300,25578
949030,25579
949880,25580
958280,25581
986080,25582
988100,25583
999190,25584
1009350,25585
1052640,25586
1084070,25587
1135240,25588
1155030,25589
1157260,25590
1163130,25591
1172170,25592
1176580,25593
1180110,25594
1189900,25595
1205150,25596
1219740,25597
1232140,25598
1232500,25599
1265690,25600
1279580,25601
1293650,25602
1305500,25603
1256380,25604
1262780,25605
1265510,25606
1271530,25607
1289960,25608
1298820,25609
1332890,25610
1411030,25611
1412610,25612
1422150,25613
1448650,25614
1469000,25615
1477890,25616
1495350,25617
1513580,25618
1515290,25619
1534290,25620
1561660,25621
1566250,25622
1587970,25623
1612100,25624
1646480,25625
1701090,25626
1910260,25627
1914200,25628
1930761,25629
1988430,25630
2065920,25631
1357410,25632
2093290,25633
1363490,25634
1367530,25635
2131380,25636
2133360,25637
2167890,25638
2255120,25639
2275550,25640
1861620,25641
1870210,25642
2016580,25643
2181710,25644
543070,25645
545830,25646
546980,25647
554530,25648
577760,25649
596560,25650
599960,25651
614450,25652
622380,25653
624622,25654
641910,25655
656070,25656
657320,25657
669340,25658
675220,25659
678890,25660
701760,25661
1197010,25662
1220930,25663
1242746,25664
1247160,25665
1260960,25666
1308350,25667
1358810,25668
1394410,25669
1733660,25670
1394700,25671
1417670,25672
1445120,25673
1457370,25674
1465330,25675
1468000,25676
1492900,25677
1518940,25678
1533004,25679
1548870,25680
1566050,25681
1924370,25682
1370660,25683
1373470,25684
1390000,25685
1403190,25686
1406260,25687
1428460,25688
1447430,25689
1452130,25690
1492570,25691
1509400,25692
1528920,25693
1534550,25694
1580340,25695
1583140,25696
1593410,25697
1635620,25698
1579100,25699
1581860,25700
1611710,25701
1623960,25702
1660460,25703
1665680,25704
1672440,25705
1684330,25706
1740710,25707
1768260,25708
1789560,25709
1827940,25710
1838400,25711
1840150,25712
1867480,25713
1898320,25714
1906130,25715
1920790,25716
1638520,25717
1699530,25718
1751560,25719
1783460,25720
1813730,25721
1822530,25722
1864050,25723
1958970,25724
2018280,25725
492270,25726
2019640,25727
2092040,25728
2157110,25729
708430,25730
711690,25731
725970,25732
731560,25733
731880,25734
745010,25735
754540,25736
796910,25737
1945980,25738
1962540,25739
1977030,25740
2092190,25741
2114180,25742
2132710,25743
2266410,25744
1360790,25745
2284780,25746
815030,25747
848770,25748
851271,25749
858380,25750
860340,25751
877440,25752
918180,25753
933390,25754
949670,25755
956560,25756
1109690,25757
1149540,25758
1189750,25759
1224450,25760
1252170,25761
1300560,25762
1347460,25763
1365190,25764
1398210,25765
1477020,25766
1479030,25767
1493400,25768
1496930,25769
1497330,25770
1506100,25771
1531800,25772
1561910,25773
1577970,25774
1614500,25775
1661900,25776
1737050,25777
1753010,25778
1773200,25779
1789180,25780
1834120,25781
310032,25782
1840380,25783
1856680,25784
1972740,25785
1973970,25786
2069220,25787
2085270,25788
2094720,25789
2112200,25790
2113050,25791
2134630,25792
2255060,25793
2263560,25794
2278130,25795
2314360,25796
960270,25797
962050,25798
976780,25799
983280,25800
1008700,25801
311400,25802
1010650,25803
1017780,25804
1018640,25805
1036490,25806
1052900,25807
1064910,25808
1074300,25809
1100210,25810
1114860,25811
1131170,25812
1145760,25813
1153170,25814
1175470,25815
511380,25816
1201400,25817
1231950,25818
1235790,25819
1255640,25820
1279390,25821
1282890,25822
10240,25823
200550,25824
226673,25825
264730,25826
266170,25827
277773,25828
302310,25829
304580,25830
313140,25831
320540,25832
326730,25833
334040,25834
342350,25835
343962,25836
344030,25837
350990,25838
368870,25839
370002,25840
373940,25841
386200,25842
392280,25843
420310,25844
425300,25845
9730,25846
20540,25847
22361,25848
48805,25849
209373,25850
222581,25851
261960,25852
280540,25853
290850,25854
302330,25855
302470,25856
312050,25857
315930,25858
318220,25859
338980,25860
344180,25861
346850,25862
356820,25863
364321,25864
365800,25865
396960,25866
1287250,25867
104000,25868
207790,25869
222580,25870
236490,25871
267730,25872
317380,25873
317940,25874
321330,25875
321610,25876
324750,25877
326960,25878
338290,25879
343830,25880
349020,25881
352580,25882
354500,25883
358800,25884
363520,25885
372160,25886
447980,25887
460910,25888
467370,25889
485830,25890
488960,25891
513250,25892
522710,25893
529820,25894
538920,25895
540870,25896
542280,25897
558762,25898
565980,25899
567060,25900
570310,25901
573340,25902
586230,25903
588830,25904
618100,25905
642600,25906
405000,25907
408440,25908
411400,25909
413580,25910
413700,25911
437660,25912
456221,25913
493290,25914
558780,25915
562420,25916
566270,25917
576050,25918
579120,25919
594160,25920
599510,25921
614260,25922
628730,25923
1293620,25924
376971,25925
384590,25926
390880,25927
396870,25928
399260,25929
402890,25930
421790,25931
431840,25932
442840,25933
444550,25934
457670,25935
463860,25936
466210,25937
496480,25938
503210,25939
517470,25940
521090,25941
522660,25942
524110,25943
527240,25944
661970,25945
672310,25946
682500,25947
708930,25948
711560,25949
727550,25950
734570,25951
744040,25952
766110,25953
768460,25954
729820,25955
771470,25956
790290,25957
795720,25958
804640,25959
826660,25960
876470,25961
893570,25962
911120,25963
914400,25964
934650,25965
935860,25966
639650,25967
640300,25968
648120,25969
665490,25970
681190,25971
682170,25972
684560,25973
687320,25974
701720,25975
703970,25976
720680,25977
721940,25978
731720,25979
749830,25980
753230,25981
758410,25982
769220,25983
773390,25984
773530,25985
959750,25986
964180,25987
1016390,25988
1027650,25989
1029970,25990
1087020,25991
1123300,25992
1135050,25993
1152090,25994
1192680,25995
1192820,25996
1200200,25997
1208950,25998
727170,25999
1244530,26000
1273180,26001
1291250,26002
1296010,26003
1308170,26004
1343140,26005
442710,26006
546660,26007
560730,26008
581670,26009
582050,26010
582578,26011
598480,26012
607490,26013
608680,26014
614007,26015
620280,26016
649240,26017
650410,26018
679820,26019
679860,26020
680780,26021
709060,26022
720290,26023
733870,26024
739130,26025
740600,26026
753380,26027
763370,26028
766370,26029
544820,26030
1357090,26031
1361440,26032
1362340,26033
1376640,26034
1389260,26035
1392030,26036
1406930,26037
1410370,26038
1461360,26039
1469280,26040
1283580,26041
1488640,26042
1560540,26043
1567480,26044
1576550,26045
1581080,26046
1581630,26047
1633460,26048
790020,26049
790350,26050
797010,26051
799420,26052
803280,26053
828960,26054
864940,26055
872180,26056
876300,26057
894430,26058
913590,26059
917200,26060
923840,26061
956070,26062
1824840,26063
968420,26064
976070,26065
997170,26066
1011630,26067
1048879,26068
1061150,26069
1068620,26070
1128450,26071
1661690,26072
1712690,26073
1729780,26074
1755240,26075
1805140,26076
1808810,26077
1878810,26078
1889100,26079
1913970,26080
1829602,26081
1956530,26082
1917740,26083
1925100,26084
1931090,26085
1934020,26086
2003510,26087
2027170,26088
2106660,26089
769110,26090
769950,26091
786290,26092
835600,26093
850920,26094
851370,26095
871940,26096
874770,26097
877550,26098
892400,26099
921010,26100
921970,26101
2062370,26102
932870,26103
941650,26104
960220,26105
969250,26106
988180,26107
990180,26108
1006150,26109
1011300,26110
10260,26111
1133230,26112
1139480,26113
1155920,26114
1209570,26115
1215710,26116
1254380,26117
1259430,26118
1263110,26119
1273570,26120
1275980,26121
1280180,26122
1293040,26123
1336460,26124
1346210,26125
1347630,26126
1365200,26127
1465860,26128
1484580,26129
208289,26130
2157100,26131
1341470,26132
1348880,26133
1350850,26134
1355020,26135
1360660,26136
1361580,26137
1365420,26138
1367250,26139
1384030,26140
1403710,26141
1419070,26142
1502330,26143
1524750,26144
1526260,26145
1573080,26146
1577280,26147
1011420,26148
1039200,26149
1069820,26150
1078100,26151
1105130,26152
1153980,26153
1155680,26154
1210670,26155
1218230,26156
1228790,26157
1234900,26158
527160,26159
1258870,26160
1269050,26161
1276530,26162
1277710,26163
1331530,26164
1346240,26165
1348160,26166
1511240,26167
1511510,26168
1541930,26169
1558330,26170
1568580,26171
1633060,26172
1635550,26173
1637590,26174
1779130,26175
1801660,26176
2095600,26177
2114390,26178
2133143,26179
2134900,26180
2144270,26181
1583670,26182
1585130,26183
1348510,26184
1383480,26185
1385300,26186
1385940,26187
1387580,26188
1401170,26189
1414280,26190
1427620,26191
1452830,26192
1460090,26193
433120,26194
1483350,26195
1501900,26196
1512940,26197
1544430,26198
1574470,26199
1653420,26200
1674770,26201
548090,26202
1713100,26203
1726050,26204
1737200,26205
1793240,26206
1841060,26207
1889420,26208
1902020,26209
1915040,26210
1951970,26211
436040,26212
318660,26213
2055540,26214
2078460,26215
2232380,26216
1710400,26217
1729790,26218
1736270,26219
1747950,26220
1768602,26221
39000,26222
40391,26223
73036,26224
218510,26225
222586,26226
259041,26227
301730,26228
313760,26229
331060,26230
333091,26231
336700,26232
379243,26233
388390,26234
398150,26235
400470,26236
420270,26237
428060,26238
446490,26239
467850,26240
491650,26241
503010,26242
526411,26243
526470,26244
527990,26245
549770,26246
564080,26247
572180,26248
573270,26249
585770,26250
590270,26251
597730,26252
613040,26253
668650,26254
674440,26255
676800,26256
686090,26257
691390,26258
712810,26259
713740,26260
722540,26261
731590,26262
732290,26263
763070,26264
767050,26265
781660,26266
781880,26267
782690,26268
785830,26269
793630,26270
796130,26271
830580,26272
833260,26273
873380,26274
876880,26275
881920,26276
890700,26277
898240,26278
944650,26279
968910,26280
2177620,26281
976620,26282
978510,26283
1036600,26284
1057500,26285
1093300,26286
1829595,26287
1101780,26288
1145020,26289
1147760,26290
1165180,26291
1175980,26292
1199170,26293
1206230,26294
1213370,26295
1260840,26296
1325910,26297
1345280,26298
1353960,26299
1378730,26300
1397280,26301
348980,26302
1401070,26303
1409710,26304
1411700,26305
1418845,26306
1420050,26307
1429610,26308
1440450,26309
1443019,26310
1447070,26311
1447330,26312
1470820,26313
1475890,26314
1486540,26315
1506190,26316
1544590,26317
1574750,26318
1593750,26319
1670100,26320
1693970,26321
349740,26322
310070,26323
1699740,26324
1707840,26325
1708470,26326
1721410,26327
1753100,26328
1755950,26329
1800730,26330
1804760,26331
1847750,26332
1865780,26333
1900970,26334
1933450,26335
1944970,26336
1976450,26337
1991830,26338
2002140,26339
2004700,26340
2181430,26341
2209910,26342
2240530,26343
1841400,26344
1214200,26345
11260,26346
12310,26347
73119,26348
91330,26349
208298,26350
215536,26351
289800,26352
300620,26353
313190,26354
316140,26355
317970,26356
330350,26357
340630,26358
343300,26359
346220,26360
347280,26361
348960,26362
363620,26363
373990,26364
378643,26365
401550,26366
405760,26367
406710,26368
424320,26369
436270,26370
436860,26371
453770,26372
455960,26373
491060,26374
506590,26375
508180,26376
510830,26377
512420,26378
514240,26379
537740,26380
549100,26381
556280,26382
726760,26383
558110,26384
559920,26385
564470,26386
571730,26387
581220,26388
603320,26389
606000,26390
610350,26391
617630,26392
622020,26393
622360,26394
632280,26395
636400,26396
644110,26397
658800,26398
665120,26399
683930,26400
689830,26401
695510,26402
696160,26403
707960,26404
716010,26405
742900,26406
745670,26407
763360,26408
823770,26409
830640,26410
853210,26411
862120,26412
863470,26413
876930,26414
894310,26415
899960,26416
920770,26417
968460,26418
972760,26419
1024980,26420
1037460,26421
1062100,26422
1065200,26423
1091170,26424
1091910,26425
1141450,26426
551150,26427
1221990,26428
1247560,26429
1275290,26430
1284550,26431
1306570,26432
1342810,26433
1354670,26434
1361240,26435
1385700,26436
1400070,26437
1439800,26438
1449880,26439
1473000,26440
1479480,26441
1493020,26442
1516900,26443
1518640,26444
1523370,26445
1540910,26446
1548090,26447
1558970,26448
1587940,26449
1636690,26450
1648900,26451
1663890,26452
1721720,26453
1778090,26454
1784410,26455
1828880,26456
1847210,26457
1881270,26458
1959510,26459
1966070,26460
1972200,26461
1997790,26462
2088520,26463
2151310,26464
1851690,26465
1879820,26466
1909090,26467
65253,26468
215242,26469
225360,26470
232050,26471
247310,26472
250070,26473
265670,26474
307990,26475
308440,26476
311140,26477
316240,26478
320380,26479
338250,26480
339430,26481
339840,26482
347480,26483
349240,26484
352360,26485
355450,26486
363940,26487
364380,26488
373880,26489
396160,26490
516650,26491
408400,26492
410390,26493
410810,26494
433380,26495
434350,26496
434480,26497
440660,26498
444350,26499
446790,26500
451670,26501
453710,26502
458330,26503
485160,26504
488210,26505
498520,26506
553000,26507
499230,26508
500170,26509
502430,26510
519170,26511
530040,26512
530160,26513
538590,26514
547410,26515
548720,26516
551560,26517
564340,26518
575570,26519
578800,26520
589240,26521
612040,26522
638360,26523
674400,26524
677300,26525
683760,26526
690150,26527
829780,26528
747330,26529
749730,26530
753200,26531
768290,26532
782120,26533
795920,26534
816710,26535
820040,26536
824170,26537
845490,26538
876340,26539
876890,26540
884960,26541
893001,26542
923350,26543
934260,26544
937680,26545
970530,26546
984210,26547
1025480,26548
1049010,26549
1081850,26550
1094690,26551
2226780,26552
1137160,26553
1140630,26554
1145780,26555
1167770,26556
1184010,26557
1190820,26558
1223350,26559
1262110,26560
1266580,26561
1357371,26562
1401530,26563
1412630,26564
1419670,26565
1423720,26566
1455090,26567
1482940,26568
1497590,26569
1503990,26570
1508660,26571
1531730,26572
1572440,26573
1585250,26574
1654200,26575
1754150,26576
1769360,26577
1781750,26578
1859630,26579
1861880,26580
1886200,26581
1908140,26582
1986040,26583
2014930,26584
2022360,26585
2058950,26586
2094230,26587
2199240,26588
2215690,26589
1921140,26590
1970540,26591
1985240,26592
2055680,26593
2057070,26594
2095230,26595
2241570,26596
2253860,26597
389190,26598
394770,26599
416630,26600
421140,26601
423440,26602
434520,26603
46720,26604
92700,26605
204900,26606
214933,26607
224860,26608
226668,26609
589170,26610
229580,26611
263180,26612
287580,26613
291840,26614
307130,26615
321100,26616
322980,26617
331880,26618
338640,26619
339470,26620
342550,26621
356520,26622
357830,26623
357900,26624
367110,26625
367412,26626
46730,26627
254590,26628
270370,26629
289220,26630
316180,26631
319140,26632
344300,26633
350380,26634
352810,26635
355370,26636
358080,26637
377720,26638
378640,26639
374050,26640
385260,26641
391260,26642
393150,26643
394270,26644
411080,26645
424590,26646
431460,26647
432770,26648
446450,26649
448180,26650
454520,26651
484350,26652
491560,26653
497080,26654
504310,26655
512620,26656
517970,26657
525540,26658
526880,26659
526890,26660
836850,26661
853300,26662
854160,26663
856110,26664
857940,26665
861410,26666
875400,26667
880620,26668
886930,26669
887510,26670
891310,26671
923890,26672
933830,26673
957430,26674
969590,26675
1012970,26676
1028770,26677
1031790,26678
1057220,26679
1076640,26680
532660,26681
458630,26682
472830,26683
485270,26684
510740,26685
514010,26686
521980,26687
525037,26688
536690,26689
546160,26690
546350,26691
549950,26692
560080,26693
573740,26694
575210,26695
588630,26696
665200,26697
667770,26698
672240,26699
674420,26700
693670,26701
713060,26702
714970,26703
743830,26704
752520,26705
759610,26706
763698,26707
786560,26708
813400,26709
823360,26710
829370,26711
839250,26712
846010,26713
853320,26714
859440,26715
931540,26716
936020,26717
938840,26718
939940,26719
948220,26720
990030,26721
1010440,26722
1012850,26723
1038620,26724
1038830,26725
1039570,26726
1047720,26727
1055150,26728
1062200,26729
1067560,26730
1071810,26731
1073100,26732
1080780,26733
1081160,26734
1085930,26735
1097090,26736
1122270,26737
1158390,26738
1188260,26739
1194140,26740
1206740,26741
1227910,26742
1243360,26743
1254150,26744
1259960,26745
1278360,26746
1283550,26747
1296640,26748
1297230,26749
1304417,26750
1352540,26751
1397170,26752
661740,26753
1403460,26754
1410100,26755
1412040,26756
1415750,26757
211900,26758
242590,26759
246255,26760
246980,26761
284450,26762
289733,26763
302290,26764
309900,26765
324070,26766
368470,26767
389160,26768
395160,26769
422500,26770
438730,26771
461340,26772
462830,26773
490080,26774
504880,26775
508730,26776
511800,26777
1444710,26778
1454010,26779
1454550,26780
1470730,26781
1473940,26782
1504270,26783
1512320,26784
1515140,26785
1540420,26786
1558320,26787
1578570,26788
1621473,26789
1637670,26790
1667270,26791
1671180,26792
1681160,26793
1701140,26794
449460,26795
562570,26796
570820,26797
584760,26798
585090,26799
586030,26800
588110,26801
593560,26802
610130,26803
611630,26804
611960,26805
619310,26806
654600,26807
654820,26808
656210,26809
660030,26810
677040,26811
1216300,26812
1711740,26813
1727810,26814
1790230,26815
1800830,26816
1834620,26817
1862210,26818
1865130,26819
1870440,26820
1873570,26821
1910820,26822
1983245,26823
2066420,26824
2092700,26825
2143340,26826
2233900,26827
2244320,26828
2257050,26829
686550,26830
688690,26831
717090,26832
717300,26833
726710,26834
730300,26835
746240,26836
766700,26837
788330,26838
801210,26839
820400,26840
827110,26841
839570,26842
839930,26843
856440,26844
862210,26845
866270,26846
875480,26847
896670,26848
918070,26849
1623930,26850
919290,26851
932160,26852
1001100,26853
1008580,26854
1045490,26855
1062080,26856
1063440,26857
1064690,26858
1066940,26859
1081090,26860
1084990,26861
1116590,26862
1121590,26863
1128220,26864
1145660,26865
1148570,26866
1172980,26867
1178000,26868
1208580,26869
1210300,26870
592730,26871
1314460,26872
1316160,26873
1338420,26874
1356080,26875
1361270,26876
1366010,26877
1374940,26878
1385190,26879
1455590,26880
1460610,26881
1466290,26882
1467390,26883
1508670,26884
1515800,26885
1547350,26886
1572190,26887
1610610,26888
799730,26889
1626110,26890
1657760,26891
1699690,26892
1743810,26893
1766750,26894
1783700,26895
1804970,26896
1838140,26897
1873800,26898
1901040,26899
1939740,26900
1963660,26901
1989850,26902
1998170,26903
2005630,26904
2099030,26905
2203690,26906
2262970,26907
46380,26908
611210,26909
58400,26910
200670,26911
222631,26912
248490,26913
272470,26914
274010,26915
278640,26916
299020,26917
299780,26918
307210,26919
320860,26920
339160,26921
345640,26922
379565,26923
385230,26924
420500,26925
431350,26926
448198,26927
477750,26928
486360,26929
26500,26930
228560,26931
236510,26932
258220,26933
260000,26934
275830,26935
296010,26936
313381,26937
314120,26938
322540,26939
324340,26940
343955,26941
356790,26942
373490,26943
375680,26944
376560,26945
390660,26946
400510,26947
402940,26948
431450,26949
523610,26950
1050330,26951
524520,26952
528820,26953
562430,26954
573300,26955
592700,26956
601870,26957
603020,26958
611810,26959
648060,26960
658000,26961
661460,26962
663240,26963
671270,26964
700990,26965
710740,26966
712080,26967
727280,26968
740780,26969
748310,26970
456170,26971
466660,26972
486650,26973
489240,26974
490510,26975
494350,26976
498510,26977
498580,26978
502440,26979
504710,26980
518620,26981
529870,26982
531050,26983
536410,26984
548650,26985
549880,26986
567150,26987
569770,26988
576400,26989
589150,26990
791950,26991
1064090,26992
800580,26993
814210,26994
817770,26995
836890,26996
840130,26997
870120,26998
872090,26999
888130,27000
911510,27001
926400,27002
933200,27003
937490,27004
941850,27005
942280,27006
949960,27007
985110,27008
989710,27009
839410,27010
594370,27011
597074,27012
609280,27013
914070,27014
610660,27015
613790,27016
623550,27017
629550,27018
632290,27019
673820,27020
676760,27021
712260,27022
716250,27023
719120,27024
750960,27025
759640,27026
766250,27027
774531,27028
792410,27029
797150,27030
803310,27031
813930,27032
1016930,27033
918490,27034
1066230,27035
1092730,27036
1126510,27037
1146010,27038
1148030,27039
1150400,27040
1150500,27041
1152920,27042
1195530,27043
1234190,27044
1248220,27045
1252030,27046
1271790,27047
1283630,27048
1301470,27049
1304690,27050
1338620,27051
1339220,27052
1357710,27053
1363160,27054
1378060,27055
1432670,27056
1447470,27057
1506430,27058
1560890,27059
1616580,27060
1620020,27061
1677380,27062
1706310,27063
1788270,27064
1804518,27065
1836940,27066
1846820,27067
872680,27068
882560,27069
905090,27070
942300,27071
965080,27072
976800,27073
1008300,27074
1010070,27075
1019513,27076
1045850,27077
1062260,27078
1066420,27079
1069050,27080
1077160,27081
1096560,27082
1142760,27083
1151130,27084
1854290,27085
1864580,27086
1894320,27087
1995080,27088
2000540,27089
2059740,27090
2085500,27091
2085510,27092
2096710,27093
2152000,27094
2154940,27095
2205460,27096
2214830,27097
2215322,27098
1185680,27099
1191330,27100
1199050,27101
1200140,27102
1210700,27103
1211350,27104
1259990,27105
1268570,27106
1288240,27107
1291530,27108
1305450,27109
1332940,27110
612170,27111
1377240,27112
1419860,27113
1468240,27114
1477700,27115
1512080,27116
1515040,27117
1568180,27118
1574450,27119
1607310,27120
1672630,27121
1675040,27122
1737330,27123
1740140,27124
1743820,27125
1813050,27126
1829340,27127
1853890,27128
1855100,27129
1862530,27130
1869880,27131
1878580,27132
1898790,27133
1921160,27134
1978500,27135
1998590,27136
2015650,27137
2021530,27138
2215010,27139
11050,27140
38185,27141
208342,27142
219101,27143
231060,27144
259870,27145
260650,27146
262810,27147
278620,27148
624330,27149
283310,27150
294420,27151
295530,27152
314590,27153
338550,27154
46450,27155
341570,27156
343000,27157
70100,27158
217920,27159
352560,27160
366843,27161
229250,27162
243280,27163
368040,27164
270750,27165
277540,27166
300510,27167
305070,27168
310034,27169
314370,27170
321710,27171
325971,27172
355310,27173
364830,27174
366550,27175
368990,27176
374080,27177
378490,27178
378530,27179
394280,27180
395520,27181
403270,27182
403560,27183
416030,27184
417540,27185
423880,27186
428110,27187
428260,27188
428350,27189
444520,27190
446240,27191
448380,27192
462130,27193
488590,27194
493380,27195
544650,27196
563470,27197
586600,27198
607330,27199
615160,27200
640880,27201
644000,27202
652890,27203
654850,27204
659220,27205
663190,27206
704190,27207
714050,27208
723820,27209
739410,27210
744640,27211
749550,27212
763230,27213
108210,27214
763740,27215
791750,27216
793820,27217
796350,27218
803680,27219
816500,27220
826090,27221
832140,27222
835110,27223
854740,27224
868090,27225
883970,27226
891200,27227
895110,27228
931470,27229
989040,27230
57700,27231
992750,27232
1010940,27233
1032510,27234
1049070,27235
1059850,27236
1062670,27237
1086990,27238
1087600,27239
1096590,27240
1101420,27241
1102720,27242
1137880,27243
1138010,27244
1145550,27245
1152210,27246
1175120,27247
1181790,27248
1201730,27249
1213640,27250
1216050,27251
1281080,27252
1307070,27253
1332210,27254
677060,27255
1340180,27256
1346420,27257
1351880,27258
1354370,27259
1373600,27260
1386160,27261
1410210,27262
1410740,27263
1417190,27264
1438940,27265
1464350,27266
1489880,27267
1502010,27268
603550,27269
612260,27270
615460,27271
672000,27272
676730,27273
678190,27274
706490,27275
729190,27276
751690,27277
766000,27278
778250,27279
811480,27280
829560,27281
857760,27282
862130,27283
871710,27284
872490,27285
889720,27286
895990,27287
896748,27288
493710,27289
1505380,27290
1554460,27291
1586690,27292
1597260,27293
1597790,27294
977770,27295
1619330,27296
1620860,27297
1635250,27298
1686380,27299
1700710,27300
1771200,27301
1781160,27302
1814490,27303
1819950,27304
1835510,27305
1874810,27306
925910,27307
904740,27308
911130,27309
920510,27310
926310,27311
937140,27312
970580,27313
1798007,27314
983670,27315
1042530,27316
1063530,27317
1078360,27318
1084071,27319
1146260,27320
1207210,27321
1210590,27322
1242910,27323
1247920,27324
1287860,27325
1296280,27326
1300390,27327
1875140,27328
1905260,27329
1906250,27330
1927030,27331
1937531,27332
2113630,27333
213311,27334
2148830,27335
2207050,27336
2216230,27337
1420980,27338
1431610,27339
1443082,27340
1459570,27341
1486800,27342
1502520,27343
1513450,27344
1523150,27345
1533940,27346
1538920,27347
1663110,27348
1341640,27349
1364950,27350
1367860,27351
1403280,27352
1442040,27353
1457150,27354
1501320,27355
1533460,27356
1555270,27357
1569440,27358
1583910,27359
1610130,27360
1701640,27361
1717652,27362
1756330,27363
1779190,27364
1868710,27365
1895950,27366
1945841,27367
1978850,27368
1996710,27369
2005950,27370
2050960,27371
2066270,27372
1684510,27373
1750600,27374
1860120,27375
1879290,27376
1885130,27377
1917350,27378
1924440,27379
1924590,27380
1926890,27381
1934530,27382
1962663,27383
2071360,27384
2072910,27385
42170,27386
65500,27387
206522,27388
207000,27389
208283,27390
215970,27391
236790,27392
246360,27393
253770,27394
281370,27395
298641,27396
308460,27397
342650,27398
343120,27399
352440,27400
356090,27401
385310,27402
387240,27403
389700,27404
420360,27405
46360,27406
437080,27407
449780,27408
453980,27409
460140,27410
486990,27411
495090,27412
513590,27413
518690,27414
530930,27415
787370,27416
540500,27417
544400,27418
560740,27419
573070,27420
577270,27421
580320,27422
584100,27423
589060,27424
626550,27425
665040,27426
677820,27427
682510,27428
697580,27429
713030,27430
715090,27431
733090,27432
745400,27433
769360,27434
773590,27435
776480,27436
779990,27437
792880,27438
824450,27439
827420,27440
846080,27441
851330,27442
891120,27443
923730,27444
947430,27445
972350,27446
989170,27447
991430,27448
1000280,27449
210894,27450
1012830,27451
1053000,27452
1059840,27453
1067430,27454
1069270,27455
1069910,27456
1099600,27457
1102500,27458
1110980,27459
1128210,27460
1602980,27461
1237080,27462
1257250,27463
1287640,27464
1300610,27465
1390390,27466
1416730,27467
1467070,27468
1482830,27469
679090,27470
1507910,27471
1508640,27472
1517260,27473
1524380,27474
1546970,27475
1558885,27476
1575960,27477
1588570,27478
1591380,27479
246720,27480
1603860,27481
1621860,27482
1664350,27483
1669330,27484
1681360,27485
1693660,27486
1708200,27487
1709630,27488
1742530,27489
1760160,27490
1780480,27491
1780520,27492
1835490,27493
1907170,27494
1949473,27495
1985190,27496
1985690,27497
2075420,27498
2106770,27499
2170490,27500
2216070,27501
2221940,27502
2084940,27503
2108420,27504
2174600,27505
2185470,27506
2206690,27507
34179,27508
212390,27509
259211,27510
289400,27511
296730,27512
306850,27513
307560,27514
311850,27515
313960,27516
316830,27517
323910,27518
333930,27519
539280,27520
242310,27521
345440,27522
367550,27523
370040,27524
376130,27525
381320,27526
393390,27527
404090,27528
411120,27529
1480360,27530
417480,27531
425150,27532
426040,27533
435000,27534
444220,27535
461210,27536
497150,27537
499900,27538
500320,27539
514750,27540
531740,27541
553800,27542
586080,27543
590440,27544
593070,27545
603360,27546
620570,27547
629210,27548
668910,27549
677650,27550
687590,27551
209771,27552
718320,27553
727420,27554
734080,27555
734280,27556
747800,27557
749480,27558
750460,27559
769980,27560
770460,27561
796030,27562
809080,27563
821680,27564
624630,27565
846670,27566
938440,27567
950210,27568
980320,27569
1033930,27570
1041820,27571
1049130,27572
1062060,27573
1072870,27574
226672,27575
1091110,27576
1106130,27577
1131940,27578
1133790,27579
1199010,27580
1222638,27581
1231590,27582
1238310,27583
1256830,27584
1266520,27585
1289330,27586
1294650,27587
1314620,27588
1316570,27589
1316640,27590
1331070,27591
1371406,27592
1372350,27593
1377030,27594
1386990,27595
1388490,27596
1394750,27597
1400620,27598
376730,27599
376936,27600
381910,27601
382480,27602
387090,27603
397040,27604
403740,27605
409040,27606
437700,27607
456280,27608
467900,27609
474810,27610
475230,27611
603250,27612
485920,27613
488770,27614
513320,27615
513990,27616
529790,27617
530510,27618
531200,27619
550670,27620
556340,27621
1414210,27622
215790,27623
248450,27624
252830,27625
254900,27626
259040,27627
263200,27628
295990,27629
299820,27630
308380,27631
314250,27632
320630,27633
328220,27634
345030,27635
352760,27636
354730,27637
354920,27638
376945,27639
380560,27640
386340,27641
397960,27642
408101,27643
429940,27644
457490,27645
464690,27646
471899,27647
500690,27648
512020,27649
520370,27650
526130,27651
555850,27652
557470,27653
562690,27654
568330,27655
573670,27656
599441,27657
617680,27658
667620,27659
667820,27660
677880,27661
687650,27662
692360,27663
698620,27664
345681,27665
700330,27666
715370,27667
726910,27668
745660,27669
752380,27670
755550,27671
761640,27672
792940,27673
794300,27674
803890,27675
868260,27676
874343,27677
405360,27678
876330,27679
890640,27680
963330,27681
975120,27682
986070,27683
1064970,27684
1089770,27685
1097000,27686
1099440,27687
1116960,27688
1117120,27689
1125110,27690
1137770,27691
1157020,27692
1203045,27693
1210660,27694
1217580,27695
1252850,27696
1256510,27697
1286140,27698
1335100,27699
1341060,27700
1341330,27701
1400650,27702
1456230,27703
1460050,27704
1475160,27705
1489390,27706
1504200,27707
1515990,27708
1522320,27709
1544406,27710
1545830,27711
1564840,27712
1569180,27713
1585230,27714
1588821,27715
1590750,27716
1611550,27717
1612110,27718
1641730,27719
1642610,27720
1648210,27721
1658650,27722
1707050,27723
1734160,27724
1742850,27725
1772180,27726
1786800,27727
1850420,27728
1881260,27729
1961240,27730
1981380,27731
2020500,27732
408740,27733
636630,27734
2158510,27735
2251240,27736
2304030,27737
20200,27738
37240,27739
200590,27740
204580,27741
209610,27742
250420,27743
270270,27744
277770,27745
281060,27746
295196,27747
302650,27748
307770,27749
314220,27750
333460,27751
356290,27752
370940,27753
372250,27754
404280,27755
460230,27756
469900,27757
510290,27758
510990,27759
515010,27760
524690,27761
527910,27762
528430,27763
542590,27764
586450,27765
614940,27766
629930,27767
633940,27768
644420,27769
645340,27770
652600,27771
669830,27772
673400,27773
675510,27774
700590,27775
703210,27776
721850,27777
751550,27778
770170,27779
777140,27780
794050,27781
870890,27782
875610,27783
880800,27784
884530,27785
889240,27786
922820,27787
945680,27788
958300,27789
959920,27790
966070,27791
984080,27792
994870,27793
1071090,27794
1073390,27795
1096000,27796
1098700,27797
1113640,27798
1135370,27799
1139060,27800
1181640,27801
1188601,27802
1200710,27803
1219580,27804
1249150,27805
1254950,27806
1261160,27807
1279800,27808
1300490,27809
1313580,27810
1319290,27811
1322730,27812
1409190,27813
1412660,27814
1440610,27815
1460650,27816
1478050,27817
1478670,27818
1479980,27819
1532650,27820
1649920,27821
1650650,27822
1666970,27823
1689980,27824
1764730,27825
1833040,27826
1835741,27827
1853840,27828
1916450,27829
1963480,27830
1978240,27831
1994440,27832
1998959,27833
2083670,27834
2286990,27835
2720,27836
11590,27837
19500,27838
264120,27839
300910,27840
333380,27841
353610,27842
375020,27843
376480,27844
378460,27845
379870,27846
395880,27847
401625,27848
417860,27849
431390,27850
446150,27851
463350,27852
468740,27853
526180,27854
527810,27855
531540,27856
535410,27857
555600,27858
568800,27859
575890,27860
595200,27861
602590,27862
625780,27863
628570,27864
669320,27865
676960,27866
685200,27867
687890,27868
689520,27869
711150,27870
732070,27871
774331,27872
788610,27873
793240,27874
810290,27875
811190,27876
816790,27877
834403,27878
858680,27879
895980,27880
931430,27881
941410,27882
964960,27883
972940,27884
985800,27885
1012530,27886
1028300,27887
1076040,27888
1091650,27889
1101980,27890
1113770,27891
1171130,27892
1222250,27893
1225130,27894
1227467,27895
1245810,27896
1300330,27897
1303670,27898
1304464,27899
1337810,27900
1350120,27901
1362260,27902
1405810,27903
717110,27904
1439320,27905
1469800,27906
1525440,27907
1527830,27908
1546380,27909
1561560,27910
1573160,27911
1574010,27912
1578250,27913
1578980,27914
1618220,27915
1746500,27916
1762480,27917
1798210,27918
1818430,27919
1822130,27920
1825690,27921
1828410,27922
1829583,27923
1870410,27924
1286670,27925
1877780,27926
1891350,27927
1905180,27928
1917410,27929
1978000,27930
2003740,27931
2059690,27932
2163810,27933
2172470,27934
2184720,27935
2213600,27936
7260,27937
17700,27938
34278,27939
42140,27940
44600,27941
46540,27942
227560,27943
241370,27944
254080,27945
277910,27946
295910,27947
302260,27948
311480,27949
317202,27950
324650,27951
324770,27952
325370,27953
325860,27954
333650,27955
334330,27956
335700,27957
340560,27958
342860,27959
343956,27960
351740,27961
358230,27962
363180,27963
366620,27964
375510,27965
380540,27966
381010,27967
386860,27968
411530,27969
412730,27970
419471,27971
428630,27972
441680,27973
448440,27974
457660,27975
504090,27976
519490,27977
520430,27978
524380,27979
542410,27980
542820,27981
552460,27982
555970,27983
557680,27984
569570,27985
573830,27986
208301,27987
509780,27988
578420,27989
596280,27990
601790,27991
619740,27992
637960,27993
645970,27994
649360,27995
653050,27996
662830,27997
705710,27998
762680,27999
766040,28000
778340,28001
783710,28002
791990,28003
794830,28004
804290,28005
807230,28006
845590,28007
845860,28008
854450,28009
860350,28010
877910,28011
912420,28012
913100,28013
935440,28014
951360,28015
951370,28016
1000990,28017
1059910,28018
1071880,28019
1075390,28020
1075430,28021
1080010,28022
1088482,28023
1115060,28024
1137220,28025
1143570,28026
1165140,28027
1259230,28028
1275540,28029
1276470,28030
540190,28031
1293860,28032
1304290,28033
1325310,28034
1333530,28035
1339530,28036
1343520,28037
1344820,28038
1360060,28039
1360700,28040
1373670,28041
1377370,28042
1417090,28043
1479340,28044
1497650,28045
1567520,28046
1616510,28047
1655560,28048
1744400,28049
1840770,28050
1841780,28051
1845560,28052
2013770,28053
2016240,28054
2020080,28055
2058260,28056
2079380,28057
2130470,28058
2172690,28059
2175200,28060
2177490,28061
2200420,28062
2214080,28063
2288580,28064
230840,28065
237350,28066
255260,28067
548360,28068
273800,28069
282640,28070
344130,28071
365430,28072
373860,28073
392890,28074
405960,28075
416380,28076
424870,28077
425260,28078
427770,28079
439920,28080
464050,28081
473450,28082
485570,28083
488580,28084
497090,28085
512080,28086
530180,28087
532980,28088
533340,28089
569340,28090
571850,28091
578990,28092
608670,28093
624920,28094
642806,28095
655030,28096
663100,28097
672140,28098
675340,28099
721740,28100
727070,28101
750450,28102
752200,28103
1007050,28104
768540,28105
779960,28106
787250,28107
791320,28108
793150,28109
794780,28110
800200,28111
800490,28112
809250,28113
823020,28114
837430,28115
860640,28116
865070,28117
868890,28118
885690,28119
888610,28120
890130,28121
905660,28122
934660,28123
935920,28124
973090,28125
988980,28126
1005310,28127
65244,28128
200620,28129
1016940,28130
1054720,28131
1088600,28132
1092510,28133
1097820,28134
1100030,28135
1129370,28136
1157960,28137
1162900,28138
1210620,28139
1292860,28140
1324360,28141
1335300,28142
1342850,28143
1373880,28144
1411170,28145
1439070,28146
1449480,28147
1453250,28148
1459070,28149
1473270,28150
2174620,28151
1533080,28152
1569350,28153
1571120,28154
1610890,28155
1659950,28156
1700800,28157
1710920,28158
1734540,28159
1764050,28160
1809160,28161
1843860,28162
454870,28163
1852520,28164
1888590,28165
1909370,28166
1928910,28167
1986620,28168
2202510,28169
2207110,28170
231720,28171
237550,28172
263860,28173
266470,28174
288650,28175
295650,28176
315190,28177
328820,28178
337890,28179
340030,28180
348810,28181
352640,28182
376949,28183
380840,28184
384000,28185
384150,28186
393350,28187
399430,28188
399834,28189
413740,28190
1653760,28191
439460,28192
449450,28193
459020,28194
473540,28195
476710,28196
491720,28197
505750,28198
506190,28199
513570,28200
533558,28201
540330,28202
544480,28203
545330,28204
583240,28205
603000,28206
612440,28207
616660,28208
625770,28209
629720,28210
638800,28211
650680,28212
652960,28213
697130,28214
701280,28215
711930,28216
718120,28217
748270,28218
779050,28219
786680,28220
796330,28221
796900,28222
798650,28223
812870,28224
841030,28225
851180,28226
854770,28227
855320,28228
862730,28229
876220,28230
877780,28231
880610,28232
1920120,28233
906680,28234
918900,28235
939230,28236
974520,28237
1010170,28238
1012081,28239
1038240,28240
1042460,28241
1050880,28242
1078800,28243
1085340,28244
1091960,28245
1102390,28246
1111450,28247
1112380,28248
1146320,28249
1146910,28250
1162320,28251
1181270,28252
1181280,28253
1431220,28254
1182070,28255
1191770,28256
1199370,28257
1211740,28258
1219150,28259
1221860,28260
1233820,28261
1261380,28262
1268350,28263
1274980,28264
1278100,28265
1304416,28266
1324150,28267
1336830,28268
1346720,28269
1349920,28270
1379150,28271
1427480,28272
1429100,28273
1431420,28274
1447050,28275
1489850,28276
1521000,28277
1533370,28278
1540830,28279
1545340,28280
1571180,28281
1609830,28282
1663970,28283
1679910,28284
1680900,28285
1766810,28286
1819020,28287
1822340,28288
1826090,28289
1845280,28290
1858240,28291
1871340,28292
1178321,28293
1939770,28294
1949490,28295
1952950,28296
1960170,28297
1962920,28298
1992430,28299
1993910,28300
2019950,28301
2051830,28302
2061924,28303
2071350,28304
2119570,28305
2249160,28306
2303720,28307
11370,28308
38480,28309
38490,28310
1201880,28311
200230,28312
223180,28313
235150,28314
246820,28315
270190,28316
271550,28317
277735,28318
283060,28319
328640,28320
332880,28321
334690,28322
335820,28323
385060,28324
387860,28325
425240,28326
432210,28327
443850,28328
448186,28329
481870,28330
497400,28331
321450,28332
514340,28333
514410,28334
542940,28335
544440,28336
544590,28337
547710,28338
561340,28339
568920,28340
571630,28341
588200,28342
595230,28343
606940,28344
612140,28345
614140,28346
636620,28347
644010,28348
648630,28349
660880,28350
683600,28351
684420,28352
718180,28353
745160,28354
752700,28355
771640,28356
792350,28357
816160,28358
816250,28359
826460,28360
830620,28361
857060,28362
860820,28363
862610,28364
866450,28365
873490,28366
904130,28367
904160,28368
913370,28369
922090,28370
922520,28371
953570,28372
1001200,28373
1010830,28374
1014010,28375
102200,28376
1085190,28377
1152410,28378
1154790,28379
1163930,28380
1166490,28381
1171120,28382
1175060,28383
1200930,28384
1214920,28385
1219940,28386
1221400,28387
1233850,28388
1244060,28389
1249410,28390
1256660,28391
1264740,28392
1305570,28393
1352740,28394
1359300,28395
790832,28396
1370570,28397
1390430,28398
1433320,28399
1435020,28400
1478510,28401
1490130,28402
1492640,28403
1497110,28404
1527170,28405
1548320,28406
1549980,28407
1557430,28408
1604060,28409
1663600,28410
1753090,28411
1755650,28412
1768120,28413
1771620,28414
1798300,28415
576750,28416
1821520,28417
1831060,28418
1865050,28419
1891440,28420
1907070,28421
1916860,28422
1919150,28423
1920820,28424
1938451,28425
1975450,28426
1981860,28427
2002380,28428
2094350,28429
2244690,28430
3410,28431
4770,28432
16040,28433
25600,28434
211970,28435
216130,28436
244060,28437
249190,28438
317950,28439
334070,28440
343630,28441
347880,28442
355860,28443
361970,28444
368730,28445
381640,28446
395560,28447
405780,28448
409290,28449
411480,28450
431190,28451
447690,28452
459170,28453
477290,28454
513032,28455
782300,28456
530950,28457
531110,28458
533580,28459
547090,28460
559310,28461
560150,28462
568460,28463
614090,28464
625170,28465
670490,28466
679490,28467
688090,28468
696600,28469
700920,28470
724510,28471
735360,28472
751470,28473
757080,28474
760050,28475
786420,28476
800380,28477
835590,28478
849520,28479
856300,28480
860070,28481
860990,28482
863230,28483
872110,28484
872970,28485
898570,28486
916880,28487
1022710,28488
1055950,28489
1098870,28490
1112400,28491
1140662,28492
1147850,28493
1148430,28494
1164910,28495
1170400,28496
1176780,28497
1279590,28498
1321220,28499
1366320,28500
1376690,28501
1389890,28502
1424910,28503
1440530,28504
1475230,28505
1514480,28506
1591050,28507
1622840,28508
1625960,28509
1671820,28510
1681120,28511
1686480,28512
794950,28513
1691890,28514
1755460,28515
1796630,28516
1799220,28517
1814160,28518
1838740,28519
1840510,28520
1851570,28521
1901380,28522
1924310,28523
1932350,28524
1941740,28525
2099150,28526
2210740,28527
2244940,28528
18300,28529
73058,28530
208377,28531
210902,28532
796780,28533
241720,28534
290280,28535
320383,28536
338710,28537
340260,28538
348160,28539
371900,28540
381050,28541
386420,28542
398180,28543
403780,28544
406780,28545
420920,28546
451660,28547
471160,28548
490100,28549
492220,28550
540660,28551
545400,28552
551821,28553
553320,28554
555370,28555
569370,28556
586320,28557
586340,28558
592340,28559
601930,28560
612790,28561
628100,28562
637860,28563
645290,28564
686010,28565
688650,28566
695570,28567
703030,28568
705750,28569
709560,28570
718940,28571
731171,28572
731890,28573
734590,28574
747210,28575
748260,28576
748540,28577
767460,28578
779800,28579
812380,28580
823800,28581
829630,28582
832680,28583
837930,28584
856060,28585
878170,28586
880281,28587
889740,28588
893060,28589
899570,28590
907380,28591
948080,28592
960590,28593
972910,28594
991280,28595
994220,28596
1005890,28597
1006460,28598
1020540,28599
1037480,28600
1055331,28601
1065630,28602
1072530,28603
1081760,28604
343840,28605
1114210,28606
1184320,28607
1184900,28608
1198810,28609
1246230,28610
1248550,28611
1261170,28612
1280700,28613
1289690,28614
1304445,28615
1307850,28616
1320990,28617
1331420,28618
1339920,28619
1376870,28620
1380830,28621
1390860,28622
1484600,28623
1503370,28624
1510930,28625
1538620,28626
1554220,28627
1592340,28628
1593240,28629
1620750,28630
1669050,28631
1706810,28632
1763230,28633
1780850,28634
1828700,28635
1829200,28636
569360,28637
1833850,28638
1851640,28639
1865680,28640
1870910,28641
526300,28642
1917630,28643
1927710,28644
1954300,28645
2139710,28646
2167040,28647
2180530,28648
2260930,28649
102850,28650
201480,28651
206760,28652
210017,28653
244690,28654
266050,28655
269530,28656
1966480,28657
296590,28658
303510,28659
317720,28660
335430,28661
348450,28662
355180,28663
358000,28664
363950,28665
367240,28666
372720,28667
376490,28668
377320,28669
389740,28670
398640,28671
418940,28672
429950,28673
433600,28674
434310,28675
459150,28676
465450,28677
467220,28678
485080,28679
506470,28680
521590,28681
525610,28682
543530,28683
565660,28684
573360,28685
575770,28686
612610,28687
613270,28688
621970,28689
628710,28690
630850,28691
639720,28692
641860,28693
643682,28694
656580,28695
666260,28696
676000,28697
677030,28698
684720,28699
689000,28700
692200,28701
694180,28702
730030,28703
776830,28704
790750,28705
794110,28706
820090,28707
848520,28708
849000,28709
858840,28710
869080,28711
896230,28712
919200,28713
922250,28714
923590,28715
934990,28716
954860,28717
1336130,28718
992260,28719
1029870,28720
1037410,28721
1056710,28722
1074310,28723
1077760,28724
1081710,28725
326650,28726
1092980,28727
1100350,28728
1123360,28729
1146500,28730
1149690,28731
1157810,28732
1181020,28733
1209140,28734
1232120,28735
1254700,28736
1275850,28737
1304413,28738
939930,28739
1356460,28740
1378370,28741
1496150,28742
1499640,28743
1512790,28744
1538640,28745
1584720,28746
1586370,28747
1594410,28748
1627240,28749
1649880,28750
1651950,28751
1710290,28752
1780690,28753
1866220,28754
1893350,28755
1896940,28756
1910610,28757
20500,28758
46270,28759
230650,28760
246740,28761
293840,28762
306490,28763
315260,28764
317200,28765
342980,28766
344410,28767
378370,28768
406950,28769
432500,28770
443980,28771
446070,28772
450860,28773
452523,28774
457980,28775
466890,28776
503160,28777
511500,28778
512100,28779
530540,28780
549400,28781
561010,28782
576390,28783
576800,28784
584890,28785
586790,28786
593850,28787
613670,28788
619230,28789
619550,28790
630160,28791
632020,28792
633950,28793
647840,28794
1158260,28795
652660,28796
656020,28797
674890,28798
678540,28799
689180,28800
699100,28801
702960,28802
719930,28803
734430,28804
734550,28805
737530,28806
299840,28807
772200,28808
774131,28809
808980,28810
815260,28811
818150,28812
907040,28813
950990,28814
958650,28815
964650,28816
1011470,28817
1012101,28818
1013040,28819
1022850,28820
1033640,28821
1050230,28822
1072000,28823
1121930,28824
1163150,28825
1191730,28826
1218830,28827
1095320,28828
1229090,28829
1230410,28830
1233780,28831
1244070,28832
1314840,28833
1351500,28834
1365240,28835
1379120,28836
1384880,28837
1397800,28838
1422180,28839
1428140,28840
1447870,28841
1457650,28842
1457690,28843
1460540,28844
1464610,28845
301260,28846
1470420,28847
1486890,28848
1532190,28849
1535210,28850
1552588,28851
1559330,28852
1562800,28853
1566360,28854
2093100,28855
1566830,28856
1584810,28857
1609440,28858
1644020,28859
1674660,28860
1680400,28861
1683590,28862
1699660,28863
305260,28864
1706670,28865
1739200,28866
1751400,28867
1757470,28868
1793040,28869
1813890,28870
1908680,28871
1941760,28872
1950020,28873
1957100,28874
2006330,28875
2061750,28876
2081054,28877
2137740,28878
2166250,28879
2177800,28880
2260750,28881
2129490,28882
321990,28883
2166610,28884
328740,28885
338050,28886
341390,28887
342530,28888
353990,28889
356550,28890
362410,28891
365500,28892
365760,28893
372710,28894
12420,28895
24065,28896
235720,28897
238991,28898
247370,28899
252430,28900
260060,28901
274960,28902
295490,28903
295610,28904
333350,28905
334030,28906
348840,28907
355010,28908
362860,28909
376920,28910
379190,28911
379577,28912
383540,28913
391120,28914
407210,28915
433590,28916
463010,28917
465540,28918
468930,28919
474830,28920
490990,28921
502450,28922
513460,28923
513800,28924
548280,28925
556213,28926
567200,28927
567750,28928
602860,28929
913650,28930
604150,28931
605110,28932
630050,28933
654300,28934
670620,28935
711070,28936
716910,28937
723110,28938
745530,28939
762600,28940
767380,28941
774421,28942
840310,28943
868020,28944
869260,28945
872470,28946
872580,28947
872720,28948
882220,28949
899940,28950
909480,28951
915630,28952
926370,28953
934630,28954
958050,28955
961920,28956
962510,28957
45410,28958
968950,28959
990250,28960
1027970,28961
1064150,28962
1071920,28963
1072890,28964
1094290,28965
1097960,28966
1098166,28967
1114520,28968
1123150,28969
1127030,28970
1131830,28971
1154210,28972
1167150,28973
1168500,28974
1180970,28975
1217310,28976
1256621,28977
1261530,28978
1267130,28979
1305960,28980
1340020,28981
1396490,28982
1422670,28983
1425450,28984
1493530,28985
1528860,28986
1543470,28987
1635770,28988
1679200,28989
1686850,28990
1710710,28991
1778560,28992
1822140,28993
229970,28994
1827600,28995
1863980,28996
1894230,28997
63950,28998
1908460,28999
1914940,29000
1915420,29001
1975120,29002
2007180,29003
2009340,29004
2010600,29005
2015860,29006
2107740,29007
2161920,29008
2200390,29009
2251420,29010
80000,29011
204390,29012
211800,29013
243020,29014
250720,29015
943640,29016
96800,29017
307290,29018
24400,29019
33600,29020
34174,29021
42500,29022
214420,29023
257220,29024
262650,29025
262900,29026
264540,29027
268930,29028
305920,29029
308080,29030
316890,29031
1862230,29032
347710,29033
349500,29034
366780,29035
373360,29036
214930,29037
951500,29038
407680,29039
410910,29040
411750,29041
412010,29042
415180,29043
456660,29044
479140,29045
480480,29046
489220,29047
493400,29048
494220,29049
496102,29050
504100,29051
514150,29052
515100,29053
523590,29054
529280,29055
536960,29056
539380,29057
586150,29058
622320,29059
627620,29060
643910,29061
646830,29062
659130,29063
660290,29064
666560,29065
680640,29066
686260,29067
704230,29068
726620,29069
727450,29070
756560,29071
773930,29072
782460,29073
839300,29074
509960,29075
887090,29076
906920,29077
916390,29078
935980,29079
945831,29080
1949270,29081
950380,29082
964080,29083
968320,29084
987240,29085
988430,29086
989450,29087
991070,29088
994520,29089
996060,29090
1005330,29091
1021820,29092
1067450,29093
1069460,29094
1071900,29095
1076020,29096
1077740,29097
1089310,29098
1106150,29099
1116520,29100
1116870,29101
314380,29102
1176480,29103
1193070,29104
1199450,29105
1236880,29106
1237760,29107
1274300,29108
1274540,29109
1294040,29110
1300710,29111
1305940,29112
1307370,29113
1340910,29114
1348270,29115
1357370,29116
1365410,29117
1424240,29118
1435310,29119
1456280,29120
1465210,29121
1466190,29122
1501970,29123
1536750,29124
1550990,29125
1551990,29126
1574390,29127
1582950,29128
1624350,29129
1683300,29130
1698960,29131
1768300,29132
1801830,29133
1833360,29134
1874840,29135
778110,29136
1917310,29137
1920010,29138
1941170,29139
326120,29140
1951750,29141
1970730,29142
1988440,29143
1995460,29144
2013970,29145
2094170,29146
2158430,29147
2182850,29148
2187570,29149
2206680,29150
2252420,29151
424000,29152
434920,29153
454120,29154
466545,29155
500980,29156
502600,29157
508740,29158
509880,29159
510000,29160
511570,29161
513420,29162
520470,29163
538790,29164
545050,29165
548700,29166
562376,29167
589470,29168
605100,29169
605180,29170
7860,29171
606860,29172
613120,29173
633930,29174
677790,29175
689290,29176
707670,29177
708780,29178
713650,29179
716930,29180
754350,29181
769410,29182
810360,29183
812770,29184
819410,29185
821390,29186
848340,29187
862710,29188
869550,29189
908350,29190
909110,29191
912660,29192
924040,29193
929600,29194
937390,29195
993400,29196
1013960,29197
1020660,29198
1056480,29199
1073210,29200
1133890,29201
1205060,29202
1233200,29203
1240240,29204
1249980,29205
1265650,29206
1449430,29207
1457450,29208
1459930,29209
1480030,29210
1509090,29211
1519110,29212
1525630,29213
34178,29214
1526750,29215
1538960,29216
1587910,29217
1600870,29218
1603170,29219
1604540,29220
1617420,29221
1622640,29222
1623650,29223
1641210,29224
1672690,29225
1687610,29226
1741210,29227
1803690,29228
1825700,29229
1881480,29230
1881690,29231
3340,29232
1895960,29233
1903780,29234
1908850,29235
1973130,29236
382130,29237
1987130,29238
2074340,29239
2074460,29240
2161450,29241
2203630,29242
2213630,29243
218700,29244
219443,29245
234773,29246
267600,29247
268080,29248
271500,29249
271942,29250
295250,29251
300220,29252
301500,29253
310110,29254
314770,29255
316840,29256
343430,29257
347820,29258
353380,29259
367820,29260
654670,29261
389310,29262
390680,29263
391550,29264
392120,29265
959030,29266
35310,29267
49900,29268
200370,29269
219103,29270
262980,29271
263680,29272
271570,29273
290870,29274
312360,29275
314830,29276
324030,29277
324830,29278
328210,29279
328710,29280
345900,29281
346040,29282
864530,29283
357030,29284
389680,29285
407230,29286
421710,29287
404790,29288
415240,29289
423650,29290
438020,29291
438310,29292
501760,29293
505400,29294
506100,29295
509540,29296
521600,29297
528010,29298
553050,29299
560510,29300
580210,29301
581590,29302
586060,29303
603380,29304
606180,29305
655250,29306
667790,29307
725280,29308
732230,29309
744400,29310
747990,29311
776280,29312
782340,29313
802720,29314
825930,29315
843050,29316
855580,29317
857480,29318
865060,29319
876900,29320
881170,29321
893140,29322
893620,29323
903244,29324
903850,29325
904990,29326
924940,29327
366530,29328
932570,29329
933070,29330
944440,29331
974950,29332
444720,29333
483850,29334
488430,29335
497860,29336
499330,29337
506040,29338
509190,29339
511630,29340
513150,29341
543580,29342
547660,29343
555130,29344
1334010,29345
582150,29346
1352520,29347
584600,29348
1388320,29349
607770,29350
883870,29351
1426310,29352
1439220,29353
611180,29354
945590,29355
950820,29356
968470,29357
973110,29358
983050,29359
1007140,29360
1013190,29361
1028840,29362
1039830,29363
1040820,29364
1051990,29365
1083500,29366
1108640,29367
1122110,29368
1134260,29369
1145510,29370
886920,29371
1155420,29372
1203990,29373
1215650,29374
1304412,29375
1471630,29376
1489150,29377
1510370,29378
1517830,29379
1543790,29380
1546020,29381
1550080,29382
1583300,29383
1593180,29384
1613100,29385
1623690,29386
1640180,29387
1643280,29388
1668580,29389
1702880,29390
1712310,29391
1735930,29392
614560,29393
616610,29394
628330,29395
649570,29396
650730,29397
654610,29398
657480,29399
670930,29400
673980,29401
698330,29402
720040,29403
722250,29404
755670,29405
770480,29406
787780,29407
813250,29408
820710,29409
849302,29410
897640,29411
1251200,29412
1757440,29413
1763620,29414
1798090,29415
1802520,29416
1824390,29417
1829600,29418
1834500,29419
1845880,29420
1916630,29421
1959880,29422
1995210,29423
2004940,29424
2013990,29425
2095740,29426
2103190,29427
2148150,29428
2207040,29429
6840,29430
22120,29431
449020,29432
461860,29433
462580,29434
505330,29435
525370,29436
538990,29437
610820,29438
638460,29439
658980,29440
669580,29441
674480,29442
683790,29443
684130,29444
691750,29445
702980,29446
715690,29447
725680,29448
731250,29449
734820,29450
735510,29451
754800,29452
769690,29453
911520,29454
914430,29455
921710,29456
922620,29457
943420,29458
983840,29459
984450,29460
993690,29461
1010870,29462
1011070,29463
1035010,29464
1072920,29465
1111360,29466
1113300,29467
1120580,29468
1123310,29469
1127130,29470
1180790,29471
1186050,29472
1566120,29473
1197180,29474
1230340,29475
1259130,29476
1275370,29477
1285350,29478
1286160,29479
1304620,29480
1335510,29481
1370130,29482
1397540,29483
1474550,29484
1481970,29485
1492160,29486
1493410,29487
1530760,29488
1561430,29489
1568070,29490
1581939,29491
1593930,29492
1598920,29493
1610230,29494
1629470,29495
1647780,29496
1686820,29497
1688540,29498
1702780,29499
1704830,29500
1873440,29501
1880250,29502
1962980,29503
1993010,29504
2018250,29505
1283430,29506
778800,29507
791200,29508
827170,29509
836920,29510
842331,29511
844140,29512
845840,29513
854690,29514
856080,29515
860660,29516
865160,29517
865770,29518
871310,29519
874020,29520
886220,29521
923690,29522
924810,29523
930840,29524
935514,29525
965210,29526
974450,29527
61310,29528
2050490,29529
2093330,29530
2221710,29531
2241190,29532
2303400,29533
99100,29534
217100,29535
223450,29536
264000,29537
265830,29538
273770,29539
293200,29540
315397,29541
316700,29542
354710,29543
371880,29544
378080,29545
379235,29546
379545,29547
380550,29548
411620,29549
425110,29550
444480,29551
1037990,29552
1143900,29553
1144450,29554
1155340,29555
1159450,29556
1160241,29557
1198836,29558
1203460,29559
1208050,29560
1243560,29561
1303740,29562
1337330,29563
1354240,29564
1358770,29565
1371810,29566
1381590,29567
1390770,29568
1402580,29569
1414700,29570
512640,29571
1434610,29572
1450170,29573
1451650,29574
1486050,29575
1489400,29576
1500130,29577
1523350,29578
1561750,29579
1596270,29580
1598010,29581
1633260,29582
1653870,29583
1661130,29584
1689480,29585
1697620,29586
1744870,29587
1745210,29588
1888010,29589
1890010,29590
1906320,29591
1940140,29592
1948440,29593
1969280,29594
1976490,29595
1995100,29596
2112730,29597
2181980,29598
2252960,29599
2260870,29600
2269320,29601
461400,29602
2294860,29603
484870,29604
485860,29605
489470,29606
514480,29607
545620,29608
557290,29609
566550,29610
574690,29611
576120,29612
578470,29613
579150,29614
591350,29615
600740,29616
635430,29617
648400,29618
656830,29619
661450,29620
731790,29621
776550,29622
777590,29623
1309090,29624
792370,29625
796440,29626
801600,29627
816330,29628
831100,29629
200980,29630
225200,29631
258541,29632
279560,29633
284410,29634
296220,29635
305980,29636
307170,29637
323240,29638
328110,29639
335120,29640
344290,29641
345280,29642
346210,29643
374950,29644
376933,29645
379551,29646
395140,29647
403200,29648
432640,29649
434680,29650
445950,29651
447210,29652
448199,29653
834180,29654
843250,29655
847590,29656
872700,29657
885470,29658
889900,29659
890290,29660
930010,29661
933770,29662
943290,29663
970400,29664
989560,29665
1005870,29666
1013700,29667
1041520,29668
1043150,29669
1046240,29670
1055620,29671
1081890,29672
1084350,29673
1085480,29674
1087940,29675
821860,29676
1182530,29677
1219320,29678
1219610,29679
1259890,29680
1284050,29681
1314160,29682
1314930,29683
1326700,29684
1353830,29685
1359760,29686
1380430,29687
1425120,29688
1453400,29689
1456750,29690
1460510,29691
1464100,29692
1525330,29693
694720,29694
1585680,29695
1588400,29696
1607400,29697
1622040,29698
1634870,29699
1647070,29700
1664010,29701
1666310,29702
1667240,29703
1682530,29704
1724910,29705
1769510,29706
1769532,29707
1793220,29708
1832720,29709
1878770,29710
1904730,29711
1906570,29712
825170,29713
1977250,29714
1994220,29715
1998130,29716
2069580,29717
2146960,29718
2186320,29719
17570,29720
65560,29721
98421,29722
201809,29723
202860,29724
207815,29725
283350,29726
289730,29727
301050,29728
312960,29729
318420,29730
320140,29731
322630,29732
333400,29733
347350,29734
347930,29735
840610,29736
845520,29737
349260,29738
359860,29739
377500,29740
382420,29741
391250,29742
399910,29743
403670,29744
405050,29745
410440,29746
429200,29747
436000,29748
469650,29749
485650,29750
485950,29751
486110,29752
496690,29753
500750,29754
505210,29755
508630,29756
523070,29757
523940,29758
557970,29759
558130,29760
562240,29761
577020,29762
588800,29763
617640,29764
620670,29765
875930,29766
635250,29767
645270,29768
651680,29769
656190,29770
687251,29771
696620,29772
714020,29773
715870,29774
718970,29775
743110,29776
763860,29777
765260,29778
771570,29779
802070,29780
803270,29781
848300,29782
865250,29783
903910,29784
911230,29785
936630,29786
975410,29787
1007810,29788
1021950,29789
1037760,29790
1047240,29791
1051130,29792
1058930,29793
1105730,29794
1119970,29795
1144646,29796
1150850,29797
1152160,29798
1171040,29799
1173950,29800
413540,29801
1175080,29802
1186270,29803
1199900,29804
1210910,29805
1247370,29806
1315240,29807
1331270,29808
1369400,29809
1370470,29810
1398570,29811
1413540,29812
1417340,29813
1441740,29814
1448970,29815
1465500,29816
1497720,29817
1554380,29818
1612030,29819
655170,29820
1631240,29821
1691400,29822
1702220,29823
1716770,29824
1745740,29825
1783090,29826
1814200,29827
1871750,29828
1906220,29829
1912710,29830
1946590,29831
1981500,29832
1998975,29833
2055110,29834
2159860,29835
2172520,29836
2250090,29837
4420,29838
375290,29839
33900,29840
46550,29841
65070,29842
92600,29843
111400,29844
203290,29845
208981,29846
209330,29847
212893,29848
222576,29849
247350,29850
258650,29851
271400,29852
289620,29853
291330,29854
296530,29855
299170,29856
301700,29857
314950,29858
317203,29859
325958,29860
346650,29861
348330,29862
351340,29863
368250,29864
369890,29865
417900,29866
427860,29867
428800,29868
488890,29869
511310,29870
513770,29871
536420,29872
551580,29873
554570,29874
560260,29875
570230,29876
590840,29877
591660,29878
603940,29879
609823,29880
611620,29881
613730,29882
620360,29883
621780,29884
643830,29885
655620,29886
656200,29887
673070,29888
674330,29889
680690,29890
683670,29891
699040,29892
733770,29893
735500,29894
739990,29895
748660,29896
757590,29897
788770,29898
805440,29899
805610,29900
816630,29901
821520,29902
827130,29903
838940,29904
1483430,29905
852340,29906
860450,29907
355341,29908
878640,29909
909580,29910
911760,29911
933504,29912
935610,29913
939830,29914
944590,29915
948510,29916
949770,29917
965490,29918
971880,29919
979900,29920
990930,29921
996000,29922
1043610,29923
1064272,29924
1072110,29925
1083210,29926
1084080,29927
324020,29928
1111380,29929
1126220,29930
1135180,29931
1147950,29932
1176190,29933
1186340,29934
1187840,29935
1194560,29936
1215060,29937
1215410,29938
1260830,29939
1314170,29940
1395080,29941
1398280,29942
1406610,29943
1414930,29944
1440470,29945
1444360,29946
1459710,29947
1538910,29948
1548350,29949
1574600,29950
1575330,29951
1590680,29952
1599030,29953
1616540,29954
1639890,29955
1676570,29956
1680050,29957
1711120,29958
1729700,29959
1804280,29960
1805040,29961
1805240,29962
1820320,29963
1052420,29964
1880980,29965
1912970,29966
1921850,29967
1926120,29968
1939500,29969
1940310,29970
1950920,29971
1976520,29972
2018030,29973
2021220,29974
2104733,29975
2145490,29976
2166120,29977
2210590,29978
222606,29979
246920,29980
251390,29981
310460,29982
327310,29983
336670,29984
352010,29985
364050,29986
381590,29987
381900,29988
403900,29989
434500,29990
434943,29991
441040,29992
443260,29993
455490,29994
460070,29995
469990,29996
490040,29997
492870,29998
496910,29999
530661,30000
540640,30001
542850,30002
547560,30003
1055010,30004
565190,30005
579080,30006
581100,30007
590530,30008
595160,30009
596080,30010
604920,30011
627460,30012
635410,30013
670720,30014
679530,30015
681460,30016
695110,30017
698650,30018
701100,30019
727110,30020
727460,30021
731600,30022
741770,30023
751480,30024
759160,30025
783590,30026
800550,30027
814340,30028
821780,30029
844180,30030
845750,30031
851820,30032
866440,30033
868660,30034
880380,30035
907950,30036
918080,30037
967330,30038
995700,30039
997840,30040
1028930,30041
1035850,30042
1061600,30043
1077340,30044
1107440,30045
1116990,30046
1141650,30047
1145570,30048
1161900,30049
1173230,30050
1213420,30051
1220160,30052
1248434,30053
1266120,30054
1269990,30055
1270870,30056
1286610,30057
1351300,30058
1454770,30059
1474990,30060
1490180,30061
1512530,30062
1513840,30063
1519560,30064
1532630,30065
1561870,30066
1668080,30067
1671940,30068
1685530,30069
1711400,30070
1712390,30071
1729710,30072
1779790,30073
1792520,30074
1810030,30075
1813690,30076
1819520,30077
1835040,30078
1859730,30079
1931750,30080
1935410,30081
1940880,30082
2015040,30083
2106680,30084
2126170,30085
210905,30086
246256,30087
273730,30088
279621,30089
303710,30090
318875,30091
324290,30092
333090,30093
340530,30094
343961,30095
353140,30096
358180,30097
365680,30098
376961,30099
380950,30100
401320,30101
407420,30102
415390,30103
434942,30104
439910,30105
500246,30106
523500,30107
533080,30108
540740,30109
545670,30110
554180,30111
561610,30112
563890,30113
564794,30114
575600,30115
575960,30116
584940,30117
586680,30118
592290,30119
622540,30120
668680,30121
691140,30122
692950,30123
723070,30124
758530,30125
763520,30126
777410,30127
779560,30128
794350,30129
800230,30130
820210,30131
832540,30132
833890,30133
838270,30134
855050,30135
858860,30136
335840,30137
875240,30138
881130,30139
882210,30140
894930,30141
940520,30142
965510,30143
976850,30144
977500,30145
1007390,30146
1044640,30147
1132090,30148
1158970,30149
1165400,30150
1184960,30151
1202660,30152
1232740,30153
1237490,30154
1256040,30155
1260770,30156
1308840,30157
1342220,30158
1366680,30159
1383970,30160
1413790,30161
1426500,30162
1459300,30163
1478320,30164
1479940,30165
1493240,30166
1502260,30167
1504340,30168
1505980,30169
1556860,30170
1564450,30171
1565910,30172
64014,30173
1640710,30174
1654700,30175
1661800,30176
1730060,30177
1767950,30178
1772780,30179
1777930,30180
1833960,30181
1864200,30182
1948240,30183
2076800,30184
2094090,30185
2117090,30186
2120410,30187
2121490,30188
2200380,30189
4460,30190
320310,30191
33990,30192
48803,30193
263340,30194
295670,30195
297740,30196
356420,30197
357600,30198
384380,30199
410130,30200
414920,30201
433400,30202
450040,30203
452340,30204
504490,30205
525019,30206
534110,30207
535630,30208
540360,30209
542030,30210
579330,30211
588070,30212
594360,30213
1910580,30214
594720,30215
615150,30216
661770,30217
688000,30218
691250,30219
744220,30220
747250,30221
764110,30222
773830,30223
783330,30224
797240,30225
797610,30226
799890,30227
811250,30228
812100,30229
840160,30230
850330,30231
857420,30232
863420,30233
904580,30234
908500,30235
1358860,30236
951130,30237
978865,30238
987900,30239
1011090,30240
1053940,30241
1079790,30242
1094340,30243
1103780,30244
1105740,30245
1110390,30246
1118580,30247
1177110,30248
1214630,30249
1225610,30250
1226840,30251
1230277,30252
1272654,30253
1283210,30254
1283770,30255
1287000,30256
1310290,30257
1361520,30258
1694270,30259
1379270,30260
1385070,30261
1398630,30262
1421100,30263
1462220,30264
1489470,30265
1502790,30266
1504110,30267
1521490,30268
1563030,30269
1566990,30270
1569690,30271
1575730,30272
1586150,30273
1614380,30274
1650040,30275
1664020,30276
1664090,30277
64016,30278
1723820,30279
1741140,30280
1800970,30281
1812840,30282
1842270,30283
1849310,30284
1851320,30285
1882870,30286
1915410,30287
1939430,30288
1985200,30289
2075680,30290
2082730,30291
2144180,30292
2148690,30293
2178170,30294
9980,30295
17510,30296
18700,30297
221020,30298
224260,30299
241280,30300
253310,30301
258671,30302
270330,30303
274121,30304
280360,30305
286080,30306
290490,30307
293540,30308
294390,30309
296930,30310
303910,30311
312400,30312
328880,30313
339090,30314
342910,30315
351140,30316
362660,30317
368760,30318
377940,30319
378810,30320
432170,30321
437230,30322
448230,30323
451030,30324
459610,30325
475490,30326
487580,30327
494780,30328
494830,30329
502490,30330
502530,30331
508820,30332
529970,30333
234290,30334
258542,30335
2520,30336
275080,30337
12460,30338
277650,30339
277765,30340
25897,30341
281240,30342
98500,30343
298990,30344
208354,30345
301360,30346
209202,30347
311170,30348
339240,30349
214910,30350
341910,30351
262590,30352
292760,30353
296910,30354
301670,30355
310970,30356
558490,30357
563340,30358
603190,30359
369720,30360
713050,30361
622890,30362
623840,30363
640700,30364
657070,30365
659500,30366
664130,30367
665620,30368
678530,30369
680990,30370
696990,30371
712150,30372
716600,30373
751320,30374
761480,30375
782510,30376
789890,30377
346670,30378
349140,30379
351790,30380
371450,30381
414550,30382
416750,30383
439440,30384
447000,30385
463800,30386
467310,30387
491495,30388
507380,30389
530520,30390
539310,30391
553040,30392
553690,30393
553830,30394
581060,30395
582260,30396
598170,30397
603280,30398
609410,30399
1213770,30400
332370,30401
339850,30402
343730,30403
349190,30404
372830,30405
386760,30406
403390,30407
442660,30408
467320,30409
467490,30410
486940,30411
514140,30412
520900,30413
521710,30414
527350,30415
546373,30416
576720,30417
626510,30418
645860,30419
654770,30420
658470,30421
851150,30422
875110,30423
879470,30424
887340,30425
891420,30426
926210,30427
934580,30428
937310,30429
945140,30430
1000830,30431
1010800,30432
1011270,30433
1016430,30434
1025890,30435
1040740,30436
1042590,30437
1068800,30438
1069552,30439
1070190,30440
626170,30441
632070,30442
636720,30443
638010,30444
640890,30445
642000,30446
656630,30447
661290,30448
685060,30449
699590,30450
702080,30451
715192,30452
719800,30453
727200,30454
730270,30455
738570,30456
767360,30457
768270,30458
771300,30459
775820,30460
1132730,30461
718330,30462
720240,30463
733690,30464
749870,30465
758150,30466
763730,30467
788480,30468
833990,30469
835910,30470
840240,30471
850820,30472
854120,30473
859740,30474
862440,30475
893330,30476
899760,30477
900490,30478
34842,30479
1075550,30480
1106200,30481
1109400,30482
1166110,30483
1173870,30484
1202730,30485
1063830,30486
1262190,30487
1273520,30488
1288440,30489
1293540,30490
1297650,30491
1302440,30492
1303260,30493
1311960,30494
1394520,30495
1415410,30496
1424310,30497
1136210,30498
943510,30499
991960,30500
1020840,30501
1023980,30502
1043470,30503
1044730,30504
498790,30505
1065230,30506
1072610,30507
1078770,30508
1082000,30509
1088160,30510
1090060,30511
1090470,30512
1095450,30513
1105430,30514
1112960,30515
1720050,30516
785920,30517
793970,30518
796860,30519
806580,30520
806920,30521
856430,30522
889700,30523
892930,30524
906010,30525
910931,30526
929850,30527
939870,30528
945160,30529
953820,30530
981830,30531
987670,30532
1002230,30533
1029730,30534
1036870,30535
1063240,30536
1086970,30537
1108540,30538
1452770,30539
1485250,30540
1495460,30541
1519130,30542
1539600,30543
1544080,30544
1548860,30545
1557510,30546
1563320,30547
1572920,30548
1579680,30549
1592550,30550
1601810,30551
1602350,30552
1632500,30553
1640670,30554
1162480,30555
1168280,30556
1182640,30557
1205540,30558
1240790,30559
1241700,30560
1250220,30561
1260400,30562
1271470,30563
1285510,30564
1287540,30565
1299990,30566
1304463,30567
1347140,30568
1358880,30569
1373780,30570
1376580,30571
989190,30572
1148480,30573
1158181,30574
1169490,30575
1197520,30576
1363880,30577
1405670,30578
1418010,30579
1434490,30580
1459560,30581
1491790,30582
1507180,30583
1522660,30584
1548590,30585
1555310,30586
1561800,30587
1563830,30588
1566490,30589
1583570,30590
1655890,30591
1675270,30592
1706930,30593
1738630,30594
1766200,30595
1775770,30596
1806640,30597
1829605,30598
1896820,30599
1964810,30600
2124570,30601
2196070,30602
1397350,30603
1410560,30604
1413000,30605
1414320,30606
1438700,30607
1440280,30608
1447640,30609
1448940,30610
1462060,30611
1465040,30612
1480870,30613
1481120,30614
1503440,30615
1504220,30616
1510580,30617
503830,30618
1539770,30619
1742330,30620
1753790,30621
1808080,30622
1814950,30623
1847860,30624
1848200,30625
1859650,30626
1882580,30627
1956110,30628
2015500,30629
2083570,30630
2118570,30631
2126840,30632
2174080,30633
1546440,30634
710780,30635
1546990,30636
1557550,30637
1592780,30638
1596250,30639
1625720,30640
1632140,30641
1636700,30642
1639730,30643
1666720,30644
1674030,30645
1682200,30646
1688080,30647
1702990,30648
1730000,30649
1760000,30650
1774560,30651
1791680,30652
1806840,30653
1815000,30654
1824830,30655
1873230,30656
1892520,30657
1945060,30658
1989180,30659
1995470,30660
2016140,30661
2053580,30662
2060310,30663
2064110,30664
2069410,30665
2074780,30666
2138280,30667
2154890,30668
2182020,30669
2200700,30670
990500,30671
2263570,30672
2276480,30673
4560,30674
17580,30675
24410,30676
202130,30677
234787,30678
248350,30679
256505,30680
289090,30681
296790,30682
298340,30683
341360,30684
363410,30685
375790,30686
379566,30687
402660,30688
409630,30689
415740,30690
416040,30691
454190,30692
470440,30693
479040,30694
510550,30695
516110,30696
520210,30697
520670,30698
523508,30699
540650,30700
545700,30701
552060,30702
554660,30703
554980,30704
556391,30705
574890,30706
587490,30707
611860,30708
644700,30709
645930,30710
650090,30711
652330,30712
687760,30713
694060,30714
727190,30715
731420,30716
739690,30717
742470,30718
755590,30719
758100,30720
769420,30721
786710,30722
809770,30723
812450,30724
816060,30725
869390,30726
886490,30727
895330,30728
935010,30729
946040,30730
983140,30731
1005950,30732
1009950,30733
1013820,30734
1017480,30735
1019960,30736
1050050,30737
1057720,30738
1059500,30739
1071700,30740
1103550,30741
1108550,30742
1109740,30743
1113580,30744
1128540,30745
1152020,30746
1163460,30747
1172290,30748
1173110,30749
1180190,30750
1191680,30751
1193760,30752
1210060,30753
1238490,30754
1279330,30755
1333220,30756
1341620,30757
1348920,30758
1388370,30759
1394240,30760
1481400,30761
1484800,30762
1498490,30763
1532580,30764
1552680,30765
1554160,30766
1557780,30767
1563130,30768
1570700,30769
1573650,30770
1598441,30771
1619060,30772
402150,30773
1736680,30774
1794910,30775
1809610,30776
1812960,30777
1815370,30778
1824970,30779
1175640,30780
1868300,30781
1869690,30782
2056220,30783
2073530,30784
2121370,30785
2130940,30786
2152410,30787
2197600,30788
2203710,30789
2228140,30790
2288670,30791
33610,30792
46790,30793
207650,30794
259470,30795
289320,30796
289500,30797
305740,30798
315430,30799
317530,30800
334370,30801
343610,30802
348340,30803
356770,30804
357930,30805
358300,30806
370080,30807
376943,30808
379390,30809
388660,30810
391640,30811
396680,30812
403840,30813
12480,30814
37500,30815
39640,30816
48802,30817
98900,30818
220824,30819
250540,30820
273860,30821
341030,30822
341690,30823
344480,30824
346550,30825
349530,30826
353190,30827
360080,30828
360580,30829
360890,30830
376935,30831
376975,30832
385220,30833
392190,30834
425770,30835
434064,30836
436260,30837
441270,30838
452070,30839
464630,30840
465310,30841
485820,30842
496100,30843
512621,30844
528110,30845
540860,30846
551050,30847
756040,30848
558320,30849
563130,30850
569970,30851
576650,30852
598660,30853
601500,30854
607020,30855
613900,30856
621170,30857
627320,30858
636310,30859
355490,30860
406860,30861
419810,30862
456760,30863
502910,30864
503130,30865
513210,30866
518650,30867
530720,30868
532030,30869
548240,30870
560550,30871
575490,30872
582572,30873
583060,30874
615630,30875
622170,30876
635040,30877
635520,30878
655440,30879
658660,30880
673830,30881
687480,30882
691630,30883
697250,30884
704880,30885
710820,30886
729390,30887
760120,30888
760460,30889
760550,30890
762500,30891
771250,30892
793490,30893
802920,30894
816870,30895
826470,30896
870140,30897
878350,30898
899590,30899
680330,30900
708100,30901
708720,30902
711010,30903
724470,30904
731770,30905
744800,30906
756240,30907
757060,30908
1130510,30909
757430,30910
757450,30911
759950,30912
761000,30913
786510,30914
793210,30915
793510,30916
794180,30917
806000,30918
814060,30919
868424,30920
871550,30921
903160,30922
904440,30923
915200,30924
942600,30925
969560,30926
982670,30927
987710,30928
1007730,30929
1019510,30930
1057070,30931
1062400,30932
1067030,30933
1190130,30934
1197220,30935
1204940,30936
1209990,30937
1220200,30938
1221290,30939
1246031,30940
1258790,30941
1265240,30942
882760,30943
893390,30944
941120,30945
970710,30946
972200,30947
1019133,30948
1033100,30949
1057990,30950
1058220,30951
1058550,30952
1069090,30953
1077730,30954
1083282,30955
1134020,30956
1134030,30957
1137641,30958
1140140,30959
1146720,30960
1164300,30961
1185950,30962
1224480,30963
542120,30964
1315360,30965
1324560,30966
1353710,30967
1408100,30968
1414400,30969
1414470,30970
1453730,30971
1460290,30972
1460700,30973
1483010,30974
1491170,30975
1907360,30976
1510380,30977
1569760,30978
1596070,30979
1611830,30980
1638130,30981
1642130,30982
1656350,30983
1668440,30984
2211610,30985
1689250,30986
1746970,30987
1747590,30988
1756320,30989
1762370,30990
1772090,30991
1794530,30992
1795980,30993
1845420,30994
1868310,30995
1880160,30996
1915010,30997
1984390,30998
2018100,30999
2091130,31000
2098100,31001
2104730,31002
2136400,31003
1227360,31004
1239590,31005
1258020,31006
1264360,31007
1333270,31008
1383750,31009
1403350,31010
1437030,31011
1444170,31012
1530670,31013
1551920,31014
1558430,31015
1591910,31016
1627120,31017
1630800,31018
1687040,31019
1703140,31020
1811940,31021
1849040,31022
1877000,31023
1891930,31024
1936140,31025
2237350,31026
2265110,31027
15970,31028
34600,31029
41660,31030
44100,31031
104100,31032
204303,31033
222544,31034
234785,31035
251020,31036
258645,31037
270070,31038
279460,31039
286634,31040
297410,31041
316740,31042
327530,31043
338040,31044
341160,31045
347790,31046
360510,31047
360520,31048
376370,31049
378280,31050
382350,31051
385940,31052
409670,31053
412290,31054
417920,31055
426170,31056
428190,31057
1829596,31058
450050,31059
463792,31060
504850,31061
516470,31062
519980,31063
520250,31064
541190,31065
551370,31066
564900,31067
602300,31068
612120,31069
622920,31070
623580,31071
627410,31072
643570,31073
660340,31074
673970,31075
674380,31076
681780,31077
684230,31078
687510,31079
694440,31080
757700,31081
767500,31082
822940,31083
833820,31084
837110,31085
838980,31086
844470,31087
845350,31088
847560,31089
849620,31090
887890,31091
894330,31092
919610,31093
922290,31094
931220,31095
971210,31096
983640,31097
985620,31098
992210,31099
1007820,31100
1028520,31101
1038100,31102
1054560,31103
1060160,31104
1525650,31105
1096950,31106
1098150,31107
1121000,31108
1123230,31109
1162050,31110
1208330,31111
1212450,31112
1241950,31113
1250070,31114
1281890,31115
1316050,31116
1328510,31117
1329800,31118
1342010,31119
1356160,31120
1371050,31121
1380760,31122
1389630,31123
1392700,31124
1461710,31125
1538260,31126
1543210,31127
1599080,31128
1601410,31129
1627820,31130
1633000,31131
1639780,31132
1671390,31133
1674720,31134
1683720,31135
1690210,31136
1714270,31137
1749840,31138
1761010,31139
1766400,31140
1839080,31141
1864240,31142
1989140,31143
2061440,31144
2077430,31145
2142850,31146
2177610,31147
2257950,31148
11020,31149
33390,31150
203772,31151
234784,31152
256502,31153
279580,31154
283330,31155
287120,31156
302160,31157
307030,31158
311840,31159
319570,31160
328310,31161
343280,31162
353970,31163
369370,31164
373980,31165
376955,31166
406920,31167
409360,31168
409720,31169
416180,31170
416200,31171
420550,31172
426560,31173
429700,31174
473510,31175
474050,31176
486300,31177
488160,31178
496340,31179
502880,31180
508690,31181
522300,31182
531910,31183
1307270,31184
536320,31185
546490,31186
549920,31187
598070,31188
626561,31189
639470,31190
697930,31191
701270,31192
701970,31193
716680,31194
753610,31195
763210,31196
778550,31197
819240,31198
820030,31199
820380,31200
837100,31201
854220,31202
881830,31203
882940,31204
884550,31205
897020,31206
915060,31207
946340,31208
976940,31209
979450,31210
985710,31211
990090,31212
1033240,31213
1053850,31214
1054300,31215
1061640,31216
1070890,31217
1089130,31218
1095031,31219
1102420,31220
1107720,31221
1142530,31222
1165840,31223
1222360,31224
1689310,31225
1248120,31226
1252410,31227
1798040,31228
1335680,31229
1367520,31230
1377850,31231
1403080,31232
1423270,31233
1457620,31234
1473740,31235
1486790,31236
1499720,31237
1580970,31238
1588620,31239
1637510,31240
1655550,31241
1720950,31242
1786760,31243
1926390,31244
1989090,31245
1994860,31246
1995940,31247
1997880,31248
2022570,31249
2025680,31250
2055130,31251
2147220,31252
2149980,31253
2197160,31254
24640,31255
34920,31256
45775,31257
55203,31258
208741,31259
220285,31260
232770,31261
233110,31262
251910,31263
257710,31264
652340,31265
272300,31266
286930,31267
303260,31268
305960,31269
312990,31270
343390,31271
355410,31272
360150,31273
363490,31274
370270,31275
373330,31276
380100,31277
400350,31278
423270,31279
430020,31280
434150,31281
436050,31282
443420,31283
448110,31284
458600,31285
478010,31286
357910,31287
486120,31288
487250,31289
491410,31290
493850,31291
513450,31292
524050,31293
529540,31294
534720,31295
539440,31296
545110,31297
551500,31298
562340,31299
577180,31300
592240,31301
592320,31302
595070,31303
596630,31304
600150,31305
628110,31306
635670,31307
636560,31308
653760,31309
662920,31310
684320,31311
693210,31312
696250,31313
705070,31314
712390,31315
715810,31316
720110,31317
738590,31318
738600,31319
762480,31320
764240,31321
806830,31322
820700,31323
826180,31324
843780,31325
844950,31326
861930,31327
862740,31328
864860,31329
918430,31330
944640,31331
984250,31332
1005550,31333
1008140,31334
1027220,31335
1048020,31336
1056350,31337
1063950,31338
1071240,31339
1073770,31340
1096240,31341
1113240,31342
1123080,31343
1123390,31344
1136830,31345
1140290,31346
1155410,31347
1214640,31348
1216980,31349
1225260,31350
1233310,31351
1239060,31352
648650,31353
1251980,31354
1261200,31355
1263620,31356
1276450,31357
1280970,31358
1330290,31359
1339550,31360
1361810,31361
1403890,31362
1405780,31363
1419130,31364
1437040,31365
1467620,31366
1536520,31367
1558490,31368
1359160,31369
1560940,31370
1609300,31371
1617190,31372
1624210,31373
1645140,31374
1647440,31375
1654440,31376
1675670,31377
1799560,31378
1820130,31379
1820980,31380
1821430,31381
1853270,31382
1857970,31383
1864250,31384
1873990,31385
1882120,31386
842190,31387
1894730,31388
1897960,31389
1927520,31390
1945990,31391
1963950,31392
2002450,31393
2054100,31394
2132070,31395
2202890,31396
2231890,31397
237950,31398
261920,31399
279540,31400
305010,31401
322060,31402
329930,31403
340500,31404
343592,31405
349480,31406
355690,31407
364300,31408
369640,31409
370050,31410
371670,31411
373600,31412
391440,31413
410540,31414
411740,31415
450960,31416
455100,31417
457810,31418
487130,31419
487160,31420
492200,31421
503390,31422
514810,31423
521790,31424
522690,31425
529410,31426
536450,31427
938660,31428
556520,31429
568200,31430
586770,31431
587810,31432
590660,31433
598390,31434
598880,31435
600560,31436
618610,31437
628020,31438
630500,31439
687490,31440
693880,31441
724370,31442
727480,31443
730410,31444
731170,31445
755200,31446
768840,31447
776540,31448
798380,31449
823640,31450
876160,31451
885380,31452
899270,31453
907310,31454
912370,31455
926450,31456
953370,31457
969230,31458
971910,31459
997430,31460
1013340,31461
1033460,31462
1064860,31463
1068480,31464
1083910,31465
1092710,31466
1122830,31467
1146890,31468
1169200,31469
1173250,31470
1175210,31471
964910,31472
1232410,31473
1234840,31474
1236760,31475
1244640,31476
1261880,31477
1279910,31478
1283930,31479
1285630,31480
1288930,31481
1295000,31482
1322600,31483
1328050,31484
1334070,31485
1352583,31486
1377010,31487
1379960,31488
1388280,31489
1608890,31490
1397620,31491
1402400,31492
1438260,31493
1448820,31494
1454580,31495
1460310,31496
1479960,31497
1483310,31498
1486030,31499
1504150,31500
1558630,31501
1580010,31502
1581750,31503
1594120,31504
1600530,31505
1611850,31506
1650080,31507
1654050,31508
1668170,31509
1675980,31510
1753524,31511
1780420,31512
1791870,31513
1798750,31514
1834550,31515
1868280,31516
1868410,31517
1876720,31518
1904410,31519
1929670,31520
1952490,31521
1997550,31522
2058650,31523
2067730,31524
2190420,31525
249930,31526
271990,31527
278440,31528
353220,31529
281560,31530
308170,31531
311860,31532
311910,31533
315394,31534
346420,31535
357290,31536
382460,31537
388910,31538
394490,31539
394540,31540
402170,31541
418280,31542
431290,31543
432240,31544
448185,31545
473610,31546
493700,31547
504630,31548
514900,31549
1620920,31550
514990,31551
524010,31552
982710,31553
548470,31554
579930,31555
596710,31556
621921,31557
652830,31558
671690,31559
675730,31560
698770,31561
703300,31562
706390,31563
714270,31564
737820,31565
740470,31566
777400,31567
786140,31568
819060,31569
833500,31570
836330,31571
841320,31572
858870,31573
867690,31574
895060,31575
912650,31576
988340,31577
1010150,31578
1036800,31579
1036900,31580
1038440,31581
1059420,31582
1060270,31583
1080700,31584
1084120,31585
1084930,31586
1091320,31587
1106710,31588
1143800,31589
1172900,31590
1193630,31591
393660,31592
1201330,31593
1206930,31594
1238180,31595
1263610,31596
1264640,31597
1280900,31598
1334330,31599
1338390,31600
1344810,31601
1366510,31602
1411380,31603
1425250,31604
1463140,31605
1483040,31606
1504310,31607
1570000,31608
1570160,31609
1592880,31610
1629710,31611
1665900,31612
1683020,31613
1692280,31614
1722750,31615
1736250,31616
1736740,31617
1767320,31618
1782620,31619
1784730,31620
1834580,31621
1843610,31622
1870320,31623
1943230,31624
1963580,31625
1970780,31626
397770,31627
1991090,31628
2010400,31629
2169730,31630
2216180,31631
29800,31632
210931,31633
230892,31634
300540,31635
307980,31636
310890,31637
323700,31638
330660,31639
338590,31640
348860,31641
350630,31642
356270,31643
371510,31644
373730,31645
380580,31646
381140,31647
388840,31648
448930,31649
454750,31650
497270,31651
502970,31652
504620,31653
521130,31654
522090,31655
531630,31656
533330,31657
555710,31658
564210,31659
572010,31660
573550,31661
576590,31662
599900,31663
609850,31664
634200,31665
649450,31666
653230,31667
659950,31668
688660,31669
708710,31670
713090,31671
718960,31672
725040,31673
726810,31674
769940,31675
771130,31676
781220,31677
783450,31678
820320,31679
826040,31680
833030,31681
841980,31682
849311,31683
850250,31684
850690,31685
863980,31686
875950,31687
914130,31688
953610,31689
968360,31690
974302,31691
977340,31692
989340,31693
991230,31694
998660,31695
1013890,31696
1017880,31697
1028110,31698
1030430,31699
1036820,31700
1052550,31701
1056010,31702
1076140,31703
1097300,31704
1099550,31705
1109220,31706
1113530,31707
1138060,31708
1139200,31709
1177080,31710
1181520,31711
1217610,31712
1230930,31713
1237650,31714
1256190,31715
370800,31716
1268250,31717
1271870,31718
1275590,31719
1284150,31720
1340530,31721
1365760,31722
1373350,31723
1381880,31724
1394830,31725
1427680,31726
1445720,31727
1490680,31728
1515980,31729
1517490,31730
1526340,31731
1553840,31732
1562540,31733
1563490,31734
2123030,31735
1571160,31736
1572330,31737
1606760,31738
1640810,31739
1643350,31740
1645780,31741
1670880,31742
1128480,31743
1690820,31744
1710550,31745
1710810,31746
1714350,31747
1745710,31748
1766580,31749
1768880,31750
1793120,31751
1862020,31752
1885090,31753
2080560,31754
416900,31755
2123840,31756
2143160,31757
49610,31758
218740,31759
244830,31760
265790,31761
288830,31762
291690,31763
304750,31764
328510,31765
336930,31766
338120,31767
353340,31768
357280,31769
361820,31770
369310,31771
370170,31772
401630,31773
409020,31774
453300,31775
458370,31776
463798,31777
466543,31778
470280,31779
493620,31780
496040,31781
496550,31782
507050,31783
532920,31784
540550,31785
547680,31786
552230,31787
556960,31788
580570,31789
588710,31790
589730,31791
658830,31792
684040,31793
687630,31794
694130,31795
708300,31796
749670,31797
755600,31798
768170,31799
774901,31800
789480,31801
789770,31802
1585580,31803
810640,31804
823370,31805
841270,31806
847890,31807
858590,31808
882960,31809
905800,31810
913270,31811
928180,31812
939920,31813
979580,31814
987210,31815
1017130,31816
1044750,31817
1047430,31818
1051830,31819
1069220,31820
1097210,31821
1101620,31822
1118170,31823
1154680,31824
1228440,31825
1230100,31826
1230275,31827
1236670,31828
1238360,31829
1265390,31830
1308030,31831
1339800,31832
1342130,31833
1358930,31834
16465,31835
1362780,31836
1393100,31837
1443059,31838
1455680,31839
1459810,31840
1504490,31841
1512470,31842
1540360,31843
1552250,31844
1592260,31845
1616520,31846
1627520,31847
1634830,31848
1648730,31849
1655670,31850
1662940,31851
1672930,31852
1720800,31853
1778430,31854
1823680,31855
1842390,31856
1884430,31857
1911600,31858
1925910,31859
1943740,31860
1960710,31861
1965390,31862
2062930,31863
2091630,31864
2092620,31865
2124650,31866
2126300,31867
2175210,31868
33980,31869
42120,31870
208740,31871
222625,31872
230980,31873
252050,31874
292160,31875
293180,31876
294560,31877
297310,31878
306040,31879
315450,31880
280520,31881
315550,31882
316020,31883
316360,31884
325880,31885
328430,31886
332790,31887
340270,31888
354900,31889
371710,31890
372670,31891
379548,31892
387100,31893
418610,31894
431650,31895
435010,31896
449690,31897
468070,31898
469550,31899
473470,31900
477800,31901
422420,31902
316480,31903
317360,31904
318290,31905
330590,31906
344190,31907
348290,31908
363650,31909
364890,31910
366290,31911
375220,31912
377290,31913
378830,31914
385440,31915
387970,31916
389830,31917
395550,31918
445140,31919
448050,31920
465760,31921
480580,31922
490330,31923
495320,31924
684620,31925
508300,31926
520780,31927
525013,31928
534010,31929
554710,31930
566930,31931
577440,31932
588560,31933
595100,31934
597920,31935
622620,31936
622700,31937
627310,31938
631660,31939
648440,31940
650750,31941
668300,31942
674250,31943
679500,31944
695760,31945
711710,31946
495930,31947
714250,31948
485110,31949
486970,31950
494530,31951
513190,31952
513690,31953
545640,31954
547980,31955
554330,31956
564010,31957
569400,31958
575690,31959
584880,31960
597240,31961
601020,31962
601170,31963
624620,31964
632730,31965
649390,31966
654400,31967
659490,31968
666050,31969
683240,31970
698250,31971
419951,31972
711440,31973
704286,31974
719200,31975
723830,31976
727990,31977
745380,31978
749880,31979
756260,31980
759500,31981
765100,31982
765480,31983
771610,31984
778030,31985
780080,31986
824460,31987
842250,31988
861050,31989
878330,31990
881610,31991
893900,31992
922480,31993
923900,31994
925900,31995
757100,31996
766740,31997
774141,31998
776510,31999
797090,32000
802130,32001
811950,32002
818050,32003
849304,32004
849309,32005
851810,32006
858100,32007
871230,32008
896718,32009
932790,32010
935810,32011
951240,32012
957080,32013
967430,32014
990640,32015
1011650,32016
1016630,32017
105700,32018
1049820,32019
949500,32020
952130,32021
969130,32022
987910,32023
997060,32024
1023720,32025
1025870,32026
1042820,32027
1059190,32028
1064320,32029
1071940,32030
1073130,32031
1105970,32032
1114000,32033
1118350,32034
1121680,32035
1152440,32036
1198600,32037
1269600,32038
1272340,32039
1053760,32040
1054930,32041
1070320,32042
1133980,32043
1163500,32044
1165820,32045
1198700,32046
1208830,32047
1254400,32048
1266980,32049
1269770,32050
1274800,32051
1280070,32052
1301770,32053
1344430,32054
1348970,32055
1357000,32056
1379750,32057
1393580,32058
1408200,32059
1430120,32060
1450060,32061
1482130,32062
1502950,32063
1531605,32064
1588120,32065
1625110,32066
1630180,32067
1638370,32068
1641520,32069
1709040,32070
1717880,32071
1740000,32072
1760690,32073
1767240,32074
1809710,32075
1821870,32076
356460,32077
1872470,32078
1904390,32079
1958810,32080
1978090,32081
1984070,32082
1990790,32083
2003270,32084
2141990,32085
2172760,32086
2202540,32087
2211640,32088
820020,32089
822130,32090
841140,32091
841950,32092
856120,32093
860670,32094
862150,32095
862300,32096
1236530,32097
1610730,32098
1620380,32099
1648020,32100
1655840,32101
1664958,32102
1695260,32103
1727550,32104
1734280,32105
1792710,32106
1802860,32107
1812780,32108
1814870,32109
1877930,32110
1918920,32111
1997070,32112
2055030,32113
2055600,32114
2068120,32115
2091370,32116
2097160,32117
2102530,32118
2236580,32119
866510,32120
873410,32121
878950,32122
882670,32123
886970,32124
1275810,32125
1290110,32126
1296731,32127
910590,32128
915670,32129
1336790,32130
925060,32131
928610,32132
1346120,32133
978190,32134
37340,32135
92900,32136
105100,32137
234781,32138
259252,32139
263640,32140
271030,32141
277500,32142
277736,32143
284500,32144
287370,32145
305182,32146
313620,32147
313650,32148
318100,32149
340450,32150
348380,32151
393340,32152
408030,32153
416060,32154
423870,32155
462570,32156
486370,32157
699720,32158
10220,32159
206230,32160
253610,32161
256010,32162
282620,32163
299260,32164
312440,32165
323270,32166
345480,32167
349520,32168
361380,32169
361950,32170
363510,32171
364322,32172
364710,32173
376410,32174
381240,32175
386280,32176
387010,32177
401970,32178
413480,32179
16020,32180
46460,32181
208356,32182
218242,32183
224000,32184
262940,32185
285980,32186
314290,32187
321350,32188
324190,32189
325320,32190
325961,32191
329012,32192
329680,32193
331061,32194
342841,32195
355560,32196
361790,32197
371220,32198
374690,32199
413470,32200
418260,32201
98600,32202
214150,32203
242130,32204
246940,32205
263140,32206
276750,32207
277747,32208
277820,32209
297070,32210
301210,32211
302380,32212
306200,32213
306670,32214
331980,32215
334810,32216
346440,32217
348650,32218
351300,32219
355970,32220
979740,32221
416080,32222
419090,32223
438300,32224
440770,32225
444270,32226
445870,32227
449340,32228
459160,32229
475530,32230
497420,32231
498600,32232
501190,32233
510680,32234
526290,32235
533030,32236
534920,32237
542520,32238
544540,32239
563420,32240
588120,32241
589320,32242
421600,32243
446770,32244
486850,32245
502410,32246
510070,32247
522990,32248
546340,32249
548480,32250
550580,32251
553570,32252
575430,32253
584970,32254
593900,32255
602780,32256
661830,32257
665090,32258
668280,32259
692790,32260
694980,32261
708190,32262
773991,32263
783220,32264
517280,32265
528640,32266
534600,32267
537590,32268
542330,32269
549000,32270
557950,32271
568490,32272
614030,32273
616810,32274
623900,32275
667300,32276
722330,32277
723410,32278
751840,32279
752020,32280
754660,32281
764570,32282
786570,32283
806530,32284
837330,32285
840500,32286
368830,32287
369270,32288
378501,32289
382410,32290
393040,32291
403660,32292
412470,32293
423610,32294
431850,32295
443250,32296
454350,32297
461780,32298
468110,32299
469930,32300
475090,32301
497190,32302
509110,32303
614460,32304
619870,32305
629230,32306
601920,32307
603110,32308
611750,32309
624410,32310
669630,32311
706880,32312
715490,32313
727720,32314
734440,32315
740280,32316
757490,32317
776140,32318
777560,32319
806220,32320
826084,32321
828680,32322
846780,32323
868070,32324
868100,32325
893550,32326
631490,32327
632520,32328
642807,32329
653190,32330
667010,32331
674690,32332
923880,32333
704210,32334
708970,32335
709850,32336
714370,32337
721950,32338
726020,32339
769920,32340
774161,32341
777050,32342
779250,32343
788670,32344
803830,32345
804440,32346
861720,32347
864570,32348
865720,32349
873370,32350
878980,32351
917380,32352
945610,32353
947970,32354
949970,32355
982060,32356
987200,32357
996920,32358
1001980,32359
1020600,32360
1055336,32361
1061100,32362
1064990,32363
1078870,32364
1089570,32365
1111120,32366
896880,32367
905060,32368
913090,32369
925170,32370
933080,32371
936810,32372
982100,32373
1017060,32374
1028892,32375
995140,32376
1032120,32377
1045930,32378
1061250,32379
1091570,32380
1093320,32381
1108630,32382
1115610,32383
1120410,32384
1165910,32385
1170803,32386
1179220,32387
979790,32388
792990,32389
800700,32390
826087,32391
838510,32392
843370,32393
856010,32394
864150,32395
874800,32396
875460,32397
913890,32398
924181,32399
937050,32400
967289,32401
974200,32402
995450,32403
1007240,32404
1018750,32405
1036980,32406
1106350,32407
1151180,32408
1162930,32409
1197730,32410
979890,32411
1207880,32412
1231740,32413
1273590,32414
1299790,32415
1310350,32416
1373810,32417
995653,32418
1379840,32419
1392670,32420
1409730,32421
1454140,32422
1463470,32423
1511690,32424
1534510,32425
1198270,32426
1224710,32427
1567390,32428
1231060,32429
201570,32430
1150910,32431
1174380,32432
1185360,32433
1186560,32434
1199910,32435
1234700,32436
1573540,32437
1574700,32438
1248650,32439
1584980,32440
1602380,32441
1631250,32442
1260200,32443
1671330,32444
1691480,32445
1261990,32446
1750640,32447
1272500,32448
1301590,32449
1330170,32450
1346800,32451
1362830,32452
1382140,32453
1384350,32454
1389750,32455
1463890,32456
1487940,32457
1506410,32458
1519340,32459
1525900,32460
1537480,32461
1554030,32462
1575950,32463
1591340,32464
1601850,32465
713320,32466
1765820,32467
1768530,32468
1796160,32469
1808430,32470
1842900,32471
2066820,32472
2150580,32473
2183180,32474
1839590,32475
2208060,32476
2232130,32477
2293410,32478
982800,32479
1025240,32480
1040940,32481
1141030,32482
1148910,32483
1164010,32484
1181300,32485
1207770,32486
1215430,32487
1216350,32488
1216540,32489
1222170,32490
1244760,32491
1258520,32492
1262120,32493
1271080,32494
1274290,32495
1276720,32496
222564,32497
1276140,32498
1292250,32499
1301830,32500
1318790,32501
1332490,32502
1341630,32503
1367970,32504
1386440,32505
1421710,32506
1455700,32507
1467020,32508
1507640,32509
1507800,32510
1530370,32511
1532170,32512
1605430,32513
22670,32514
1339850,32515
1380010,32516
1387010,32517
1431030,32518
1455430,32519
1471470,32520
1483730,32521
1528240,32522
1534610,32523
1554530,32524
1566910,32525
1609390,32526
1686530,32527
1756150,32528
1815933,32529
1828510,32530
1846940,32531
835530,32532
1848150,32533
1876150,32534
1882864,32535
241372,32536
1663380,32537
1670890,32538
1689510,32539
1692290,32540
1715550,32541
1731730,32542
1745480,32543
1750490,32544
1758360,32545
1767310,32546
1794740,32547
1828540,32548
1534490,32549
1903770,32550
1970750,32551
2006090,32552
2016110,32553
2019630,32554
2088080,32555
2185400,32556
39900,32557
200490,32558
210899,32559
229230,32560
240660,32561
251650,32562
266190,32563
282516,32564
293480,32565
296050,32566
315920,32567
317890,32568
320520,32569
322850,32570
345340,32571
355060,32572
373460,32573
373720,32574
1889330,32575
1943050,32576
1949280,32577
1982900,32578
2093020,32579
2115820,32580
381260,32581
382160,32582
389050,32583
402460,32584
408590,32585
408920,32586
409320,32587
409490,32588
417890,32589
423600,32590
442890,32591
445230,32592
466549,32593
295770,32594
466980,32595
567040,32596
1623440,32597
1627220,32598
1632640,32599
1672986,32600
1673140,32601
1673600,32602
1683800,32603
1710890,32604
1725660,32605
1798970,32606
1799950,32607
1808400,32608
1812850,32609
1846020,32610
1846290,32611
3580,32612
1864080,32613
1874970,32614
4470,32615
1875280,32616
1915910,32617
1930340,32618
1938150,32619
2089340,32620
2090170,32621
490690,32622
496930,32623
500340,32624
512270,32625
515110,32626
525000,32627
532290,32628
533820,32629
536660,32630
573210,32631
258817,32632
34342,32633
248800,32634
286830,32635
290320,32636
292480,32637
332740,32638
334100,32639
348270,32640
356880,32641
358030,32642
384010,32643
397100,32644
407475,32645
408170,32646
412170,32647
415960,32648
417750,32649
428950,32650
437231,32651
445990,32652
450590,32653
451130,32654
464700,32655
466490,32656
472060,32657
483770,32658
494523,32659
508650,32660
512110,32661
540100,32662
564360,32663
576670,32664
582210,32665
587420,32666
600430,32667
606950,32668
613590,32669
667220,32670
668040,32671
675360,32672
684380,32673
729180,32674
738350,32675
748880,32676
754040,32677
759080,32678
779930,32679
789750,32680
823420,32681
860900,32682
880870,32683
885320,32684
904780,32685
905380,32686
910250,32687
923820,32688
947450,32689
955360,32690
961420,32691
964750,32692
967275,32693
975550,32694
1002920,32695
1003600,32696
1036990,32697
1060450,32698
1079860,32699
1083850,32700
1087970,32701
1091590,32702
1111300,32703
1112370,32704
1137700,32705
1151610,32706
1198835,32707
1198849,32708
1213680,32709
1225640,32710
1237060,32711
1245190,32712
1251690,32713
1274840,32714
1300670,32715
1359310,32716
1372800,32717
1375530,32718
1377150,32719
1392100,32720
1397010,32721
1410600,32722
1415830,32723
1424640,32724
1431100,32725
1433550,32726
1456362,32727
1459660,32728
568850,32729
1510800,32730
1511850,32731
1520810,32732
1527140,32733
1533005,32734
1536810,32735
1543760,32736
2166170,32737
1551470,32738
1570720,32739
1573620,32740
1590840,32741
1609050,32742
1612820,32743
1626600,32744
1664920,32745
1689270,32746
1705760,32747
1767740,32748
1803150,32749
1872200,32750
1874680,32751
1915210,32752
1944920,32753
1967950,32754
2127230,32755
577580,32756
585920,32757
615180,32758
636490,32759
654120,32760
654810,32761
656510,32762
670400,32763
685370,32764
694090,32765
697670,32766
703270,32767
709700,32768
25896,32769
45776,32770
109500,32771
200610,32772
201070,32773
204384,32774
205810,32775
211580,32776
226665,32777
237370,32778
283230,32779
297620,32780
321980,32781
330450,32782
330620,32783
335100,32784
375330,32785
387070,32786
401090,32787
403520,32788
414580,32789
415840,32790
415990,32791
418060,32792
45773,32793
73210,32794
215770,32795
258744,32796
263960,32797
305940,32798
324610,32799
326760,32800
328780,32801
329620,32802
333430,32803
336110,32804
336780,32805
365320,32806
375580,32807
385100,32808
406080,32809
444580,32810
448810,32811
449394,32812
478960,32813
502120,32814
531780,32815
531980,32816
555510,32817
615490,32818
621880,32819
627950,32820
649120,32821
655280,32822
662870,32823
668560,32824
682080,32825
711240,32826
721060,32827
721760,32828
754400,32829
775850,32830
789550,32831
828640,32832
448960,32833
456440,32834
485330,32835
502150,32836
507120,32837
533860,32838
535170,32839
544870,32840
545930,32841
557520,32842
576260,32843
580520,32844
591910,32845
640230,32846
640760,32847
650220,32848
672860,32849
683060,32850
689350,32851
697970,32852
722750,32853
745090,32854
751590,32855
830630,32856
913010,32857
932810,32858
970730,32859
976340,32860
979160,32861
980830,32862
1001880,32863
1004930,32864
1007430,32865
1009900,32866
1014300,32867
646440,32868
1015700,32869
1026390,32870
1065390,32871
1094730,32872
1096330,32873
1098163,32874
1135730,32875
1162670,32876
1167900,32877
1167970,32878
766680,32879
772500,32880
788870,32881
803850,32882
813030,32883
817630,32884
821980,32885
845400,32886
858830,32887
865930,32888
889170,32889
1123550,32890
914180,32891
983990,32892
1022280,32893
1024430,32894
1030580,32895
1048080,32896
1064160,32897
1066670,32898
1087429,32899
1091010,32900
1171380,32901
1191860,32902
1204710,32903
1221420,32904
1226020,32905
1255010,32906
1301860,32907
1304418,32908
1341280,32909
1353120,32910
1137170,32911
1367230,32912
1380470,32913
1386910,32914
1421690,32915
1441300,32916
1446090,32917
1490490,32918
1519140,32919
714070,32920
1096300,32921
1110690,32922
1136930,32923
1173310,32924
1194720,32925
1237870,32926
1297010,32927
1310270,32928
1556250,32929
1318420,32930
1380310,32931
1394720,32932
1402350,32933
1423030,32934
1425790,32935
1468060,32936
1471570,32937
1486120,32938
1547090,32939
1548190,32940
1588140,32941
1598970,32942
1601550,32943
1649830,32944
1656880,32945
1660750,32946
1676920,32947
1698570,32948
1699460,32949
1710430,32950
1743720,32951
1758450,32952
1780450,32953
1783000,32954
1798540,32955
1802460,32956
1813340,32957
1489290,32958
1496920,32959
1500750,32960
1515063,32961
1549220,32962
1564920,32963
1565580,32964
1568540,32965
1570650,32966
1584280,32967
1592610,32968
1593100,32969
1612540,32970
1664050,32971
1699200,32972
1706940,32973
1712730,32974
1758080,32975
1818960,32976
1824440,32977
1827870,32978
1860150,32979
1938452,32980
1952770,32981
1954980,32982
1956740,32983
1957040,32984
1971190,32985
2027570,32986
1174300,32987
2188880,32988
2229080,32989
2271910,32990
717190,32991
722670,32992
733480,32993
762380,32994
794740,32995
822550,32996
855530,32997
868170,32998
873730,32999
13580,33000
17520,33001
65216,33002
225434,33003
276220,33004
285070,33005
310100,33006
317440,33007
326160,33008
327760,33009
331200,33010
331470,33011
342020,33012
347580,33013
352030,33014
356100,33015
357750,33016
362150,33017
385840,33018
399130,33019
401622,33020
402030,33021
719280,33022
1826760,33023
1841760,33024
1847390,33025
1867100,33026
1959900,33027
1998380,33028
2115950,33029
2220480,33030
2264080,33031
892170,33032
897800,33033
904890,33034
945710,33035
970190,33036
982450,33037
992990,33038
1049240,33039
1098720,33040
404050,33041
420790,33042
420825,33043
444180,33044
447570,33045
491440,33046
492430,33047
494990,33048
498280,33049
502810,33050
545470,33051
562290,33052
567210,33053
658400,33054
660900,33055
662930,33056
664650,33057
575750,33058
669660,33059
689920,33060
704440,33061
709410,33062
731950,33063
757870,33064
765230,33065
785640,33066
787710,33067
787720,33068
798950,33069
809150,33070
810590,33071
811130,33072
822920,33073
496590,33074
825320,33075
849307,33076
857600,33077
872350,33078
949810,33079
65250,33080
73035,33081
952230,33082
970140,33083
973440,33084
1006170,33085
1034060,33086
1063770,33087
1065920,33088
1072310,33089
1081800,33090
1094720,33091
1098190,33092
1098540,33093
1099400,33094
1121810,33095
1123400,33096
1138990,33097
1141740,33098
1155900,33099
46750,33100
266370,33101
288270,33102
291170,33103
298220,33104
315890,33105
323180,33106
326420,33107
337820,33108
375010,33109
377550,33110
378552,33111
381711,33112
398620,33113
412530,33114
421880,33115
424760,33116
430290,33117
446780,33118
464850,33119
496104,33120
1163300,33121
1145270,33122
1201940,33123
1210740,33124
1221460,33125
1222600,33126
1275770,33127
1286210,33128
1305490,33129
1325520,33130
1343260,33131
1358260,33132
1375370,33133
1418680,33134
1435700,33135
1463130,33136
1555770,33137
1570850,33138
1582990,33139
1599150,33140
1635020,33141
1651440,33142
1654900,33143
1700730,33144
1722140,33145
1735470,33146
1836170,33147
1864260,33148
1864590,33149
1896810,33150
1920700,33151
1976160,33152
1987750,33153
2104760,33154
2116600,33155
431630,33156
528720,33157
530960,33158
547970,33159
568070,33160
572330,33161
576160,33162
578350,33163
600210,33164
603750,33165
605210,33166
614050,33167
614660,33168
629150,33169
644660,33170
658060,33171
661120,33172
708510,33173
708890,33174
2116790,33175
1526120,33176
2124440,33177
2178540,33178
2228220,33179
2235620,33180
1197150,33181
1217190,33182
1276100,33183
1281360,33184
1304415,33185
1337650,33186
1366770,33187
1370040,33188
1409700,33189
1414090,33190
1451230,33191
1461540,33192
745930,33193
762900,33194
817160,33195
820240,33196
820880,33197
827940,33198
835490,33199
836590,33200
863580,33201
868710,33202
871510,33203
874310,33204
886280,33205
918260,33206
924100,33207
929106,33208
997950,33209
1023320,33210
1051580,33211
1058500,33212
1069450,33213
1089860,33214
1103630,33215
1207400,33216
1211640,33217
1239300,33218
1297270,33219
1314410,33220
1345750,33221
1365360,33222
1370390,33223
1384400,33224
1384490,33225
1387970,33226
1405950,33227
1410500,33228
1452790,33229
1463840,33230
1474860,33231
1537030,33232
446090,33233
1516320,33234
1526350,33235
1597220,33236
1610870,33237
1617900,33238
1620800,33239
1631010,33240
1661240,33241
1692390,33242
1698930,33243
1725430,33244
1749800,33245
1821570,33246
1823570,33247
1864230,33248
1893050,33249
1928470,33250
722990,33251
2080570,33252
2095250,33253
1558020,33254
1581830,33255
1636341,33256
1661270,33257
1711600,33258
1794620,33259
1818320,33260
1837130,33261
1854050,33262
1862710,33263
1883630,33264
1884570,33265
1902120,33266
1950770,33267
2001380,33268
1352230,33269
1371170,33270
647980,33271
1375650,33272
1387030,33273
1411180,33274
1426540,33275
1431290,33276
1439180,33277
1442590,33278
1448220,33279
1536000,33280
1566570,33281
1573840,33282
1577530,33283
1583170,33284
1604400,33285
1633110,33286
731930,33287
2005400,33288
2082520,33289
2107290,33290
2124390,33291
2132480,33292
2223810,33293
2252820,33294
2308650,33295
9800,33296
37290,33297
91104,33298
94000,33299
111010,33300
208307,33301
265191,33302
269430,33303
286810,33304
325952,33305
326590,33306
343100,33307
347440,33308
352150,33309
374240,33310
394720,33311
939051,33312
398680,33313
417410,33314
432720,33315
442010,33316
454550,33317
475520,33318
497340,33319
525780,33320
2061510,33321
541720,33322
548860,33323
550520,33324
551520,33325
561770,33326
576730,33327
606060,33328
611770,33329
613410,33330
615400,33331
627890,33332
639300,33333
661520,33334
671260,33335
678450,33336
695360,33337
701950,33338
705410,33339
2100980,33340
744940,33341
745890,33342
747320,33343
749410,33344
798860,33345
811840,33346
817220,33347
828240,33348
837380,33349
843860,33350
865980,33351
930230,33352
934060,33353
934410,33354
975180,33355
1034120,33356
1039350,33357
1063470,33358
1070250,33359
2244920,33360
1076130,33361
1087080,33362
1093670,33363
1131280,33364
1163560,33365
1208490,33366
1209080,33367
1214180,33368
1281150,33369
1298280,33370
1318280,33371
1330570,33372
1333860,33373
796360,33374
1358800,33375
1359630,33376
1441680,33377
1447540,33378
770977,33379
1505400,33380
1532360,33381
1588040,33382
1640390,33383
1659470,33384
1692000,33385
1702740,33386
1722570,33387
1740540,33388
1744380,33389
1754760,33390
1820910,33391
1005730,33392
1858980,33393
1862070,33394
1928660,33395
2052170,33396
80,33397
2540,33398
16060,33399
35070,33400
65229,33401
218560,33402
250930,33403
258090,33404
261160,33405
277737,33406
277758,33407
284220,33408
312010,33409
315330,33410
329040,33411
331520,33412
334300,33413
348510,33414
495580,33415
352790,33416
354050,33417
366060,33418
372030,33419
372390,33420
375710,33421
376250,33422
378630,33423
385690,33424
414730,33425
422630,33426
427640,33427
434250,33428
443450,33429
453030,33430
461243,33431
487180,33432
488140,33433
491260,33434
1091240,33435
497940,33436
501110,33437
544840,33438
560760,33439
575840,33440
587790,33441
596070,33442
596240,33443
611110,33444
619910,33445
623570,33446
631320,33447
644370,33448
656620,33449
673940,33450
674220,33451
680860,33452
684200,33453
691890,33454
696060,33455
711230,33456
723420,33457
726060,33458
736340,33459
737500,33460
739220,33461
765640,33462
778260,33463
780750,33464
781760,33465
788510,33466
810630,33467
826000,33468
828550,33469
852160,33470
871170,33471
885590,33472
990020,33473
993750,33474
1010540,33475
1016760,33476
1028500,33477
1045510,33478
1087100,33479
1108620,33480
1120050,33481
1122280,33482
1145380,33483
1151080,33484
1170960,33485
1180620,33486
1197390,33487
1218810,33488
1239250,33489
1248140,33490
1248160,33491
1293120,33492
1304660,33493
1311250,33494
1362390,33495
1377140,33496
1379670,33497
1402630,33498
1094010,33499
1412510,33500
1412570,33501
1413680,33502
1425550,33503
1428370,33504
1444410,33505
1465190,33506
1473250,33507
1497180,33508
1525490,33509
1568390,33510
12570,33511
1592980,33512
28012,33513
1626460,33514
29150,33515
1661700,33516
208630,33517
1675480,33518
211419,33519
1720160,33520
216335,33521
1724020,33522
1727020,33523
1750170,33524
1777280,33525
1794490,33526
1819250,33527
1843550,33528
1848120,33529
1884800,33530
1884890,33531
1898640,33532
1909040,33533
1923170,33534
607860,33535
1992120,33536
2020550,33537
2101630,33538
2107270,33539
2128220,33540
2131050,33541
2258120,33542
504560,33543
514050,33544
516940,33545
517550,33546
528860,33547
533010,33548
562330,33549
564400,33550
568400,33551
574120,33552
575310,33553
576840,33554
578920,33555
640050,33556
643681,33557
646280,33558
663920,33559
669770,33560
673240,33561
700310,33562
704140,33563
724710,33564
749850,33565
749980,33566
776180,33567
779380,33568
790450,33569
796600,33570
803750,33571
807340,33572
825000,33573
839330,33574
867420,33575
1756480,33576
889400,33577
903710,33578
712010,33579
937960,33580
1002930,33581
1045100,33582
1065960,33583
1067250,33584
1078490,33585
1087590,33586
1089760,33587
1177400,33588
1179460,33589
1180420,33590
1205620,33591
1236070,33592
1256950,33593
1273450,33594
1273780,33595
1320550,33596
1347130,33597
1389070,33598
1401340,33599
1431150,33600
1442240,33601
1453220,33602
1493310,33603
1511180,33604
1531604,33605
1541220,33606
1553740,33607
1578550,33608
1613960,33609
1614010,33610
1631860,33611
1640130,33612
1659410,33613
1672080,33614
1738740,33615
1761040,33616
718250,33617
1775750,33618
1795550,33619
1811750,33620
1858060,33621
1879620,33622
1902490,33623
2022910,33624
2066250,33625
2174160,33626
2214825,33627
738020,33628
752050,33629
788970,33630
797190,33631
809410,33632
818780,33633
889902,33634
899220,33635
23420,33636
116100,33637
222585,33638
266590,33639
302390,33640
320387,33641
328460,33642
337700,33643
338350,33644
342870,33645
364480,33646
369290,33647
373620,33648
396172,33649
397570,33650
407050,33651
414050,33652
420180,33653
1190930,33654
425820,33655
439530,33656
448184,33657
448192,33658
449530,33659
463460,33660
466730,33661
516570,33662
539290,33663
546330,33664
550840,33665
562050,33666
562270,33667
581650,33668
584770,33669
593620,33670
632080,33671
667420,33672
688380,33673
699480,33674
729450,33675
751200,33676
755570,33677
763250,33678
773951,33679
775310,33680
786370,33681
849600,33682
857140,33683
866310,33684
878780,33685
906770,33686
922130,33687
952700,33688
1004550,33689
1052360,33690
1066400,33691
1091260,33692
1107050,33693
1113970,33694
1118430,33695
1126090,33696
1136150,33697
1144270,33698
1175222,33699
1201370,33700
1267950,33701
1285870,33702
1371500,33703
1410460,33704
1417000,33705
1425370,33706
1431630,33707
1462970,33708
1473660,33709
1494920,33710
1509830,33711
1559700,33712
1577150,33713
1581070,33714
1589370,33715
1604350,33716
1627420,33717
1628270,33718
1034250,33719
1647160,33720
1650130,33721
1651030,33722
1668780,33723
1674640,33724
1705480,33725
1751800,33726
1753900,33727
1773490,33728
1776160,33729
1807540,33730
1831900,33731
1848890,33732
1938120,33733
1957210,33734
1966370,33735
1979970,33736
1048830,33737
1983270,33738
2000360,33739
2060160,33740
924250,33741
928660,33742
959170,33743
970850,33744
977100,33745
980490,33746
987740,33747
998270,33748
1035110,33749
1056660,33750
1071280,33751
1100300,33752
1116030,33753
1131450,33754
1153950,33755
447960,33756
1168980,33757
1213870,33758
4100,33759
49320,33760
95700,33761
235070,33762
252390,33763
264420,33764
286520,33765
328270,33766
346450,33767
348490,33768
351060,33769
379557,33770
381130,33771
383560,33772
385580,33773
390651,33774
426210,33775
427490,33776
432310,33777
459760,33778
463110,33779
464440,33780
480560,33781
503470,33782
503950,33783
509770,33784
516760,33785
521690,33786
523180,33787
524240,33788
525350,33789
525600,33790
529450,33791
536640,33792
545170,33793
546150,33794
582690,33795
589420,33796
595270,33797
598440,33798
601570,33799
636460,33800
656530,33801
664250,33802
676770,33803
681520,33804
706770,33805
710430,33806
724580,33807
746540,33808
754620,33809
763340,33810
774281,33811
795000,33812
802080,33813
804430,33814
814420,33815
821820,33816
843160,33817
865850,33818
875670,33819
896040,33820
904310,33821
913850,33822
928410,33823
935110,33824
936800,33825
944740,33826
960900,33827
994310,33828
995470,33829
995651,33830
997830,33831
1036920,33832
1039080,33833
1047480,33834
1059340,33835
1094050,33836
1102680,33837
1110830,33838
1119860,33839
1157670,33840
1237690,33841
1244390,33842
1248820,33843
1252730,33844
1269150,33845
1298670,33846
1304810,33847
1320230,33848
1353190,33849
1370950,33850
1374280,33851
1386020,33852
1424790,33853
1424940,33854
1430240,33855
1443490,33856
1448230,33857
1468080,33858
1469220,33859
1214360,33860
1500800,33861
1508490,33862
1512240,33863
1545710,33864
1568960,33865
1630880,33866
1646930,33867
1653640,33868
1654970,33869
1693610,33870
1744570,33871
1753050,33872
1757560,33873
1779220,33874
1780790,33875
1788170,33876
493790,33877
1791120,33878
1907420,33879
1915800,33880
1933670,33881
2101210,33882
2136220,33883
2183390,33884
2185920,33885
1240810,33886
1252160,33887
1258980,33888
1305390,33889
1310590,33890
1340570,33891
1345470,33892
1403840,33893
1430310,33894
1449650,33895
1466080,33896
1122250,33897
19080,33898
34841,33899
46700,33900
208460,33901
212780,33902
235130,33903
240480,33904
269570,33905
287600,33906
291010,33907
295222,33908
298020,33909
307810,33910
323340,33911
350500,33912
359250,33913
384250,33914
384480,33915
392900,33916
416400,33917
440390,33918
449640,33919
465190,33920
470090,33921
501860,33922
511460,33923
526040,33924
529860,33925
569630,33926
573370,33927
578660,33928
598340,33929
614830,33930
630690,33931
644890,33932
647990,33933
664510,33934
691020,33935
696530,33936
702950,33937
704760,33938
711920,33939
1486270,33940
216930,33941
246257,33942
261740,33943
268240,33944
273620,33945
307920,33946
316962,33947
340350,33948
350490,33949
351470,33950
352550,33951
372570,33952
376967,33953
407940,33954
416290,33955
418150,33956
449120,33957
454720,33958
460470,33959
462730,33960
470130,33961
1487840,33962
1371090,33963
1496380,33964
1519020,33965
1533600,33966
1568810,33967
1630170,33968
1631900,33969
1632770,33970
1633730,33971
1649820,33972
1651500,33973
1658530,33974
1666030,33975
1673740,33976
1718430,33977
1766380,33978
1830480,33979
1875590,33980
356580,33981
1682600,33982
370510,33983
1889520,33984
1906870,33985
1908650,33986
1927270,33987
1936230,33988
1993530,33989
2026990,33990
2053020,33991
2099220,33992
2156620,33993
2167900,33994
2205380,33995
2236880,33996
31300,33997
50110,33998
99614,33999
222582,34000
284970,34001
306930,34002
326470,34003
374060,34004
379590,34005
391340,34006
402220,34007
425070,34008
432290,34009
435060,34010
448530,34011
450480,34012
454180,34013
471170,34014
472490,34015
494522,34016
496650,34017
504110,34018
525280,34019
561450,34020
563270,34021
563400,34022
563910,34023
585020,34024
588540,34025
649460,34026
742970,34027
757730,34028
808580,34029
811290,34030
827610,34031
830980,34032
840100,34033
845730,34034
850040,34035
854400,34036
886630,34037
891190,34038
907620,34039
920470,34040
998020,34041
1003370,34042
1006800,34043
1018930,34044
1053780,34045
1381790,34046
1054270,34047
1091720,34048
1107370,34049
1142360,34050
1144800,34051
1182470,34052
1213000,34053
1216640,34054
1219540,34055
1241500,34056
1291230,34057
1310210,34058
1350570,34059
1355050,34060
1355570,34061
1359590,34062
525210,34063
1367760,34064
1385930,34065
1444420,34066
1446980,34067
1452220,34068
1453920,34069
1458680,34070
1475400,34071
1479310,34072
1492250,34073
1495990,34074
1552460,34075
1557180,34076
1567370,34077
1571950,34078
1643590,34079
1646890,34080
1719100,34081
1745430,34082
1862500,34083
1892410,34084
2002410,34085
2056250,34086
2139620,34087
2148060,34088
2171690,34089
2175650,34090
2202610,34091
2286450,34092
7840,34093
12430,34094
12560,34095
201510,34096
205060,34097
222579,34098
322000,34099
222640,34100
223410,34101
276460,34102
578030,34103
277741,34104
318300,34105
321080,34106
327980,34107
353300,34108
365870,34109
383750,34110
397320,34111
397670,34112
411420,34113
420970,34114
449360,34115
489000,34116
493480,34117
500244,34118
514080,34119
525080,34120
525100,34121
527380,34122
537520,34123
563680,34124
572660,34125
581840,34126
616220,34127
639230,34128
654710,34129
670850,34130
677951,34131
698500,34132
739253,34133
776850,34134
779450,34135
782020,34136
792970,34137
797070,34138
802210,34139
821990,34140
822540,34141
822800,34142
864880,34143
331580,34144
870730,34145
872400,34146
881050,34147
965940,34148
1030950,34149
1123340,34150
1158690,34151
1168800,34152
1188990,34153
1222050,34154
1231520,34155
1269030,34156
1322260,34157
1375740,34158
1383510,34159
1384170,34160
1392040,34161
338530,34162
1450150,34163
1467260,34164
1494180,34165
1494720,34166
1794440,34167
1504570,34168
1509780,34169
1524110,34170
1588650,34171
1588910,34172
1592370,34173
1593260,34174
1606570,34175
1610320,34176
1610500,34177
1634750,34178
1654130,34179
1181120,34180
1714300,34181
1745220,34182
1770090,34183
1771260,34184
1786950,34185
1798910,34186
1849380,34187
1859610,34188
2171720,34189
2245890,34190
11200,34191
70650,34192
208620,34193
210170,34194
218241,34195
283560,34196
298790,34197
299150,34198
307900,34199
346150,34200
349840,34201
357180,34202
370700,34203
371360,34204
388340,34205
391590,34206
400780,34207
410150,34208
432260,34209
434530,34210
445600,34211
457820,34212
495950,34213
509020,34214
509530,34215
510930,34216
516790,34217
536543,34218
552300,34219
556870,34220
570850,34221
598690,34222
605140,34223
618210,34224
629990,34225
634120,34226
647050,34227
796480,34228
661030,34229
678200,34230
706350,34231
713430,34232
716090,34233
716400,34234
717820,34235
741120,34236
778780,34237
786720,34238
798252,34239
817710,34240
819740,34241
826085,34242
833400,34243
834920,34244
595320,34245
847950,34246
851790,34247
853330,34248
889530,34249
353550,34250
893560,34251
895750,34252
915652,34253
979010,34254
987850,34255
1002571,34256
1026100,34257
1035600,34258
1041690,34259
1051900,34260
1058490,34261
1074220,34262
1086680,34263
1116621,34264
1120280,34265
1126260,34266
1195710,34267
1198834,34268
1204990,34269
1212440,34270
359810,34271
1218250,34272
1251750,34273
1252020,34274
1266680,34275
1315070,34276
1331090,34277
1341320,34278
1347520,34279
1352340,34280
1442410,34281
1493360,34282
1497870,34283
1513740,34284
1527380,34285
1558900,34286
324730,34287
1589770,34288
1606030,34289
1663530,34290
349550,34291
1786640,34292
1864630,34293
1887990,34294
1967360,34295
1986790,34296
2053021,34297
2104734,34298
2226870,34299
2258020,34300
2280200,34301
12790,34302
205635,34303
212673,34304
244066,34305
293160,34306
301220,34307
305660,34308
321160,34309
340070,34310
341310,34311
351910,34312
380000,34313
380710,34314
390870,34315
394750,34316
438340,34317
463510,34318
465000,34319
487040,34320
492150,34321
503550,34322
504460,34323
509160,34324
556990,34325
563430,34326
577730,34327
581910,34328
583740,34329
616640,34330
632840,34331
649640,34332
657410,34333
694070,34334
696500,34335
700360,34336
722890,34337
767420,34338
768990,34339
783440,34340
804130,34341
827240,34342
836110,34343
857520,34344
860530,34345
865390,34346
869870,34347
890300,34348
907970,34349
919560,34350
925570,34351
926410,34352
942760,34353
808160,34354
970070,34355
980450,34356
991740,34357
1010660,34358
1043420,34359
1046900,34360
1063350,34361
1087960,34362
1105460,34363
1162602,34364
1201310,34365
1201930,34366
1217550,34367
1224060,34368
1259000,34369
1266480,34370
1294310,34371
1306580,34372
1331330,34373
1338830,34374
1367580,34375
1386810,34376
1434760,34377
1436650,34378
1437980,34379
1491650,34380
1519550,34381
1522140,34382
1170330,34383
1533280,34384
1533560,34385
1549660,34386
1575020,34387
1575580,34388
1625080,34389
1632300,34390
367000,34391
1639250,34392
1686370,34393
1713260,34394
1718040,34395
1748740,34396
1764061,34397
1769630,34398
1784470,34399
1792190,34400
1825880,34401
1863450,34402
1911960,34403
1951380,34404
1953020,34405
1990910,34406
2098470,34407
2203660,34408
2203720,34409
379559,34410
385390,34411
389980,34412
2242590,34413
12450,34414
19020,34415
46600,34416
203358,34417
205070,34418
268340,34419
276380,34420
286770,34421
290460,34422
292220,34423
302370,34424
306350,34425
1181630,34426
310880,34427
313010,34428
325992,34429
343340,34430
347040,34431
359340,34432
362360,34433
445170,34434
448720,34435
451880,34436
468490,34437
491830,34438
494140,34439
508930,34440
533557,34441
546030,34442
553450,34443
555300,34444
630020,34445
631540,34446
634230,34447
640210,34448
662470,34449
684430,34450
699680,34451
703600,34452
708950,34453
731000,34454
733540,34455
741450,34456
760320,34457
778410,34458
778610,34459
791430,34460
800450,34461
818940,34462
849680,34463
855020,34464
868570,34465
981620,34466
990060,34467
999200,34468
1002270,34469
1014130,34470
1051250,34471
1065020,34472
1160880,34473
1197320,34474
1212610,34475
1250060,34476
840620,34477
1255130,34478
1310050,34479
1327390,34480
1357330,34481
1365590,34482
1373160,34483
1392540,34484
1412980,34485
214100,34486
1452260,34487
1455300,34488
1504260,34489
1505390,34490
1516240,34491
1519890,34492
1591310,34493
1686440,34494
1687060,34495
1690990,34496
1725470,34497
1793370,34498
1817670,34499
1844100,34500
1851380,34501
1916350,34502
1990570,34503
215370,34504
2009720,34505
2092180,34506
224920,34507
266250,34508
272060,34509
291450,34510
292980,34511
306480,34512
311980,34513
322990,34514
333510,34515
355270,34516
356070,34517
364270,34518
364940,34519
366010,34520
370070,34521
394030,34522
399831,34523
405240,34524
426010,34525
1309980,34526
438260,34527
439550,34528
444530,34529
446250,34530
448820,34531
453780,34532
455200,34533
457380,34534
510750,34535
525016,34536
526800,34537
543100,34538
552350,34539
565840,34540
574010,34541
594980,34542
599880,34543
608000,34544
614004,34545
616890,34546
631810,34547
210900,34548
631990,34549
636170,34550
642890,34551
659560,34552
682910,34553
689040,34554
721890,34555
724070,34556
732160,34557
772070,34558
868780,34559
879290,34560
899530,34561
914000,34562
916510,34563
927990,34564
932970,34565
933620,34566
803030,34567
945740,34568
947890,34569
1011970,34570
1026880,34571
1046670,34572
1084870,34573
1088880,34574
1103890,34575
1109800,34576
1120302,34577
1131540,34578
1152450,34579
1157250,34580
1162010,34581
1172060,34582
1223110,34583
1231670,34584
1280370,34585
1297800,34586
1316200,34587
1327260,34588
1355140,34589
1417010,34590
1428780,34591
1436240,34592
1451760,34593
1458900,34594
1458980,34595
1951660,34596
1468960,34597
1484960,34598
1500320,34599
1502180,34600
1541410,34601
1568920,34602
1576970,34603
1610060,34604
1610120,34605
1699960,34606
1732140,34607
1748310,34608
1753630,34609
1904800,34610
1912170,34611
1913190,34612
1922600,34613
2006530,34614
2013680,34615
2163540,34616
2200790,34617
236290,34618
256390,34619
258880,34620
289731,34621
290650,34622
332530,34623
334710,34624
335770,34625
339550,34626
343270,34627
343600,34628
347155,34629
359440,34630
367340,34631
378550,34632
379544,34633
379562,34634
393860,34635
400040,34636
401840,34637
403940,34638
405580,34639
407530,34640
1188920,34641
419020,34642
424040,34643
428180,34644
430170,34645
433790,34646
433890,34647
448980,34648
454570,34649
458420,34650
462000,34651
465170,34652
466542,34653
475132,34654
491580,34655
524430,34656
527880,34657
531140,34658
541350,34659
551080,34660
836550,34661
551440,34662
553610,34663
564792,34664
567320,34665
585830,34666
599040,34667
604780,34668
608980,34669
627670,34670
648070,34671
666620,34672
686570,34673
688350,34674
688880,34675
727540,34676
745560,34677
780320,34678
646310,34679
787920,34680
793070,34681
794190,34682
848330,34683
865190,34684
890310,34685
891700,34686
934950,34687
942390,34688
945832,34689
977490,34690
979530,34691
998830,34692
1012800,34693
1050810,34694
1055000,34695
1058210,34696
1065550,34697
1080990,34698
1118470,34699
1129090,34700
1133780,34701
1135971,34702
1144090,34703
1144150,34704
1147770,34705
1151600,34706
1205361,34707
1236560,34708
1241230,34709
1389160,34710
1408700,34711
1409370,34712
1431940,34713
1448760,34714
1449000,34715
1460550,34716
1483890,34717
1485350,34718
1493810,34719
1504370,34720
1511650,34721
1557840,34722
1582720,34723
1619220,34724
1637110,34725
1682580,34726
1717300,34727
1745690,34728
1752610,34729
1752830,34730
1760980,34731
1772490,34732
1806400,34733
1851220,34734
1860870,34735
1874340,34736
1923480,34737
2006170,34738
661220,34739
2006700,34740
2018530,34741
24012,34742
2022380,34743
2088680,34744
2126250,34745
2220680,34746
2238310,34747
2244420,34748
2256790,34749
2303120,34750
42930,34751
45774,34752
64013,34753
207670,34754
208287,34755
252170,34756
303530,34757
315240,34758
319560,34759
354720,34760
392450,34761
407110,34762
420330,34763
430930,34764
432780,34765
448550,34766
449820,34767
451160,34768
460030,34769
491160,34770
506930,34771
745370,34772
519200,34773
525150,34774
543910,34775
562640,34776
572570,34777
581200,34778
592410,34779
616490,34780
617600,34781
617820,34782
665590,34783
665960,34784
681720,34785
690630,34786
706920,34787
711770,34788
714130,34789
717830,34790
735470,34791
768370,34792
777820,34793
786180,34794
799840,34795
800650,34796
815420,34797
837210,34798
844900,34799
848280,34800
848960,34801
857860,34802
860330,34803
861200,34804
861885,34805
876140,34806
878920,34807
967230,34808
987020,34809
1003070,34810
1044110,34811
1047120,34812
1068600,34813
1054650,34814
1073410,34815
1089930,34816
1094660,34817
1099920,34818
1100810,34819
1114940,34820
1145770,34821
1151620,34822
1168650,34823
1208810,34824
421890,34825
1228430,34826
1276290,34827
1278350,34828
1292960,34829
1310690,34830
1318940,34831
1368340,34832
1378330,34833
1065280,34834
1088450,34835
1382920,34836
1424770,34837
1446450,34838
1452900,34839
1474850,34840
1481060,34841
1484340,34842
1524340,34843
1644140,34844
1673940,34845
1679670,34846
1758370,34847
1773320,34848
1787600,34849
1801620,34850
1811440,34851
1818150,34852
329011,34853
1823340,34854
1888800,34855
1896650,34856
1910780,34857
1985710,34858
1988830,34859
2010540,34860
2050560,34861
623930,34862
2062100,34863
2091520,34864
2123420,34865
2165380,34866
41100,34867
211262,34868
222180,34869
291630,34870
502700,34871
296070,34872
340210,34873
351050,34874
352950,34875
356800,34876
362310,34877
364970,34878
372740,34879
411590,34880
636050,34881
422650,34882
424060,34883
430410,34884
434600,34885
459880,34886
491350,34887
491700,34888
493780,34889
496400,34890
528270,34891
544220,34892
559030,34893
559130,34894
563490,34895
569610,34896
574580,34897
582960,34898
585560,34899
608420,34900
616830,34901
708640,34902
712160,34903
735490,34904
739850,34905
749560,34906
772060,34907
819330,34908
844050,34909
847470,34910
852780,34911
856490,34912
857470,34913
905690,34914
935910,34915
943900,34916
953060,34917
964620,34918
965030,34919
968911,34920
988240,34921
988750,34922
1024600,34923
1033210,34924
1043890,34925
1049840,34926
1052100,34927
1100510,34928
1113310,34929
1122180,34930
1125930,34931
1136080,34932
1184210,34933
1194480,34934
1225550,34935
1232510,34936
1235764,34937
1274640,34938
1289750,34939
1303140,34940
1325500,34941
1355880,34942
1368400,34943
1382040,34944
1384890,34945
1388160,34946
1389020,34947
1438440,34948
1462640,34949
1478590,34950
1509640,34951
1513110,34952
1571880,34953
1590900,34954
1656820,34955
1670320,34956
1686880,34957
1706340,34958
1712360,34959
1712420,34960
1730980,34961
1795170,34962
1894220,34963
1894770,34964
2023640,34965
2027350,34966
2058150,34967
2071050,34968
2090630,34969
2102160,34970
2225970,34971
12150,34972
46710,34973
265630,34974
268710,34975
288670,34976
294700,34977
310850,34978
325110,34979
325988,34980
329000,34981
331510,34982
332410,34983
338630,34984
339290,34985
355100,34986
360590,34987
370730,34988
371370,34989
404570,34990
408250,34991
408760,34992
410430,34993
427660,34994
429680,34995
454230,34996
479020,34997
496290,34998
501060,34999
501480,35000
530360,35001
532090,35002
534570,35003
562660,35004
601690,35005
608110,35006
619890,35007
622810,35008
650490,35009
652880,35010
656940,35011
663200,35012
669440,35013
682230,35014
690060,35015
730310,35016
747350,35017
747850,35018
786350,35019
788490,35020
1075370,35021
820620,35022
837400,35023
837790,35024
853780,35025
863490,35026
880300,35027
882620,35028
883020,35029
889520,35030
914090,35031
915440,35032
973050,35033
988650,35034
1014270,35035
1026370,35036
1035530,35037
1047580,35038
1062570,35039
1063910,35040
1074700,35041
1174550,35042
1175890,35043
1187680,35044
1210150,35045
1222633,35046
1242710,35047
1258140,35048
1274610,35049
1278690,35050
1351710,35051
1405650,35052
1422880,35053
1463080,35054
1590380,35055
1600820,35056
1610400,35057
1643440,35058
1662690,35059
1667920,35060
1747030,35061
1753560,35062
1761530,35063
1871830,35064
1902750,35065
1966580,35066
1988030,35067
1991450,35068
2001280,35069
2064700,35070
2074960,35071
2077870,35072
2115050,35073
2115170,35074
2203140,35075
2232840,35076
15910,35077
18120,35078
24082,35079
215241,35080
222599,35081
245220,35082
249910,35083
266330,35084
270030,35085
295730,35086
299800,35087
300900,35088
304150,35089
307620,35090
315393,35091
325470,35092
329100,35093
331340,35094
341700,35095
354820,35096
358210,35097
358420,35098
365480,35099
377190,35100
377260,35101
377330,35102
415780,35103
430300,35104
655460,35105
658630,35106
433700,35107
434890,35108
449350,35109
450290,35110
464800,35111
477950,35112
489760,35113
505420,35114
510320,35115
513031,35116
514490,35117
519870,35118
529130,35119
529630,35120
530630,35121
537760,35122
548020,35123
561630,35124
577740,35125
601130,35126
611320,35127
699550,35128
702790,35129
704680,35130
707750,35131
719410,35132
760510,35133
763290,35134
771310,35135
773130,35136
774011,35137
777420,35138
801760,35139
813170,35140
826088,35141
830590,35142
846820,35143
863730,35144
867730,35145
877940,35146
924740,35147
936980,35148
941540,35149
942250,35150
965340,35151
967410,35152
972351,35153
983830,35154
1010490,35155
1018420,35156
1019640,35157
1050670,35158
1076790,35159
1085790,35160
1095840,35161
1107060,35162
1110840,35163
1111970,35164
1153200,35165
1165430,35166
1185370,35167
1222930,35168
1230560,35169
1266600,35170
1271540,35171
1294680,35172
1295760,35173
1361260,35174
1369760,35175
1397070,35176
1409610,35177
1417490,35178
1442480,35179
1492000,35180
1493800,35181
1498680,35182
1502620,35183
1519900,35184
1527850,35185
1536950,35186
1542860,35187
1576490,35188
1584200,35189
1674960,35190
1681310,35191
1698750,35192
1708091,35193
1746700,35194
1767860,35195
1768601,35196
1783370,35197
1795750,35198
1817910,35199
1823670,35200
1848220,35201
1853190,35202
1853260,35203
1864170,35204
1872330,35205
1996760,35206
2072890,35207
2142470,35208
2233131,35209
2260920,35210
2319990,35211
1230,35212
16710,35213
229810,35214
238570,35215
262100,35216
262510,35217
265330,35218
270430,35219
271860,35220
278711,35221
315940,35222
331760,35223
341680,35224
342090,35225
356440,35226
358760,35227
360010,35228
364720,35229
370660,35230
375180,35231
377660,35232
379567,35233
379960,35234
382070,35235
398120,35236
403980,35237
424010,35238
431300,35239
447850,35240
451700,35241
458970,35242
466500,35243
485230,35244
498050,35245
498450,35246
500290,35247
501350,35248
509260,35249
515300,35250
520820,35251
573800,35252
577850,35253
580880,35254
588301,35255
589250,35256
600330,35257
605310,35258
610730,35259
626680,35260
650810,35261
708990,35262
711390,35263
746410,35264
770620,35265
778010,35266
780140,35267
781190,35268
791400,35269
799260,35270
800930,35271
802810,35272
556750,35273
805660,35274
809950,35275
814570,35276
820200,35277
831670,35278
840710,35279
843720,35280
861740,35281
886180,35282
894070,35283
945100,35284
954070,35285
964460,35286
969480,35287
986340,35288
1016720,35289
1029340,35290
1073650,35291
1074370,35292
1103130,35293
1107260,35294
1126110,35295
1144100,35296
1152940,35297
1159700,35298
1185740,35299
1214850,35300
1220340,35301
1270520,35302
1302220,35303
1308950,35304
1332860,35305
1334650,35306
1338320,35307
1361860,35308
1363390,35309
1366920,35310
1392130,35311
1415010,35312
1443017,35313
1534770,35314
1542120,35315
1545590,35316
1545860,35317
1578050,35318
1595020,35319
1599530,35320
1645570,35321
1686500,35322
1713720,35323
1732920,35324
1737690,35325
1746890,35326
1760090,35327
1833890,35328
1835580,35329
1854100,35330
1887960,35331
415090,35332
1891940,35333
1893420,35334
1945230,35335
1947350,35336
1955970,35337
1973110,35338
1999680,35339
2010440,35340
2065630,35341
2093880,35342
2129290,35343
2230080,35344
379320,35345
2590,35346
4760,35347
34800,35348
225840,35349
418640,35350
233230,35351
248270,35352
263060,35353
269550,35354
269690,35355
275700,35356
278550,35357
284140,35358
290930,35359
292090,35360
302010,35361
313210,35362
325959,35363
329320,35364
340880,35365
351490,35366
358320,35367
359800,35368
361470,35369
396530,35370
414760,35371
420060,35372
420670,35373
429220,35374
436340,35375
451400,35376
462520,35377
495760,35378
506150,35379
511560,35380
515700,35381
534350,35382
557040,35383
558340,35384
562540,35385
577890,35386
592100,35387
601120,35388
602770,35389
618490,35390
623050,35391
632050,35392
639620,35393
693950,35394
707060,35395
709050,35396
718380,35397
723100,35398
724420,35399
736280,35400
743940,35401
746910,35402
753670,35403
772180,35404
805500,35405
822330,35406
838700,35407
839810,35408
848410,35409
869560,35410
903410,35411
926820,35412
975150,35413
1001550,35414
1001690,35415
1019100,35416
1038670,35417
1049660,35418
1056590,35419
1082790,35420
1105560,35421
1105660,35422
1121200,35423
1135030,35424
1144460,35425
1145330,35426
383450,35427
1160780,35428
1196130,35429
1235360,35430
1242790,35431
1266440,35432
1275250,35433
1314880,35434
1328410,35435
1337430,35436
1384110,35437
1409670,35438
1422910,35439
1455130,35440
1466930,35441
1474630,35442
1495670,35443
1501980,35444
1552960,35445
1557240,35446
1575800,35447
1625340,35448
1686870,35449
1702210,35450
1714070,35451
1758560,35452
1780730,35453
1844190,35454
1858305,35455
1887550,35456
1898430,35457
1902260,35458
1970740,35459
1987120,35460
1987590,35461
2071460,35462
2093300,35463
2114500,35464
2183200,35465
2261500,35466
397910,35467
1840,35468
4780,35469
15160,35470
33660,35471
55386,35472
56489,35473
203774,35474
215971,35475
281410,35476
307150,35477
1022530,35478
307760,35479
308360,35480
329280,35481
350600,35482
355150,35483
356560,35484
366100,35485
367140,35486
391600,35487
397550,35488
413380,35489
423740,35490
436110,35491
448390,35492
451800,35493
473560,35494
475070,35495
487030,35496
494440,35497
1044950,35498
498830,35499
510240,35500
521730,35501
552090,35502
568780,35503
583030,35504
587330,35505
595420,35506
670370,35507
671950,35508
684930,35509
709780,35510
714640,35511
753270,35512
756090,35513
757130,35514
770630,35515
773460,35516
793180,35517
797040,35518
1060060,35519
801010,35520
816380,35521
817660,35522
833980,35523
852995,35524
863560,35525
868311,35526
870390,35527
881930,35528
896380,35529
898000,35530
908180,35531
914290,35532
923710,35533
985740,35534
995490,35535
1002540,35536
1003750,35537
1003880,35538
1005990,35539
1111040,35540
1111880,35541
1123510,35542
1124640,35543
1172050,35544
1183580,35545
1191800,35546
1192010,35547
1206050,35548
1249200,35549
1252390,35550
1275060,35551
1312820,35552
1337880,35553
1362420,35554
1364710,35555
1395830,35556
1405940,35557
1871290,35558
1407890,35559
1420780,35560
1448600,35561
1461490,35562
1487420,35563
1492380,35564
1531750,35565
1541830,35566
680940,35567
1550660,35568
1561880,35569
1575763,35570
1621030,35571
1691290,35572
1762830,35573
1796550,35574
1835020,35575
1841630,35576
453820,35577
1873130,35578
1892810,35579
1916950,35580
1920450,35581
1977280,35582
2050450,35583
2163460,35584
2214370,35585
229600,35586
269630,35587
325790,35588
325981,35589
351080,35590
368050,35591
375190,35592
381713,35593
404070,35594
431320,35595
449940,35596
451990,35597
521680,35598
523730,35599
534320,35600
571020,35601
578590,35602
592330,35603
619700,35604
630280,35605
640800,35606
666800,35607
677240,35608
708370,35609
727830,35610
764560,35611
783860,35612
792640,35613
793990,35614
806910,35615
812960,35616
828440,35617
837800,35618
843520,35619
843620,35620
843630,35621
849300,35622
857540,35623
873980,35624
1202710,35625
874760,35626
877190,35627
880200,35628
880250,35629
882040,35630
895220,35631
932780,35632
953981,35633
958510,35634
963660,35635
964390,35636
1002830,35637
1014590,35638
293320,35639
1020940,35640
1070690,35641
1079570,35642
1091980,35643
1098140,35644
1105300,35645
1114550,35646
1127930,35647
10196,35648
1152810,35649
1163480,35650
1181440,35651
1188600,35652
1211475,35653
1215740,35654
1217260,35655
1223660,35656
1243700,35657
1258730,35658
1261640,35659
1267830,35660
1272680,35661
1279320,35662
1345220,35663
1359110,35664
1405730,35665
1439170,35666
1443093,35667
1456810,35668
1457570,35669
1477880,35670
1487320,35671
1507620,35672
1512840,35673
1522630,35674
1523360,35675
1526920,35676
1529140,35677
1542060,35678
1618740,35679
1630570,35680
1713680,35681
1768550,35682
1809310,35683
1809730,35684
1838800,35685
1848130,35686
1898990,35687
1964000,35688
1991570,35689
2027290,35690
2125050,35691
2171650,35692
2214820,35693
2264460,35694
2291440,35695
207430,35696
239660,35697
315080,35698
328940,35699
329190,35700
339210,35701
347730,35702
351640,35703
65217,35704
400380,35705
403680,35706
405010,35707
405450,35708
407630,35709
411130,35710
439241,35711
440450,35712
445690,35713
446480,35714
467890,35715
480690,35716
485390,35717
497450,35718
508580,35719
555670,35720
565670,35721
582610,35722
621150,35723
628440,35724
632200,35725
664420,35726
682610,35727
685910,35728
691730,35729
693960,35730
703480,35731
723760,35732
733430,35733
748430,35734
763697,35735
764470,35736
775270,35737
787110,35738
799810,35739
800050,35740
811450,35741
818760,35742
820201,35743
824760,35744
831790,35745
862260,35746
892960,35747
320110,35748
896500,35749
914450,35750
958230,35751
1058360,35752
1083450,35753
1093760,35754
1136070,35755
1170180,35756
1177330,35757
1192020,35758
1218960,35759
1236040,35760
1242747,35761
1261120,35762
1300410,35763
1371300,35764
1396260,35765
1396630,35766
1411920,35767
1413010,35768
1418170,35769
1422260,35770
1423780,35771
1452950,35772
1468160,35773
1495830,35774
1497640,35775
1500470,35776
1503720,35777
1516440,35778
1567270,35779
1620850,35780
1632650,35781
1637950,35782
1668610,35783
1699870,35784
1761860,35785
1772820,35786
1785460,35787
327210,35788
343952,35789
1798600,35790
1821340,35791
1826300,35792
1847110,35793
1851450,35794
1975460,35795
2016510,35796
2081060,35797
2187840,35798
2200470,35799
2206700,35800
2300350,35801
12540,35802
27200,35803
34420,35804
205840,35805
251510,35806
307750,35807
345290,35808
347270,35809
348240,35810
356180,35811
357320,35812
362830,35813
365020,35814
366180,35815
373951,35816
391050,35817
396920,35818
397200,35819
399790,35820
404660,35821
428270,35822
763050,35823
437390,35824
438180,35825
448670,35826
450390,35827
466820,35828
485340,35829
487630,35830
488280,35831
492971,35832
506900,35833
509390,35834
520380,35835
523960,35836
528510,35837
534220,35838
545150,35839
553820,35840
555180,35841
568030,35842
568370,35843
571860,35844
575290,35845
575800,35846
607260,35847
1308470,35848
610210,35849
614770,35850
632100,35851
671840,35852
678920,35853
680550,35854
707110,35855
739240,35856
765180,35857
782180,35858
810800,35859
830710,35860
842560,35861
844750,35862
845960,35863
849303,35864
1214060,35865
870520,35866
870670,35867
898700,35868
921730,35869
953050,35870
921500,35871
955580,35872
956060,35873
958090,35874
976960,35875
985720,35876
1007210,35877
1009540,35878
1079810,35879
1094580,35880
1112150,35881
1131960,35882
1146940,35883
1162230,35884
1169110,35885
1867430,35886
1185870,35887
1188617,35888
1196260,35889
1201630,35890
1204270,35891
1240140,35892
1339500,35893
1355980,35894
1371780,35895
1373740,35896
1385460,35897
1387480,35898
1431190,35899
1433940,35900
1440050,35901
1476430,35902
1482050,35903
1514100,35904
1530770,35905
1533300,35906
1551050,35907
1587020,35908
1588190,35909
927190,35910
1611130,35911
1665200,35912
1686620,35913
1711690,35914
1752260,35915
1770810,35916
1797840,35917
1822900,35918
1828220,35919
1832220,35920
1845050,35921
1891740,35922
1913230,35923
2059650,35924
2074700,35925
2113180,35926
2124590,35927
15210,35928
28011,35929
57900,35930
259660,35931
264380,35932
315860,35933
331790,35934
337490,35935
338260,35936
347940,35937
364325,35938
365300,35939
375500,35940
393550,35941
402290,35942
456780,35943
934810,35944
459680,35945
461760,35946
491790,35947
500460,35948
510570,35949
514800,35950
516040,35951
526660,35952
537790,35953
549700,35954
563390,35955
567860,35956
574080,35957
576310,35958
577290,35959
581820,35960
583530,35961
616240,35962
639000,35963
665510,35964
665840,35965
675354,35966
688260,35967
699740,35968
711450,35969
719590,35970
724350,35971
729670,35972
734540,35973
737001,35974
754340,35975
756880,35976
759870,35977
779790,35978
781110,35979
781920,35980
830750,35981
832710,35982
841350,35983
849790,35984
855390,35985
868550,35986
900380,35987
955640,35988
985640,35989
1022230,35990
1042030,35991
1042910,35992
1046630,35993
1069360,35994
1073180,35995
1082750,35996
1083070,35997
1089590,35998
1095850,35999
1117350,36000
1117930,36001
1145560,36002
1183320,36003
1198320,36004
1228510,36005
1019580,36006
1278200,36007
1282320,36008
18600,36009
1304470,36010
1361750,36011
1366760,36012
1383270,36013
1384620,36014
1417320,36015
1480650,36016
1518350,36017
1523670,36018
1556160,36019
1563340,36020
1568480,36021
1590030,36022
1659340,36023
1215180,36024
1704070,36025
1712442,36026
1721090,36027
57730,36028
64017,36029
1764670,36030
1785300,36031
1786480,36032
1801000,36033
1809500,36034
1820160,36035
1863250,36036
1901610,36037
1918700,36038
2000180,36039
2015680,36040
2020380,36041
2073050,36042
2121680,36043
2206300,36044
982380,36045
2232660,36046
7730,36047
15390,36048
65228,36049
70120,36050
110600,36051
210892,36052
229270,36053
252970,36054
267381,36055
276430,36056
280720,36057
281900,36058
289060,36059
311040,36060
313560,36061
314460,36062
327150,36063
346240,36064
354970,36065
363430,36066
368950,36067
372540,36068
397660,36069
414470,36070
416690,36071
428220,36072
432870,36073
436740,36074
438420,36075
440690,36076
447240,36077
448800,36078
482890,36079
489580,36080
491491,36081
494310,36082
499360,36083
500370,36084
540230,36085
547990,36086
557630,36087
575301,36088
579720,36089
582571,36090
607210,36091
615670,36092
620350,36093
632590,36094
636930,36095
640690,36096
649890,36097
657930,36098
660180,36099
691240,36100
692590,36101
712240,36102
713080,36103
777200,36104
791700,36105
822000,36106
822460,36107
867800,36108
884990,36109
896030,36110
1919320,36111
922630,36112
940800,36113
1008950,36114
1037690,36115
1052380,36116
1059040,36117
1065580,36118
1095090,36119
1098200,36120
1102150,36121
1114260,36122
1129650,36123
1158770,36124
1200270,36125
1211180,36126
1225600,36127
1251430,36128
1264770,36129
1275860,36130
1292920,36131
1304462,36132
1330550,36133
1376730,36134
1379550,36135
1407190,36136
1482840,36137
1490790,36138
1505680,36139
1552210,36140
1575762,36141
1663490,36142
1668180,36143
1692210,36144
1716291,36145
1731120,36146
1795320,36147
1817380,36148
1898560,36149
1945310,36150
1989990,36151
2020870,36152
2023330,36153
2142860,36154
2294930,36155
38210,36156
98211,36157
246050,36158
252090,36159
253510,36160
253650,36161
260510,36162
260550,36163
264460,36164
291960,36165
295590,36166
298720,36167
333210,36168
335010,36169
355440,36170
368230,36171
376780,36172
376954,36173
383720,36174
385870,36175
392930,36176
417910,36177
422140,36178
424850,36179
432130,36180
433450,36181
461850,36182
476040,36183
485880,36184
494110,36185
499340,36186
517990,36187
522220,36188
529360,36189
986240,36190
1009990,36191
536530,36192
540150,36193
542600,36194
588080,36195
592920,36196
593000,36197
600250,36198
631270,36199
645380,36200
652560,36201
658230,36202
662700,36203
670820,36204
692770,36205
693180,36206
713860,36207
714280,36208
719250,36209
727340,36210
735350,36211
750850,36212
1013090,36213
1013680,36214
752330,36215
761630,36216
772670,36217
779360,36218
791590,36219
794105,36220
799860,36221
807140,36222
847780,36223
854870,36224
878280,36225
885780,36226
897700,36227
913280,36228
917910,36229
925520,36230
973600,36231
975700,36232
976570,36233
1023870,36234
1044930,36235
1058300,36236
1059150,36237
1067310,36238
1071080,36239
1119430,36240
1134320,36241
1135200,36242
1192420,36243
1208080,36244
1248800,36245
1261670,36246
1278150,36247
1309940,36248
1323410,36249
1329470,36250
1363660,36251
1376750,36252
1397760,36253
378700,36254
1416980,36255
1421640,36256
1428870,36257
1437680,36258
1544950,36259
1579000,36260
1655050,36261
1710830,36262
1737240,36263
1743940,36264
1745380,36265
1765060,36266
1788040,36267
1806610,36268
1810130,36269
1847060,36270
1781840,36271
1915940,36272
1973010,36273
1987470,36274
1990550,36275
2010390,36276
2012340,36277
2018270,36278
2018850,36279
2078970,36280
2124470,36281
2171830,36282
2194990,36283
2232060,36284
2287380,36285
26300,36286
200020,36287
223490,36288
292985,36289
294710,36290
1803160,36291
509210,36292
305480,36293
321920,36294
326380,36295
351820,36296
354280,36297
356280,36298
369180,36299
379552,36300
384750,36301
397680,36302
398940,36303
400710,36304
409340,36305
412410,36306
416640,36307
426240,36308
435070,36309
462920,36310
467470,36311
500150,36312
664290,36313
510780,36314
511190,36315
511600,36316
519190,36317
525050,36318
546600,36319
548370,36320
557330,36321
567680,36322
572040,36323
593055,36324
595920,36325
610310,36326
627910,36327
666630,36328
667040,36329
669480,36330
672710,36331
712130,36332
718500,36333
750770,36334
756020,36335
764180,36336
773150,36337
783420,36338
788700,36339
804460,36340
809200,36341
833920,36342
838180,36343
856760,36344
869660,36345
875540,36346
887550,36347
890070,36348
915020,36349
915080,36350
919330,36351
931090,36352
936700,36353
953740,36354
970220,36355
1006720,36356
1011550,36357
1023510,36358
1034920,36359
1036340,36360
1047140,36361
1062020,36362
1063120,36363
1117660,36364
1120700,36365
1130590,36366
1135972,36367
1204740,36368
1219650,36369
1219950,36370
1245950,36371
1357180,36372
665650,36373
1395120,36374
383330,36375
1401560,36376
1419740,36377
1430010,36378
1432760,36379
1432960,36380
1491040,36381
1497850,36382
1545850,36383
1567490,36384
1586530,36385
1612160,36386
1690690,36387
1715840,36388
1728880,36389
1764630,36390
1771520,36391
1779720,36392
1854090,36393
1904690,36394
1980770,36395
1995070,36396
2006730,36397
2066960,36398
2084620,36399
2087290,36400
2151600,36401
2192720,36402
8330,36403
222635,36404
229290,36405
230888,36406
246090,36407
251450,36408
263040,36409
302320,36410
330880,36411
331072,36412
1590020,36413
341270,36414
353590,36415
375320,36416
390340,36417
391860,36418
431680,36419
448500,36420
450570,36421
464380,36422
486170,36423
521510,36424
525190,36425
556710,36426
556840,36427
561680,36428
598990,36429
612620,36430
618370,36431
630490,36432
639280,36433
643730,36434
655780,36435
659860,36436
682970,36437
692780,36438
698590,36439
744460,36440
791020,36441
791760,36442
799110,36443
800310,36444
817410,36445
832420,36446
839630,36447
856220,36448
864740,36449
874130,36450
877330,36451
882410,36452
894570,36453
32200,36454
904600,36455
939390,36456
960320,36457
984360,36458
1032340,36459
1045120,36460
1046470,36461
1050340,36462
1052220,36463
1057850,36464
1067400,36465
1072490,36466
1077630,36467
1083240,36468
1126130,36469
1132490,36470
1140070,36471
1141300,36472
1145530,36473
1147390,36474
1155460,36475
1165270,36476
1165850,36477
1196880,36478
1203960,36479
1236300,36480
450650,36481
1249060,36482
1270120,36483
1294380,36484
1310520,36485
1373110,36486
1380490,36487
1385840,36488
1388090,36489
1464200,36490
1479880,36491
1508260,36492
1569281,36493
1595600,36494
1637730,36495
1661260,36496
1688470,36497
1693000,36498
913670,36499
1695340,36500
1724160,36501
1778470,36502
1783050,36503
1837690,36504
1877360,36505
1888100,36506
1901030,36507
1914190,36508
1958731,36509
2056560,36510
99400,36511
2063870,36512
2156260,36513
2247640,36514
2248350,36515
2298500,36516
211420,36517
222160,36518
266030,36519
300160,36520
310033,36521
315650,36522
320670,36523
324420,36524
329310,36525
347660,36526
354230,36527
371500,36528
377480,36529
384550,36530
404400,36531
422210,36532
422270,36533
448070,36534
463797,36535
475180,36536
476410,36537
768060,36538
485690,36539
492170,36540
503110,36541
533690,36542
535880,36543
547870,36544
565640,36545
567370,36546
580820,36547
597720,36548
616880,36549
618200,36550
625830,36551
663290,36552
663410,36553
685790,36554
697800,36555
698450,36556
698910,36557
699240,36558
704740,36559
737280,36560
756420,36561
1560932,36562
773520,36563
776190,36564
776890,36565
800240,36566
834380,36567
843040,36568
863430,36569
864760,36570
884400,36571
896650,36572
915560,36573
922470,36574
923230,36575
929170,36576
930910,36577
941160,36578
948470,36579
973850,36580
976160,36581
990932,36582
1019511,36583
1063310,36584
1084840,36585
1092250,36586
1116550,36587
1125360,36588
1129660,36589
1137490,36590
1162201,36591
1178180,36592
1201910,36593
1212370,36594
1295350,36595
1298310,36596
1316770,36597
1340360,36598
1352440,36599
1388430,36600
1398270,36601
1405240,36602
1509420,36603
1570080,36604
1631600,36605
1649290,36606
1652891,36607
1700250,36608
1740100,36609
1776180,36610
1807560,36611
1810580,36612
1828870,36613
1850070,36614
2027370,36615
2056400,36616
2102150,36617
2113430,36618
2162500,36619
2172420,36620
2201260,36621
23380,36622
204185,36623
208742,36624
219446,36625
222588,36626
247870,36627
262870,36628
264320,36629
267940,36630
270590,36631
275060,36632
287330,36633
305185,36634
310870,36635
319470,36636
334280,36637
342100,36638
344160,36639
360270,36640
364350,36641
368710,36642
370000,36643
377470,36644
390655,36645
425140,36646
430080,36647
445670,36648
486490,36649
508290,36650
509920,36651
515000,36652
546240,36653
548320,36654
556160,36655
564730,36656
584280,36657
586620,36658
589640,36659
603130,36660
604300,36661
625000,36662
626700,36663
630360,36664
637060,36665
650670,36666
656450,36667
671900,36668
678560,36669
358810,36670
682490,36671
690400,36672
733250,36673
742410,36674
753440,36675
756230,36676
757350,36677
768300,36678
776930,36679
792480,36680
802360,36681
828910,36682
844210,36683
845040,36684
851050,36685
860500,36686
862920,36687
866960,36688
872380,36689
894340,36690
361060,36691
904300,36692
914950,36693
920566,36694
927850,36695
957780,36696
972890,36697
981550,36698
999350,36699
1020410,36700
1043690,36701
1064820,36702
1088942,36703
1091400,36704
1117030,36705
1143350,36706
1201280,36707
1206960,36708
1216080,36709
1246020,36710
1256610,36711
1261010,36712
1269890,36713
1281610,36714
1339330,36715
1346680,36716
1360430,36717
1388330,36718
1390300,36719
1433900,36720
1440890,36721
1446100,36722
1481000,36723
1490400,36724
1506420,36725
1509350,36726
1510570,36727
1546280,36728
1562020,36729
1586620,36730
363530,36731
1597440,36732
1613050,36733
1652720,36734
1678760,36735
1678970,36736
1679740,36737
1712570,36738
1722780,36739
1739630,36740
1784550,36741
1791030,36742
1835690,36743
1843580,36744
1878740,36745
1902850,36746
1912770,36747
1957450,36748
2008330,36749
2050480,36750
2083250,36751
2108580,36752
2168870,36753
2204940,36754
55370,36755
65218,36756
220660,36757
222638,36758
234776,36759
258656,36760
258950,36761
259720,36762
275470,36763
285480,36764
288790,36765
299090,36766
314360,36767
314720,36768
319910,36769
332730,36770
338890,36771
384310,36772
386490,36773
394290,36774
12590,36775
42904,36776
256510,36777
407920,36778
260990,36779
263480,36780
273820,36781
277870,36782
414720,36783
289580,36784
311020,36785
313373,36786
423760,36787
334980,36788
340280,36789
444420,36790
448620,36791
458060,36792
492800,36793
495450,36794
498680,36795
503060,36796
513550,36797
547840,36798
561420,36799
566940,36800
574030,36801
595550,36802
606870,36803
616170,36804
625470,36805
655040,36806
664120,36807
677940,36808
681480,36809
683970,36810
686950,36811
689860,36812
699750,36813
710700,36814
10120,36815
25500,36816
215550,36817
219097,36818
230230,36819
246880,36820
261720,36821
263420,36822
317730,36823
340720,36824
352430,36825
355230,36826
369560,36827
373970,36828
376150,36829
380140,36830
382330,36831
392880,36832
618310,36833
619582,36834
658120,36835
676490,36836
684610,36837
699940,36838
716380,36839
716950,36840
735450,36841
771710,36842
788390,36843
789880,36844
800030,36845
821330,36846
839210,36847
858940,36848
891430,36849
984240,36850
997260,36851
1007980,36852
1008910,36853
1016000,36854
397940,36855
420822,36856
432370,36857
432410,36858
433670,36859
437870,36860
462100,36861
497100,36862
499540,36863
499910,36864
517270,36865
517930,36866
526740,36867
542550,36868
557730,36869
559930,36870
604000,36871
612250,36872
627070,36873
663590,36874
1028090,36875
1043120,36876
1046600,36877
1050450,36878
1051621,36879
1064060,36880
1065410,36881
1065670,36882
1537390,36883
1068070,36884
1144510,36885
1155580,36886
1165280,36887
1169420,36888
1226490,36889
1260680,36890
1291050,36891
1329450,36892
1334910,36893
1348380,36894
1349620,36895
1351900,36896
1365160,36897
1370600,36898
1401750,36899
675990,36900
681490,36901
760800,36902
768800,36903
792930,36904
793220,36905
807730,36906
816760,36907
855930,36908
895120,36909
903740,36910
928950,36911
947390,36912
968290,36913
970110,36914
976230,36915
1005060,36916
1025460,36917
1048875,36918
1055090,36919
1065350,36920
1071660,36921
715020,36922
719140,36923
721090,36924
768590,36925
789200,36926
825970,36927
826080,36928
909900,36929
951700,36930
953950,36931
957490,36932
975430,36933
980730,36934
1003560,36935
1006850,36936
1017580,36937
1025200,36938
1035950,36939
1037840,36940
1074090,36941
1081840,36942
1402420,36943
1404250,36944
1420640,36945
1464500,36946
1468220,36947
1469960,36948
1479470,36949
1554140,36950
1563530,36951
1588640,36952
1598730,36953
1640540,36954
1666260,36955
1695400,36956
1774220,36957
1792230,36958
1807730,36959
1823350,36960
27920,36961
1095700,36962
1122960,36963
1140460,36964
1175390,36965
1191870,36966
1200780,36967
1214980,36968
276300,36969
1226960,36970
1256030,36971
1287830,36972
1322770,36973
1345400,36974
1353100,36975
1357360,36976
1370430,36977
1372910,36978
1382910,36979
1412170,36980
1454390,36981
1454920,36982
34348,36983
1830840,36984
1835530,36985
1924350,36986
2010570,36987
2059280,36988
2111420,36989
767970,36990
2153850,36991
2209660,36992
551320,36993
577080,36994
585690,36995
589280,36996
591790,36997
628120,36998
643692,36999
654350,37000
696810,37001
705810,37002
258668,37003
1458930,37004
1482770,37005
1485260,37006
1496430,37007
1516260,37008
1540470,37009
295870,37010
1591130,37011
1631210,37012
1655920,37013
1736090,37014
1777160,37015
1802210,37016
1816650,37017
1863910,37018
1877100,37019
1878840,37020
1883320,37021
721510,37022
1899010,37023
1912930,37024
1966440,37025
1994230,37026
2021130,37027
2086820,37028
2150510,37029
2153570,37030
2167840,37031
2240000,37032
763696,37033
767690,37034
789260,37035
810760,37036
821060,37037
821410,37038
858010,37039
861520,37040
509800,37041
1104490,37042
1104620,37043
1108560,37044
1141150,37045
1141870,37046
1161160,37047
1177690,37048
1179540,37049
1211474,37050
1213460,37051
1224900,37052
1270910,37053
1297720,37054
1322370,37055
1329850,37056
1343990,37057
1395010,37058
1402000,37059
1407790,37060
1458420,37061
1465170,37062
1483330,37063
1557060,37064
1559660,37065
1604020,37066
1610860,37067
1646090,37068
1671310,37069
1695870,37070
1705560,37071
1707220,37072
1719350,37073
1720750,37074
1751921,37075
1789670,37076
1825910,37077
1856970,37078
1894680,37079
1903270,37080
1925600,37081
1971820,37082
1989130,37083
2075410,37084
646820,37085
2114240,37086
2214500,37087
2234420,37088
2238890,37089
2262070,37090
869470,37091
870450,37092
889903,37093
898790,37094
904800,37095
935180,37096
1064420,37097
1093310,37098
806860,37099
6250,37100
32120,37101
40940,37102
205080,37103
240612,37104
251690,37105
275490,37106
313590,37107
321030,37108
323630,37109
359900,37110
368450,37111
371280,37112
379340,37113
400740,37114
401624,37115
424640,37116
434300,37117
807050,37118
448710,37119
452000,37120
462700,37121
468170,37122
493410,37123
499760,37124
581630,37125
643650,37126
683310,37127
684700,37128
712380,37129
729300,37130
732770,37131
740250,37132
757600,37133
760840,37134
763410,37135
824300,37136
826082,37137
843510,37138
861100,37139
862520,37140
896550,37141
898910,37142
907770,37143
924090,37144
932450,37145
933380,37146
936610,37147
943810,37148
952730,37149
1014970,37150
1050040,37151
1055339,37152
1071120,37153
1072450,37154
1082890,37155
1094760,37156
1157300,37157
1202240,37158
1209600,37159
1217100,37160
1189910,37161
1227570,37162
1228340,37163
1231130,37164
1254180,37165
1254930,37166
1287260,37167
1324070,37168
1333090,37169
1335820,37170
1343040,37171
1350100,37172
1358830,37173
1457640,37174
1514690,37175
1518440,37176
1535360,37177
1543330,37178
1563900,37179
1568800,37180
1595630,37181
1604210,37182
1605760,37183
1650890,37184
1774700,37185
1811950,37186
1296880,37187
1823170,37188
1906950,37189
1922880,37190
1935570,37191
1959380,37192
2072080,37193
1103310,37194
1115870,37195
1157050,37196
1162203,37197
65246,37198
208350,37199
3483,37200
6210,37201
209811,37202
215630,37203
241000,37204
247750,37205
363960,37206
364690,37207
773640,37208
371430,37209
377420,37210
402850,37211
405650,37212
421940,37213
449320,37214
507210,37215
513720,37216
530110,37217
534460,37218
534560,37219
539750,37220
368740,37221
394870,37222
403850,37223
404080,37224
421060,37225
440790,37226
455190,37227
464940,37228
778150,37229
475630,37230
486460,37231
489940,37232
492490,37233
504840,37234
527900,37235
540900,37236
545130,37237
549190,37238
557810,37239
571870,37240
572580,37241
605190,37242
1196500,37243
1210010,37244
1216590,37245
1216600,37246
1219110,37247
1248270,37248
1273800,37249
1279450,37250
1286770,37251
1304320,37252
1339870,37253
1364032,37254
1367270,37255
1367290,37256
1370610,37257
1383770,37258
1395180,37259
1443015,37260
21090,37261
1457330,37262
1470550,37263
1499680,37264
1502920,37265
1548620,37266
1554080,37267
1571070,37268
1577260,37269
457580,37270
1629100,37271
1663580,37272
1684660,37273
1692580,37274
1718650,37275
1814510,37276
1831680,37277
219098,37278
1902050,37279
1977960,37280
1988880,37281
1991900,37282
1992850,37283
1998390,37284
2063560,37285
2096580,37286
2106860,37287
351630,37288
208570,37289
2173550,37290
2218090,37291
50930,37292
255520,37293
259250,37294
260160,37295
266090,37296
279520,37297
297450,37298
313130,37299
313700,37300
321840,37301
327010,37302
327830,37303
329240,37304
338060,37305
341540,37306
344230,37307
779330,37308
356380,37309
226664,37310
229080,37311
359970,37312
361440,37313
366990,37314
368720,37315
370210,37316
373740,37317
390330,37318
399920,37319
406720,37320
434633,37321
436870,37322
457770,37323
477050,37324
490170,37325
495600,37326
502400,37327
508350,37328
508760,37329
513880,37330
514620,37331
557850,37332
1135040,37333
575920,37334
581600,37335
600120,37336
679270,37337
684590,37338
700510,37339
704950,37340
705250,37341
719180,37342
738640,37343
739010,37344
758880,37345
763300,37346
781050,37347
801780,37348
845650,37349
868580,37350
913710,37351
922140,37352
946600,37353
948460,37354
963910,37355
468570,37356
997710,37357
1002630,37358
1022610,37359
1025500,37360
1033810,37361
1052210,37362
1076950,37363
1093360,37364
1093900,37365
1100920,37366
1107040,37367
1142230,37368
1168840,37369
1176000,37370
1185330,37371
1211476,37372
1334530,37373
1373180,37374
1383170,37375
1412070,37376
1433470,37377
554470,37378
1443950,37379
1447580,37380
1449100,37381
1463870,37382
1492870,37383
1496620,37384
1530230,37385
1570320,37386
1574050,37387
1601100,37388
1605720,37389
1643990,37390
1668280,37391
1702550,37392
1739600,37393
1149860,37394
1744750,37395
234772,37396
1759640,37397
1788850,37398
1808120,37399
1827550,37400
1855170,37401
1865100,37402
1895410,37403
1950070,37404
1952360,37405
2054470,37406
2079500,37407
2159230,37408
2166290,37409
2208160,37410
10250,37411
60800,37412
215390,37413
256030,37414
260250,37415
278810,37416
283660,37417
289240,37418
296890,37419
300320,37420
305820,37421
308040,37422
310030,37423
314730,37424
318411,37425
341760,37426
342540,37427
351420,37428
357920,37429
365670,37430
404640,37431
410210,37432
411610,37433
416850,37434
425450,37435
432180,37436
445261,37437
458660,37438
494420,37439
501930,37440
504280,37441
514670,37442
518110,37443
527820,37444
530140,37445
569430,37446
570350,37447
589160,37448
590790,37449
592620,37450
603150,37451
635060,37452
650840,37453
663760,37454
680950,37455
684250,37456
548050,37457
698050,37458
725170,37459
756360,37460
773010,37461
790831,37462
799830,37463
813290,37464
848200,37465
849931,37466
853050,37467
886120,37468
890940,37469
936740,37470
947530,37471
951570,37472
993170,37473
1027480,37474
1038680,37475
1041010,37476
1053190,37477
1120960,37478
1610410,37479
1150650,37480
1157120,37481
1187030,37482
1245260,37483
1262571,37484
1311990,37485
1332370,37486
1393270,37487
1402030,37488
1422750,37489
1425390,37490
1427880,37491
1434880,37492
1445010,37493
1495920,37494
1528890,37495
1536600,37496
1551030,37497
1562470,37498
1272657,37499
1567930,37500
1633580,37501
1653700,37502
1727930,37503
1742590,37504
1758520,37505
1792820,37506
1796270,37507
1828910,37508
1832640,37509
1867270,37510
1893530,37511
1906100,37512
1994850,37513
2027530,37514
1030760,37515
2073830,37516
2256030,37517
2292300,37518
273960,37519
291290,37520
302950,37521
304540,37522
317080,37523
335050,37524
339000,37525
343290,37526
351570,37527
363500,37528
385270,37529
402040,37530
414060,37531
423220,37532
431370,37533
454130,37534
458540,37535
501890,37536
541920,37537
548290,37538
551750,37539
552140,37540
567780,37541
588180,37542
600140,37543
602621,37544
617450,37545
657010,37546
685750,37547
698110,37548
704690,37549
713600,37550
735060,37551
745870,37552
753090,37553
754810,37554
24488,37555
65249,37556
766090,37557
767490,37558
787220,37559
790540,37560
793554,37561
808090,37562
847450,37563
859200,37564
874700,37565
900540,37566
912810,37567
913780,37568
925010,37569
932940,37570
934070,37571
951050,37572
972390,37573
1010850,37574
1021670,37575
1058470,37576
1068700,37577
1081470,37578
1096610,37579
1109130,37580
285461,37581
1136020,37582
1164750,37583
1168060,37584
1168250,37585
1178510,37586
1203570,37587
1236860,37588
1240730,37589
1326110,37590
1385880,37591
1395330,37592
1451870,37593
560820,37594
1468380,37595
1480930,37596
1528110,37597
1545700,37598
1576880,37599
1627630,37600
1635210,37601
1699830,37602
1755680,37603
1825670,37604
1834290,37605
1852660,37606
1869392,37607
1894760,37608
1909330,37609
1911530,37610
1952400,37611
1959960,37612
1991470,37613
1993560,37614
1995090,37615
2022110,37616
2098290,37617
2124660,37618
2125250,37619
2251080,37620
275310,37621
281260,37622
317660,37623
319820,37624
327490,37625
337420,37626
367430,37627
378420,37628
378644,37629
382300,37630
385530,37631
390220,37632
391390,37633
406730,37634
424780,37635
431830,37636
434160,37637
335810,37638
452970,37639
455120,37640
461900,37641
488440,37642
492080,37643
496980,37644
537700,37645
561230,37646
572520,37647
573831,37648
582830,37649
589450,37650
596390,37651
602910,37652
619340,37653
633440,37654
645700,37655
655380,37656
656440,37657
657500,37658
676620,37659
683220,37660
699770,37661
705740,37662
715210,37663
724940,37664
726510,37665
785110,37666
789170,37667
801610,37668
802650,37669
802900,37670
804641,37671
811110,37672
833180,37673
840590,37674
856450,37675
872440,37676
908790,37677
937690,37678
937890,37679
1013280,37680
566670,37681
1063890,37682
1064030,37683
1064080,37684
1067860,37685
1074500,37686
1081880,37687
1093150,37688
1165450,37689
1185000,37690
1195350,37691
1196280,37692
1198841,37693
1209650,37694
1220690,37695
1224840,37696
1228950,37697
1247750,37698
1288070,37699
758050,37700
1302730,37701
1308560,37702
1365130,37703
1391020,37704
1393120,37705
1393460,37706
1398130,37707
1426900,37708
1428470,37709
1443300,37710
1452700,37711
1471250,37712
1478070,37713
1480750,37714
355140,37715
1518750,37716
769910,37717
1534050,37718
1591070,37719
1614040,37720
1616690,37721
1626040,37722
1637250,37723
1746660,37724
1802420,37725
1833560,37726
1843040,37727
1903630,37728
1940980,37729
1962570,37730
2015260,37731
2080100,37732
2135690,37733
2177060,37734
24083,37735
2181830,37736
2239820,37737
2274430,37738
37310,37739
42695,37740
42697,37741
46400,37742
92400,37743
109200,37744
205550,37745
207710,37746
214360,37747
218040,37748
244090,37749
251530,37750
252910,37751
259570,37752
279602,37753
303840,37754
45302,37755
304170,37756
310360,37757
315110,37758
384100,37759
384120,37760
386840,37761
388550,37762
395420,37763
408000,37764
409520,37765
412930,37766
414090,37767
428760,37768
432450,37769
443720,37770
451000,37771
513810,37772
518130,37773
526750,37774
570460,37775
596940,37776
613130,37777
616820,37778
625940,37779
634030,37780
640310,37781
650700,37782
662230,37783
664320,37784
672460,37785
675630,37786
679300,37787
691441,37788
700200,37789
722350,37790
727790,37791
728990,37792
749180,37793
1433970,37794
753210,37795
777340,37796
778570,37797
791300,37798
817250,37799
851200,37800
908310,37801
919220,37802
938390,37803
1011130,37804
1014940,37805
1020450,37806
1027810,37807
1042560,37808
1053170,37809
1057130,37810
1101130,37811
1118740,37812
1440200,37813
1122340,37814
1131810,37815
1151920,37816
1203370,37817
1224380,37818
1234240,37819
1271170,37820
1278610,37821
1304460,37822
1305440,37823
1345380,37824
1355560,37825
1362460,37826
1366720,37827
1386040,37828
1404180,37829
1409780,37830
1422950,37831
1429751,37832
222628,37833
1460250,37834
1470860,37835
1471520,37836
1489000,37837
1551220,37838
1557040,37839
1558440,37840
1559450,37841
1574330,37842
1628850,37843
1641220,37844
1703930,37845
1706450,37846
1709510,37847
1715000,37848
1769530,37849
1829730,37850
1835310,37851
1836880,37852
1916920,37853
1930140,37854
1944210,37855
1981300,37856
1982630,37857
2016230,37858
2066460,37859
2113370,37860
2126210,37861
2144390,37862
2167850,37863
2193580,37864
2203700,37865
2248340,37866
65730,37867
222554,37868
225600,37869
227220,37870
240320,37871
258540,37872
259830,37873
260080,37874
261980,37875
262080,37876
278712,37877
279601,37878
304480,37879
307410,37880
312920,37881
326060,37882
327060,37883
335030,37884
340750,37885
340810,37886
523410,37887
342450,37888
343810,37889
344800,37890
357650,37891
362160,37892
364910,37893
382910,37894
393920,37895
411690,37896
412210,37897
417150,37898
452450,37899
455940,37900
461010,37901
461650,37902
464230,37903
485670,37904
504690,37905
506803,37906
509290,37907
212410,37908
578890,37909
594200,37910
1239000,37911
610500,37912
612740,37913
623890,37914
633970,37915
636710,37916
645460,37917
658610,37918
671670,37919
672160,37920
690740,37921
708450,37922
724640,37923
749920,37924
775900,37925
779620,37926
782130,37927
798100,37928
798960,37929
836480,37930
406610,37931
874240,37932
889260,37933
891480,37934
903580,37935
962540,37936
987490,37937
1012381,37938
1028470,37939
1031700,37940
1044480,37941
1066040,37942
1069210,37943
1091470,37944
1116430,37945
1128100,37946
1130700,37947
1143160,37948
1170190,37949
1185270,37950
616750,37951
1198310,37952
1226610,37953
1271030,37954
1274200,37955
1294340,37956
1370690,37957
1383450,37958
1457980,37959
1462860,37960
1482610,37961
1502070,37962
1505910,37963
1562240,37964
1565060,37965
1574850,37966
1576390,37967
592780,37968
1582180,37969
1585110,37970
1666500,37971
586830,37972
1669340,37973
1693200,37974
1709950,37975
1727220,37976
1734580,37977
1739100,37978
1767190,37979
1775110,37980
1798430,37981
1821630,37982
1836600,37983
1863420,37984
1867610,37985
1893880,37986
1895660,37987
416320,37988
1971400,37989
1981970,37990
1995690,37991
2024860,37992
2140070,37993
2183580,37994
96900,37995
208352,37996
222566,37997
250600,37998
257070,37999
265870,38000
273030,38001
273790,38002
280830,38003
300120,38004
305390,38005
325870,38006
326391,38007
343820,38008
359190,38009
392410,38010
396090,38011
397600,38012
409560,38013
411390,38014
412220,38015
412970,38016
423710,38017
446460,38018
451140,38019
457120,38020
462070,38021
476510,38022
485640,38023
486020,38024
491420,38025
493100,38026
494524,38027
502140,38028
510130,38029
512400,38030
525011,38031
526540,38032
528980,38033
532120,38034
533260,38035
543350,38036
549670,38037
566720,38038
573690,38039
590580,38040
595940,38041
601180,38042
619930,38043
658510,38044
700570,38045
744420,38046
751240,38047
753920,38048
805090,38049
834390,38050
897830,38051
920960,38052
921870,38053
931070,38054
952240,38055
971760,38056
979970,38057
999830,38058
1003490,38059
1014100,38060
1017560,38061
1023390,38062
1039590,38063
1083280,38064
1093920,38065
1128960,38066
1129680,38067
1141880,38068
1146920,38069
1221590,38070
1265570,38071
1286730,38072
1325960,38073
1334300,38074
1354300,38075
1363090,38076
1380120,38077
1415250,38078
1436490,38079
1440850,38080
1445700,38081
1499750,38082
24028,38083
1507110,38084
1562400,38085
1567740,38086
1582850,38087
1586300,38088
1595490,38089
1610840,38090
1720140,38091
1757090,38092
1763990,38093
1766350,38094
1846630,38095
1851510,38096
1862940,38097
1969130,38098
592120,38099
2008010,38100
350620,38101
2098280,38102
2116520,38103
2241120,38104
2279520,38105
2301640,38106
10460,38107
31500,38108
35600,38109
46200,38110
255370,38111
258420,38112
261350,38113
269230,38114
277520,38115
277768,38116
282515,38117
313240,38118
321480,38119
325974,38120
331065,38121
335090,38122
360340,38123
364324,38124
365820,38125
374150,38126
380990,38127
383580,38128
393610,38129
397580,38130
407190,38131
414080,38132
420380,38133
455160,38134
465600,38135
491490,38136
500360,38137
523170,38138
533120,38139
537130,38140
548500,38141
553660,38142
563850,38143
592461,38144
598180,38145
602930,38146
605200,38147
617420,38148
619350,38149
622310,38150
623670,38151
635050,38152
640920,38153
658001,38154
701540,38155
730620,38156
745000,38157
750031,38158
750210,38159
750780,38160
763750,38161
768880,38162
776790,38163
778930,38164
782140,38165
1089710,38166
798240,38167
819780,38168
838190,38169
847390,38170
857020,38171
873560,38172
907710,38173
935840,38174
947290,38175
953700,38176
954150,38177
961570,38178
964240,38179
996980,38180
997030,38181
1002970,38182
1008870,38183
1037960,38184
1055760,38185
1067580,38186
1074660,38187
1087270,38188
1034200,38189
1099110,38190
1157010,38191
1174170,38192
1174780,38193
1189890,38194
1193510,38195
1217860,38196
1244380,38197
1258900,38198
1274020,38199
1281200,38200
1323860,38201
1343150,38202
1344350,38203
1344840,38204
1374740,38205
1397980,38206
1400110,38207
1403990,38208
1045890,38209
1444570,38210
1499540,38211
1499990,38212
1533070,38213
1554960,38214
1564930,38215
1580960,38216
1583630,38217
1586830,38218
1591500,38219
1606580,38220
1628480,38221
1693310,38222
1706540,38223
1776650,38224
1832560,38225
1863560,38226
396930,38227
397930,38228
1646700,38229
1662730,38230
1874660,38231
1985150,38232
1989920,38233
2005380,38234
2012910,38235
2111400,38236
2269750,38237
15900,38238
65733,38239
104020,38240
208362,38241
215247,38242
283490,38243
329660,38244
345130,38245
350200,38246
360600,38247
374010,38248
377980,38249
389400,38250
390920,38251
444250,38252
1998940,38253
403590,38254
432330,38255
438220,38256
446760,38257
451900,38258
451930,38259
453960,38260
467330,38261
473140,38262
489170,38263
496310,38264
500470,38265
505680,38266
516430,38267
523510,38268
534780,38269
539980,38270
547310,38271
560640,38272
583635,38273
586390,38274
587440,38275
487020,38276
590870,38277
593051,38278
598090,38279
602890,38280
638920,38281
642170,38282
646050,38283
649880,38284
653220,38285
656140,38286
675500,38287
687360,38288
693450,38289
699760,38290
709880,38291
724720,38292
744930,38293
746040,38294
769680,38295
771010,38296
789530,38297
796380,38298
802040,38299
803720,38300
805710,38301
806720,38302
816810,38303
837850,38304
843800,38305
862160,38306
865210,38307
867480,38308
879280,38309
883560,38310
891490,38311
893470,38312
932670,38313
939050,38314
946560,38315
959280,38316
984660,38317
1005530,38318
1017670,38319
1049400,38320
1053990,38321
1064590,38322
1070850,38323
1082370,38324
1101050,38325
736200,38326
1103140,38327
1121020,38328
1160700,38329
1161330,38330
1180230,38331
1293520,38332
1304170,38333
1308040,38334
1343580,38335
1358020,38336
1374890,38337
1393830,38338
1397240,38339
1422630,38340
1444670,38341
1506630,38342
1528680,38343
1556480,38344
744340,38345
1560060,38346
1605480,38347
1644650,38348
1663950,38349
1719880,38350
1801560,38351
1805490,38352
1808800,38353
1810000,38354
1813650,38355
1822460,38356
1824990,38357
1838790,38358
1844910,38359
1903400,38360
1988930,38361
2010150,38362
2203620,38363
2298330,38364
41730,38365
49800,38366
222607,38367
241368,38368
273740,38369
297210,38370
302910,38371
318650,38372
335830,38373
336630,38374
339720,38375
352184,38376
373440,38377
384080,38378
388440,38379
402310,38380
410120,38381
412660,38382
434069,38383
299180,38384
492710,38385
496390,38386
511320,38387
514660,38388
515090,38389
520990,38390
531270,38391
533480,38392
582577,38393
603790,38394
607560,38395
610560,38396
621020,38397
621850,38398
629940,38399
642070,38400
648870,38401
662840,38402
709510,38403
718080,38404
283020,38405
729030,38406
747240,38407
760660,38408
783310,38409
806610,38410
818570,38411
829080,38412
844160,38413
847580,38414
847650,38415
851880,38416
887850,38417
899340,38418
912110,38419
950400,38420
974090,38421
980547,38422
1005460,38423
1008510,38424
390460,38425
1018270,38426
1027800,38427
1051890,38428
1097780,38429
1106180,38430
1179400,38431
1194790,38432
1244780,38433
1260580,38434
1270380,38435
1271620,38436
1277310,38437
1287310,38438
1292240,38439
1363140,38440
1365930,38441
1366420,38442
1368060,38443
1368810,38444
1384290,38445
1400630,38446
1400700,38447
1406140,38448
1409720,38449
1447410,38450
1459960,38451
1464730,38452
1475960,38453
1497600,38454
1504670,38455
1507600,38456
1543100,38457
1555710,38458
1556610,38459
1575760,38460
1612200,38461
1630960,38462
1649870,38463
1688850,38464
311490,38465
1710250,38466
1823470,38467
1850480,38468
1867190,38469
1960950,38470
1961260,38471
1991000,38472
2009730,38473
2129200,38474
2143080,38475
2228050,38476
99410,38477
110630,38478
222633,38479
234490,38480
249550,38481
265380,38482
277270,38483
410490,38484
283410,38485
292280,38486
320650,38487
327174,38488
330470,38489
335310,38490
364770,38491
378260,38492
411060,38493
414330,38494
420880,38495
427570,38496
429490,38497
434750,38498
434880,38499
435230,38500
453130,38501
463250,38502
470480,38503
485310,38504
497580,38505
498020,38506
503710,38507
509440,38508
514460,38509
519180,38510
522610,38511
525910,38512
536770,38513
543170,38514
543180,38515
563830,38516
581120,38517
585740,38518
590670,38519
612510,38520
636230,38521
636390,38522
649990,38523
651340,38524
670100,38525
704020,38526
711130,38527
715460,38528
731650,38529
732460,38530
732730,38531
268850,38532
736720,38533
737260,38534
737330,38535
759830,38536
765060,38537
765450,38538
781320,38539
790860,38540
796620,38541
814030,38542
824890,38543
829260,38544
835040,38545
859220,38546
668770,38547
874830,38548
890570,38549
907250,38550
918500,38551
920565,38552
37230,38553
922810,38554
970450,38555
978700,38556
990720,38557
1044020,38558
1047150,38559
1052920,38560
1066030,38561
1074520,38562
1074630,38563
1133450,38564
1148320,38565
1276490,38566
1283140,38567
1291240,38568
1304448,38569
1315630,38570
1330730,38571
1367880,38572
1399660,38573
1404960,38574
1436210,38575
1461420,38576
1465890,38577
1533000,38578
1560590,38579
1583820,38580
1589890,38581
1602990,38582
1625760,38583
1945780,38584
1629940,38585
1655880,38586
1663930,38587
2177030,38588
1664430,38589
1665600,38590
1676150,38591
1682490,38592
1693990,38593
1705030,38594
1725860,38595
1778590,38596
1786000,38597
1814260,38598
1860530,38599
1918890,38600
1941720,38601
372750,38602
1998580,38603
2007030,38604
2176310,38605
2222340,38606
92000,38607
204560,38608
207730,38609
226740,38610
235230,38611
259080,38612
271479,38613
290402,38614
317410,38615
317850,38616
341890,38617
363670,38618
371010,38619
375040,38620
376930,38621
381710,38622
385700,38623
398460,38624
402160,38625
416720,38626
420828,38627
428400,38628
436572,38629
439510,38630
452522,38631
479110,38632
486480,38633
496750,38634
503460,38635
505410,38636
522740,38637
526531,38638
562510,38639
574640,38640
614970,38641
615330,38642
620340,38643
623800,38644
623920,38645
646780,38646
649190,38647
653120,38648
662200,38649
672870,38650
679120,38651
684940,38652
693160,38653
698830,38654
715470,38655
742340,38656
745030,38657
757380,38658
770600,38659
773240,38660
788640,38661
796590,38662
806160,38663
815290,38664
815830,38665
853620,38666
865200,38667
870800,38668
872220,38669
888970,38670
905150,38671
918610,38672
927860,38673
928070,38674
931260,38675
944530,38676
947940,38677
1038820,38678
1070770,38679
1079480,38680
1082770,38681
1087320,38682
1090560,38683
1118730,38684
1157790,38685
1167540,38686
1225110,38687
1227320,38688
1227449,38689
1231190,38690
1248390,38691
1254280,38692
1265730,38693
1266890,38694
1068910,38695
1362440,38696
1370060,38697
1416290,38698
1418790,38699
1425580,38700
1431720,38701
1433870,38702
1499210,38703
478950,38704
1514650,38705
1525760,38706
1577750,38707
1584190,38708
1618280,38709
1622680,38710
1636350,38711
493450,38712
1641450,38713
1668420,38714
1677870,38715
1698640,38716
1785200,38717
1790380,38718
1816890,38719
1854840,38720
1908900,38721
1000110,38722
1953470,38723
1981710,38724
2005320,38725
2074560,38726
2093250,38727
2116750,38728
2122040,38729
668890,38730
2181640,38731
2195060,38732
2256720,38733
240620,38734
281580,38735
318412,38736
318570,38737
326950,38738
328680,38739
346300,38740
346360,38741
349950,38742
353370,38743
363900,38744
373140,38745
381840,38746
394120,38747
407470,38748
433360,38749
436400,38750
450740,38751
489930,38752
497710,38753
511160,38754
676180,38755
511250,38756
525360,38757
526980,38758
531520,38759
535260,38760
542780,38761
561360,38762
562700,38763
585860,38764
592020,38765
598030,38766
619400,38767
620700,38768
621500,38769
632750,38770
633030,38771
654070,38772
660990,38773
1049570,38774
736860,38775
758120,38776
781590,38777
799530,38778
804270,38779
816670,38780
832650,38781
836900,38782
860000,38783
869760,38784
872040,38785
892420,38786
911310,38787
950360,38788
961040,38789
970870,38790
974870,38791
980880,38792
989160,38793
995430,38794
1000870,38795
1033670,38796
1124070,38797
1154940,38798
1187520,38799
1204080,38800
1207030,38801
1208760,38802
1239490,38803
1243690,38804
1314480,38805
1328620,38806
1362430,38807
1390650,38808
1404360,38809
1441717,38810
1461040,38811
1483800,38812
1491770,38813
1513530,38814
865370,38815
1525060,38816
1532520,38817
1537470,38818
1540130,38819
1567380,38820
1576910,38821
1580440,38822
1588760,38823
1611360,38824
1619320,38825
1736710,38826
1821090,38827
1824170,38828
1833380,38829
1858780,38830
1947050,38831
1983247,38832
2010410,38833
2011550,38834
2071530,38835
2080580,38836
2088510,38837
2123690,38838
2302640,38839
12220,38840
232950,38841
269290,38842
278590,38843
279480,38844
282760,38845
294790,38846
317400,38847
326230,38848
329270,38849
352960,38850
378090,38851
382270,38852
386290,38853
386750,38854
685990,38855
412400,38856
414370,38857
429280,38858
431200,38859
451870,38860
455440,38861
461030,38862
465960,38863
491210,38864
503370,38865
512740,38866
516520,38867
517170,38868
517220,38869
523090,38870
523870,38871
523900,38872
529420,38873
563150,38874
565110,38875
613210,38876
624460,38877
686280,38878
696400,38879
697960,38880
703200,38881
708170,38882
726880,38883
730290,38884
743380,38885
744430,38886
745180,38887
748130,38888
763820,38889
765430,38890
770410,38891
782700,38892
783060,38893
812980,38894
813150,38895
818220,38896
820510,38897
850710,38898
870820,38899
872240,38900
1176170,38901
892880,38902
895200,38903
896570,38904
931830,38905
936930,38906
948960,38907
954720,38908
955600,38909
967490,38910
983290,38911
983980,38912
1009180,38913
1015430,38914
1036850,38915
1077890,38916
1102060,38917
1141930,38918
1144310,38919
2115060,38920
1149290,38921
1220890,38922
1224640,38923
1232310,38924
1254480,38925
1266020,38926
1298010,38927
1315140,38928
1334120,38929
1335810,38930
1365180,38931
1379510,38932
1380410,38933
1393380,38934
1397000,38935
1410700,38936
1471490,38937
1514640,38938
1543830,38939
1548240,38940
1596610,38941
1607620,38942
1625510,38943
1632610,38944
1639650,38945
1671600,38946
1675140,38947
1720960,38948
1722770,38949
1751780,38950
1800890,38951
1852840,38952
1868820,38953
1899980,38954
1965610,38955
2075390,38956
2093270,38957
201010,38958
208364,38959
218100,38960
241371,38961
268101,38962
283430,38963
288020,38964
293460,38965
297190,38966
298180,38967
315070,38968
332620,38969
333970,38970
336680,38971
348030,38972
359160,38973
365720,38974
365850,38975
369100,38976
388050,38977
1005910,38978
389460,38979
439450,38980
453730,38981
455110,38982
1798640,38983
459940,38984
464670,38985
476041,38986
491280,38987
497260,38988
500660,38989
501500,38990
503860,38991
508390,38992
512770,38993
517060,38994
517460,38995
541240,38996
560750,38997
571350,38998
580440,38999
598640,39000
1031670,39001
609010,39002
625730,39003
632880,39004
654090,39005
681500,39006
756320,39007
817490,39008
824620,39009
825500,39010
849270,39011
855970,39012
859280,39013
891270,39014
907270,39015
911680,39016
934640,39017
941241,39018
949650,39019
967240,39020
976030,39021
982520,39022
984790,39023
999270,39024
1805000,39025
1003860,39026
1012410,39027
1017610,39028
1029500,39029
1075140,39030
1099562,39031
1100270,39032
1118820,39033
1123090,39034
1127530,39035
1165610,39036
1214280,39037
1227260,39038
1238400,39039
1263990,39040
1291370,39041
1043860,39042
1311440,39043
1342630,39044
1378860,39045
1415370,39046
1435160,39047
1453010,39048
1500980,39049
1542710,39050
1573700,39051
1595000,39052
1612140,39053
1618310,39054
1648040,39055
1651090,39056
1695670,39057
1751890,39058
1772710,39059
1776900,39060
1791700,39061
1835350,39062
1858900,39063
1891430,39064
1892640,39065
1922100,39066
1933890,39067
1964750,39068
1982230,39069
2008060,39070
2013330,39071
2080070,39072
2125800,39073
2191620,39074
3400,39075
38070,39076
99120,39077
222545,39078
257830,39079
265970,39080
279740,39081
288630,39082
300580,39083
318860,39084
324240,39085
339590,39086
342500,39087
349510,39088
355641,39089
358170,39090
378850,39091
379990,39092
385900,39093
401623,39094
705020,39095
419080,39096
429620,39097
434360,39098
440980,39099
441640,39100
446990,39101
448690,39102
474620,39103
474760,39104
498290,39105
500110,39106
500239,39107
522590,39108
535910,39109
552030,39110
553590,39111
557260,39112
582990,39113
644530,39114
660320,39115
675130,39116
687560,39117
701080,39118
705370,39119
715060,39120
749270,39121
769090,39122
796790,39123
843080,39124
856980,39125
887740,39126
900010,39127
915850,39128
919160,39129
924360,39130
926170,39131
938320,39132
938400,39133
945580,39134
974370,39135
981140,39136
994190,39137
996970,39138
999560,39139
1048570,39140
1054450,39141
1067770,39142
1077990,39143
1086750,39144
1098680,39145
1129330,39146
1176160,39147
666960,39148
1177890,39149
1232250,39150
1267370,39151
1290780,39152
1313530,39153
1321040,39154
1322180,39155
1365900,39156
1403720,39157
1415630,39158
1422200,39159
369570,39160
1431450,39161
1441570,39162
1485900,39163
1494440,39164
1502410,39165
1503840,39166
453660,39167
1507570,39168
1508900,39169
1523790,39170
1548130,39171
1591860,39172
1605440,39173
1627610,39174
1655090,39175
1676620,39176
1716910,39177
1725950,39178
1726850,39179
1736980,39180
1754685,39181
1863650,39182
1970530,39183
2009300,39184
2057000,39185
2070190,39186
2077910,39187
2135320,39188
2206580,39189
2266940,39190
2400,39191
42810,39192
43500,39193
200190,39194
212041,39195
246680,39196
250030,39197
258050,39198
258641,39199
388160,39200
283180,39201
305183,39202
306950,39203
315320,39204
319780,39205
322970,39206
326340,39207
343611,39208
353630,39209
361560,39210
369080,39211
370650,39212
370780,39213
379760,39214
381120,39215
391880,39216
392610,39217
396030,39218
407710,39219
409160,39220
390652,39221
422020,39222
428830,39223
433840,39224
434068,39225
438240,39226
438920,39227
454330,39228
476920,39229
478000,39230
484390,39231
501580,39232
503140,39233
509600,39234
517140,39235
526590,39236
527580,39237
532260,39238
543710,39239
545960,39240
547520,39241
1073280,39242
562280,39243
564950,39244
575010,39245
581730,39246
603010,39247
610290,39248
619430,39249
642250,39250
662290,39251
670060,39252
672250,39253
700240,39254
703870,39255
704040,39256
709870,39257
710760,39258
715660,39259
723450,39260
724390,39261
738560,39262
756490,39263
763430,39264
775520,39265
782310,39266
785780,39267
794030,39268
816880,39269
828590,39270
839260,39271
839740,39272
843420,39273
877870,39274
886950,39275
896580,39276
905350,39277
917850,39278
935570,39279
987770,39280
1001640,39281
1010860,39282
1010950,39283
1018870,39284
1054090,39285
1072620,39286
1097240,39287
1121980,39288
1134630,39289
1145120,39290
1150620,39291
1180020,39292
421620,39293
1200580,39294
1201000,39295
1206090,39296
1234350,39297
1240460,39298
1261020,39299
1264310,39300
1280210,39301
1299600,39302
1318560,39303
1350630,39304
1429210,39305
1434890,39306
1440290,39307
1448310,39308
1503630,39309
1512200,39310
371570,39311
1547110,39312
1559460,39313
1563950,39314
1600720,39315
1610560,39316
1734610,39317
1753620,39318
1783540,39319
1840590,39320
1841320,39321
1841700,39322
1847100,39323
1899710,39324
1909690,39325
1954880,39326
1956400,39327
1970520,39328
1995040,39329
2023970,39330
2090230,39331
2096470,39332
2111060,39333
2114030,39334
2207480,39335
32710,39336
57697,39337
66000,39338
231020,39339
234792,39340
274120,39341
301990,39342
303780,39343
304460,39344
313830,39345
315850,39346
316660,39347
322300,39348
324850,39349
338830,39350
353360,39351
355190,39352
365340,39353
371460,39354
388370,39355
392230,39356
409070,39357
426190,39358
451360,39359
461520,39360
474720,39361
474740,39362
474890,39363
481420,39364
511700,39365
521330,39366
537060,39367
546460,39368
549030,39369
550360,39370
551100,39371
552910,39372
568380,39373
575850,39374
588290,39375
589120,39376
596190,39377
613620,39378
627290,39379
634180,39380
637410,39381
644640,39382
652030,39383
690460,39384
695050,39385
700480,39386
727760,39387
728920,39388
751280,39389
772270,39390
801500,39391
803930,39392
816830,39393
833700,39394
835710,39395
854030,39396
869780,39397
876190,39398
899930,39399
910730,39400
969540,39401
983820,39402
984020,39403
985530,39404
1045590,39405
1052070,39406
1054110,39407
1055890,39408
1059280,39409
1064540,39410
1077210,39411
1105950,39412
1111760,39413
1132180,39414
1142600,39415
1161430,39416
1180520,39417
1188630,39418
1203750,39419
1230990,39420
1231530,39421
1254630,39422
1311660,39423
1339410,39424
1386840,39425
1689090,39426
1395230,39427
1410070,39428
1428970,39429
1443200,39430
1452360,39431
1487450,39432
1531010,39433
1556150,39434
1558670,39435
1560260,39436
1587260,39437
1639590,39438
1660480,39439
1672960,39440
1677190,39441
1679960,39442
1682620,39443
1689750,39444
1703470,39445
1768730,39446
1780290,39447
1784600,39448
1821960,39449
1850150,39450
1855660,39451
1858620,39452
1890590,39453
1897200,39454
1946990,39455
2143150,39456
2158710,39457
2193270,39458
2202021,39459
359670,39460
2209580,39461
41014,39462
42696,39463
222601,39464
227180,39465
245430,39466
249081,39467
292400,39468
294770,39469
298920,39470
306620,39471
318090,39472
318791,39473
329340,39474
329380,39475
333100,39476
333760,39477
337210,39478
338420,39479
350172,39480
355520,39481
400500,39482
404480,39483
405340,39484
416760,39485
442000,39486
457450,39487
463030,39488
466520,39489
486230,39490
496680,39491
510850,39492
514650,39493
520750,39494
521100,39495
525012,39496
534440,39497
536680,39498
554680,39499
576280,39500
586110,39501
609760,39502
642080,39503
644320,39504
654020,39505
675620,39506
706150,39507
735410,39508
737810,39509
750500,39510
774191,39511
782570,39512
794270,39513
796460,39514
808770,39515
828950,39516
829940,39517
830490,39518
839560,39519
849310,39520
864810,39521
869290,39522
884410,39523
884440,39524
909190,39525
914510,39526
927730,39527
933970,39528
962810,39529
988171,39530
994200,39531
1001784,39532
1004560,39533
1030960,39534
1064273,39535
1071190,39536
1075750,39537
1109460,39538
1119480,39539
1137900,39540
1165570,39541
1167460,39542
1203240,39543
1208370,39544
1211540,39545
1217900,39546
1222240,39547
1295570,39548
1335110,39549
1355620,39550
1360620,39551
1373830,39552
1380840,39553
1386510,39554
1413500,39555
1450300,39556
1510280,39557
1511190,39558
1516550,39559
1536830,39560
1543290,39561
1564940,39562
1568130,39563
1593310,39564
1611460,39565
1640100,39566
1641300,39567
1664360,39568
1666660,39569
1671240,39570
1711770,39571
1716620,39572
1737150,39573
1782880,39574
1853380,39575
1860600,39576
1875360,39577
520270,39578
1909230,39579
1934930,39580
1949480,39581
1988940,39582
1997920,39583
2000980,39584
2075120,39585
2149690,39586
2161120,39587
2267810,39588
320820,39589
3230,39590
42940,39591
108700,39592
214870,39593
244950,39594
259800,39595
289280,39596
797710,39597
305800,39598
536470,39599
331220,39600
342990,39601
354350,39602
361130,39603
367780,39604
370001,39605
372190,39606
395470,39607
397920,39608
410980,39609
413110,39610
422890,39611
425120,39612
444680,39613
449200,39614
450670,39615
454200,39616
454220,39617
465510,39618
467000,39619
485620,39620
491770,39621
535690,39622
538560,39623
544790,39624
546900,39625
553260,39626
564793,39627
576100,39628
582573,39629
586100,39630
597210,39631
601590,39632
630980,39633
655160,39634
656460,39635
683730,39636
689700,39637
690980,39638
709800,39639
716770,39640
746990,39641
747430,39642
751830,39643
765590,39644
797570,39645
820250,39646
820950,39647
823280,39648
867390,39649
869340,39650
890820,39651
896744,39652
913320,39653
935430,39654
951320,39655
991790,39656
1001600,39657
1005000,39658
1025130,39659
1048640,39660
1068400,39661
1070230,39662
1073860,39663
1107470,39664
1128970,39665
1141990,39666
1171260,39667
1179800,39668
1189850,39669
411870,39670
1199140,39671
1215090,39672
1219700,39673
1242700,39674
1260130,39675
1302750,39676
1307450,39677
1317310,39678
1373700,39679
1427030,39680
1435610,39681
1451360,39682
1455920,39683
1458960,39684
1538680,39685
1555080,39686
1597270,39687
1614740,39688
1675020,39689
1677570,39690
1687030,39691
1705880,39692
1743230,39693
1745477,39694
1795640,39695
1798091,39696
1805310,39697
1839440,39698
1937850,39699
1990810,39700
1998942,39701
2079710,39702
2084050,39703
2092130,39704
2133270,39705
2163710,39706
2189370,39707
2214170,39708
2229460,39709
2240660,39710
250580,39711
254060,39712
266980,39713
268890,39714
299910,39715
315340,39716
319230,39717
330270,39718
333800,39719
342480,39720
346920,39721
346930,39722
352140,39723
372970,39724
387880,39725
390040,39726
392260,39727
400880,39728
443830,39729
444880,39730
448470,39731
462860,39732
467270,39733
470040,39734
473520,39735
479310,39736
493810,39737
494700,39738
507080,39739
531920,39740
536950,39741
545200,39742
568610,39743
571430,39744
579780,39745
585880,39746
593680,39747
600530,39748
602750,39749
610670,39750
629240,39751
643870,39752
654250,39753
667120,39754
678001,39755
699850,39756
705150,39757
710520,39758
716150,39759
722020,39760
729090,39761
757860,39762
766650,39763
808210,39764
825570,39765
835730,39766
840090,39767
845020,39768
882330,39769
888690,39770
330260,39771
898460,39772
908230,39773
933300,39774
978200,39775
991860,39776
999860,39777
1001040,39778
1030380,39779
1050520,39780
1058110,39781
1074040,39782
1104870,39783
1121270,39784
1132830,39785
1133420,39786
1151320,39787
1165960,39788
1188310,39789
1205760,39790
1209260,39791
1236240,39792
1291680,39793
1292300,39794
1299930,39795
1302180,39796
1311740,39797
1361490,39798
1362580,39799
1433190,39800
1453940,39801
1455360,39802
1471940,39803
1502440,39804
1511450,39805
1516350,39806
1588460,39807
1631780,39808
1637030,39809
1670240,39810
1678600,39811
1702180,39812
772420,39813
499210,39814
1765160,39815
1783510,39816
1786040,39817
1806550,39818
1814270,39819
1841100,39820
1871880,39821
1919440,39822
1938454,39823
1946160,39824
1961750,39825
2050470,39826
2086460,39827
2134300,39828
2302870,39829
237970,39830
253410,39831
257770,39832
261940,39833
264280,39834
281430,39835
288500,39836
295190,39837
313380,39838
330990,39839
344461,39840
344910,39841
348280,39842
356130,39843
364630,39844
365330,39845
379380,39846
381170,39847
383800,39848
384560,39849
385410,39850
396320,39851
472680,39852
480410,39853
492290,39854
528770,39855
555750,39856
562160,39857
563710,39858
578000,39859
588240,39860
593490,39861
602080,39862
610704,39863
613920,39864
614960,39865
625120,39866
650860,39867
675170,39868
675910,39869
696710,39870
697850,39871
713260,39872
715900,39873
743190,39874
746280,39875
751380,39876
760350,39877
610680,39878
776040,39879
781100,39880
786490,39881
790930,39882
826480,39883
844130,39884
888872,39885
892310,39886
905530,39887
944260,39888
958960,39889
987820,39890
1012730,39891
1029100,39892
1033330,39893
1052150,39894
1057700,39895
1061160,39896
1082720,39897
1928120,39898
1092700,39899
1146650,39900
1180270,39901
1202420,39902
1216720,39903
1237260,39904
1265140,39905
1269830,39906
1283710,39907
1291970,39908
1315660,39909
1316830,39910
9960,39911
1339180,39912
1425770,39913
1464063,39914
1482870,39915
1491960,39916
1512210,39917
1524930,39918
1532260,39919
1581720,39920
1589490,39921
1633820,39922
1689830,39923
1703151,39924
1709780,39925
1740240,39926
1768540,39927
1798740,39928
1809930,39929
1817250,39930
1836680,39931
1865220,39932
1893200,39933
1897150,39934
1911450,39935
1921080,39936
1972970,39937
1988010,39938
2009560,39939
2016420,39940
2080060,39941
2143180,39942
2192650,39943
2224850,39944
46760,39945
263360,39946
297143,39947
319300,39948
334190,39949
336530,39950
338760,39951
343690,39952
345700,39953
352700,39954
374640,39955
378790,39956
1651730,39957
412880,39958
420690,39959
420824,39960
427950,39961
432950,39962
441230,39963
462640,39964
474040,39965
494470,39966
495960,39967
500480,39968
513790,39969
523080,39970
526301,39971
530240,39972
539050,39973
581310,39974
583190,39975
585260,39976
592060,39977
607030,39978
624050,39979
625180,39980
630630,39981
645450,39982
649170,39983
655000,39984
662380,39985
692110,39986
695720,39987
713420,39988
733180,39989
1172280,39990
742510,39991
761660,39992
769440,39993
782100,39994
815210,39995
873900,39996
878420,39997
884770,39998
886590,39999
891830,40000
893950,40001
898310,40002
925340,40003
695830,40004
937870,40005
945340,40006
949420,40007
995240,40008
1014420,40009
1022650,40010
1028891,40011
1037100,40012
1037930,40013
1057980,40014
1072660,40015
1100750,40016
1123030,40017
1162440,40018
1234400,40019
1280380,40020
1301220,40021
1308550,40022
1339260,40023
1346260,40024
1372570,40025
1383850,40026
1384550,40027
1408570,40028
1410860,40029
1414720,40030
1416450,40031
1471310,40032
1735230,40033
1492860,40034
1504760,40035
1519660,40036
1526780,40037
1527910,40038
1543340,40039
1555560,40040
1565160,40041
1619200,40042
704310,40043
1658080,40044
1661930,40045
1675940,40046
1682380,40047
1695300,40048
1711080,40049
739170,40050
1779530,40051
1784990,40052
1787790,40053
1799080,40054
1806830,40055
1843350,40056
1857370,40057
2012070,40058
2019270,40059
2069990,40060
978640,40061
2087350,40062
2222820,40063
2235790,40064
2254750,40065
49330,40066
240600,40067
253390,40068
273890,40069
280320,40070
283000,40071
286140,40072
293960,40073
302020,40074
306290,40075
325987,40076
343740,40077
348700,40078
355500,40079
357730,40080
364323,40081
400220,40082
1343550,40083
401120,40084
413030,40085
418670,40086
423800,40087
427910,40088
428530,40089
440340,40090
448520,40091
449040,40092
458560,40093
468160,40094
471400,40095
485000,40096
495300,40097
511170,40098
512560,40099
522530,40100
546650,40101
555820,40102
561930,40103
562730,40104
577710,40105
594490,40106
643610,40107
644670,40108
676450,40109
679070,40110
679230,40111
695740,40112
706180,40113
769320,40114
777700,40115
790120,40116
805920,40117
815390,40118
836930,40119
852720,40120
879060,40121
880282,40122
885950,40123
924370,40124
934120,40125
956010,40126
970900,40127
974620,40128
992310,40129
1045900,40130
1066470,40131
1072170,40132
1077230,40133
1085390,40134
1132880,40135
1144330,40136
1149430,40137
1150990,40138
1179110,40139
1192580,40140
1196620,40141
1235460,40142
1291500,40143
1302110,40144
1333650,40145
1333920,40146
1360190,40147
1377600,40148
1400320,40149
1406110,40150
1413090,40151
1422730,40152
1424050,40153
1425280,40154
1451200,40155
1457790,40156
1461800,40157
1463530,40158
1517160,40159
1520610,40160
1521190,40161
1522770,40162
1535190,40163
439720,40164
1544570,40165
1549200,40166
1587240,40167
1596380,40168
1630890,40169
1660040,40170
1662230,40171
1669870,40172
1710930,40173
1723420,40174
1729590,40175
1740760,40176
1756710,40177
1790800,40178
1840700,40179
1843420,40180
1849490,40181
1955690,40182
1956410,40183
1967460,40184
1970700,40185
2010530,40186
2021170,40187
2125860,40188
2139300,40189
2145960,40190
2155680,40191
23300,40192
116120,40193
215245,40194
234782,40195
237470,40196
253630,40197
253960,40198
257400,40199
260380,40200
265690,40201
662410,40202
267670,40203
292180,40204
323040,40205
327920,40206
338840,40207
341300,40208
349450,40209
351800,40210
366640,40211
373800,40212
382950,40213
386930,40214
390200,40215
398960,40216
403440,40217
404920,40218
405720,40219
409690,40220
422130,40221
423900,40222
444190,40223
445700,40224
453670,40225
455310,40226
461245,40227
491390,40228
495390,40229
497680,40230
501050,40231
504010,40232
512240,40233
528730,40234
534850,40235
536576,40236
544630,40237
548560,40238
550335,40239
564300,40240
566750,40241
572170,40242
590480,40243
602622,40244
603060,40245
626630,40246
654580,40247
662910,40248
679470,40249
681000,40250
687820,40251
717980,40252
721100,40253
726600,40254
737710,40255
741500,40256
763910,40257
768750,40258
777160,40259
793200,40260
834410,40261
846730,40262
886310,40263
889320,40264
907160,40265
1024080,40266
1025740,40267
1048050,40268
1051920,40269
1055335,40270
1065460,40271
1070110,40272
1075790,40273
1078970,40274
1112100,40275
1141270,40276
1167850,40277
1186290,40278
1202570,40279
1209720,40280
1217220,40281
1222610,40282
1256130,40283
1277320,40284
1285000,40285
1331120,40286
1340160,40287
1353950,40288
1354690,40289
312640,40290
1417500,40291
1481210,40292
1497630,40293
1511330,40294
1517530,40295
1525770,40296
1568310,40297
1580260,40298
1595180,40299
1609780,40300
1613111,40301
1657880,40302
1668640,40303
1678750,40304
1739530,40305
1751980,40306
1758440,40307
710610,40308
1773410,40309
1844330,40310
1850690,40311
1869310,40312
1986310,40313
1994110,40314
1995050,40315
2016410,40316
2020540,40317
2067170,40318
2078177,40319
2140900,40320
4300,40321
42698,40322
208303,40323
208369,40324
258750,40325
290440,40326
291370,40327
303940,40328
332630,40329
356210,40330
364840,40331
365420,40332
367410,40333
371330,40334
374400,40335
377310,40336
390657,40337
396820,40338
403070,40339
404960,40340
406110,40341
442140,40342
466940,40343
483970,40344
485560,40345
507390,40346
511790,40347
521610,40348
899100,40349
522570,40350
524650,40351
536573,40352
542660,40353
546990,40354
550210,40355
574150,40356
578690,40357
593060,40358
598720,40359
625860,40360
632170,40361
639700,40362
663300,40363
681630,40364
704110,40365
716070,40366
724430,40367
726460,40368
738310,40369
743960,40370
1238430,40371
772680,40372
772990,40373
774911,40374
796640,40375
809790,40376
840700,40377
841260,40378
847680,40379
863460,40380
864970,40381
875890,40382
885071,40383
906280,40384
931690,40385
938480,40386
968570,40387
979800,40388
981880,40389
1006270,40390
1033780,40391
1135060,40392
2223050,40393
337670,40394
1140130,40395
1187420,40396
1191280,40397
1227170,40398
1233320,40399
1234450,40400
1268360,40401
1295860,40402
1299750,40403
1307880,40404
1308760,40405
1312250,40406
1318550,40407
1362190,40408
1372430,40409
1446930,40410
1463170,40411
1491910,40412
1494460,40413
1506770,40414
1524690,40415
1531680,40416
1603260,40417
1655140,40418
1686470,40419
1694801,40420
1762400,40421
1805700,40422
1908240,40423
1919070,40424
1927480,40425
1954020,40426
2178010,40427
2218970,40428
785590,40429
27900,40430
39560,40431
63800,40432
236130,40433
258652,40434
276870,40435
286635,40436
292981,40437
334620,40438
335320,40439
337280,40440
362290,40441
381850,40442
391180,40443
396440,40444
398140,40445
401330,40446
419660,40447
426100,40448
456510,40449
485890,40450
501560,40451
502090,40452
519160,40453
524940,40454
529660,40455
532770,40456
545850,40457
547040,40458
561480,40459
570890,40460
624621,40461
625080,40462
644160,40463
677910,40464
678004,40465
691540,40466
700440,40467
718030,40468
718220,40469
739360,40470
741820,40471
746000,40472
765360,40473
771500,40474
789290,40475
805120,40476
853980,40477
870080,40478
871190,40479
874360,40480
913910,40481
917240,40482
925670,40483
941040,40484
957680,40485
982760,40486
1002360,40487
1011740,40488
1051300,40489
1054000,40490
1071060,40491
1108180,40492
1126640,40493
1141600,40494
1154470,40495
1166580,40496
1173330,40497
1177840,40498
1209740,40499
1221230,40500
1239440,40501
1251530,40502
1304461,40503
1305050,40504
1325970,40505
1333890,40506
1340810,40507
1344800,40508
1373500,40509
1397940,40510
1401400,40511
1412500,40512
1422430,40513
1495640,40514
1512960,40515
1525880,40516
1540780,40517
1564700,40518
1575920,40519
1586920,40520
1660430,40521
1660590,40522
1665490,40523
1675600,40524
1681730,40525
1693780,40526
1713640,40527
1767610,40528
1769531,40529
1792450,40530
1808360,40531
1813140,40532
1819560,40533
1846370,40534
1919910,40535
1226070,40536
1933640,40537
1940910,40538
2117230,40539
2118580,40540
2141330,40541
2147640,40542
2271320,40543
37800,40544
204182,40545
214988,40546
246440,40547
266270,40548
273760,40549
283390,40550
283470,40551
286120,40552
303730,40553
306541,40554
312210,40555
313260,40556
711430,40557
323720,40558
346770,40559
346950,40560
350090,40561
361190,40562
363660,40563
384740,40564
391740,40565
406580,40566
409130,40567
413390,40568
414490,40569
423810,40570
464240,40571
465150,40572
470070,40573
490230,40574
494290,40575
501210,40576
502710,40577
526730,40578
44670,40579
530020,40580
538060,40581
542100,40582
542570,40583
542930,40584
544180,40585
557770,40586
562375,40587
563750,40588
568310,40589
586380,40590
588890,40591
604740,40592
615020,40593
622420,40594
647820,40595
672590,40596
672690,40597
682020,40598
708310,40599
716900,40600
732950,40601
763280,40602
773540,40603
831260,40604
831590,40605
843270,40606
844090,40607
869300,40608
877080,40609
877510,40610
935960,40611
8100,40612
949990,40613
46000,40614
954880,40615
964920,40616
210895,40617
215534,40618
966580,40619
238630,40620
513860,40621
987810,40622
994180,40623
998500,40624
1025230,40625
1026960,40626
2058120,40627
1044170,40628
1055140,40629
1083810,40630
1089080,40631
1095520,40632
1101030,40633
1109110,40634
1114720,40635
1202780,40636
1207010,40637
1226250,40638
1230510,40639
1247880,40640
1267590,40641
1287150,40642
1308090,40643
468700,40644
471770,40645
494980,40646
500870,40647
2099850,40648
2178810,40649
501530,40650
513620,40651
535700,40652
536490,40653
536540,40654
541380,40655
547820,40656
556780,40657
557570,40658
562384,40659
575420,40660
587290,40661
591930,40662
592660,40663
598350,40664
608620,40665
632110,40666
654430,40667
655420,40668
664460,40669
666010,40670
1337690,40671
1358540,40672
1378940,40673
1384960,40674
409280,40675
1397140,40676
1406040,40677
1481770,40678
1495510,40679
1557690,40680
1574620,40681
1618240,40682
1644990,40683
1659770,40684
1663630,40685
1674620,40686
1685030,40687
1688290,40688
1751190,40689
1853140,40690
836790,40691
667160,40692
678060,40693
695860,40694
716100,40695
1034810,40696
718750,40697
725610,40698
755560,40699
761760,40700
766850,40701
771690,40702
813480,40703
814480,40704
814590,40705
822510,40706
860960,40707
886960,40708
891350,40709
903880,40710
905840,40711
918680,40712
918740,40713
929430,40714
222618,40715
982250,40716
997730,40717
1005630,40718
1159510,40719
1192550,40720
1210330,40721
1234030,40722
1266560,40723
1272970,40724
1304390,40725
1308240,40726
1325400,40727
1349940,40728
1351170,40729
1360040,40730
836830,40731
1418310,40732
1420850,40733
1427900,40734
1440360,40735
1489840,40736
1519640,40737
1521670,40738
1530150,40739
1534700,40740
1582570,40741
1583590,40742
1585360,40743
1637630,40744
1664410,40745
1684900,40746
1689550,40747
1702810,40748
1726570,40749
1763080,40750
1763110,40751
1776250,40752
1810700,40753
1819970,40754
1863570,40755
1906150,40756
1967740,40757
2014370,40758
774561,40759
780820,40760
802960,40761
818330,40762
838050,40763
839020,40764
858060,40765
871120,40766
872730,40767
894390,40768
905670,40769
56436,40770
1854430,40771
1856740,40772
1915460,40773
2005000,40774
2010250,40775
2118110,40776
906880,40777
416370,40778
914220,40779
921770,40780
945890,40781
953681,40782
959770,40783
963570,40784
974180,40785
987180,40786
1002290,40787
1037350,40788
1040310,40789
1070170,40790
1079720,40791
1085490,40792
630,40793
6270,40794
202410,40795
205530,40796
210561,40797
238930,40798
267960,40799
656490,40800
271920,40801
330100,40802
342490,40803
347260,40804
356540,40805
373400,40806
385600,40807
390210,40808
407060,40809
443570,40810
470060,40811
473910,40812
508910,40813
553110,40814
557580,40815
593250,40816
615970,40817
643590,40818
655270,40819
655550,40820
657180,40821
676070,40822
677190,40823
677520,40824
688150,40825
693810,40826
713220,40827
737510,40828
748600,40829
821120,40830
825370,40831
743030,40832
828170,40833
848260,40834
949680,40835
954010,40836
979260,40837
988930,40838
1002410,40839
1005900,40840
1028800,40841
1584900,40842
1044040,40843
1076500,40844
1089671,40845
1090110,40846
1090164,40847
1170120,40848
1186940,40849
1196890,40850
1232920,40851
1300190,40852
1333940,40853
1334020,40854
1409000,40855
1409690,40856
1412450,40857
1492450,40858
1502600,40859
1514000,40860
1561350,40861
1563970,40862
1585814,40863
602790,40864
1615890,40865
1622090,40866
1660910,40867
1684220,40868
1730020,40869
1748370,40870
1763930,40871
1788700,40872
1816880,40873
1849470,40874
1871350,40875
2010960,40876
2061290,40877
2098820,40878
2121360,40879
2135190,40880
2207670,40881
1095750,40882
1099140,40883
1099630,40884
1107810,40885
1146210,40886
1153840,40887
1160500,40888
1161740,40889
1204490,40890
1212110,40891
1227441,40892
1233170,40893
234510,40894
259320,40895
290403,40896
326110,40897
338310,40898
350210,40899
368590,40900
375770,40901
384910,40902
430230,40903
422980,40904
438650,40905
445860,40906
451950,40907
461370,40908
467010,40909
480500,40910
481190,40911
488150,40912
492410,40913
499140,40914
520290,40915
528900,40916
534480,40917
542380,40918
557900,40919
581970,40920
592390,40921
596650,40922
617270,40923
626760,40924
654680,40925
744600,40926
763090,40927
816590,40928
825580,40929
873230,40930
874370,40931
883840,40932
907050,40933
933060,40934
935970,40935
940780,40936
944710,40937
1000080,40938
1014110,40939
1022130,40940
1042570,40941
1052870,40942
1054020,40943
1118130,40944
432420,40945
1130990,40946
1140500,40947
1140880,40948
1152820,40949
1176560,40950
1187920,40951
1211473,40952
1222180,40953
1227250,40954
1227860,40955
1237526,40956
1245500,40957
1259180,40958
1263700,40959
1267170,40960
1271070,40961
1280500,40962
1289450,40963
1301580,40964
1325270,40965
1335440,40966
1595840,40967
1355760,40968
1365280,40969
1376940,40970
1389010,40971
1394270,40972
1407060,40973
1418090,40974
1443100,40975
1451890,40976
1454080,40977
1477650,40978
1485870,40979
1518300,40980
1522180,40981
1528370,40982
1536610,40983
1600320,40984
773330,40985
1610330,40986
1628940,40987
1731940,40988
1751050,40989
1756790,40990
1770660,40991
1788940,40992
1791650,40993
1833000,40994
1837280,40995
1837910,40996
1864100,40997
1869260,40998
1883820,40999
1903200,41000
1934080,41001
1934540,41002
1938460,41003
1938670,41004
1945030,41005
2085160,41006
2086570,41007
2156070,41008
2186460,41009
2224340,41010
1275630,41011
12510,41012
258543,41013
279260,41014
279603,41015
293420,41016
295221,41017
300760,41018
303340,41019
306160,41020
328821,41021
334470,41022
339032,41023
347520,41024
362280,41025
373180,41026
381560,41027
390654,41028
393930,41029
398530,41030
408240,41031
416530,41032
428210,41033
444690,41034
450600,41035
463790,41036
203773,41037
479000,41038
486690,41039
495680,41040
516950,41041
552370,41042
552780,41043
563320,41044
578830,41045
584780,41046
595010,41047
619330,41048
651440,41049
657300,41050
668050,41051
672290,41052
681150,41053
688020,41054
698610,41055
699350,41056
720860,41057
740410,41058
746890,41059
750010,41060
251310,41061
277732,41062
296850,41063
352370,41064
362400,41065
364750,41066
370440,41067
372950,41068
381716,41069
388360,41070
390940,41071
407000,41072
407150,41073
409170,41074
425460,41075
439700,41076
445000,41077
449300,41078
1301990,41079
1323480,41080
1331280,41081
1343680,41082
1447600,41083
1466120,41084
1477630,41085
1486660,41086
1492980,41087
1493060,41088
1516820,41089
1527670,41090
1533260,41091
1535090,41092
1569140,41093
1570960,41094
1580220,41095
1625450,41096
1643660,41097
842500,41098
1661580,41099
1668560,41100
1678050,41101
1692260,41102
1711772,41103
1712670,41104
1713990,41105
1733030,41106
1777510,41107
1777670,41108
1793500,41109
1861980,41110
1919750,41111
1953170,41112
2088170,41113
281940,41114
294060,41115
755350,41116
317790,41117
326530,41118
345870,41119
345990,41120
359580,41121
359620,41122
365880,41123
376964,41124
378041,41125
393530,41126
398840,41127
401820,41128
405550,41129
409760,41130
417060,41131
434510,41132
444490,41133
444620,41134
461230,41135
470450,41136
508530,41137
761190,41138
509820,41139
510410,41140
527730,41141
556260,41142
604070,41143
608870,41144
609200,41145
614900,41146
624070,41147
625660,41148
640860,41149
670910,41150
673660,41151
680750,41152
683420,41153
709380,41154
709820,41155
712090,41156
748300,41157
770440,41158
782070,41159
810230,41160
817200,41161
818140,41162
818410,41163
820600,41164
833470,41165
834750,41166
837640,41167
851520,41168
853240,41169
854830,41170
861760,41171
883680,41172
893640,41173
896850,41174
898090,41175
909090,41176
910220,41177
913260,41178
926470,41179
941730,41180
949530,41181
950700,41182
976060,41183
1004200,41184
1014570,41185
1048530,41186
1053960,41187
1065210,41188
1095370,41189
1103520,41190
1103830,41191
1106920,41192
1154770,41193
1194690,41194
1198837,41195
1209000,41196
1247360,41197
1248070,41198
1252710,41199
1266030,41200
1273971,41201
1294720,41202
1310790,41203
1324010,41204
1383440,41205
1399140,41206
1401610,41207
1433860,41208
1441430,41209
1460120,41210
1470020,41211
1470120,41212
1548680,41213
1565940,41214
1588390,41215
1631540,41216
1632310,41217
1644200,41218
1731360,41219
1751430,41220
1808250,41221
1827680,41222
1847900,41223
1865370,41224
1875810,41225
1878210,41226
1968790,41227
1972880,41228
1998958,41229
2018220,41230
2127310,41231
3820,41232
15500,41233
46520,41234
395380,41235
113420,41236
201271,41237
214987,41238
264020,41239
269010,41240
270770,41241
296150,41242
297370,41243
303830,41244
321141,41245
322750,41246
324260,41247
342360,41248
343596,41249
346160,41250
351720,41251
356960,41252
870270,41253
359370,41254
362810,41255
370003,41256
378730,41257
386160,41258
610520,41259
402750,41260
403040,41261
404410,41262
406170,41263
416610,41264
428870,41265
437100,41266
449050,41267
452890,41268
473850,41269
487350,41270
490980,41271
501440,41272
502780,41273
510390,41274
517350,41275
551550,41276
577330,41277
593530,41278
605250,41279
607460,41280
613010,41281
647640,41282
648020,41283
663830,41284
712530,41285
716330,41286
718370,41287
732060,41288
765010,41289
771450,41290
800560,41291
836770,41292
909430,41293
983170,41294
989430,41295
996050,41296
999880,41297
1024490,41298
1029380,41299
1054370,41300
1069670,41301
1089810,41302
1148400,41303
1155470,41304
1164100,41305
1172860,41306
1201810,41307
1202150,41308
1205590,41309
1264230,41310
1271050,41311
1275390,41312
1280750,41313
1315620,41314
1341440,41315
1343850,41316
1357220,41317
864510,41318
1361660,41319
1373440,41320
1403520,41321
1443010,41322
1443063,41323
1456460,41324
1506900,41325
1546770,41326
1552430,41327
1577240,41328
1605580,41329
1663260,41330
1743010,41331
1785820,41332
1862880,41333
1879720,41334
1881670,41335
1883840,41336
1897000,41337
1988990,41338
2002510,41339
2065510,41340
2111390,41341
2114170,41342
2167800,41343
2207120,41344
210490,41345
2213770,41346
2220980,41347
2263390,41348
271370,41349
276440,41350
289260,41351
291390,41352
297020,41353
299380,41354
321370,41355
878150,41356
331210,41357
334830,41358
341845,41359
375930,41360
378350,41361
387840,41362
396590,41363
397820,41364
401640,41365
405970,41366
433110,41367
433190,41368
450850,41369
452120,41370
453870,41371
468530,41372
473810,41373
500850,41374
501750,41375
502540,41376
506550,41377
520680,41378
522730,41379
526240,41380
531890,41381
558840,41382
575830,41383
586670,41384
601240,41385
628760,41386
646010,41387
657350,41388
677720,41389
688470,41390
695650,41391
730550,41392
2274410,41393
734730,41394
744670,41395
759580,41396
763870,41397
804830,41398
819790,41399
833270,41400
530370,41401
881750,41402
938070,41403
972560,41404
1002210,41405
1014580,41406
1023790,41407
1029560,41408
1036960,41409
1083480,41410
1088870,41411
1098040,41412
1112050,41413
1131930,41414
1157920,41415
1173120,41416
1196240,41417
1196570,41418
1221240,41419
1234380,41420
1264850,41421
1296730,41422
1308500,41423
1339790,41424
1342090,41425
1379070,41426
1379200,41427
1386790,41428
1425630,41429
1489830,41430
1552240,41431
1593210,41432
1625060,41433
1664832,41434
1674880,41435
1706220,41436
1740150,41437
1760040,41438
536430,41439
554140,41440
1763190,41441
1776400,41442
1785680,41443
1819800,41444
1947260,41445
1957910,41446
1967090,41447
2009120,41448
2121430,41449
2169810,41450
2276440,41451
2280920,41452
11360,41453
23500,41454
249360,41455
260860,41456
268520,41457
277742,41458
290810,41459
294020,41460
297330,41461
319930,41462
337040,41463
337450,41464
351150,41465
362130,41466
362610,41467
367210,41468
369610,41469
382250,41470
386540,41471
388490,41472
412380,41473
434941,41474
442220,41475
463220,41476
489440,41477
491000,41478
493820,41479
503340,41480
504700,41481
515690,41482
526410,41483
555260,41484
557030,41485
571520,41486
579541,41487
592400,41488
612310,41489
618990,41490
650350,41491
670610,41492
703540,41493
706330,41494
713010,41495
747590,41496
773120,41497
775910,41498
777040,41499
793190,41500
803390,41501
822530,41502
823720,41503
833010,41504
1922049,41505
843640,41506
860590,41507
868490,41508
870870,41509
878110,41510
883590,41511
887400,41512
890250,41513
893130,41514
954530,41515
958790,41516
973300,41517
1001430,41518
1028730,41519
1097180,41520
1110660,41521
1123500,41522
1125800,41523
1143450,41524
1154730,41525
1175170,41526
1175200,41527
1197700,41528
1199540,41529
1199790,41530
1218790,41531
1223390,41532
1261570,41533
1274310,41534
1280550,41535
1297530,41536
72400,41537
1298620,41538
1306990,41539
1308650,41540
1309290,41541
1311700,41542
1323950,41543
1352750,41544
1365400,41545
1386940,41546
1387000,41547
1458530,41548
1462420,41549
1484680,41550
1503580,41551
1522710,41552
1529290,41553
1538600,41554
49300,41555
1548050,41556
1555580,41557
1560130,41558
1567460,41559
1608090,41560
1675640,41561
1683890,41562
1687150,41563
1834310,41564
1838560,41565
1865080,41566
1913980,41567
1985500,41568
2000480,41569
2104570,41570
2105690,41571
2111000,41572
2299150,41573
244410,41574
287760,41575
289734,41576
292300,41577
315396,41578
319010,41579
329823,41580
335210,41581
335790,41582
344820,41583
345140,41584
346080,41585
346630,41586
364200,41587
378660,41588
383630,41589
385350,41590
390570,41591
392920,41592
397090,41593
417980,41594
428040,41595
440880,41596
447100,41597
460150,41598
497880,41599
500240,41600
508161,41601
510080,41602
512150,41603
528610,41604
551630,41605
553700,41606
553950,41607
559670,41608
570860,41609
578440,41610
588750,41611
598400,41612
601990,41613
623160,41614
637040,41615
672230,41616
674570,41617
677960,41618
678760,41619
699290,41620
707390,41621
713800,41622
732470,41623
743350,41624
749010,41625
750070,41626
789670,41627
791390,41628
795110,41629
798330,41630
809450,41631
814610,41632
818530,41633
831490,41634
837160,41635
857180,41636
435480,41637
871920,41638
884340,41639
895860,41640
898490,41641
910430,41642
914200,41643
925040,41644
928670,41645
937950,41646
938000,41647
938940,41648
948420,41649
959050,41650
985680,41651
998820,41652
1008280,41653
1066240,41654
1119590,41655
1122780,41656
1140030,41657
1167790,41658
1169070,41659
1181900,41660
1189200,41661
1205120,41662
1209130,41663
1246030,41664
1264040,41665
1297390,41666
1377420,41667
1416160,41668
1474000,41669
1480440,41670
1482430,41671
1485580,41672
1519470,41673
1528200,41674
1555160,41675
70110,41676
1581740,41677
1620160,41678
1664830,41679
1683240,41680
1691010,41681
1702450,41682
1707770,41683
1768980,41684
1827760,41685
1885120,41686
1907900,41687
1977730,41688
1980780,41689
1984110,41690
2203640,41691
2260540,41692
2271530,41693
25830,41694
55390,41695
200390,41696
207040,41697
222021,41698
228440,41699
257050,41700
277755,41701
292570,41702
299340,41703
299420,41704
316963,41705
321260,41706
325972,41707
347560,41708
348683,41709
350800,41710
359920,41711
375030,41712
382490,41713
384200,41714
403690,41715
407474,41716
424830,41717
431191,41718
764490,41719
432250,41720
434470,41721
436070,41722
450250,41723
457330,41724
471730,41725
486440,41726
490300,41727
511010,41728
516400,41729
518660,41730
525920,41731
527510,41732
555930,41733
556221,41734
563790,41735
566410,41736
572240,41737
575810,41738
586970,41739
613860,41740
616690,41741
423750,41742
626250,41743
647810,41744
661000,41745
938740,41746
663110,41747
679190,41748
715980,41749
724690,41750
745760,41751
754110,41752
765460,41753
765650,41754
778080,41755
798610,41756
803350,41757
804320,41758
823100,41759
852180,41760
852250,41761
883640,41762
891180,41763
906600,41764
907590,41765
931360,41766
960150,41767
1001630,41768
1050550,41769
1066610,41770
1074321,41771
1089880,41772
1096630,41773
1120920,41774
1121710,41775
1142240,41776
1188000,41777
1189740,41778
1217340,41779
1220840,41780
1237780,41781
1241270,41782
1253280,41783
1272090,41784
1287750,41785
1366150,41786
1379580,41787
1392500,41788
1409180,41789
1422210,41790
1475170,41791
1494680,41792
1518190,41793
1522190,41794
1540440,41795
1542850,41796
1564850,41797
1601840,41798
1630360,41799
1645720,41800
1655700,41801
1663590,41802
1694550,41803
1695791,41804
1717810,41805
388900,41806
404284,41807
1726590,41808
1733610,41809
1804300,41810
1871500,41811
1874010,41812
1876390,41813
1904280,41814
1912490,41815
1919060,41816
1923180,41817
1988600,41818
2144760,41819
2226800,41820
12180,41821
39140,41822
227160,41823
238240,41824
241369,41825
268360,41826
269590,41827
270550,41828
302170,41829
305640,41830
311100,41831
316870,41832
325260,41833
329920,41834
340960,41835
359060,41836
359630,41837
375230,41838
410550,41839
419500,41840
420210,41841
446610,41842
463100,41843
464530,41844
486290,41845
492600,41846
495230,41847
525380,41848
529240,41849
539370,41850
542210,41851
546070,41852
573780,41853
583890,41854
597770,41855
620070,41856
627820,41857
645230,41858
668780,41859
680620,41860
707350,41861
722620,41862
723610,41863
735260,41864
740790,41865
755520,41866
760990,41867
767200,41868
789160,41869
801880,41870
802850,41871
810200,41872
812460,41873
816210,41874
816770,41875
846850,41876
848700,41877
884430,41878
915540,41879
970800,41880
994790,41881
1012580,41882
1015190,41883
1021690,41884
1048878,41885
1071770,41886
1087330,41887
1089110,41888
1167570,41889
1177610,41890
1200910,41891
1227000,41892
1256710,41893
1290200,41894
1293000,41895
1332470,41896
1344790,41897
1357372,41898
1363980,41899
1370250,41900
1424070,41901
359230,41902
1435480,41903
1447060,41904
1484050,41905
1504550,41906
1523010,41907
1592650,41908
1661360,41909
1688200,41910
1755300,41911
1771380,41912
1806090,41913
1810810,41914
1815400,41915
1819860,41916
1904050,41917
1918400,41918
344840,41919
1946810,41920
1949910,41921
1969740,41922
1995680,41923
2008480,41924
2113580,41925
2182750,41926
2200580,41927
2250060,41928
2281860,41929
27400,41930
47920,41931
249570,41932
258663,41933
270050,41934
306180,41935
328670,41936
332240,41937
344462,41938
362900,41939
363610,41940
365240,41941
373650,41942
376450,41943
384980,41944
403220,41945
434190,41946
438720,41947
463480,41948
485600,41949
485730,41950
493000,41951
496950,41952
506280,41953
512160,41954
523060,41955
540340,41956
547470,41957
552390,41958
588880,41959
601400,41960
611850,41961
625990,41962
633310,41963
645650,41964
668670,41965
676120,41966
698760,41967
719550,41968
731230,41969
806020,41970
808932,41971
816190,41972
817640,41973
818060,41974
828320,41975
831230,41976
875960,41977
878320,41978
879610,41979
879670,41980
899990,41981
906740,41982
915190,41983
1234750,41984
921390,41985
928880,41986
945490,41987
946650,41988
963770,41989
985000,41990
1000510,41991
1013450,41992
1013830,41993
1353370,41994
1015470,41995
1033478,41996
1037910,41997
1043870,41998
1074510,41999
1114030,42000
1135070,42001
1178050,42002
1200420,42003
1214600,42004
1247640,42005
1252250,42006
1278370,42007
1278630,42008
1292880,42009
1299480,42010
1341710,42011
1350080,42012
1411200,42013
1417610,42014
1420580,42015
1467410,42016
1470920,42017
1501100,42018
1513310,42019
1533003,42020
1541240,42021
1563800,42022
1671770,42023
1690270,42024
1693250,42025
1753530,42026
1765320,42027
1769533,42028
1794250,42029
1804515,42030
2011860,42031
494450,42032
2020490,42033
2069420,42034
2105250,42035
2207070,42036
2210710,42037
2236920,42038
2261070,42039
3050,42040
73020,42041
208302,42042
208343,42043
290990,42044
295930,42045
298560,42046
299500,42047
306370,42048
306410,42049
312150,42050
320386,42051
325160,42052
329980,42053
336220,42054
346330,42055
358770,42056
368770,42057
369190,42058
374450,42059
380690,42060
408990,42061
417430,42062
428200,42063
439960,42064
448480,42065
453890,42066
467390,42067
486210,42068
512430,42069
521200,42070
548890,42071
550420,42072
558870,42073
566150,42074
572000,42075
607660,42076
631830,42077
689620,42078
690220,42079
700830,42080
710190,42081
712180,42082
767030,42083
773420,42084
793880,42085
794650,42086
818390,42087
859300,42088
1122740,42089
867660,42090
868500,42091
869280,42092
871490,42093
874140,42094
876380,42095
887720,42096
918170,42097
922920,42098
928230,42099
928840,42100
944240,42101
954080,42102
1018990,42103
1059890,42104
1070410,42105
1078730,42106
1094320,42107
1098292,42108
1102480,42109
1152580,42110
1162208,42111
1169230,42112
1199060,42113
1213590,42114
1219500,42115
1221440,42116
1237720,42117
1265410,42118
1269240,42119
1297320,42120
1305720,42121
1328710,42122
1348480,42123
1367220,42124
1375450,42125
1380150,42126
1416210,42127
1421410,42128
1433430,42129
1452000,42130
1452280,42131
1460800,42132
1482720,42133
1490860,42134
1610790,42135
1680020,42136
1684210,42137
1689680,42138
1704760,42139
1731040,42140
1738100,42141
1763150,42142
1867630,42143
1881180,42144
1906140,42145
1964240,42146
1981881,42147
2057790,42148
2070880,42149
2072830,42150
2104770,42151
2152050,42152
2222970,42153
2294222,42154
2370,42155
60340,42156
61100,42157
201279,42158
235360,42159
259251,42160
288880,42161
289820,42162
294580,42163
298850,42164
301750,42165
302830,42166
305760,42167
305860,42168
353790,42169
357840,42170
393360,42171
437520,42172
453350,42173
457340,42174
461890,42175
466390,42176
482330,42177
486470,42178
487600,42179
497040,42180
499410,42181
503720,42182
515270,42183
526430,42184
533602,42185
534330,42186
551790,42187
563360,42188
566570,42189
580930,42190
642700,42191
665240,42192
667291,42193
700660,42194
717120,42195
738920,42196
754330,42197
764500,42198
767400,42199
815950,42200
817760,42201
839200,42202
840060,42203
845380,42204
850990,42205
864220,42206
880750,42207
885730,42208
894830,42209
896180,42210
896510,42211
2246290,42212
910200,42213
924220,42214
966470,42215
979090,42216
987330,42217
999640,42218
1004210,42219
1013950,42220
1019967,42221
1053650,42222
1055240,42223
1092720,42224
1094110,42225
1120690,42226
1158410,42227
1219060,42228
1242743,42229
1244860,42230
1309700,42231
1336450,42232
1337030,42233
403090,42234
1346600,42235
1355440,42236
1358630,42237
1362400,42238
1370770,42239
1419350,42240
1427210,42241
1454520,42242
1527260,42243
1559920,42244
1563940,42245
1570120,42246
1580560,42247
1596850,42248
1598930,42249
1628890,42250
593540,42251
1712810,42252
1728460,42253
1740730,42254
1755050,42255
1763520,42256
1791460,42257
1805390,42258
1844860,42259
1871990,42260
1877460,42261
1967480,42262
1975420,42263
1977900,42264
1986900,42265
2100740,42266
2104731,42267
2206720,42268
2223130,42269
18480,42270
39670,42271
804350,42272
41400,42273
42920,42274
47400,42275
208355,42276
252270,42277
273830,42278
292060,42279
311080,42280
313371,42281
314760,42282
320610,42283
343594,42284
354560,42285
370490,42286
378480,42287
386100,42288
391660,42289
401690,42290
404030,42291
806510,42292
407880,42293
428610,42294
437400,42295
443370,42296
448830,42297
461390,42298
465440,42299
490910,42300
494380,42301
503150,42302
504410,42303
523050,42304
525460,42305
543410,42306
552540,42307
557830,42308
568860,42309
573490,42310
581380,42311
590430,42312
600630,42313
607760,42314
615680,42315
623619,42316
625700,42317
633320,42318
655710,42319
661300,42320
666200,42321
708850,42322
717800,42323
738880,42324
752550,42325
757630,42326
762490,42327
775620,42328
783340,42329
787640,42330
788800,42331
789950,42332
798710,42333
480630,42334
812580,42335
820840,42336
844060,42337
845480,42338
877260,42339
877380,42340
884090,42341
896400,42342
916410,42343
916860,42344
924020,42345
927840,42346
941965,42347
943190,42348
971650,42349
974110,42350
1000400,42351
1005970,42352
1015350,42353
1029412,42354
1041760,42355
1475080,42356
1056170,42357
1058270,42358
1059830,42359
1061240,42360
1073490,42361
1081590,42362
1092800,42363
1199360,42364
1206570,42365
1225810,42366
1234830,42367
1252000,42368
1336070,42369
1342240,42370
1391090,42371
1403110,42372
1423980,42373
1986350,42374
1488620,42375
1489500,42376
1502680,42377
1506720,42378
1514620,42379
1585160,42380
1593220,42381
1596640,42382
1651870,42383
1672490,42384
1729580,42385
1760020,42386
1784630,42387
1806030,42388
1899800,42389
1905350,42390
1936030,42391
340460,42392
2021280,42393
1903490,42394
2050510,42395
2091720,42396
2141090,42397
2301370,42398
33110,42399
36000,42400
207250,42401
229190,42402
229310,42403
249170,42404
271640,42405
286100,42406
296550,42407
314540,42408
324090,42409
325977,42410
327510,42411
331492,42412
334660,42413
335920,42414
350171,42415
358280,42416
363060,42417
365400,42418
374510,42419
377970,42420
378461,42421
384090,42422
386870,42423
388430,42424
402190,42425
404420,42426
436280,42427
443700,42428
445720,42429
446850,42430
454770,42431
460970,42432
463880,42433
464120,42434
473720,42435
491470,42436
509430,42437
513600,42438
527310,42439
531165,42440
547150,42441
550740,42442
552960,42443
555450,42444
570470,42445
574420,42446
575630,42447
587920,42448
648600,42449
661950,42450
675660,42451
685050,42452
692030,42453
716760,42454
725960,42455
726800,42456
1415380,42457
738100,42458
792050,42459
795630,42460
801900,42461
812110,42462
814900,42463
816350,42464
818860,42465
828800,42466
834800,42467
839500,42468
841120,42469
841990,42470
849306,42471
860440,42472
891220,42473
917020,42474
932530,42475
942310,42476
992176,42477
239370,42478
1014050,42479
1014370,42480
1033450,42481
1049530,42482
1066460,42483
1091210,42484
1124990,42485
1135437,42486
1138300,42487
1159680,42488
1162880,42489
1172540,42490
1195220,42491
1196300,42492
1233062,42493
1244210,42494
1291830,42495
1296860,42496
1304440,42497
1357750,42498
1378760,42499
1379660,42500
1394160,42501
1460440,42502
1467450,42503
1517810,42504
1526680,42505
1567950,42506
1602900,42507
1611150,42508
1637171,42509
1638440,42510
1651360,42511
1658001,42512
1740420,42513
1785440,42514
1821800,42515
1822640,42516
1828630,42517
1842990,42518
1893800,42519
1923720,42520
1943280,42521
2011340,42522
2012840,42523
2072950,42524
2092750,42525
2130230,42526
2130510,42527
2240200,42528
7770,42529
11230,42530
46740,42531
57800,42532
65302,42533
204220,42534
237130,42535
273850,42536
300260,42537
302340,42538
1311640,42539
311680,42540
334850,42541
337630,42542
342970,42543
348760,42544
351290,42545
367300,42546
370120,42547
374830,42548
391910,42549
427810,42550
437720,42551
438790,42552
495780,42553
510060,42554
523690,42555
543600,42556
554810,42557
555280,42558
561650,42559
589460,42560
601640,42561
615340,42562
636520,42563
680170,42564
700770,42565
701180,42566
707340,42567
740141,42568
745340,42569
749050,42570
756810,42571
760930,42572
767300,42573
789220,42574
798830,42575
808220,42576
811800,42577
832470,42578
846710,42579
880570,42580
451960,42581
1168000,42582
888630,42583
913720,42584
948850,42585
952680,42586
983070,42587
992420,42588
1021800,42589
1033477,42590
1035190,42591
1050240,42592
1055970,42593
1058330,42594
1077440,42595
1096360,42596
1102080,42597
1103410,42598
1113060,42599
1125870,42600
1132670,42601
73030,42602
1182060,42603
1198490,42604
1211420,42605
1220120,42606
1226470,42607
1256920,42608
1291060,42609
1309280,42610
1311320,42611
1312310,42612
1330960,42613
1400210,42614
1404150,42615
1468040,42616
1483060,42617
1539780,42618
1623380,42619
1673780,42620
1708710,42621
1745640,42622
1755740,42623
1773560,42624
1787470,42625
1860980,42626
1889130,42627
1890710,42628
1945760,42629
1955830,42630
1965130,42631
1979700,42632
1985250,42633
2063680,42634
2168650,42635
11150,42636
453330,42637
453740,42638
11340,42639
105000,42640
206410,42641
208282,42642
271730,42643
301900,42644
334210,42645
335690,42646
336380,42647
337110,42648
341070,42649
362740,42650
376970,42651
386700,42652
391270,42653
397870,42654
404282,42655
404630,42656
408100,42657
425410,42658
436240,42659
454580,42660
728870,42661
479180,42662
500380,42663
506750,42664
521570,42665
527290,42666
546410,42667
552200,42668
562060,42669
573730,42670
580870,42671
600650,42672
607680,42673
611300,42674
614530,42675
628530,42676
656610,42677
668170,42678
671700,42679
693890,42680
694730,42681
712870,42682
764670,42683
770860,42684
786750,42685
794390,42686
796290,42687
796370,42688
836870,42689
846200,42690
864980,42691
871870,42692
916320,42693
935750,42694
940630,42695
944510,42696
982240,42697
986710,42698
993250,42699
1020050,42700
1020830,42701
1030360,42702
1328810,42703
1270340,42704
1030830,42705
1040080,42706
1041450,42707
1064580,42708
1064670,42709
1091270,42710
1104050,42711
1139000,42712
1147750,42713
1151730,42714
1161840,42715
1174830,42716
1181330,42717
1186630,42718
1190840,42719
1197670,42720
1203042,42721
1229250,42722
1233840,42723
1253690,42724
1275920,42725
1289490,42726
1298650,42727
1896050,42728
1346740,42729
1385931,42730
1391990,42731
1394090,42732
1407240,42733
1438020,42734
1468280,42735
1489130,42736
1505010,42737
1523170,42738
1541850,42739
1545570,42740
1566220,42741
1566700,42742
316370,42743
1571960,42744
1584300,42745
1640930,42746
1045020,42747
1645270,42748
1681890,42749
1709930,42750
1714850,42751
1836310,42752
1855610,42753
1909960,42754
1917760,42755
1922632,42756
1960800,42757
1974090,42758
1998100,42759
2012520,42760
2053671,42761
2059960,42762
316961,42763
2089520,42764
2100230,42765
2105480,42766
2198870,42767
1163640,42768
2209990,42769
2306390,42770
2700,42771
46370,42772
98100,42773
220823,42774
227800,42775
257870,42776
263520,42777
279640,42778
292984,42779
293940,42780
295710,42781
313390,42782
319430,42783
321600,42784
327960,42785
331120,42786
365270,42787
372320,42788
374460,42789
374800,42790
376880,42791
378410,42792
388000,42793
392780,42794
405670,42795
434980,42796
448188,42797
456480,42798
496740,42799
517210,42800
525740,42801
529060,42802
547630,42803
732840,42804
561390,42805
590720,42806
605800,42807
1295230,42808
610740,42809
610840,42810
643970,42811
650460,42812
652910,42813
657120,42814
673900,42815
681100,42816
683230,42817
700860,42818
701610,42819
704480,42820
738760,42821
739100,42822
746880,42823
764690,42824
770500,42825
779400,42826
827830,42827
832520,42828
856370,42829
1314770,42830
874060,42831
874200,42832
874230,42833
928370,42834
933290,42835
941966,42836
950850,42837
985500,42838
1019730,42839
1033000,42840
1061430,42841
1089910,42842
1098670,42843
1114740,42844
1136110,42845
1139080,42846
1165170,42847
1201870,42848
1228870,42849
1247460,42850
1282781,42851
383950,42852
1353250,42853
1355430,42854
1361180,42855
1363790,42856
1368860,42857
1412560,42858
1418970,42859
1422820,42860
1425380,42861
1432710,42862
1443790,42863
1453840,42864
1473870,42865
1478620,42866
1491530,42867
1506520,42868
875740,42869
1515340,42870
1533500,42871
1566620,42872
1579880,42873
1587190,42874
1599210,42875
1622690,42876
1623660,42877
1639040,42878
1662220,42879
1716480,42880
1726280,42881
1787860,42882
1828750,42883
1858550,42884
1864860,42885
1873750,42886
1941820,42887
1968040,42888
1981880,42889
2080480,42890
2109010,42891
2112380,42892
2149900,42893
2186980,42894
2282330,42895
45450,42896
222619,42897
223430,42898
233210,42899
259253,42900
670900,42901
317600,42902
336090,42903
345020,42904
355020,42905
375850,42906
382080,42907
390930,42908
391460,42909
413620,42910
421870,42911
429360,42912
431980,42913
444470,42914
446870,42915
448020,42916
462960,42917
465520,42918
512550,42919
48232,42920
205638,42921
529500,42922
542650,42923
546210,42924
548080,42925
555660,42926
555890,42927
559350,42928
568720,42929
618360,42930
618690,42931
625370,42932
628820,42933
644610,42934
649790,42935
657590,42936
659940,42937
661710,42938
667270,42939
672020,42940
674370,42941
705830,42942
716050,42943
725980,42944
758390,42945
1151670,42946
778850,42947
779100,42948
788380,42949
798140,42950
804120,42951
805850,42952
807070,42953
817680,42954
828030,42955
865310,42956
868320,42957
870990,42958
882080,42959
938200,42960
967460,42961
1009040,42962
1026010,42963
1042360,42964
1051850,42965
1064220,42966
1096640,42967
1098560,42968
1151400,42969
1203650,42970
1211650,42971
1236190,42972
1248710,42973
1256430,42974
1259460,42975
1264800,42976
1283370,42977
1300360,42978
1307240,42979
1310650,42980
1334780,42981
1335030,42982
1341890,42983
1374450,42984
1388130,42985
1388570,42986
1394950,42987
1424360,42988
1474880,42989
1504360,42990
1505470,42991
1515280,42992
1558650,42993
1568330,42994
1597060,42995
1599520,42996
1605690,42997
1605890,42998
532080,42999
1612960,43000
1631160,43001
1635920,43002
1653790,43003
1713910,43004
1743120,43005
1759930,43006
887970,43007
1787920,43008
1843430,43009
1974320,43010
1975370,43011
2073710,43012
2077180,43013
2163190,43014
269610,43015
304690,43016
312240,43017
318550,43018
342890,43019
344220,43020
367350,43021
375210,43022
377760,43023
379290,43024
888090,43025
421900,43026
425160,43027
441250,43028
448560,43029
453650,43030
461240,43031
468050,43032
475620,43033
493430,43034
509860,43035
543430,43036
562460,43037
569290,43038
582350,43039
587000,43040
594820,43041
618760,43042
628090,43043
638490,43044
639540,43045
657260,43046
679620,43047
695660,43048
699670,43049
699700,43050
706320,43051
707140,43052
707870,43053
708260,43054
712720,43055
718010,43056
746760,43057
767910,43058
774401,43059
778330,43060
782280,43061
817310,43062
822900,43063
823840,43064
827450,43065
828890,43066
832610,43067
836560,43068
848020,43069
904500,43070
924670,43071
933160,43072
936010,43073
954000,43074
960610,43075
965830,43076
985650,43077
1033510,43078
1038650,43079
1044760,43080
1044920,43081
1058370,43082
1074530,43083
1079330,43084
1081740,43085
1093850,43086
1096510,43087
1101170,43088
1117420,43089
1124600,43090
1131400,43091
1145820,43092
1149930,43093
1157040,43094
1166540,43095
1168630,43096
1170980,43097
1252100,43098
1258800,43099
1273620,43100
1291640,43101
1330630,43102
1345150,43103
1415020,43104
1427140,43105
1481580,43106
778060,43107
1537820,43108
1565290,43109
1627360,43110
1648230,43111
1690880,43112
1770540,43113
1772750,43114
1787640,43115
1816002,43116
1830270,43117
1839180,43118
1977890,43119
2006390,43120
2053200,43121
17180,43122
21300,43123
46290,43124
232590,43125
314850,43126
321830,43127
333730,43128
352130,43129
355760,43130
364980,43131
376390,43132
390510,43133
397720,43134
443650,43135
454790,43136
458590,43137
459310,43138
460750,43139
466840,43140
491710,43141
500271,43142
518800,43143
550370,43144
555010,43145
555650,43146
556300,43147
558850,43148
563410,43149
575400,43150
577280,43151
578240,43152
579130,43153
582574,43154
583140,43155
645840,43156
650290,43157
654660,43158
683870,43159
684400,43160
692270,43161
712980,43162
713180,43163
717330,43164
734020,43165
735550,43166
754510,43167
758010,43168
786390,43169
788320,43170
809320,43171
809490,43172
1785930,43173
821230,43174
843930,43175
848430,43176
862390,43177
870160,43178
878680,43179
894540,43180
933450,43181
938820,43182
941790,43183
967280,43184
972290,43185
981960,43186
1000380,43187
1007970,43188
1042731,43189
1048900,43190
1059090,43191
1063560,43192
1063850,43193
1072270,43194
277767,43195
1124050,43196
1130710,43197
1197060,43198
1210380,43199
1210680,43200
1214540,43201
1231940,43202
1251210,43203
1298740,43204
1299580,43205
1301850,43206
1345350,43207
1357900,43208
1364960,43209
1376220,43210
1400940,43211
1401990,43212
1414530,43213
1428220,43214
307090,43215
1439030,43216
1449250,43217
1469460,43218
1497700,43219
1506230,43220
1509340,43221
1564150,43222
1569620,43223
1632910,43224
1633140,43225
1652780,43226
1672780,43227
1701460,43228
1730540,43229
1740630,43230
1767270,43231
315050,43232
1791610,43233
1811900,43234
1816570,43235
1819660,43236
1828790,43237
1850390,43238
2001670,43239
2059760,43240
2091220,43241
2177210,43242
2199360,43243
12600,43244
60700,43245
64005,43246
208284,43247
210898,43248
245370,43249
255940,43250
256504,43251
262750,43252
365560,43253
367710,43254
373630,43255
383670,43256
391530,43257
398450,43258
409730,43259
445890,43260
448000,43261
448790,43262
485260,43263
497510,43264
498850,43265
506730,43266
508410,43267
519140,43268
521760,43269
535330,43270
542870,43271
555170,43272
576410,43273
581370,43274
779950,43275
598610,43276
599390,43277
633910,43278
636950,43279
638110,43280
642190,43281
642520,43282
644580,43283
645920,43284
657470,43285
663060,43286
667810,43287
676580,43288
677991,43289
689810,43290
713590,43291
718660,43292
720730,43293
746020,43294
750492,43295
754050,43296
776820,43297
809340,43298
813440,43299
814650,43300
815010,43301
837440,43302
845290,43303
853110,43304
857050,43305
897630,43306
911040,43307
939510,43308
978070,43309
1008740,43310
1047680,43311
1047710,43312
1054790,43313
1066310,43314
1068980,43315
1070800,43316
1071860,43317
1120550,43318
1120850,43319
1153470,43320
1842410,43321
1163690,43322
1170791,43323
1177990,43324
1240120,43325
1260710,43326
1271791,43327
1277840,43328
1281140,43329
1307780,43330
1345120,43331
1345960,43332
1367960,43333
1372180,43334
1393310,43335
1393610,43336
1428900,43337
1443360,43338
1444890,43339
1455060,43340
460540,43341
1457840,43342
1488600,43343
1508200,43344
1548430,43345
1564950,43346
1590250,43347
1622060,43348
1622340,43349
1639690,43350
1654190,43351
1654860,43352
1677490,43353
1677890,43354
1694720,43355
1782600,43356
1783380,43357
667920,43358
1855920,43359
1869262,43360
1879220,43361
1902210,43362
1942540,43363
1965410,43364
2025780,43365
2067930,43366
2069900,43367
2093910,43368
2141720,43369
2314920,43370
50920,43371
210014,43372
282880,43373
289480,43374
306890,43375
308580,43376
313730,43377
1238280,43378
335180,43379
341020,43380
348730,43381
361430,43382
366210,43383
379520,43384
385960,43385
393820,43386
402060,43387
419700,43388
433741,43389
434700,43390
440740,43391
457010,43392
458490,43393
466010,43394
489750,43395
491520,43396
510370,43397
538110,43398
812650,43399
1307480,43400
553960,43401
574070,43402
589110,43403
597120,43404
605610,43405
612840,43406
616330,43407
646668,43408
659190,43409
687260,43410
691580,43411
705060,43412
706690,43413
717990,43414
720000,43415
744590,43416
747770,43417
754010,43418
765250,43419
775460,43420
786910,43421
1308850,43422
816990,43423
826230,43424
852900,43425
865880,43426
867510,43427
870020,43428
942200,43429
1014710,43430
1029900,43431
1053160,43432
1069940,43433
1099070,43434
1121820,43435
1143680,43436
1145240,43437
1159660,43438
1175420,43439
1212170,43440
1234120,43441
1348980,43442
1349130,43443
1350540,43444
1353470,43445
1366550,43446
1384540,43447
1387170,43448
1387590,43449
1413350,43450
1418320,43451
1442390,43452
1454700,43453
1464910,43454
1488750,43455
1490190,43456
1510410,43457
1538930,43458
1561850,43459
1567400,43460
1585390,43461
1600670,43462
1614920,43463
1636250,43464
1651930,43465
1682450,43466
1683730,43467
1697420,43468
1706170,43469
1776350,43470
2005390,43471
2098390,43472
2107810,43473
2189060,43474
2193870,43475
2197490,43476
2213390,43477
2221282,43478
2224920,43479
2259180,43480
9500,43481
202730,43482
204901,43483
227480,43484
234370,43485
234920,43486
248160,43487
255980,43488
291910,43489
313370,43490
317208,43491
320382,43492
331064,43493
337940,43494
340200,43495
341810,43496
361890,43497
362020,43498
365120,43499
379563,43500
402300,43501
517510,43502
414260,43503
415080,43504
416310,43505
417310,43506
425040,43507
426860,43508
436520,43509
439310,43510
442500,43511
453910,43512
454610,43513
454690,43514
456090,43515
493240,43516
493650,43517
494580,43518
502240,43519
502380,43520
511430,43521
513560,43522
523030,43523
549240,43524
553290,43525
570590,43526
570710,43527
592550,43528
594750,43529
611060,43530
619470,43531
622270,43532
629100,43533
646240,43534
647630,43535
663230,43536
673220,43537
1528880,43538
680030,43539
699410,43540
702210,43541
715760,43542
737830,43543
743580,43544
751330,43545
786670,43546
799800,43547
800190,43548
802690,43549
804730,43550
808130,43551
817530,43552
831090,43553
868870,43554
870090,43555
871990,43556
894600,43557
900370,43558
912380,43559
935513,43560
1049880,43561
1083700,43562
1093130,43563
1152900,43564
1169920,43565
1175320,43566
1211990,43567
1215870,43568
1237880,43569
1293780,43570
1309440,43571
1362310,43572
1455120,43573
1482320,43574
1492480,43575
1498600,43576
1502630,43577
1506660,43578
1554400,43579
1610900,43580
1684530,43581
1700140,43582
1749380,43583
1877440,43584
1903080,43585
1903600,43586
1926220,43587
2071240,43588
2099770,43589
2101400,43590
2184440,43591
910190,43592
490840,43593
521320,43594
201000,43595
37300,43596
617360,43597
547280,43598
943390,43599
714610,43600
982840,43601
442290,43602
1680310,43603
46340,43604
1116490,43605
237870,43606
595830,43607
1306840,43608
743550,43609
8260,43610
428810,43611
796770,43612
449720,43613
823470,43614
1280100,43615
1375020,43616
544520,43617
674580,43618
890930,43619
939480,43620
975640,43621
1130850,43622
1209860,43623
1443011,43624
2089733,43625
687980,43626
704830,43627
891950,43628
531190,43629
672650,43630
921960,43631
1207380,43632
1610370,43633
929740,43634
1041100,43635
1674150,43636
1986340,43637
1669930,43638
1986760,43639
789540,43640
1118120,43641
1151200,43642
1328490,43643
1364033,43644
1439000,43645
1503820,43646
1618720,43647
1755670,43648
1207020,43649
1834000,43650
2187560,43651
1598360,43652
1604850,43653
2154360,43654
1138130,43655
1174581,43656
1846990,43657
1889710,43658
1939270,43659
1967110,43660
1158280,43661
1201760,43662
1264220,43663
1426530,43664
1467670,43665
1746870,43666
1965420,43667
2103070,43668
2112000,43669
266430,43670
542170,43671
551960,43672
1214570,43673
1638930,43674
1928790,43675
2027550,43676
287140,43677
553440,43678
562740,43679
65233,43680
462780,43681
496190,43682
755630,43683
1183510,43684
1207390,43685
1255660,43686
1375540,43687
442260,43688
1270140,43689
1807940,43690
751350,43691
840440,43692
879410,43693
961860,43694
1111270,43695
1164390,43696
1169430,43697
1186860,43698
1218670,43699
487330,43700
593090,43701
742630,43702
805400,43703
975380,43704
1057740,43705
1150940,43706
1241040,43707
1604690,43708
1659400,43709
1846130,43710
1907460,43711
1955440,43712
2010170,43713
1417260,43714
314280,43715
454540,43716
955650,43717
1103940,43718
1182820,43719
1222632,43720
1674100,43721
1942120,43722
2016160,43723
474030,43724
573530,43725
611120,43726
1284010,43727
1303800,43728
1584820,43729
1816820,43730
1060810,43731
1127360,43732
1892970,43733
2089490,43734
2163450,43735
2013780,43736
2052430,43737
2201070,43738
1853670,43739
2023910,43740
1096310,43741
1122290,43742
1255980,43743
394140,43744
565210,43745
938810,43746
1203890,43747
1907980,43748
2207100,43749
215870,43750
353110,43751
463290,43752
722590,43753
1054600,43754
1966110,43755
1978470,43756
565250,43757
668730,43758
1273580,43759
1312940,43760
1440940,43761
1638670,43762
2209610,43763
226669,43764
368290,43765
533970,43766
630170,43767
1100220,43768
1118310,43769
1540450,43770
1642320,43771
445450,43772
517320,43773
594970,43774
603140,43775
671610,43776
899290,43777
926720,43778
965920,43779
2023160,43780
1719130,43781
2077310,43782
65920,43783
352240,43784
598450,43785
801220,43786
801310,43787
877280,43788
1311690,43789
727800,43790
985560,43791
1107180,43792
1152620,43793
1263450,43794
1564980,43795
689580,43796
769610,43797
983120,43798
1530010,43799
1718070,43800
1594420,43801
2173380,43802
799870,43803
1077550,43804
2189420,43805
2197780,43806
234794,43807
364450,43808
534190,43809
359280,43810
505700,43811
573770,43812
628700,43813
772700,43814
1097330,43815
1122880,43816
1451110,43817
1952970,43818
1962560,43819
2161000,43820
2233510,43821
65232,43822
802050,43823
1530890,43824
1590270,43825
1598560,43826
1682790,43827
1877010,43828
2010700,43829
242720,43830
467570,43831
540810,43832
1166310,43833
1443066,43834
1562860,43835
1641890,43836
1732210,43837
1943710,43838
1981980,43839
1990370,43840
1995780,43841
2208530,43842
853250,43843
907020,43844
1975530,43845
861030,43846
984570,43847
1107130,43848
24096,43849
378040,43850
524620,43851
917870,43852
1864320,43853
2287820,43854
631130,43855
938980,43856
980160,43857
1121550,43858
1186670,43859
1283830,43860
1520680,43861
1816780,43862
1949180,43863
1998965,43864
582810,43865
980541,43866
1232080,43867
873320,43868
1905810,43869
1939290,43870
1951050,43871
1180800,43872
1283110,43873
522940,43874
610620,43875
934850,43876
969110,43877
969220,43878
1001860,43879
1058000,43880
1371040,43881
1743410,43882
1901810,43883
1903720,43884
2158860,43885
654470,43886
1255550,43887
2240390,43888
774551,43889
941220,43890
1971630,43891
469980,43892
642010,43893
732500,43894
1103930,43895
1222200,43896
1733460,43897
1950080,43898
1998760,43899
2078100,43900
2083790,43901
244590,43902
661660,43903
688630,43904
763650,43905
1114650,43906
1248450,43907
1434260,43908
1700780,43909
1997080,43910
11130,43911
666310,43912
1250610,43913
1450350,43914
1662680,43915
1692430,43916
1800650,43917
2219810,43918
2281300,43919
16620,43920
21600,43921
413680,43922
730090,43923
818620,43924
916130,43925
943670,43926
1225820,43927
58643,43928
315540,43929
1094160,43930
517680,43931
709450,43932
915720,43933
2082490,43934
2146790,43935
2289130,43936
219700,43937
411600,43938
701900,43939
1123960,43940
1230278,43941
1873510,43942
1937650,43943
1959780,43944
2162610,43945
1802700,43946
1897810,43947
1985660,43948
2075340,43949
513760,43950
987880,43951
1221600,43952
1489010,43953
1924100,43954
1950370,43955
505090,43956
697020,43957
808540,43958
1637410,43959
501180,43960
534870,43961
736750,43962
852500,43963
1221620,43964
1454500,43965
1548540,43966
1918550,43967
2053022,43968
2110460,43969
1411860,43970
342620,43971
943010,43972
951030,43973
1075000,43974
1104750,43975
1206940,43976
1410870,43977
1907430,43978
2180010,43979
219445,43980
387450,43981
432940,43982
1212360,43983
2027560,43984
222380,43985
653780,43986
945920,43987
1060300,43988
1228710,43989
1621031,43990
1674320,43991
1986830,43992
2025520,43993
1458000,43994
614890,43995
646960,43996
681060,43997
710640,43998
944450,43999
950240,44000
1004130,44001
1213613,44002
1215950,44003
1244960,44004
1480050,44005
1986780,44006
504300,44007
558680,44008
664610,44009
973390,44010
1087780,44011
1213611,44012
353770,44013
369700,44014
847360,44015
231910,44016
549090,44017
574760,44018
875710,44019
926420,44020
927930,44021
1044130,44022
1461160,44023
46490,44024
471380,44025
519030,44026
529150,44027
617810,44028
769990,44029
1040490,44030
1244140,44031
2159780,44032
871720,44033
1112690,44034
1151720,44035
1220990,44036
482390,44037
513034,44038
1121030,44039
1282110,44040
1410830,44041
1638420,44042
1890650,44043
1914900,44044
1983430,44045
976410,44046
1287850,44047
1363810,44048
1377350,44049
1932100,44050
2056920,44051
2206570,44052
2284090,44053
1282500,44054
1484550,44055
1549070,44056
274122,44057
319830,44058
339530,44059
634090,44060
682290,44061
961580,44062
1065750,44063
1182040,44064
1566340,44065
1939640,44066
2000310,44067
2073890,44068
2240910,44069
843660,44070
873250,44071
899610,44072
922320,44073
1120630,44074
1538670,44075
1958400,44076
1625610,44077
1632160,44078
772160,44079
887520,44080
896590,44081
974830,44082
2001014,44083
2018560,44084
2230920,44085
24095,44086
443800,44087
449000,44088
658920,44089
756100,44090
804000,44091
1182670,44092
1188720,44093
1500380,44094
1574720,44095
1600970,44096
1715750,44097
1893150,44098
1772130,44099
201273,44100
231479,44101
659000,44102
1030240,44103
1141770,44104
1222940,44105
1786730,44106
537140,44107
737690,44108
801320,44109
1086640,44110
1367780,44111
1927080,44112
2067970,44113
1758550,44114
1901490,44115
1978760,44116
1998250,44117
720300,44118
738470,44119
208304,44120
210901,44121
226660,44122
679400,44123
774721,44124
1108240,44125
1324830,44126
1639760,44127
1916930,44128
1972230,44129
2169800,44130
439880,44131
497360,44132
569700,44133
1173730,44134
1605230,44135
1835930,44136
355070,44137
586980,44138
667110,44139
1067110,44140
58645,44141
539730,44142
633140,44143
943960,44144
1034880,44145
1463510,44146
1844980,44147
1882860,44148
1956630,44149
8990,44150
734282,44151
772460,44152
942510,44153
965180,44154
1054480,44155
1198780,44156
1252050,44157
1255970,44158
1662060,44159
1963460,44160
2025330,44161
2073410,44162
1095680,44163
525010,44164
448310,44165
642802,44166
691930,44167
714820,44168
886460,44169
1008030,44170
1063050,44171
1211683,44172
1412650,44173
1847130,44174
2012270,44175
2019220,44176
2079540,44177
2163000,44178
2171920,44179
1105810,44180
1105951,44181
1190750,44182
1229740,44183
1315650,44184
1570340,44185
722290,44186
993340,44187
1033140,44188
1897530,44189
2003750,44190
366960,44191
686340,44192
749900,44193
814200,44194
1389300,44195
1484130,44196
1928430,44197
2078130,44198
2117420,44199
2274900,44200
556880,44201
565240,44202
594591,44203
643980,44204
1052370,44205
1277390,44206
1443086,44207
1527270,44208
910210,44209
587070,44210
605850,44211
746010,44212
954350,44213
1218940,44214
72900,44215
208361,44216
391000,44217
407900,44218
1030470,44219
1113880,44220
1137860,44221
1385210,44222
1960782,44223
1967100,44224
464540,44225
587650,44226
654740,44227
693830,44228
1587200,44229
525170,44230
904820,44231
1002890,44232
1167640,44233
1269130,44234
1489480,44235
956540,44236
1685300,44237
1700720,44238
269350,44239
732360,44240
881300,44241
883670,44242
987980,44243
1175480,44244
1195920,44245
1967010,44246
1086470,44247
1139950,44248
1173930,44249
1486350,44250
226662,44251
528460,44252
683100,44253
959870,44254
1210650,44255
1217350,44256
1020880,44257
2070560,44258
934830,44259
1111540,44260
1126060,44261
1136240,44262
1196580,44263
1604180,44264
1884560,44265
2079810,44266
1505440,44267
1617020,44268
2021910,44269
1646410,44270
1689280,44271
1691270,44272
405480,44273
530620,44274
703980,44275
731310,44276
750350,44277
1582960,44278
2015240,44279
2018830,44280
2207540,44281
328440,44282
463670,44283
970210,44284
1033490,44285
1433620,44286
1502160,44287
1821140,44288
1874400,44289
1932330,44290
290060,44291
346090,44292
587840,44293
841000,44294
1917710,44295
463020,44296
1453650,44297
1624850,44298
312900,44299
410840,44300
515020,44301
532470,44302
544130,44303
729160,44304
969690,44305
971350,44306
1193900,44307
1225060,44308
1452850,44309
1583880,44310
1925730,44311
1698300,44312
743770,44313
909390,44314
21030,44315
287371,44316
461750,44317
1206240,44318
1234600,44319
1392560,44320
1788730,44321
2074980,44322
292021,44323
455041,44324
508450,44325
740270,44326
903730,44327
955410,44328
1460870,44329
1573970,44330
1913780,44331
2011310,44332
369030,44333
12170,44334
476020,44335
539300,44336
947270,44337
1173860,44338
1397370,44339
1557970,44340
2230770,44341
673560,44342
976260,44343
892560,44344
1134450,44345
1651850,44346
1844870,44347
2004730,44348
734580,44349
761280,44350
951250,44351
1091090,44352
1106770,44353
1109750,44354
1144760,44355
1104930,44356
1121190,44357
1219590,44358
1594950,44359
1600020,44360
2173570,44361
233530,44362
356510,44363
448860,44364
967120,44365
1077850,44366
1192940,44367
1594900,44368
1780300,44369
1844720,44370
1906770,44371
1251060,44372
1693480,44373
1942530,44374
219444,44375
60600,44376
969970,44377
1035890,44378
1068520,44379
1092150,44380
1225290,44381
1387510,44382
1519690,44383
1646720,44384
1773570,44385
1919500,44386
1968330,44387
2080950,44388
785130,44389
884350,44390
1061680,44391
1231900,44392
2014870,44393
848010,44394
892470,44395
1252040,44396
2093200,44397
273450,44398
385850,44399
448610,44400
491130,44401
658210,44402
897120,44403
1243130,44404
801120,44405
1661020,44406
1720540,44407
2106540,44408
2147730,44409
857370,44410
1180600,44411
1202080,44412
1205580,44413
1286980,44414
1607980,44415
1858300,44416
1973450,44417
604830,44418
702160,44419
755830,44420
1062550,44421
1172110,44422
1216220,44423
1583900,44424
1801630,44425
24870,44426
1365600,44427
1454750,44428
1467740,44429
1585810,44430
2064320,44431
1976880,44432
2077080,44433
707590,44434
796400,44435
836910,44436
880283,44437
1172090,44438
1204380,44439
210904,44440
409590,44441
520860,44442
615910,44443
700230,44444
1289500,44445
1454100,44446
1457490,44447
2194670,44448
504450,44449
573580,44450
859990,44451
809240,44452
887730,44453
1035800,44454
1061140,44455
1269590,44456
1476690,44457
71164,44458
396360,44459
547180,44460
367030,44461
821290,44462
894380,44463
904390,44464
1026840,44465
1032660,44466
1383490,44467
2169220,44468
415950,44469
426590,44470
437530,44471
934840,44472
954170,44473
968730,44474
976980,44475
1023060,44476
1208520,44477
1279670,44478
1921530,44479
569710,44480
625171,44481
645830,44482
1014550,44483
509060,44484
1219020,44485
1269250,44486
1914560,44487
2176190,44488
391520,44489
562381,44490
565220,44491
580430,44492
734910,44493
944630,44494
958750,44495
1002690,44496
1085270,44497
1109420,44498
1221830,44499
1224050,44500
1367490,44501
1717450,44502
1829603,44503
672640,44504
1561360,44505
1579120,44506
1674670,44507
1217200,44508
1960630,44509
2168610,44510
1942610,44511
395900,44512
954160,44513
1098420,44514
1107814,44515
1270980,44516
1424920,44517
1592540,44518
1848140,44519
568640,44520
671310,44521
727310,44522
962290,44523
977430,44524
1082220,44525
1140740,44526
1220330,44527
1257790,44528
1629320,44529
1672920,44530
529670,44531
2150970,44532
300970,44533
404580,44534
1036930,44535
1180370,44536
1321120,44537
1812760,44538
1928510,44539
787450,44540
1025710,44541
1146730,44542
1554570,44543
2187690,44544
8080,44545
580890,44546
658050,44547
689090,44548
761070,44549
1498250,44550
1942860,44551
2159590,44552
455300,44553
556150,44554
783240,44555
978970,44556
980950,44557
1594170,44558
758350,44559
1945810,44560
678090,44561
889220,44562
918540,44563
956500,44564
1072390,44565
1448090,44566
1502940,44567
1585660,44568
1734980,44569
1811710,44570
2083010,44571
2093760,44572
32730,44573
604950,44574
745720,44575
989960,44576
1460920,44577
1569720,44578
1844410,44579
2077270,44580
949890,44581
959812,44582
1137910,44583
563250,44584
919450,44585
1007260,44586
1266670,44587
1273200,44588
1297470,44589
1486520,44590
1857550,44591
1979210,44592
2176940,44593
343360,44594
365050,44595
585990,44596
669710,44597
1460300,44598
1604860,44599
2064150,44600
2172030,44601
2257460,44602
257380,44603
274130,44604
495030,44605
712770,44606
1242670,44607
1440510,44608
1771830,44609
1983901,44610
1988810,44611
949390,44612
986350,44613
1472740,44614
1634940,44615
511360,44616
672830,44617
873910,44618
907240,44619
1333390,44620
1031210,44621
1887560,44622
1949050,44623
721960,44624
520090,44625
1142070,44626
1202100,44627
1632210,44628
1729420,44629
110500,44630
290180,44631
602140,44632
793050,44633
934860,44634
1111440,44635
1120210,44636
1273010,44637
1285500,44638
1941590,44639
2261870,44640
34282,44641
383700,44642
483330,44643
503630,44644
634070,44645
979100,44646
1034630,44647
1090620,44648
1154130,44649
1215930,44650
1243140,44651
1567580,44652
1974080,44653
723890,44654
953290,44655
1007540,44656
1055380,44657
1374050,44658
429600,44659
457590,44660
565230,44661
1103210,44662
1208420,44663
1292750,44664
1410840,44665
1701320,44666
1953510,44667
421670,44668
1048040,44669
1197651,44670
1292550,44671
2153410,44672
355800,44673
741490,44674
1210220,44675
1265810,44676
1454410,44677
1585830,44678
1638280,44679
713310,44680
1859030,44681
677450,44682
1046500,44683
1304446,44684
1565170,44685
1886870,44686
530330,44687
725340,44688
1074330,44689
1090605,44690
1305000,44691
720030,44692
1375070,44693
1419100,44694
1544340,44695
593400,44696
610940,44697
1014900,44698
1117860,44699
1478600,44700
1917780,44701
2064970,44702
820790,44703
1203680,44704
1558180,44705
1651680,44706
1921440,44707
1937530,44708
2129970,44709
598530,44710
654340,44711
319090,44712
758560,44713
886910,44714
1477870,44715
1638430,44716
2277670,44717
1970260,44718
2274630,44719
1443350,44720
2190260,44721
1570830,44722
2321180,44723
1658000,44724
1772830,44725
2291760,44726
2187290,44727
2280860,44728
1183800,44729
1998967,44730
1585350,44731
1307660,44732
1940230,44733
2058750,44734
2197328,44735
1571100,44736
1173220,44737
1835240,44738
1668520,44739
1032410,44740
2101430,44741
286360,44742
292380,44743
600410,44744
418220,44745
683530,44746
525550,44747
407473,44748
739290,44749
802930,44750
1195420,44751
1225930,44752
466720,44753
1381770,44754
592460,44755
1179010,44756
1087790,44757
1291860,44758
1355390,44759
1247680,44760
352530,44761
1369720,44762
1170200,44763
1058530,44764
1466720,44765
2159370,44766
2226070,44767
2285950,44768
1706710,44769
1801410,44770
1401462,44771
1326170,44772
922460,44773
1034950,44774
1218680,44775
2298080,44776
2301850,44777
2310300,44778
1207050,44779
1211120,44780
2199300,44781
857740,44782
2092330,44783
2188790,44784
1227468,44785
1284640,44786
1598910,44787
29120,44788
1655480,44789
1702820,44790
1803190,44791
1820740,44792
1904640,44793
2062374,44794
1406720,44795
781670,44796
1476080,44797
2230540,44798
2256920,44799
2304510,44800
2315700,44801
2200240,44802
1713290,44803
1882540,44804
2128440,44805
2168580,44806
2172630,44807
2255080,44808
2334340,44809
2347380,44810
1174940,44811
1105371,44812
2002560,44813
2109470,44814
2084590,44815
2154800,44816
2251340,44817
2353513,44818
1958560,44819
2006440,44820
1858760,44821
1869560,44822
1967940,44823
2091550,44824
10607,44825
2094760,44826
2230900,44827
2119680,44828
2227150,44829
2340920,44830
2341550,44831
2374980,44832
1336380,44833
1766720,44834
1924820,44835
1103840,44836
1210950,44837
2069090,44838
2109304,44839
2114990,44840
2164750,44841
2307120,44842
1557981,44843
257630,44844
1611890,44845
1646370,44846
1761260,44847
1651860,44848
1952540,44849
2015140,44850
2051130,44851
2075920,44852
2078830,44853
2094550,44854
2120310,44855
2147370,44856
2206490,44857
2320270,44858
2323670,44859
2372080,44860
1574200,44861
2248580,44862
2314670,44863
460510,44864
705210,44865
1376890,44866
1823730,44867
1915510,44868
2062377,44869
2231650,44870
2318730,44871
449130,44872
729580,44873
835671,44874
1157090,44875
1410090,44876
1500540,44877
2118860,44878
2283870,44879
500232,44880
1079560,44881
1531603,44882
1564280,44883
2198874,44884
1668310,44885
1890220,44886
1908500,44887
1967870,44888
2006470,44889
2294610,44890
408600,44891
757910,44892
781930,44893
858900,44894
966360,44895
1237800,44896
1324860,44897
1498740,44898
1704550,44899
1799650,44900
2207250,44901
2253730,44902
2258260,44903
1068460,44904
1475440,44905
1837980,44906
1915660,44907
2074310,44908
2196770,44909
2236370,44910
295437,44911
946660,44912
1125830,44913
1473430,44914
1691110,44915
1764860,44916
1773880,44917
1802970,44918
1822101,44919
1915840,44920
2089920,44921
2130590,44922
1178380,44923
2177260,44924
2338590,44925
714100,44926
1933240,44927
2159920,44928
2302140,44929
2307690,44930
2308770,44931
2281230,44932
651640,44933
681290,44934
708680,44935
1050370,44936
1161270,44937
1968630,44938
2095340,44939
2125160,44940
2192280,44941
2203420,44942
457260,44943
948840,44944
1264500,44945
1529410,44946
1770760,44947
1809300,44948
2166050,44949
2271810,44950
973170,44951
1001500,44952
1312740,44953
1433770,44954
1578660,44955
1947970,44956
2109316,44957
2185900,44958
2210760,44959
2217480,44960
2288620,44961
2295520,44962
547540,44963
2318020,44964
2255940,44965
992620,44966
1058990,44967
1290630,44968
1489310,44969
1561010,44970
1575970,44971
1656970,44972
1742930,44973
1855180,44974
1897490,44975
2139560,44976
2209150,44977
2217680,44978
474762,44979
831040,44980
955180,44981
978920,44982
1001660,44983
660940,44984
1359440,44985
1524890,44986
597070,44987
1579280,44988
291430,44989
1811430,44990
1910130,44991
2007120,44992
2193420,44993
2268470,44994
412990,44995
461410,44996
670090,44997
690350,44998
904700,44999
1034170,45000
1043140,45001
1736120,45002
1812390,45003
2004130,45004
2359250,45005
2368130,45006
1359740,45007
491180,45008
884620,45009
603930,45010
1250590,45011
1470060,45012
1747430,45013
1906160,45014
1963360,45015
1965860,45016
2112020,45017
2144710,45018
2350550,45019
889430,45020
971610,45021
1033960,45022
1098610,45023
1727070,45024
2009310,45025
2149560,45026
715510,45027
1453900,45028
735420,45029
1709210,45030
1866610,45031
1997830,45032
2118370,45033
2243160,45034
2319470,45035
2320620,45036
283580,45037
377560,45038
459850,45039
734330,45040
1272920,45041
872600,45042
912560,45043
1064170,45044
1083430,45045
1218850,45046
1471870,45047
1606930,45048
1708620,45049
1929830,45050
2156300,45051
2264930,45052
1881490,45053
711840,45054
841500,45055
1081190,45056
1117250,45057
378300,45058
1412960,45059
1638380,45060
1800920,45061
2052810,45062
2183500,45063
2275180,45064
2311930,45065
350750,45066
491660,45067
934500,45068
1621420,45069
1687960,45070
1778060,45071
1881350,45072
2177150,45073
974240,45074
2187130,45075
2338250,45076
34345,45077
314420,45078
2236380,45079
1078960,45080
763780,45081
1012510,45082
1442150,45083
1631280,45084
1644500,45085
1644510,45086
1881250,45087
1987570,45088
2101190,45089
2104310,45090
2151540,45091
2185870,45092
2228830,45093
2228970,45094
2323370,45095
2313970,45096
460190,45097
758280,45098
798542,45099
911250,45100
1099790,45101
1182790,45102
1240350,45103
1698020,45104
1710390,45105
1781140,45106
1999090,45107
2057550,45108
2141810,45109
24480,45110
207230,45111
814310,45112
754480,45113
929340,45114
1241370,45115
1039330,45116
201272,45117
253050,45118
415720,45119
1394340,45120
432030,45121
476540,45122
784150,45123
2015360,45124
2109315,45125
2151420,45126
2203500,45127
2324020,45128
1215960,45129
2018840,45130
2050460,45131
2084110,45132
2149610,45133
2294910,45134
1588360,45135
668190,45136
1206750,45137
1296790,45138
1724941,45139
1972360,45140
2148320,45141
2195150,45142
2197550,45143
2205260,45144
2205893,45145
2293690,45146
652720,45147
666930,45148
921700,45149
943200,45150
1013130,45151
1208380,45152
1377890,45153
1498220,45154
1693930,45155
1866120,45156
1896660,45157
222500,45158
2273570,45159
2316010,45160
210896,45161
672790,45162
738720,45163
844980,45164
1122970,45165
1592240,45166
1637300,45167
1748160,45168
1943030,45169
2189970,45170
2227990,45171
2316950,45172
2354900,45173
446750,45174
913440,45175
1092530,45176
1030180,45177
1131870,45178
1483980,45179
1709450,45180
2166640,45181
2167465,45182
2183070,45183
2197253,45184
2236390,45185
2283690,45186
2364130,45187
219441,45188
286790,45189
707850,45190
721410,45191
860880,45192
1118110,45193
1183480,45194
1138210,45195
1648063,45196
1907180,45197
2101401,45198
2248250,45199
2286110,45200
385030,45201
568470,45202
635220,45203
685420,45204
1246060,45205
1339340,45206
1634220,45207
1696900,45208
1858530,45209
898980,45210
968310,45211
1009330,45212
1241110,45213
1987350,45214
2062376,45215
2063310,45216
2094320,45217
2169060,45218
2255140,45219
2255350,45220
2260130,45221
397990,45222
404800,45223
714780,45224
1408390,45225
1415691,45226
1990770,45227
2000320,45228
2158600,45229
2253060,45230
2327730,45231
2078144,45232
2213880,45233
1990040,45234
2289970,45235
2323580,45236
2358210,45237
1662670,45238
1772050,45239
1882600,45240
1896770,45241
1966910,45242
2222670,45243
491800,45244
552770,45245
893730,45246
1041390,45247
1159350,45248
1608980,45249
1715830,45250
1906050,45251
2201390,45252
2215640,45253
2264400,45254
2316590,45255
2343600,45256
2386820,45257
755150,45258
815280,45259
1354051,45260
1410200,45261
1575540,45262
1595250,45263
1595350,45264
2132230,45265
2138790,45266
2187300,45267
2272770,45268
2313620,45269
219442,45270
806050,45271
1048460,45272
1873270,45273
2140010,45274
2159830,45275
2229700,45276
572020,45277
814700,45278
972600,45279
1108460,45280
1140020,45281
1160870,45282
1259050,45283
1217930,45284
1231690,45285
1925560,45286
2073570,45287
2109308,45288
2256900,45289
2281410,45290
2352300,45291
518580,45292
829410,45293
1350780,45294
1484232,45295
1506530,45296
1775860,45297
1795470,45298
1822100,45299
1878450,45300
1897580,45301
1965120,45302
2120670,45303
2147080,45304
2179460,45305
2231950,45306
2258650,45307
2313960,45308
243060,45309
713280,45310
1174880,45311
974840,45312
1522960,45313
1793420,45314
1918170,45315
2081055,45316
2312390,45317
2315421,45318
318750,45319
1011280,45320
1209750,45321
1621320,45322
1696870,45323
1883800,45324
1059690,45325
2061430,45326
2142840,45327
2154380,45328
2290650,45329
617960,45330
1205930,45331
1721440,45332
2151410,45333
2168760,45334
2253950,45335
2323870,45336
2276850,45337
915653,45338
1365100,45339
1626370,45340
1705140,45341
1926680,45342
2169120,45343
2172670,45344
34343,45345
448570,45346
782230,45347
784050,45348
1035880,45349
1140610,45350
1239180,45351
1825150,45352
2206410,45353
2211840,45354
2291360,45355
2335690,45356
2303570,45357
2327980,45358
2355050,45359
32140,45360
1089650,45361
1162180,45362
1250870,45363
1703210,45364
1943690,45365
1948180,45366
2121480,45367
2129130,45368
2306080,45369
493220,45370
633150,45371
660830,45372
2318550,45373
461580,45374
792030,45375
1119960,45376
1382160,45377
1716600,45378
1846030,45379
1851390,45380
1872110,45381
1924510,45382
886670,45383
1956670,45384
2282400,45385
2290310,45386
2351730,45387
2363390,45388
724440,45389
802740,45390
919000,45391
1355930,45392
1542170,45393
1733360,45394
2081052,45395
404860,45396
2104750,45397
2286260,45398
1151060,45399
1546710,45400
458400,45401
1683370,45402
1838290,45403
493180,45404
2196390,45405
2200250,45406
2296870,45407
1184351,45408
1258090,45409
1528080,45410
1847970,45411
1937570,45412
2246350,45413
2303740,45414
1945250,45415
1953110,45416
2013620,45417
2159120,45418
2202690,45419
2219880,45420
249087,45421
715280,45422
853410,45423
1202520,45424
1646550,45425
1770050,45426
2270130,45427
722120,45428
2198970,45429
2224020,45430
2247560,45431
847900,45432
1091920,45433
1130750,45434
1278230,45435
1941890,45436
2313691,45437
714980,45438
778810,45439
817370,45440
1248090,45441
1300050,45442
1546090,45443
1618910,45444
1691800,45445
1840480,45446
1849710,45447
2091850,45448
2166490,45449
1276160,45450
2198070,45451
529580,45452
576620,45453
725510,45454
1649740,45455
1795880,45456
1922650,45457
1932500,45458
1943060,45459
1998929,45460
2005800,45461
2060230,45462
2081540,45463
38110,45464
766550,45465
1098167,45466
1193120,45467
1373920,45468
1632170,45469
1641240,45470
1661180,45471
1679530,45472
1804650,45473
2068200,45474
2294990,45475
308310,45476
536990,45477
755850,45478
1440810,45479
1841020,45480
1900720,45481
1925760,45482
2007130,45483
2148760,45484
2166430,45485
2227860,45486
2313130,45487
419590,45488
508150,45489
528580,45490
568580,45491
2127920,45492
1134610,45493
2050310,45494
2269280,45495
2334850,45496
454070,45497
476450,45498
837280,45499
946070,45500
1001590,45501
1227460,45502
1541180,45503
1576920,45504
1900810,45505
1911360,45506
2056110,45507
2126310,45508
2201230,45509
2341920,45510
2369140,45511
502480,45512
652780,45513
798540,45514
1350840,45515
1822030,45516
1825210,45517
1887260,45518
1918845,45519
2177750,45520
545860,45521
739960,45522
1965580,45523
2018540,45524
2284100,45525
2341590,45526
320690,45527
521740,45528
529190,45529
2062375,45530
746390,45531
1261860,45532
1285010,45533
1696230,45534
1730290,45535
1907350,45536
2027090,45537
2122253,45538
2226160,45539
2252490,45540
2281610,45541
1183540,45542
1948700,45543
461970,45544
468510,45545
510050,45546
597076,45547
1134460,45548
1218710,45549
1532110,45550
1310080,45551
1685730,45552
1693280,45553
1919263,45554
1932210,45555
2054810,45556
2110690,45557
2231900,45558
2317210,45559
2329850,45560
363580,45561
546390,45562
945880,45563
1144850,45564
1806670,45565
1882510,45566
1910050,45567
1949471,45568
2190570,45569
21640,45570
1230660,45571
1591360,45572
1926190,45573
1964380,45574
2109305,45575
2186380,45576
2258670,45577
694550,45578
731180,45579
948880,45580
1227444,45581
2076840,45582
2094220,45583
2147020,45584
1150790,45585
2247780,45586
2338560,45587
1463730,45588
1896750,45589
1583500,45590
1603990,45591
1668670,45592
1745550,45593
1805210,45594
2058970,45595
2090040,45596
2112010,45597
2157680,45598
2192910,45599
2316330,45600
263100,45601
523011,45602
963210,45603
1207800,45604
1093720,45605
1556717,45606
1580300,45607
1890181,45608
1911980,45609
2155760,45610
2161110,45611
2161840,45612
576790,45613
646370,45614
1344950,45615
1575290,45616
2025930,45617
1851610,45618
577410,45619
837090,45620
1553420,45621
2114790,45622
2115610,45623
2126980,45624
2133370,45625
2191550,45626
2212060,45627
339700,45628
612590,45629
1998956,45630
1333570,45631
2104841,45632
2292940,45633
2314390,45634
1718860,45635
1753400,45636
1855070,45637
1888520,45638
1934910,45639
1959490,45640
2307890,45641
2374930,45642
523750,45643
563520,45644
713540,45645
907000,45646
1028820,45647
2013600,45648
457130,45649
2242980,45650
2313950,45651
485430,45652
628740,45653
762030,45654
1029080,45655
1048880,45656
1104890,45657
1118021,45658
1727210,45659
1903060,45660
2285650,45661
2326100,45662
2327920,45663
1446420,45664
1804890,45665
2060750,45666
2139550,45667
529110,45668
1646070,45669
1907060,45670
1922140,45671
1932590,45672
2113450,45673
2133390,45674
2143140,45675
2284240,45676
2330980,45677
2331170,45678
253530,45679
434430,45680
521470,45681
1316870,45682
1457540,45683
1757610,45684
1779690,45685
1813440,45686
1679690,45687
1819570,45688
1998964,45689
2231790,45690
2311680,45691
2321080,45692
878467,45693
1022870,45694
1206810,45695
1905980,45696
2280540,45697
2290890,45698
959080,45699
1021880,45700
1652890,45701
1392091,45702
1495710,45703
1710720,45704
1824141,45705
1998969,45706
2088511,45707
2138610,45708
2150170,45709
2253370,45710
2263010,45711
2273730,45712
2302960,45713
625190,45714
768970,45715
1001290,45716
1139490,45717
1225380,45718
1973630,45719
2061330,45720
2273470,45721
577390,45722
709240,45723
867070,45724
932190,45725
1026740,45726
1501690,45727
1987030,45728
2025890,45729
1125490,45730
1211900,45731
1398440,45732
2109307,45733
2152990,45734
2165420,45735
2256360,45736
2343570,45737
1959940,45738
2078152,45739
2229350,45740
2244480,45741
2317340,45742
476370,45743
746860,45744
1227443,45745
1308870,45746
1365720,45747
1459160,45748
1772350,45749
1772530,45750
1212730,45751
2243170,45752
1832140,45753
2077150,45754
2162190,45755
2176450,45756
2199500,45757
2308980,45758
2332130,45759
2347750,45760
2374920,45761
740230,45762
944610,45763
1097870,45764
1227440,45765
1252740,45766
1840870,45767
2022470,45768
2067260,45769
2097360,45770
2136090,45771
2170100,45772
2222842,45773
392820,45774
1049900,45775
1825440,45776
1959480,45777
2088030,45778
2191800,45779
2252550,45780
423780,45781
552130,45782
580630,45783
793620,45784
1125270,45785
1193040,45786
1565210,45787
1896390,45788
2100300,45789
2219800,45790
2285520,45791
2360370,45792
10606,45793
602510,45794
367480,45795
1277970,45796
1374350,45797
1606490,45798
1783990,45799
2128040,45800
2173600,45801
2270930,45802
2333820,45803
738840,45804
953870,45805
1239940,45806
1275210,45807
1843710,45808
1997610,45809
2088670,45810
2280270,45811
2329130,45812
2330730,45813
2355800,45814
798543,45815
1997230,45816
949910,45817
958640,45818
1262170,45819
1653170,45820
1886120,45821
2024390,45822
2109430,45823
341750,45824
617430,45825
1054980,45826
1224827,45827
1963510,45828
1986770,45829
2027400,45830
2104010,45831
606970,45832
790300,45833
1313640,45834
1761270,45835
2236350,45836
2284310,45837
2288621,45838
2321510,45839
2346160,45840
2113120,45841
2151900,45842
2092070,45843
2329950,45844
341930,45845
647000,45846
1054580,45847
2288980,45848
1258770,45849
1263100,45850
1415690,45851
1529220,45852
1788920,45853
1943220,45854
1947300,45855
569712,45856
2009390,45857
2319580,45858
2327500,45859
671720,45860
1014880,45861
2211870,45862
661670,45863
1048280,45864
1108280,45865
1211478,45866
1180530,45867
1761780,45868
1764700,45869
1779840,45870
1820170,45871
1896900,45872
201276,45873
594310,45874
1175500,45875
652750,45876
1494960,45877
1632530,45878
1673620,45879
1678090,45880
1989740,45881
2158650,45882
2177760,45883
2185860,45884
879050,45885
1307591,45886
1409160,45887
1945840,45888
2211110,45889
2280440,45890
790790,45891
1267503,45892
1303891,45893
1629300,45894
1661280,45895
1717050,45896
1821310,45897
2316470,45898
2317540,45899
2324230,45900
561950,45901
844490,45902
1028760,45903
1202480,45904
1257550,45905
2244200,45906
1979930,45907
2012820,45908
2072640,45909
827220,45910
863940,45911
909850,45912
1070180,45913
1209121,45914
1815550,45915
1103320,45916
1902300,45917
1913870,45918
2202710,45919
2260230,45920
65258,45921
378646,45922
687870,45923
693990,45924
1392090,45925
1469310,45926
1567000,45927
1981830,45928
2142630,45929
2222260,45930
2309050,45931
286636,45932
569680,45933
965890,45934
1189290,45935
1194600,45936
1462620,45937
10600,45938
1849740,45939
1873550,45940
2183660,45941
2349550,45942
461560,45943
955200,45944
978080,45945
1115860,45946
1137210,45947
1258750,45948
1701370,45949
2229920,45950
2230000,45951
2254030,45952
65239,45953
1031650,45954
1267330,45955
1303199,45956
1686050,45957
1702130,45958
1851920,45959
1888330,45960
2327910,45961
538950,45962
754930,45963
1106720,45964
1146420,45965
1238250,45966
1826480,45967
1840610,45968
1848350,45969
1927930,45970
2005680,45971
2051000,45972
2207970,45973
2211750,45974
2255320,45975
2290490,45976
453510,45977
1125000,45978
1194250,45979
1245900,45980
1576830,45981
1594860,45982
1788710,45983
1829360,45984
1967620,45985
2308220,45986
2372620,45987
201277,45988
1049000,45989
1194870,45990
1286480,45991
1366560,45992
1491550,45993
2023070,45994
1362040,45995
1882110,45996
1848910,45997
1764650,45998
1966290,45999
2072150,46000
2265160,46001
2272530,46002
2302890,46003
2350810,46004
439260,46005
720690,46006
1212900,46007
1795070,46008
2165370,46009
1222020,46010
1917830,46011
1920500,46012
2292720,46013
2304670,46014
2308520,46015
2312230,46016
644480,46017
865670,46018
2265040,46019
1780260,46020
1945930,46021
2128480,46022
2317510,46023
2355710,46024
463400,46025
1885570,46026
2119050,46027
2249890,46028
2344920,46029
531990,46030
642920,46031
656770,46032
1116280,46033
1599510,46034
1854870,46035
2157510,46036
2200620,46037
2228730,46038
2262960,46039
404550,46040
2303800,46041
2362150,46042
1049420,46043
1080680,46044
1156550,46045
1167380,46046
1212817,46047
1422050,46048
1586970,46049
1818370,46050
1891950,46051
2004650,46052
2021710,46053
2131250,46054
2247651,46055
2290010,46056
490250,46057
921630,46058
1081670,46059
1105010,46060
1899830,46061
2085040,46062
2137760,46063
2206460,46064
2217590,46065
577360,46066
849090,46067
1270830,46068
1374230,46069
1810031,46070
1904400,46071
2232950,46072
2340470,46073
45720,46074
1273120,46075
1492720,46076
2143880,46077
2155260,46078
1309770,46079
2185890,46080
2202990,46081
2206980,46082
2261750,46083
338540,46084
956190,46085
1419150,46086
1457730,46087
1638311,46088
1804580,46089
1838490,46090
1893370,46091
1938470,46092
1992890,46093
2108110,46094
2154400,46095
2163270,46096
2335330,46097
1195460,46098
1440090,46099
1556830,46100
1802980,46101
1891600,46102
2013120,46103
2051020,46104
2095080,46105
2139510,46106
2183470,46107
2268800,46108
2272050,46109
2325060,46110
2334720,46111
619600,46112
652810,46113
707610,46114
1085940,46115
1494950,46116
1639130,46117
1932743,46118
2151030,46119
2377490,46120
65224,46121
716260,46122
1301480,46123
1464320,46124
1670522,46125
1811480,46126
41060,46127
201275,46128
392100,46129
708340,46130
851110,46131
868060,46132
1390710,46133
1649030,46134
1916280,46135
1922070,46136
2171580,46137
2183170,46138
2271590,46139
2351400,46140
2365430,46141
629420,46142
923530,46143
1085220,46144
1197260,46145
1038640,46146
1608191,46147
1807460,46148
1848250,46149
2023430,46150
2176180,46151
2215500,46152
2336600,46153
341060,46154
676470,46155
1062070,46156
1267504,46157
1499770,46158
2022780,46159
2109306,46160
2282200,46161
41019,46162
941170,46163
781990,46164
798790,46165
856990,46166
1024780,46167
1766540,46168
1074030,46169
1149090,46170
1963000,46171
1999270,46172
1638400,46173
1687020,46174
1708110,46175
582030,46176
1905220,46177
2152560,46178
2179360,46179
2216700,46180
2331691,46181
2355410,46182
346791,46183
602630,46184
774661,46185
945520,46186
1161640,46187
2156238,46188
2298210,46189
1978290,46190
2069920,46191
2166820,46192
2168566,46193
2199310,46194
2202028,46195
2312360,46196
2317390,46197
1948430,46198
2074810,46199
2093940,46200
2101220,46201
2164610,46202
460250,46203
2195610,46204
547750,46205
678940,46206
723000,46207
736920,46208
951480,46209
779730,46210
1355820,46211
1376760,46212
595120,46213
2208000,46214
489400,46215
1263220,46216
1644720,46217
1840130,46218
1840650,46219
1945820,46220
2061331,46221
2288680,46222
310370,46223
311250,46224
522030,46225
1308680,46226
1430680,46227
832080,46228
1447400,46229
1470930,46230
1690560,46231
2165190,46232
2283550,46233
2338850,46234
281220,46235
592800,46236
629410,46237
672730,46238
874661,46239
910050,46240
943170,46241
1023140,46242
1541250,46243
1756650,46244
1875530,46245
2060460,46246
2280320,46247
2320130,46248
582380,46249
610120,46250
1743830,46251
2070410,46252
2112390,46253
2139680,46254
2191460,46255
549760,46256
1031970,46257
1828100,46258
2267740,46259
2331000,46260
305187,46261
449240,46262
1222634,46263
1227481,46264
2182160,46265
2118510,46266
2167870,46267
2225250,46268
2251540,46269
2269980,46270
10608,46271
748420,46272
517020,46273
1351560,46274
1443060,46275
1210540,46276
971720,46277
1003940,46278
1700040,46279
1207590,46280
1438760,46281
1472600,46282
1589500,46283
1814980,46284
1835440,46285
1844540,46286
1777800,46287
1839610,46288
1053560,46289
1851620,46290
1894510,46291
2051060,46292
2223020,46293
717870,46294
2271040,46295
2286790,46296
1172390,46297
1115980,46298
1239800,46299
1371408,46300
1647530,46301
1848070,46302
1941780,46303
1949472,46304
1956430,46305
2055790,46306
2089730,46307
2098860,46308
2282030,46309
2282630,46310
2309270,46311
649310,46312
843190,46313
1153250,46314
1409200,46315
554770,46316
810690,46317
1007870,46318
1098790,46319
1334470,46320
1413450,46321
1622660,46322
1798420,46323
1837340,46324
1882680,46325
1891780,46326
1069380,46327
2101080,46328
2226640,46329
2288210,46330
2307370,46331
2314180,46332
2318010,46333
236970,46334
768130,46335
1624180,46336
1632590,46337
1433980,46338
1683070,46339
1159360,46340
1887330,46341
1912460,46342
2105990,46343
2236360,46344
2316750,46345
782630,46346
994610,46347
1502760,46348
1836240,46349
2086220,46350
2102490,46351
2344510,46352
317070,46353
348790,46354
517831,46355
553130,46356
646360,46357
658490,46358
787200,46359
848230,46360
955240,46361
1582900,46362
1784720,46363
1802590,46364
1802770,46365
2128530,46366
404015,46367
1057470,46368
1290330,46369
1732220,46370
1786030,46371
1837200,46372
1900530,46373
2094270,46374
1671880,46375
2238440,46376
336210,46377
1303590,46378
1640890,46379
1726160,46380
1793350,46381
1803520,46382
1838330,46383
2234030,46384
2290480,46385
2305810,46386
2312500,46387
2328980,46388
1091640,46389
1117810,46390
1175930,46391
1563710,46392
1742290,46393
1781920,46394
1783360,46395
1786930,46396
1934040,46397
1956690,46398
2101389,46399
2109303,46400
2142110,46401
2209550,46402
2311410,46403
2324650,46404
2342980,46405
460850,46406
677380,46407
968700,46408
1259150,46409
1395270,46410
1687770,46411
1905700,46412
1906590,46413
1930440,46414
1998980,46415
2020460,46416
2299470,46417
2303560,46418
2340740,46419
245550,46420
611090,46421
1464220,46422
2109310,46423
2132430,46424
2141040,46425
2156362,46426
2284900,46427
344120,46428
1322830,46429
1494810,46430
1540680,46431
1781640,46432
2059060,46433
2069760,46434
2167430,46435
2285962,46436
2380240,46437
457880,46438
477170,46439
816240,46440
1186690,46441
1846201,46442
1983700,46443
2072930,46444
2107280,46445
2222460,46446
2267070,46447
2268370,46448
2356050,46449
607360,46450
1039110,46451
1153510,46452
1505460,46453
1698000,46454
1970560,46455
2025650,46456
2117970,46457
2124070,46458
2148700,46459
2285210,46460
2298530,46461
331069,46462
361700,46463
1619570,46464
1923800,46465
2011638,46466
2051100,46467
2103330,46468
2222840,46469
2353760,46470
2363930,46471
415750,46472
665920,46473
839920,46474
1173610,46475
311670,46476
359540,46477
525720,46478
1919260,46479
1028170,46480
1121910,46481
1936710,46482
1251400,46483
1565680,46484
2270020,46485
2348120,46486
1908670,46487
1258154,46488
1919240,46489
1974610,46490
2061680,46491
2109309,46492
2154760,46493
2167701,46494
2230910,46495
2302680,46496
2343240,46497
24055,46498
485590,46499
525070,46500
1407050,46501
1590920,46502
1805510,46503
1935960,46504
497820,46505
1998450,46506
2103530,46507
2180150,46508
640970,46509
787990,46510
846340,46511
2056690,46512
2183460,46513
2203490,46514
2210750,46515
2293180,46516
2299510,46517
2348450,46518
2354650,46519
246252,46520
506140,46521
550820,46522
615650,46523
1037200,46524
1098293,46525
550390,46526
1490870,46527
1923080,46528
1949477,46529
2143930,46530
2206560,46531
752600,46532
972420,46533
1283820,46534
1576280,46535
1737280,46536
1985960,46537
2008820,46538
2272280,46539
937860,46540
1114090,46541
1332840,46542
1550280,46543
1664490,46544
1693710,46545
2241980,46546
2243210,46547
2295390,46548
2316660,46549
2327670,46550
1171110,46551
2116000,46552
2136550,46553
2146520,46554
2185840,46555
2359320,46556
41050,46557
1986390,46558
2285960,46559
2299890,46560
2304500,46561
1034470,46562
1039811,46563
1309080,46564
831250,46565
837990,46566
1526870,46567
1617390,46568
1814230,46569
1904980,46570
2147350,46571
2218560,46572
1903810,46573
956880,46574
1205330,46575
1903640,46576
1916420,46577
2162960,46578
2209440,46579
2215570,46580
2270590,46581
372150,46582
1042851,46583
1312060,46584
1678960,46585
1916610,46586
1968710,46587
2328110,46588
2343720,46589
542310,46590
752180,46591
940290,46592
998810,46593
1012100,46594
1227461,46595
1270570,46596
2287960,46597
1568190,46598
627530,46599
750360,46600
2230590,46601
1421480,46602
1174920,46603
1243240,46604
1255390,46605
875550,46606
2305480,46607
2341660,46608
1998966,46609
2091540,46610
2160680,46611
2214950,46612
2287350,46613
2295370,46614
2339930,46615
226663,46616
430890,46617
585480,46618
677310,46619
798541,46620
1241780,46621
1697710,46622
2271000,46623
2315500,46624
2341310,46625
420020,46626
467990,46627
537540,46628
1540400,46629
1814850,46630
1878350,46631
2004430,46632
2213450,46633
2216000,46634
2278830,46635
2278920,46636
1552900,46637
1568500,46638
1569170,46639
258353,46640
2110570,46641
2139690,46642
2190470,46643
2215290,46644
2243050,46645
995720,46646
1119620,46647
2310690,46648
2340360,46649
536900,46650
905180,46651
1127620,46652
1673320,46653
1690860,46654
1906640,46655
1948620,46656
2173650,46657
2279390,46658
2285430,46659
643950,46660
690200,46661
1011950,46662
1051260,46663
1103510,46664
1185280,46665
1281990,46666
1429890,46667
1638660,46668
1848840,46669
1907450,46670
1953760,46671
2100040,46672
1241380,46673
1443057,46674
1641270,46675
1696890,46676
1831370,46677
1864850,46678
1973040,46679
2156410,46680
2270990,46681
228320,46682
1445580,46683
1624570,46684
1793910,46685
2101387,46686
2236330,46687
2236340,46688
2236860,46689
2267450,46690
585482,46691
1509590,46692
335800,46693
2072590,46694
2120320,46695
2147670,46696
2190900,46697
2199200,46698
2218270,46699
2246550,46700
1815470,46701
2059190,46702
2303060,46703
2321460,46704
1219910,46705
1254720,46706
1271580,46707
1370410,46708
1797410,46709
1640880,46710
2265120,46711
2304970,46712
701440,46713
743000,46714
1476920,46715
1575060,46716
2096130,46717
2233520,46718
2327900,46719
371020,46720
555730,46721
571810,46722
958850,46723
1088940,46724
1445040,46725
1667730,46726
1906070,46727
2109301,46728
2151960,46729
2253470,46730
2266850,46731
2339500,46732
223598,46733
265750,46734
1019340,46735
429470,46736
1295320,46737
1192810,46738
1930030,46739
2001012,46740
2136950,46741
33760,46742
416424,46743
485680,46744
565000,46745
1264420,46746
1375368,46747
1577770,46748
1814600,46749
2181620,46750
2349010,46751
1120540,46752
1485690,46753
1524790,46754
1634190,46755
840300,46756
886270,46757
890880,46758
896742,46759
941000,46760
949060,46761
1120620,46762
2144350,46763
2194980,46764
2220170,46765
2303180,46766
437900,46767
463490,46768
767590,46769
1199560,46770
1364690,46771
1388350,46772
1402120,46773
1628510,46774
1740080,46775
1707430,46776
1801860,46777
1899790,46778
2101386,46779
2259190,46780
2285570,46781
871620,46782
2328240,46783
2345630,46784
565650,46785
822710,46786
1305350,46787
1567260,46788
1674810,46789
1698350,46790
1961760,46791
1977050,46792
2167700,46793
2180300,46794
2250690,46795
419472,46796
2371750,46797
700170,46798
955780,46799
1073890,46800
1112870,46801
1371790,46802
1637120,46803
219447,46804
1980520,46805
2122070,46806
2267590,46807
2301790,46808
477130,46809
1199210,46810
1585900,46811
1829604,46812
2089720,46813
2216110,46814
364060,46815
451980,46816
714580,46817
813590,46818
868940,46819
1382200,46820
1802452,46821
222622,46822
1856040,46823
2057370,46824
581030,46825
668180,46826
794850,46827
1245600,46828
1274050,46829
1487470,46830
1997670,46831
2051380,46832
2128050,46833
2129470,46834
1668290,46835
462910,46836
836080,46837
898080,46838
981702,46839
1454690,46840
1922633,46841
349540,46842
2009850,46843
2120060,46844
2240090,46845
2342030,46846
660070,46847
725100,46848
735270,46849
882460,46850
997180,46851
1679590,46852
1753250,46853
1882590,46854
1997060,46855
2183640,46856
2228350,46857
2313980,46858
445130,46859
907410,46860
1011000,46861
1226880,46862
1529820,46863
1577700,46864
1646690,46865
1675530,46866
1736850,46867
2196120,46868
2216090,46869
2238710,46870
2300080,46871
1440100,46872
1736450,46873
455760,46874
685110,46875
724180,46876
1101080,46877
1115620,46878
1211172,46879
1255230,46880
1378670,46881
1770440,46882
1803600,46883
284290,46884
1337060,46885
1868120,46886
2206390,46887
2330750,46888
2330190,46889
2203950,46890
669730,46891
317330,46892
355080,46893
1427150,46894
2170820,46895
2343180,46896
1115660,46897
1004710,46898
1071620,46899
1382350,46900
1024970,46901
1909240,46902
257930,46903
1794840,46904
265770,46905
340610,46906
1752840,46907
534750,46908
436410,46909
1868030,46910
2285890,46911
777250,46912
2286560,46913
1998925,46914
886710,46915
248410,46916
839680,46917
758210,46918
1612360,46919
331810,46920
561970,46921
1133570,46922
937780,46923
1142800,46924
547440,46925
937720,46926
964930,46927
982540,46928
724080,46929
981310,46930
718570,46931
1432380,46932
29140,46933
1797630,46934
1451830,46935
201877,46936
1621990,46937
1979240,46938
2266420,46939
2081220,46940
2214090,46941
2317560,46942
1185780,46943
2133870,46944
1248590,46945
1967630,46946
1851030,46947
1714250,46948
2367830,46949
1532220,46950
2312510,46951
621925,46952
2154530,46953
1949750,46954
1266900,46955
2168150,46956
1000600,46957
1474410,46958
1663200,46959
2134030,46960
1076420,46961
1513950,46962
2319870,46963
958680,46964
2364990,46965
558391,46966
1084980,46967
1476330,46968
1722040,46969
2252144,46970
2298540,46971
1942450,46972
1227456,46973
957950,46974
2162900,46975
2162750,46976
56438,46977
2147250,46978
1740120,46979
992860,46980
2310400,46981
1559850,46982
1368350,46983
1422660,46984
2269270,46985
724910,46986
1317500,46987
1747510,46988
1929250,46989
1741390,46990
1627410,46991
1999940,46992
2114820,46993
693760,46994
758300,46995
2243560,46996
1835260,46997
1412310,46998
1608640,46999
1754480,47000
2153740,47001
1264550,47002
2336290,47003
277674,47004
1278520,47005
2256730,47006
2101280,47007
2300400,47008
526310,47009
565730,47010
1761820,47011
1913960,47012
1271792,47013
1466100,47014
2317960,47015
1906880,47016
2090650,47017
1946140,47018
1131590,47019
1350820,47020
1599130,47021
2356350,47022
912870,47023
1569810,47024
1974290,47025
2231550,47026
2081970,47027
2189890,47028
2077460,47029
2163170,47030
1607100,47031
2255910,47032
2383170,47033
1087190,47034
1313090,47035
1922960,47036
2399900,47037
1940762,47038
1088947,47039
1469540,47040
1807360,47041
1315751,47042
1457480,47043
1689720,47044
1745520,47045
1752430,47046
2147130,47047
1931980,47048
2282480,47049
2341410,47050
1858301,47051
1966740,47052
2278550,47053
1217410,47054
1145520,47055
1701520,47056
1803782,47057
466541,47058
975290,47059
2189860,47060
2265450,47061
2285490,47062
328060,47063
361620,47064
1035550,47065
2154990,47066
2331710,47067
1662920,47068
938050,47069
385590,47070
1309140,47071
2176850,47072
1730080,47073
2320910,47074
677290,47075
1279540,47076
1717657,47077
1894970,47078
1234180,47079
937980,47080
1170130,47081
2350020,47082
986510,47083
2349870,47084
1498450,47085
1968160,47086
960890,47087
1214670,47088
568300,47089
1692460,47090
1976740,47091
2114350,47092
339540,47093
2106110,47094
718210,47095
1238480,47096
1425330,47097
2323980,47098
541420,47099
719110,47100
1804610,47101
2163171,47102
1450030,47103
1308360,47104
1867520,47105
2145190,47106
681950,47107
2318810,47108
277751,47109
1042850,47110
742990,47111
1738710,47112
1027920,47113
2327940,47114
1395310,47115
2326460,47116
1818590,47117
1312050,47118
724870,47119
1446570,47120
1844420,47121
986060,47122
1144620,47123
1449370,47124
2354600,47125
2089500,47126
2079230,47127
2099790,47128
2236240,47129
820190,47130
1273720,47131
1274090,47132
1007070,47133
1133210,47134
2211410,47135
1218950,47136
1409300,47137
1703600,47138
1680270,47139
362600,47140
1969650,47141
753970,47142
790130,47143
1925400,47144
2254910,47145
2420,47146
1649540,47147
1652800,47148
1828340,47149
2245750,47150
1879100,47151
2376280,47152
740640,47153
1064600,47154
947240,47155
21660,47156
1313880,47157
432710,47158
1105240,47159
2270420,47160
56493,47161
2252070,47162
1074190,47163
2077550,47164
2281460,47165
933660,47166
1201220,47167
2279550,47168
2315660,47169
1217490,47170
513200,47171
2187230,47172
1277230,47173
1451540,47174
1797050,47175
461180,47176
1132860,47177
2215180,47178
1046490,47179
340550,47180
1253160,47181
2249040,47182
2381340,47183
975560,47184
1348060,47185
2327600,47186
2370300,47187
1990210,47188
2102320,47189
2314970,47190
426321,47191
860550,47192
1304100,47193
1798092,47194
1877840,47195
2285400,47196
2378840,47197
298260,47198
1448520,47199
1807660,47200
1946150,47201
2161560,47202
2228210,47203
385980,47204
2368520,47205
1029110,47206
1721020,47207
1829870,47208
1918970,47209
2173940,47210
636360,47211
1312540,47212
1426050,47213
2377310,47214
1727270,47215
2264470,47216
2307680,47217
1709620,47218
1829601,47219
629751,47220
2315550,47221
2185850,47222
1981190,47223
534250,47224
1147158,47225
2259340,47226
1896550,47227
200891,47228
2269810,47229
1174450,47230
1705410,47231
1809760,47232
2018870,47233
1998854,47234
2014390,47235
1811590,47236
16870,47237
9900,47238
485660,47239
1457080,47240
357200,47241
905070,47242
1030090,47243
1237590,47244
2222904,47245
459870,47246
509560,47247
1237420,47248
682960,47249
1283680,47250
1448290,47251
1910330,47252
2147680,47253
2340400,47254
1612740,47255
2257840,47256
963290,47257
1320710,47258
10180,47259
1816950,47260
1661120,47261
1791080,47262
2346510,47263
1396190,47264
2099390,47265
1120305,47266
1998946,47267
2016170,47268
564990,47269
2143170,47270
1611960,47271
1696820,47272
2321091,47273
842660,47274
1394370,47275
2349250,47276
1200960,47277
1463780,47278
1788600,47279
2167452,47280
12210,47281
10090,47282
2288660,47283
1743650,47284
2004670,47285
1768590,47286
1276430,47287
2251910,47288
2257770,47289
1698220,47290
1976950,47291
2166910,47292
1202930,47293
1218360,47294
2280000,47295
2302650,47296
1434540,47297
2248870,47298
2380460,47299
596500,47300
209812,47301
1575830,47302
2137370,47303
2287980,47304
2377000,47305
2154650,47306
1353521,47307
1294810,47308
1493750,47309
2419270,47310
2404860,47311
2285970,47312
1265780,47313
1912420,47314
2141580,47315
1928090,47316
1649010,47317
1672310,47318
2166060,47319
2218000,47320
1785150,47321
1669000,47322
1940340,47323
1426010,47324
2094910,47325
223850,47326
1754960,47327
2252280,47328
1065400,47329
1905020,47330
2439040,47331
2063610,47332
1388580,47333
1234040,47334
819190,47335
2370480,47336
2400830,47337
2307471,47338
2382764,47339
2228390,47340
2354080,47341
1991980,47342
2176930,47343
210970,47344
1651490,47345
2339690,47346
2278350,47347
2211730,47348
2162020,47349
1293460,47350
1309990,47351
1403650,47352
2281360,47353
1200345,47354
2261983,47355
1124160,47356
2119650,47357
2445280,47358
2108630,47359
2313400,47360
2128270,47361
1710540,47362
1536980,47363
2363741,47364
2280390,47365
2434550,47366
1179580,47367
922050,47368
2313322,47369
2259150,47370
2443360,47371
2261840,47372
2023360,47373
2432020,47374
10,47375
70,47376
240,47377
380,47378
420,47379
440,47380
500,47381
1816550,47382
400,47383
2100,47384
580100,47385
2280,47386
2300,47387
2310,47388
2600,47389
2620,47390
2630,47391
2640,47392
3480,47393
3590,47394
4570,47395
4700,47396
6000,47397
6020,47398
6030,47399
6060,47400
7940,47401
8850,47402
8980,47403
9420,47404
8870,47405
8500,47406
8930,47407
9450,47408
9480,47409
9880,47410
10500,47411
12140,47412
12200,47413
15100,47414
15620,47415
16810,47416
17410,47417
17440,47418
17470,47419
17480,47420
19680,47421
20900,47422
21690,47423
22300,47424
22600,47425
22330,47426
17390,47427
22320,47428
24200,47429
24720,47430
24780,47431
24790,47432
24800,47433
24810,47434
25000,47435
32440,47436
32470,47437
32500,47438
32510,47439
33220,47440
33230,47441
24010,47442
34270,47443
35130,47444
38420,47445
39120,47446
40100,47447
40800,47448
40970,47449
41500,47450
41700,47451
42716,47452
42718,47453
42719,47454
42910,47455
45740,47456
42680,47457
42700,47458
45760,47459
45770,47460
47410,47461
47780,47462
47790,47463
47810,47464
47894,47465
47898,47466
47930,47467
48190,47468
48240,47469
48700,47470
50130,47471
55230,47472
56400,47473
49520,47474
47890,47475
55150,47476
57300,47477
65800,47478
65980,47479
71250,47480
99900,47481
108200,47482
110800,47483
113200,47484
115320,47485
200170,47486
109600,47487
200260,47488
200510,47489
200710,47490
201810,47491
201870,47492
203140,47493
203160,47494
203770,47495
204450,47496
204880,47497
205100,47498
205950,47499
207140,47500
486570,47501
204360,47502
206480,47503
207610,47504
208200,47505
208580,47506
209160,47507
211820,47508
212070,47509
212680,47510
213610,47511
214490,47512
212200,47513
213670,47514
212160,47515
214510,47516
217200,47517
219150,47518
220240,47519
220440,47520
220700,47521
218230,47522
219740,47523
221380,47524
222480,47525
223470,47526
223593,47527
223594,47528
225260,47529
225340,47530
225540,47531
226840,47532
228200,47533
230190,47534
228280,47535
221680,47536
230290,47537
227300,47538
233270,47539
234140,47540
235580,47541
235600,47542
238370,47543
238460,47544
232090,47545
237310,47546
236390,47547
238320,47548
233450,47549
234330,47550
236110,47551
239820,47552
240720,47553
241930,47554
242550,47555
242640,47556
242860,47557
244160,47558
244450,47559
486860,47560
239030,47561
245170,47562
246900,47563
248820,47564
249130,47565
249320,47566
250760,47567
251060,47568
581450,47569
251150,47570
252110,47571
252530,47572
1090200,47573
252610,47574
252870,47575
253430,47576
254700,47577
257510,47578
257850,47579
261570,47580
265550,47581
262060,47582
253230,47583
265930,47584
268050,47585
268650,47586
582600,47587
269210,47588
269950,47589
270150,47590
274170,47591
274190,47592
277590,47593
278080,47594
281610,47595
282070,47596
282140,47597
282470,47598
282800,47599
283640,47600
283740,47601
285190,47602
292120,47603
285310,47604
285330,47605
285920,47606
284160,47607
285900,47608
281990,47609
286690,47610
287390,47611
287450,47612
287980,47613
288470,47614
289130,47615
289690,47616
290340,47617
335670,47618
289650,47619
291550,47620
287700,47621
291650,47622
362890,47623
298110,47624
298630,47625
301320,47626
302510,47627
302670,47628
304212,47629
304310,47630
304380,47631
355790,47632
304050,47633
293760,47634
292730,47635
304650,47636
304930,47637
306020,47638
307780,47639
307950,47640
310031,47641
311260,47642
311290,47643
553280,47644
311310,47645
311560,47646
304430,47647
305620,47648
306130,47649
307960,47650
314160,47651
316410,47652
319630,47653
321360,47654
321800,47655
322500,47656
324800,47657
314650,47658
319510,47659
322330,47660
312660,47661
311690,47662
326460,47663
327070,47664
329050,47665
329070,47666
2456760,47667
329430,47668
330020,47669
331670,47670
332350,47671
332570,47672
332950,47673
333640,47674
334230,47675
335240,47676
325610,47677
337000,47678
337360,47679
339340,47680
341940,47681
342200,47682
342560,47683
343780,47684
346010,47685
346900,47686
352720,47687
354140,47688
346110,47689
339600,47690
341800,47691
339610,47692
357190,47693
359870,47694
361280,47695
363440,47696
363890,47697
363970,47698
365360,47699
365590,47700
366090,47701
366849,47702
604500,47703
356190,47704
367450,47705
367500,47706
368500,47707
369150,47708
371660,47709
372000,47710
374040,47711
375480,47712
619680,47713
368340,47714
373420,47715
377840,47716
378760,47717
382110,47718
382310,47719
382560,47720
383120,47721
383150,47722
1842620,47723
578650,47724
383180,47725
383870,47726
384180,47727
620610,47728
379430,47729
379720,47730
386070,47731
387020,47732
387440,47733
388090,47734
391220,47735
392110,47736
393010,47737
393080,47738
394310,47739
716580,47740
716670,47741
391540,47742
386940,47743
387990,47744
394690,47745
397460,47746
397950,47747
582160,47748
403640,47749
404010,47750
404012,47751
404013,47752
404014,47753
404430,47754
404680,47755
405310,47756
407130,47757
410320,47758
397540,47759
394360,47760
410340,47761
410900,47762
411300,47763
411890,47764
411893,47765
413410,47766
413420,47767
414340,47768
418030,47769
578080,47770
573100,47771
418240,47772
418460,47773
2303810,47774
411950,47775
418370,47776
414700,47777
418530,47778
420560,47779
420610,47780
427100,47781
427190,47782
429050,47783
429790,47784
433091,47785
434050,47786
2304380,47787
424030,47788
431730,47789
433340,47790
431960,47791
424840,47792
427520,47793
437920,47794
442120,47795
571740,47796
443110,47797
444640,47798
445220,47799
445980,47800
2410761,47801
2416900,47802
2430400,47803
438740,47804
436150,47805
447040,47806
447530,47807
448510,47808
450540,47809
453090,47810
455040,47811
456750,47812
459220,47813
460920,47814
460950,47815
774361,47816
774171,47817
481510,47818
457140,47819
453480,47820
463530,47821
466170,47822
466240,47823
466300,47824
467980,47825
469600,47826
469610,47827
469820,47828
473950,47829
477740,47830
2436600,47831
470220,47832
476600,47833
488860,47834
489520,47835
490650,47836
766570,47837
490920,47838
493490,47839
493840,47840
493900,47841
494392,47842
494840,47843
2440490,47844
488790,47845
492720,47846
495050,47847
495910,47848
496240,47849
498870,47850
501300,47851
501590,47852
502520,47853
503560,47854
506480,47855
506610,47856
2449260,47857
495420,47858
502500,47859
504230,47860
512034,47861
512035,47862
512540,47863
512900,47864
515191,47865
517630,47866
518150,47867
518910,47868
519860,47869
520440,47870
521890,47871
522470,47872
523660,47873
516750,47874
526060,47875
527430,47876
553310,47877
552100,47878
553420,47879
528230,47880
528740,47881
530711,47882
531130,47883
532210,47884
534331,47885
535930,47886
536270,47887
537180,47888
2224460,47889
526870,47890
538680,47891
540710,47892
540711,47893
541200,47894
541210,47895
541570,47896
544730,47897
544750,47898
551170,47899
553540,47900
557340,47901
558244,47902
559650,47903
560130,47904
564230,47905
567640,47906
567990,47907
568220,47908
571310,47909
571710,47910
570660,47911
555160,47912
562810,47913
569480,47914
572890,47915
573160,47916
574980,47917
577690,47918
577940,47919
586140,47920
586200,47921
587620,47922
589360,47923
589590,47924
590380,47925
591800,47926
593280,47927
593380,47928
594330,47929
588430,47930
585420,47931
588030,47932
582660,47933
595520,47934
596970,47935
597220,47936
597760,47937
597820,47938
774861,47939
598980,47940
600750,47941
601840,47942
603850,47943
601510,47944
602960,47945
599140,47946
601150,47947
605740,47948
606880,47949
607050,47950
610180,47951
611660,47952
612880,47953
613880,47954
614570,47955
615120,47956
860950,47957
617830,47958
617870,47959
611790,47960
611670,47961
620620,47962
622450,47963
622650,47964
626690,47965
627270,47966
629520,47967
629760,47968
630940,47969
632300,47970
208546,47971
621060,47972
629820,47973
634160,47974
636480,47975
637650,47976
638230,47977
640820,47978
641320,47979
641990,47980
642750,47981
644930,47982
645630,47983
645730,47984
814370,47985
633230,47986
645401,47987
648350,47988
648410,47989
653530,47990
658850,47991
665360,47992
666350,47993
666860,47994
925580,47995
646910,47996
666140,47997
668580,47998
673610,47999
673880,48000
674140,48001
674500,48002
674930,48003
675590,48004
677120,48005
677160,48006
678800,48007
680420,48008
925750,48009
2323413,48010
669330,48011
673750,48012
674940,48013
681280,48014
682990,48015
683320,48016
684410,48017
684630,48018
688130,48019
690830,48020
692850,48021
692890,48022
700280,48023
700282,48024
700600,48025
694280,48026
702890,48027
704850,48028
707010,48029
707030,48030
708770,48031
711540,48032
712100,48033
712640,48034
714010,48035
714120,48036
715191,48037
715194,48038
715400,48039
702320,48040
701160,48041
718670,48042
718850,48043
719040,48044
719890,48045
729000,48046
730618,48047
736260,48048
736820,48049
740130,48050
743450,48051
743900,48052
731490,48053
732690,48054
744900,48055
746850,48056
750381,48057
750920,48058
751440,48059
751630,48060
751780,48061
754890,48062
756010,48063
757310,48064
758690,48065
758870,48066
745920,48067
753640,48068
760060,48069
760730,48070
763890,48071
766870,48072
768520,48073
770810,48074
773370,48075
773790,48076
774181,48077
761890,48078
764790,48079
775500,48080
779880,48081
782250,48082
784930,48083
785300,48084
787480,48085
790060,48086
790820,48087
793460,48088
780290,48089
784950,48090
794800,48091
797430,48092
799200,48093
800270,48094
800370,48095
801630,48096
801860,48097
802640,48098
803050,48099
842180,48100
803330,48101
1042220,48102
2147631,48103
794260,48104
814540,48105
821170,48106
824000,48107
824270,48108
824550,48109
824600,48110
830450,48111
830451,48112
830460,48113
830461,48114
831560,48115
834530,48116
835670,48117
838380,48118
837470,48119
820520,48120
826630,48121
814380,48122
839770,48123
841190,48124
843380,48125
843390,48126
844590,48127
844810,48128
847370,48129
848350,48130
848480,48131
849260,48132
849261,48133
850320,48134
1707550,48135
845890,48136
846770,48137
851890,48138
855740,48139
858210,48140
858810,48141
859570,48142
860890,48143
961930,48144
861650,48145
862800,48146
865360,48147
867210,48148
851850,48149
860510,48150
858820,48151
868270,48152
868360,48153
870780,48154
872280,48155
872410,48156
874390,48157
877200,48158
882100,48159
886250,48160
887120,48161
887380,48162
1185960,48163
883710,48164
881100,48165
872200,48166
887570,48167
890550,48168
893050,48169
893850,48170
894020,48171
895400,48172
895870,48173
897450,48174
897670,48175
898750,48176
898920,48177
900040,48178
900447,48179
900448,48180
900449,48181
899770,48182
892970,48183
909720,48184
913740,48185
962750,48186
914620,48187
914710,48188
914800,48189
915810,48190
916430,48191
918570,48192
919390,48193
919680,48194
920490,48195
921570,48196
921800,48197
2236870,48198
911400,48199
927380,48200
928960,48201
933820,48202
936790,48203
939850,48204
941460,48205
942290,48206
942970,48207
944071,48208
944290,48209
953490,48210
953880,48211
1188616,48212
952060,48213
933110,48214
947510,48215
954740,48216
955900,48217
956680,48218
957960,48219
958370,48220
960690,48221
960910,48222
960990,48223
961200,48224
963930,48225
960170,48226
1089980,48227
954850,48228
964800,48229
965220,48230
965580,48231
967050,48232
971790,48233
972370,48234
972660,48235
973580,48236
975400,48237
976590,48238
977400,48239
977610,48240
977880,48241
1090150,48242
973230,48243
975370,48244
977950,48245
978300,48246
978780,48247
979640,48248
982970,48249
983970,48250
985830,48251
986850,48252
987840,48253
988910,48254
990630,48255
991170,48256
991270,48257
985810,48258
990080,48259
992300,48260
995860,48261
997070,48262
997380,48263
999220,48264
999260,48265
1239450,48266
1000360,48267
1008860,48268
1009560,48269
1009821,48270
1012790,48271
1012880,48272
1015160,48273
1016120,48274
1016800,48275
1003590,48276
1016920,48277
1017900,48278
1021110,48279
1026680,48280
1030210,48281
1031140,48282
1036240,48283
1353300,48284
1036890,48285
1039880,48286
1040230,48287
1040930,48288
1041720,48289
1030840,48290
1017180,48291
1029210,48292
1042550,48293
1045980,48294
1048370,48295
1049410,48296
1049790,48297
1056760,48298
1057090,48299
1058020,48300
1058450,48301
1058650,48302
1058830,48303
1060230,48304
1061090,48305
1055810,48306
1061910,48307
1062160,48308
1063660,48309
1066850,48310
1067690,48311
1067850,48312
1068820,48313
1069640,48314
1071870,48315
1072040,48316
1062810,48317
1065310,48318
1062090,48319
1066890,48320
1062520,48321
1069660,48322
1072420,48323
1074320,48324
1076080,48325
1076150,48326
1076200,48327
1076850,48328
1078350,48329
1749080,48330
1079260,48331
1082710,48332
1084820,48333
1088090,48334
1088710,48335
1088790,48336
1088850,48337
1089270,48338
1084600,48339
1090630,48340
1093700,48341
1094520,48342
1097350,48343
1097430,48344
1097580,48345
1097840,48346
1098120,48347
1099410,48348
1102190,48349
1104880,48350
1105500,48351
1090850,48352
1092790,48353
1096900,48354
1105670,48355
1106840,48356
1108410,48357
1109680,48358
1113000,48359
1115690,48360
1119980,48361
1120300,48362
1120320,48363
1121560,48364
2305520,48365
1118010,48366
1124300,48367
1125240,48368
1126050,48369
1127400,48370
1128920,48371
1134010,48372
1134100,48373
1136370,48374
1138850,48375
1139900,48376
1139980,48377
1140000,48378
1140001,48379
1140270,48380
1129580,48381
1127500,48382
1135230,48383
1144910,48384
1146830,48385
1146930,48386
1146960,48387
1147100,48388
1147550,48389
1147560,48390
1148760,48391
1448440,48392
1149440,48393
1216320,48394
1149620,48395
1149640,48396
1149460,48397
1150760,48398
1153640,48399
1154040,48400
1154840,48401
1155330,48402
1155970,48403
1157390,48404
1157550,48405
1158100,48406
1158180,48407
1158850,48408
1151700,48409
1159690,48410
1160220,48411
1162750,48412
1240210,48413
1166860,48414
1167450,48415
1167910,48416
1173370,48417
1173510,48418
1173770,48419
1173780,48420
1172380,48421
1167630,48422
1173790,48423
1173800,48424
1173810,48425
1173820,48426
1173900,48427
1174370,48428
1176470,48429
1179680,48430
1179710,48431
1180380,48432
1343370,48433
1338770,48434
1343400,48435
1182110,48436
1184140,48437
1182900,48438
1186640,48439
1194630,48440
1194810,48441
1196090,48442
1196770,48443
1198090,48444
1199030,48445
1199880,48446
1200349,48447
1201360,48448
1201540,48449
1202130,48450
1205450,48451
1196590,48452
1205970,48453
1206200,48454
1341290,48455
1207650,48456
1209120,48457
1209460,48458
1209490,48459
1211600,48460
1213210,48461
1215390,48462
1303183,48463
1214470,48464
1206610,48465
1210320,48466
1209471,48467
1211020,48468
1211630,48469
1220140,48470
1221250,48471
1222730,48472
1225570,48473
1227700,48474
1229380,48475
1230140,48476
1232256,48477
1232257,48478
1233060,48479
1233570,48480
1303184,48481
1222670,48482
1222700,48483
1222140,48484
1229240,48485
1235140,48486
1235720,48487
1235722,48488
1235732,48489
1235740,48490
1235741,48491
1235742,48492
1235743,48493
1235744,48494
1235745,48495
1235746,48496
1235761,48497
1235765,48498
1237980,48499
1238040,48500
1238060,48501
1238440,48502
1237950,48503
1238860,48504
1239080,48505
1239320,48506
1241100,48507
1245150,48508
1245560,48509
1247710,48510
1248380,48511
1238840,48512
1250650,48513
1238810,48514
1251930,48515
1252330,48516
1252750,48517
1253920,48518
1254120,48519
1255560,48520
1256670,48521
1259360,48522
1259840,48523
1259980,48524
1260520,48525
1262240,48526
1258080,48527
1253990,48528
1262350,48529
1262540,48530
1262580,48531
1264250,48532
1265640,48533
1265860,48534
1265920,48535
1266700,48536
1269300,48537
1269640,48538
1270540,48539
1271700,48540
1272010,48541
1272320,48542
1325860,48543
1262560,48544
1267910,48545
1272840,48546
1276390,48547
1276660,48548
1276760,48549
1276790,48550
1276800,48551
1277400,48552
1281590,48553
1282150,48554
1283090,48555
1283091,48556
670410,48557
1274570,48558
1273400,48559
1284470,48560
1284190,48561
1286580,48562
1288460,48563
1289810,48564
1291340,48565
1292630,48566
1294420,48567
1294760,48568
2453770,48569
1295500,48570
1299510,48571
1301021,48572
1303182,48573
1296610,48574
1295920,48575
1304680,48576
1307680,48577
1307710,48578
1308700,48579
1315750,48580
1316840,48581
1318090,48582
1318690,48583
1321680,48584
1324530,48585
1324780,48586
2177820,48587
1307890,48588
1314563,48589
1324130,48590
1321440,48591
1328890,48592
1329500,48593
1330000,48594
1331510,48595
1335830,48596
1336321,48597
1336350,48598
1328670,48599
1328660,48600
1326470,48601
1336980,48602
1333350,48603
1331550,48604
1335200,48605
1337760,48606
1337860,48607
1341200,48608
1341520,48609
1341702,48610
1343240,48611
1344680,48612
1348660,48613
1349230,48614
1349400,48615
1351630,48616
1352080,48617
1353060,48618
1419170,48619
1415692,48620
1359090,48621
1359980,48622
1360000,48623
1361000,48624
1361280,48625
1364020,48626
1364210,48627
1366950,48628
1449260,48629
2401900,48630
1358700,48631
1367080,48632
1366800,48633
1357210,48634
1364780,48635
1367550,48636
1368130,48637
1368571,48638
1368572,48639
1368820,48640
1369370,48641
1369630,48642
1369670,48643
1371720,48644
1372280,48645
1372320,48646
1372530,48647
1374610,48648
1375900,48649
1377380,48650
2379680,48651
1380420,48652
1380910,48653
1382330,48654
1388850,48655
1388870,48656
1389240,48657
1390150,48658
1390350,48659
1390410,48660
1425820,48661
1817490,48662
1392960,48663
1393110,48664
1394130,48665
597090,48666
1392840,48667
1388880,48668
1403370,48669
1404210,48670
1404850,48671
1406810,48672
1408720,48673
1410710,48674
1413480,48675
1415220,48676
1416230,48677
1418630,48678
1421250,48679
1471590,48680
1426450,48681
1427340,48682
1428100,48683
1430610,48684
1432050,48685
1432100,48686
1433560,48687
1438980,48688
1444480,48689
1446650,48690
1443022,48691
1424330,48692
1446780,48693
1449500,48694
1450830,48695
1451090,48696
1451460,48697
1451480,48698
1452490,48699
1454400,48700
1819410,48701
1455840,48702
1456180,48703
1522820,48704
1451940,48705
1449690,48706
1455630,48707
1451810,48708
1458100,48709
1458151,48710
1462570,48711
1462810,48712
1463090,48713
1465070,48714
1466060,48715
1466640,48716
1468260,48717
1468810,48718
1524910,48719
1443051,48720
1465360,48721
1458150,48722
1468720,48723
1471410,48724
1472560,48725
1472660,48726
1473480,48727
1475830,48728
1477590,48729
1478300,48730
1480560,48731
1484280,48732
1484720,48733
1485570,48734
1487210,48735
1489630,48736
1490890,48737
1491340,48738
1493170,48739
1495080,48740
1496790,48741
1498040,48742
1576410,48743
1083283,48744
1592500,48745
1501610,48746
1509510,48747
1511780,48748
1515950,48749
1517030,48750
1520370,48751
1520470,48752
1520620,48753
1521070,48754
1521580,48755
1522090,48756
1515210,48757
1494420,48758
1509960,48759
1529930,48760
1530160,48761
1530640,48762
1530880,48763
1531430,48764
1532200,48765
1533420,48766
1562430,48767
1824060,48768
1535560,48769
1537830,48770
1537991,48771
1542360,48772
1543280,48773
1544360,48774
1545450,48775
1546670,48776
2077990,48777
1547000,48778
1531540,48779
1547670,48780
1547890,48781
1549250,48782
1550010,48783
1552550,48784
1556110,48785
1557210,48786
1557310,48787
1559600,48788
1607240,48789
1561040,48790
1562420,48791
1592190,48792
1549970,48793
1556790,48794
1566200,48795
1567020,48796
1567110,48797
1568590,48798
1569190,48799
1569200,48800
1569630,48801
1570330,48802
1571440,48803
1574270,48804
1574360,48805
1574580,48806
1574900,48807
1608070,48808
1578650,48809
1579380,48810
1580050,48811
1580240,48812
1581451,48813
1581480,48814
1581770,48815
1584090,48816
1586800,48817
1589120,48818
1590230,48819
1591530,48820
1585220,48821
1583230,48822
1656330,48823
1594320,48824
1594940,48825
1602010,48826
1602080,48827
1593030,48828
1869590,48829
1888930,48830
1608230,48831
1608440,48832
1609230,48833
1613280,48834
1613281,48835
1613283,48836
1613285,48837
1614550,48838
1620340,48839
1621070,48840
1621474,48841
1622100,48842
1622800,48843
1623070,48844
1623940,48845
1621690,48846
1611910,48847
1628070,48848
1629530,48849
1634150,48850
1644960,48851
1747960,48852
1881700,48853
1646580,48854
1646850,48855
1647550,48856
1647620,48857
1651560,48858
1649080,48859
1644320,48860
1663080,48861
1663220,48862
1665190,48863
1668110,48864
1668510,48865
1669980,48866
1670540,48867
1670870,48868
1675900,48869
2217420,48870
1672970,48871
1671200,48872
1676130,48873
1665460,48874
1681060,48875
1681170,48876
1681840,48877
1683340,48878
1684930,48879
1687670,48880
1692250,48881
1694800,48882
1695840,48883
1696810,48884
933558,48885
1677350,48886
1677770,48887
1700870,48888
1705180,48889
1705820,48890
1708520,48891
1709900,48892
1715130,48893
1716120,48894
1718570,48895
1718870,48896
1721470,48897
1722280,48898
1722860,48899
1723950,48900
1726150,48901
1726380,48902
1726382,48903
1730250,48904
1816300,48905
1730360,48906
1730680,48907
1731070,48908
1731080,48909
1740300,48910
1740720,48911
1743850,48912
1745440,48913
1745510,48914
1755580,48915
1755910,48916
1755920,48917
1756130,48918
1760190,48919
1730700,48920
1760250,48921
1761390,48922
1762570,48923
1766100,48924
1766740,48925
1769980,48926
1770480,48927
1770580,48928
1776380,48929
1776780,48930
1777620,48931
1782120,48932
1783280,48933
1783760,48934
1784570,48935
1786790,48936
1793010,48937
1794960,48938
1798010,48939
1798020,48940
1799370,48941
1804460,48942
1805480,48943
1809490,48944
1809700,48945
1810820,48946
1811550,48947
1811990,48948
1812090,48949
1812620,48950
1815570,48951
1811260,48952
1797880,48953
1811080,48954
1817361,48955
1824580,48956
1824960,48957
1827180,48958
1829591,48959
1833990,48960
1839880,48961
1843410,48962
1843760,48963
1846170,48964
1824220,48965
1846380,48966
1817070,48967
1832960,48968
1849900,48969
1850550,48970
1850570,48971
1856030,48972
1857080,48973
1860510,48974
1865950,48975
1865970,48976
1866180,48977
1867530,48978
1868170,48979
1868180,48980
1850510,48981
1850960,48982
1850160,48983
1869820,48984
1874490,48985
1874880,48986
1879330,48987
1880360,48988
1880832,48989
1881200,48990
1882470,48991
1887930,48992
1889040,48993
1889930,48994
1894430,48995
1895820,48996
1896700,48997
1899750,48998
1901922,48999
1905970,49000
1906330,49001
1910860,49002
1911520,49003
1913730,49004
1914121,49005
1914122,49006
1914580,49007
1918040,49008
1920480,49009
1920490,49010
1922010,49011
1903620,49012
1904392,49013
1922560,49014
1919590,49015
1924170,49016
1928870,49017
1931020,49018
1931910,49019
1933390,49020
1933650,49021
1933660,49022
1934140,49023
1936590,49024
1937470,49025
1938010,49026
1939160,49027
895760,49028
1942100,49029
1942280,49030
1937480,49031
1944570,49032
1945600,49033
1945681,49034
1945682,49035
1946700,49036
1946960,49037
1947500,49038
1948120,49039
1948980,49040
1949030,49041
2100160,49042
1952370,49043
1953520,49044
2008100,49045
1944430,49046
1944790,49047
1954200,49048
1956800,49049
1958640,49050
1959350,49051
1961460,49052
1964040,49053
1966010,49054
1966420,49055
1970580,49056
1970980,49057
1981570,49058
2008400,49059
1973530,49060
2008610,49061
1974050,49062
1981610,49063
1981790,49064
1982340,49065
1983710,49066
1983900,49067
1985790,49068
1985820,49069
1990860,49070
1992291,49071
1998240,49072
1999190,49073
1999360,49074
1999770,49075
2001340,49076
2006870,49077
2007040,49078
1996840,49079
2005010,49080
1987080,49081
2013360,49082
2014380,49083
2015880,49084
2020710,49085
2023140,49086
2024410,49087
2057012,49088
2100430,49089
2058180,49090
2060130,49091
2060280,49092
2064720,49093
2064810,49094
2066020,49095
2067780,49096
2069040,49097
2222841,49098
2064650,49099
2061641,49100
2014780,49101
2074230,49102
2081053,49103
2081400,49104
2087030,49105
2088570,49106
2091330,49107
2096110,49108
2096510,49109
2096600,49110
2096610,49111
2140510,49112
2100431,49113
2100450,49114
2102520,49115
2104240,49116
2106800,49117
2106840,49118
2108330,49119
2102730,49120
2071280,49121
2111850,49122
2112231,49123
2112232,49124
2115770,49125
2124750,49126
2127790,49127
2130460,49128
2132750,49129
2133640,49130
2137910,49131
2138210,49132
2139130,49133
2140440,49134
2141700,49135
2144481,49136
2144761,49137
2148900,49138
2150050,49139
2151290,49140
2153780,49141
2160330,49142
2161370,49143
2165590,49144
2167630,49145
2274820,49146
2138710,49147
2109370,49148
2193050,49149
2198470,49150
2198610,49151
2199210,49152
2200640,49153
2200780,49154
2200970,49155
2207490,49156
2218650,49157
2219820,49158
2222570,49159
2223660,49160
2223700,49161
2224461,49162
2224690,49163
2224691,49164
2208920,49165
2212330,49166
2199970,49167
2235540,49168
2239550,49169
2241030,49170
2246110,49171
2250550,49172
2254450,49173
2259020,49174
2262610,49175
2262770,49176
2266770,49177
2281730,49178
2290000,49179
2291340,49180
2291670,49181
2297010,49182
2299780,49183
2290180,49184
2277860,49185
2248760,49186
2306590,49187
2308360,49188
2311190,49189
2313320,49190
2313321,49191
2314000,49192
2314160,49193
2316850,49194
2316890,49195
2317930,49196
2318310,49197
2320360,49198
2321210,49199
2321800,49200
2325780,49201
2328720,49202
883330,49203
2328760,49204
2330500,49205
2331540,49206
2334220,49207
2334430,49208
2339640,49209
2342310,49210
2346830,49211
2313550,49212
2348170,49213
2348780,49214
2353510,49215
2353720,49216
2358430,49217
2363740,49218
2365280,49219
2367230,49220
2367860,49221
2370570,49222
2371620,49223
2373290,49224
2379390,49225
2383430,49226
2384550,49227
2392613,49228
2393020,49229
2396440,49230
2396490,49231
2399220,49232
2399890,49233
17530,49234
2275150,49235
1465550,49236
2084000,49237
2343790,49238
2318480,49239
1724770,49240
1537080,49241
1626350,49242
2307480,49243
1383370,49244
2391270,49245
1709350,49246
1922634,49247
2251580,49248
2179300,49249
2353512,49250
2271980,49251
1994370,49252
2336200,49253
2169830,49254
2096570,49255
1592100,49256
2342680,49257
2232231,49258
1810600,49259
2051640,49260
2102640,49261
2305790,49262
2300160,49263
1306770,49264
2337140,49265
1542110,49266
2214671,49267
1819222,49268
2078510,49269
2057930,49270
1457030,49271
2022290,49272
2127430,49273
2337900,49274
2253310,49275
2470720,49276
2004740,49277
2325460,49278
1820140,49279
2206320,49280
1596730,49281
1811500,49282
2393240,49283
1281860,49284
1515020,49285
2370310,49286
2380060,49287
2431100,49288
2159730,49289
2444210,49290
2081056,49291
531156,49292
1906510,49293
1933180,49294
1357071,49295
1125790,49296
2297650,49297
2458940,49298
1672880,49299
2119590,49300
1124190,49301
2304620,49302
2220870,49303
1796870,49304
2132840,49305
1669500,49306
1673000,49307
2388080,49308
2016280,49309
2070990,49310
2404990,49311
2302990,49312
2341030,49313
2362120,49314
2408730,49315
2249070,49316
1887070,49317
1998968,49318
1789090,49319
1446990,49320
2146070,49321
1737220,49322
973740,49323
1276130,49324
2427570,49325
2231560,49326
2370700,49327
1861630,49328
2262930,49329
378520,49330
2355250,49331
2369454,49332
1512050,49333
2055910,49334
2097490,49335
1662430,49336
2213980,49337
2346490,49338
1470390,49339
1790360,49340
2387590,49341
1979410,49342
2173760,49343
2282740,49344
2191480,49345
2341330,49346
2369458,49347
1832740,49348
1853410,49349
2067480,49350
1709080,49351
1515330,49352
2261982,49353
1978720,49354
2104920,49355
1483320,49356
2369456,49357
2103400,49358
2176320,49359
2400280,49360
2282571,49361
2318830,49362
2009650,49363
1967803,49364
2086850,49365
2353450,49366
1870350,49367
754790,49368
1398910,49369
2431070,49370
1829370,49371
2178130,49372
1597720,49373
1840790,49374
1634100,49375
1842987,49376
2363140,49377
1842988,49378
2291420,49379
2349830,49380
2084240,49381
2375160,49382
2313780,49383
2148170,49384
2427470,49385
2332930,49386
1658960,49387
2103480,49388
2294630,49389
1871770,49390
2433290,49391
2005984,49392
1423000,49393
1725340,49394
2417351,49395
1888450,49396
2362420,49397
1619210,49398
1730240,49399
1815511,49400
2391310,49401
2319390,49402
2260530,49403
2302820,49404
2165610,49405
2255970,49406
2002220,49407
2168240,49408
431520,49409
1634080,49410
1621631,49411
2420930,49412
2462780,49413
2119660,49414
1186660,49415
2344240,49416
2198680,49417
2166020,49418
1825940,49419
2403540,49420
2448581,49421
2369450,49422
2026000,49423
1879680,49424
2372380,49425
2056340,49426
2321094,49427
1840140,49428
2079320,49429
2398030,49430
2415540,49431
1455450,49432
2337630,49433
1649130,49434
2226700,49435
1611290,49436
1842983,49437
801920,49438
2229260,49439
1267210,49440
2243670,49441
1831700,49442
564980,49443
2065840,49444
2366470,49445
2412700,49446
2291030,49447
1442810,49448
2248120,49449
2321093,49450
2425410,49451
1837580,49452
1376070,49453
2332020,49454
2320970,49455
2360030,49456
2423830,49457
2387950,49458
2392060,49459
2404550,49460
2230180,49461
2298570,49462
2098230,49463
1538610,49464
2168200,49465
2345960,49466
2209380,49467
2406090,49468
1386210,49469
1439700,49470
1443056,49471
2107580,49472
1012450,49473
1065820,49474
1630690,49475
2298300,49476
694990,49477
1661600,49478
2087480,49479
2275650,49480
2394050,49481
2312030,49482
632040,49483
2427770,49484
1471970,49485
1778780,49486
1496331,49487
2303620,49488
2251020,49489
2298730,49490
2422150,49491
541910,49492
2300070,49493
2409690,49494
1280060,49495
2241580,49496
1422290,49497
2409810,49498
2068810,49499
2103620,49500
2161430,49501
941951,49502
2083600,49503
2279710,49504
2425010,49505
2228340,49506
1606350,49507
2395620,49508
2290200,49509
1279950,49510
2063510,49511
1806340,49512
2373850,49513
1923070,49514
2400590,49515
1254920,49516
1752090,49517
1822190,49518
1556727,49519
2080960,49520
2119270,49521
1957880,49522
892840,49523
2103020,49524
2196850,49525
2212500,49526
2397980,49527
2112360,49528
2235150,49529
2256600,49530
2270920,49531
2326960,49532
1640350,49533
1797993,49534
1979570,49535
2293480,49536
2389700,49537
1815290,49538
2097750,49539
2051750,49540
2221070,49541
2388820,49542
2156970,49543
2295860,49544
2466750,49545
1759650,49546
2201210,49547
2307630,49548
2336180,49549
334740,49550
1962520,49551
2074490,49552
2241200,49553
2449830,49554
2159240,49555
2112880,49556
2186780,49557
2354830,49558
2395260,49559
2026750,49560
2312250,49561
2191100,49562
1793560,49563
1889120,49564
2437760,49565
2443910,49566
1113140,49567
1692464,49568
1929480,49569
2358970,49570
2488153,49571
1833670,49572
2062520,49573
2151790,49574
2119730,49575
577320,49576
2390520,49577
360970,49578
1307460,49579
1132220,49580
2277780,49581
2378120,49582
258816,49583
1752060,49584
1800570,49585
2320570,49586
2423960,49587
2425050,49588
200189,49589
668790,49590
1641080,49591
2377780,49592
2423650,49593
686430,49594
1316760,49595
1753370,49596
2225430,49597
2428190,49598
1183010,49599
1867000,49600
2387030,49601
1116700,49602
1849440,49603
2063370,49604
2093220,49605
2259640,49606
2342210,49607
2345380,49608
1818240,49609
2236490,49610
2402100,49611
1608710,49612
1754460,49613
2298060,49614
2233980,49615
2417490,49616
455350,49617
1743930,49618
2184220,49619
2344820,49620
500220,49621
2058090,49622
2269730,49623
2396530,49624
2399770,49625
2409650,49626
2159520,49627
1347310,49628
1605460,49629
2159470,49630
2389240,49631
2396380,49632
2444270,49633
1061550,49634
2272290,49635
1814840,49636
1999470,49637
2270840,49638
1076014,49639
2171990,49640
2284390,49641
2345060,49642
840730,49643
946820,49644
1585650,49645
1686290,49646
2318280,49647
1022840,49648
1701130,49649
1568720,49650
1717290,49651
421770,49652
1969460,49653
2346890,49654
2417160,49655
2247790,49656
2296850,49657
2370380,49658
1597330,49659
1969010,49660
2373770,49661
313870,49662
2106760,49663
2426900,49664
1978380,49665
2154730,49666
2368510,49667
2379030,49668
2415120,49669
1344120,49670
1555570,49671
1745980,49672
1788890,49673
2241970,49674
2431490,49675
2352040,49676
1443058,49677
1527460,49678
1693680,49679
2017640,49680
2057830,49681
2102480,49682
2367290,49683
570110,49684
1680670,49685
2197020,49686
2368860,49687
1392710,49688
2144290,49689
2299920,49690
2354310,49691
2378190,49692
2416460,49693
1234270,49694
2103350,49695
2144260,49696
2398500,49697
985070,49698
2161600,49699
2327660,49700
1380260,49701
995650,49702
1793150,49703
2358600,49704
2398300,49705
2450480,49706
2184650,49707
2254900,49708
2281040,49709
2399360,49710
783720,49711
2074000,49712
2173890,49713
2231850,49714
2238740,49715
2095120,49716
2152780,49717
2381200,49718
1927810,49719
620790,49720
712070,49721
2134580,49722
769770,49723
870276,49724
1782810,49725
2003880,49726
2129030,49727
2133440,49728
2409200,49729
2458580,49730
1299740,49731
2415640,49732
2454020,49733
2271190,49734
1373770,49735
2284460,49736
2363920,49737
2447820,49738
2299790,49739
2381690,49740
2384310,49741
1443053,49742
1687210,49743
1890182,49744
2367360,49745
2288310,49746
2430410,49747
1168420,49748
2114770,49749
2345410,49750
2353511,49751
1363900,49752
2325190,49753
2166450,49754
2358790,49755
1189190,49756
2164790,49757
2118750,49758
2001110,49759
2109360,49760
1764240,49761
1977770,49762
2460050,49763
2026850,49764
2118160,49765
2390310,49766
2416750,49767
2426820,49768
2435930,49769
1345940,49770
1565090,49771
2427360,49772
1754220,49773
1937490,49774
2113030,49775
2145720,49776
2382260,49777
1849350,49778
2261940,49779
2353930,49780
2449840,49781
1816390,49782
2126940,49783
2154170,49784
2390070,49785
1961060,49786
2383850,49787
2098600,49788
820860,49789
1209520,49790
1782750,49791
1443020,49792
2249670,49793
2356690,49794
2181140,49795
2244150,49796
1320240,49797
1354750,49798
1941330,49799
2163800,49800
705240,49801
1949370,49802
2228040,49803
2415660,49804
1050160,49805
1188619,49806
2050830,49807
2315580,49808
1117890,49809
1448350,49810
2162720,49811
2345370,49812
2425070,49813
1804517,49814
1411970,49815
1999740,49816
2059290,49817
2126400,49818
1490590,49819
1952590,49820
2410740,49821
296510,49822
2379450,49823
2424230,49824
1314760,49825
2027970,49826
1340920,49827
1666070,49828
2364810,49829
2387010,49830
2439010,49831
1493260,49832
1755340,49833
2105450,49834
1595380,49835
1894500,49836
2072970,49837
824090,49838
2183110,49839
2242320,49840
2261660,49841
299460,49842
1203580,49843
1972640,49844
780710,49845
1313350,49846
1468250,49847
1571660,49848
2004760,49849
1148080,49850
1388010,49851
1734820,49852
1948090,49853
2080250,49854
2269330,49855
1978460,49856
2262620,49857
45730,49858
1624320,49859
2386460,49860
2447310,49861
1667180,49862
1819650,49863
1542630,49864
2159670,49865
2309630,49866
2364030,49867
2395370,49868
2446710,49869
922510,49870
2466740,49871
2280370,49872
2387810,49873
2157250,49874
2207500,49875
2231060,49876
2447410,49877
1187950,49878
2150820,49879
931980,49880
1271340,49881
1358370,49882
2090450,49883
2439510,49884
395920,49885
1520310,49886
1960780,49887
2026270,49888
457710,49889
224462,49890
2217560,49891
1622560,49892
1753550,49893
445992,49894
551840,49895
1470380,49896
1604450,49897
1894900,49898
2234890,49899
2366080,49900
925660,49901
954690,49902
2210800,49903
2287990,49904
1281930,49905
2251380,49906
2387800,49907
1443054,49908
1452020,49909
1478310,49910
686490,49911
1892240,49912
1932570,49913
2166630,49914
2359570,49915
2108060,49916
2138570,49917
1823540,49918
2175570,49919
791470,49920
1663390,49921
1861500,49922
2168563,49923
2416370,49924
301893,49925
1058960,49926
2288480,49927
899900,49928
2187940,49929
2339650,49930
1398300,49931
1095290,49932
1144370,49933
1563200,49934
1980010,49935
2334210,49936
2439730,49937
1224030,49938
2058850,49939
2283950,49940
2292210,49941
2321450,49942
2390860,49943
2114970,49944
2159500,49945
1507530,49946
2084460,49947
2367560,49948
2312220,49949
1993830,49950
2352971,49951
1366650,49952
2014690,49953
1439040,49954
1609580,49955
1267580,49956
1366850,49957
1589380,49958
1972820,49959
2011730,49960
2430790,49961
849140,49962
2391400,49963
2159870,49964
2183490,49965
2419080,49966
1739930,49967
2343200,49968
2142810,49969
2345040,49970
1747560,49971
717720,49972
2328160,49973
476480,49974
1709820,49975
2146600,49976
2168560,49977
1577050,49978
1724540,49979
762370,49980
1689010,49981
2205420,49982
2222110,49983
769780,49984
2116780,49985
2379730,49986
2407200,49987
393330,49988
860860,49989
2369410,49990
380740,49991
517190,49992
1281800,49993
2173870,49994
2226660,49995
2244550,49996
2312050,49997
2412050,49998
884030,49999
1999620,50000
2387020,50001
2392070,50002
2444000,50003
2017540,50004
2374010,50005
1730930,50006
2270970,50007
1950580,50008
2275420,50009
2340800,50010
2341540,50011
2423660,50012
1818340,50013
2419830,50014
1432480,50015
1918860,50016
2078070,50017
2179520,50018
3838,50019
1591680,50020
2413720,50021
2414690,50022
2079950,50023
2336590,50024
2375400,50025
2381620,50026
2384850,50027
2439000,50028
1798062,50029
2186490,50030
1348250,50031
1447570,50032
1484480,50033
2363700,50034
2437080,50035
691510,50036
1375880,50037
2153430,50038
2260560,50039
2286770,50040
2216040,50041
783260,50042
434610,50043
293980,50044
459040,50045
389690,50046
556570,50047
577380,50048
568690,50049
1729260,50050
2098960,50051
690850,50052
523840,50053
1808270,50054
1998300,50055
2089840,50056
2251110,50057
2302940,50058
1718700,50059
1434510,50060
608540,50061
1940490,50062
2219690,50063
667330,50064
437730,50065
671560,50066
543040,50067
783430,50068
891330,50069
1713200,50070
1541520,50071
1464190,50072
665080,50073
1844930,50074
913660,50075
1896010,50076
1200220,50077
1696400,50078
1861090,50079
2431320,50080
2367980,50081
2204810,50082
2303602,50083
2360070,50084
2362740,50085
2381160,50086
2187370,50087
2455180,50088
2358440,50089
2151430,50090
2219660,50091
1072030,50092
2161810,50093
2378760,50094
2340790,50095
2417990,50096
1927040,50097
2340010,50098
2430360,50099
2099370,50100
2436280,50101
1598990,50102
1985510,50103
1713170,50104
2170960,50105
2182110,50106
2407240,50107
1115110,50108
1356140,50109
1386770,50110
1534630,50111
1911590,50112
2337110,50113
2381010,50114
2417400,50115
989640,50116
1004230,50117
1571540,50118
2314110,50119
2255530,50120
2069340,50121
2282100,50122
2284180,50123
2289080,50124
2427280,50125
2239020,50126
2346810,50127
1705870,50128
1517390,50129
1893860,50130
1172830,50131
1824210,50132
2163140,50133
2430740,50134
2478270,50135
2365570,50136
2061460,50137
2290710,50138
2178970,50139
2375840,50140
2410980,50141
2225941,50142
2249950,50143
2319240,50144
2386590,50145
1522230,50146
1554910,50147
1812280,50148
1952780,50149
1880280,50150
2071780,50151
2404800,50152
2219180,50153
1807480,50154
2018340,50155
2171930,50156
2252143,50157
2156960,50158
2356930,50159
2373810,50160
1557760,50161
1848380,50162
1851010,50163
1836450,50164
1369410,50165
1428580,50166
1871430,50167
2101381,50168
2234930,50169
2310780,50170
2386610,50171
2414730,50172
2429760,50173
1913550,50174
1193460,50175
2308940,50176
2059580,50177
1598090,50178
2390510,50179
1873030,50180
2085910,50181
2126104,50182
2321092,50183
2387110,50184
658480,50185
1637520,50186
1938800,50187
2224420,50188
401800,50189
2279040,50190
2315620,50191
621840,50192
1647000,50193
1882750,50194
2431660,50195
1365490,50196
1881520,50197
1649430,50198
2266160,50199
1554670,50200
2121190,50201
1285100,50202
1487540,50203
1769780,50204
2238180,50205
2265680,50206
1371350,50207
232990,50208
2198030,50209
2270220,50210
1979160,50211
1347350,50212
1492430,50213
1722900,50214
1727260,50215
2225690,50216
2332460,50217
2399910,50218
1209170,50219
1698440,50220
1785320,50221
2321970,50222
2350030,50223
2382570,50224
422100,50225
715860,50226
1154350,50227
1794030,50228
1775470,50229
2255380,50230
1650300,50231
2027130,50232
2403430,50233
1836850,50234
1896450,50235
2123270,50236
2251410,50237
2359850,50238
2286540,50239
2229631,50240
2413160,50241
576210,50242
1367040,50243
1654280,50244
2334980,50245
2351770,50246
2405390,50247
891960,50248
1836140,50249
1073640,50250
2368650,50251
1531070,50252
1595410,50253
2133930,50254
2389250,50255
2441610,50256
1922340,50257
2157650,50258
2328960,50259
2399310,50260
1108390,50261
1402020,50262
1672040,50263
2071471,50264
2283360,50265
2471820,50266
776390,50267
2340030,50268
2385890,50269
1057281,50270
1831960,50271
1894790,50272
2347530,50273
1193560,50274
1683420,50275
2013030,50276
2277350,50277
1736670,50278
2244800,50279
2311140,50280
2413930,50281
2287390,50282
2315940,50283
2328890,50284
1710490,50285
2392040,50286
2413310,50287
2293360,50288
1638860,50289
1877160,50290
1197650,50291
2355750,50292
2406320,50293
2433380,50294
1994520,50295
2166200,50296
2363270,50297
2386250,50298
2205894,50299
2368430,50300
1373020,50301
1619140,50302
2194710,50303
2410690,50304
669750,50305
2176150,50306
2383700,50307
468020,50308
2245490,50309
2364090,50310
1860750,50311
2173180,50312
2183480,50313
786980,50314
2311320,50315
1040610,50316
2004550,50317
2389440,50318
2395760,50319
2424880,50320
2434030,50321
531860,50322
814870,50323
1324480,50324
2386480,50325
583634,50326
2244770,50327
2306930,50328
1371940,50329
2261972,50330
2319050,50331
2413660,50332
886380,50333
1090680,50334
1144290,50335
2301470,50336
2375830,50337
2388170,50338
2403280,50339
545720,50340
852020,50341
967370,50342
1308070,50343
1730310,50344
1923540,50345
2282220,50346
1378500,50347
2148750,50348
2195611,50349
2207630,50350
2316340,50351
2359950,50352
2398350,50353
1584700,50354
1612020,50355
1783470,50356
1846792,50357
1899700,50358
8170,50359
496900,50360
801340,50361
1945750,50362
1996500,50363
2177040,50364
2405450,50365
2423530,50366
790630,50367
1028893,50368
1579800,50369
1998950,50370
2252142,50371
2369470,50372
2405110,50373
688930,50374
1890480,50375
2326450,50376
797390,50377
1034740,50378
1404500,50379
1726200,50380
2441070,50381
1277920,50382
1434720,50383
1903510,50384
2399880,50385
1728180,50386
2275970,50387
2396620,50388
2097410,50389
2388520,50390
2398640,50391
1706610,50392
1725480,50393
2404760,50394
581340,50395
2225210,50396
2334490,50397
1090606,50398
1551290,50399
1609590,50400
1625370,50401
2148940,50402
2280140,50403
2322100,50404
891040,50405
1584420,50406
2136210,50407
1232020,50408
2316820,50409
1542460,50410
1599410,50411
2147580,50412
1603960,50413
1649280,50414
1998947,50415
2278300,50416
2388020,50417
1877190,50418
1917260,50419
2261981,50420
2327240,50421
1225360,50422
1552530,50423
705040,50424
1088945,50425
1313840,50426
1332120,50427
2024070,50428
2163220,50429
2394830,50430
1629190,50431
1710350,50432
2304940,50433
1966300,50434
495350,50435
1573350,50436
1150930,50437
1668650,50438
1980240,50439
2087390,50440
2373540,50441
2380490,50442
2257360,50443
2331690,50444
2406540,50445
947120,50446
1875980,50447
2192850,50448
2201660,50449
2336140,50450
2379620,50451
2383860,50452
587310,50453
1461130,50454
2394450,50455
1033340,50456
1176460,50457
2459460,50458
2415670,50459
2260800,50460
2380780,50461
354130,50462
846360,50463
1413630,50464
2426380,50465
964220,50466
1295730,50467
1385950,50468
1430980,50469
2435760,50470
2126102,50471
1955000,50472
2374340,50473
680040,50474
1722540,50475
1815340,50476
2313990,50477
262300,50478
618420,50479
1746220,50480
1953000,50481
2313910,50482
2330150,50483
2363370,50484
2391500,50485
1269960,50486
1424520,50487
1467340,50488
1828210,50489
1983120,50490
1691130,50491
1842800,50492
2200030,50493
2203480,50494
2253460,50495
2312040,50496
1020640,50497
1249650,50498
2304200,50499
2365200,50500
1610820,50501
2293380,50502
2375040,50503
2398310,50504
2446030,50505
1637251,50506
1717120,50507
1745471,50508
2229630,50509
603630,50510
1039470,50511
1058940,50512
1590130,50513
1843660,50514
1964140,50515
1984140,50516
2392580,50517
2406610,50518
1278090,50519
1423370,50520
1876460,50521
2086520,50522
2185290,50523
869480,50524
1391250,50525
1603780,50526
1802080,50527
2312130,50528
2351420,50529
2403570,50530
2421300,50531
1763510,50532
1982430,50533
2146680,50534
2356440,50535
455020,50536
474730,50537
1480910,50538
2104860,50539
2184110,50540
2357190,50541
2440970,50542
407080,50543
1639400,50544
1693180,50545
1713050,50546
1881800,50547
2385430,50548
2278390,50549
2443110,50550
1222720,50551
1588560,50552
1679840,50553
1720770,50554
1763900,50555
2167702,50556
2393660,50557
2394740,50558
2400740,50559
2405830,50560
1884990,50561
1922210,50562
727730,50563
1131660,50564
1590360,50565
1862180,50566
2060550,50567
2353910,50568
866150,50569
339110,50570
1831790,50571
2386850,50572
1048300,50573
1540330,50574
2252141,50575
2284510,50576
1041210,50577
1495940,50578
1708860,50579
1918260,50580
1872851,50581
1986470,50582
2183010,50583
2234020,50584
2239320,50585
1919350,50586
1937840,50587
2238240,50588
2317910,50589
2357640,50590
741320,50591
2431310,50592
1787050,50593
1953560,50594
2299730,50595
2334990,50596
2340910,50597
944750,50598
1364035,50599
2284230,50600
2383530,50601
2430100,50602
858180,50603
2396320,50604
2435890,50605
1260470,50606
2430220,50607
1797510,50608
2211250,50609
2359300,50610
2117780,50611
2197700,50612
876200,50613
1373080,50614
1988750,50615
2335720,50616
1452910,50617
1986820,50618
1582600,50619
1938990,50620
2062120,50621
2271420,50622
2310360,50623
2395360,50624
2423320,50625
947910,50626
2437890,50627
1782140,50628
2089590,50629
2250250,50630
1463060,50631
2207010,50632
2373440,50633
459240,50634
1710840,50635
1854940,50636
2125861,50637
2133330,50638
2207750,50639
2430380,50640
366800,50641
400250,50642
715890,50643
760200,50644
2338220,50645
2380860,50646
538880,50647
921070,50648
1424900,50649
258643,50650
1389950,50651
1666520,50652
1729290,50653
2057420,50654
1126650,50655
1228960,50656
1734270,50657
1998961,50658
2010380,50659
2387780,50660
2391040,50661
674130,50662
1998850,50663
2445960,50664
1823370,50665
2098870,50666
1816080,50667
2057170,50668
1536870,50669
2367500,50670
2440730,50671
1585500,50672
2025750,50673
2430990,50674
2349850,50675
522890,50676
945690,50677
2190230,50678
2386970,50679
2404770,50680
2417350,50681
2430370,50682
321390,50683
494120,50684
743670,50685
860730,50686
1553970,50687
1937550,50688
2055390,50689
2105940,50690
2272950,50691
921640,50692
1718780,50693
1732900,50694
2085570,50695
2431330,50696
609940,50697
1170370,50698
1613450,50699
1492320,50700
2269450,50701
2366530,50702
1250280,50703
2378460,50704
471630,50705
2239575,50706
2325150,50707
1232240,50708
2419450,50709
884220,50710
1464620,50711
1479610,50712
1953060,50713
2003060,50714
2432010,50715
668600,50716
2071510,50717
2446220,50718
2457970,50719
2399730,50720
1933680,50721
2446830,50722
2259154,50723
1956040,50724
1748750,50725
1967430,50726
2159530,50727
2234500,50728
2419040,50729
1454000,50730
541310,50731
1586990,50732
2384520,50733
2167703,50734
1941100,50735
1987220,50736
2179440,50737
962400,50738
2456710,50739
2464230,50740
2172900,50741
2283592,50742
2411910,50743
2278351,50744
2274480,50745
2131800,50746
2232650,50747
1925090,50748
1205040,50749
1924400,50750
1476200,50751
1913210,50752
2228030,50753
2394040,50754
2062690,50755
1664540,50756
1786010,50757
1849360,50758
2272330,50759
2269820,50760
2314650,50761
2348650,50762
2386990,50763
699130,50764
2206210,50765
1803390,50766
1410330,50767
2087910,50768
1881610,50769
1276740,50770
2327780,50771
2106910,50772
2351804,50773
2459810,50774
1998970,50775
1616110,50776
2159650,50777
637090,50778
1649240,50779
394510,50780
945360,50781
477160,50782
632470,50783
2183650,50784
1268750,50785
1599660,50786
250900,50787
920210,50788
1361510,50789
2021210,50790
2304400,50791
2291850,50792
1681600,50793
1421490,50794
2349040,50795
2392520,50796
1867510,50797
2222540,50798
2471100,50799
2506480,50800
2181610,50801
2288080,50802
2296550,50803
2292060,50804
1588720,50805
1813130,50806
1766060,50807
1497440,50808
1260320,50809
2218400,50810
1845670,50811
1852860,50812
2109300,50813
2180550,50814
2557060,50815
2531020,50816
363860,50817
2140650,50818
1504250,50819
2002870,50820
1876890,50821
2342950,50822
2082350,50823
2576780,50824
2576800,50825
2421890,50826
2064870,50827
2292650,50828
2008980,50829
2195430,50830
2531820,50831
1426440,50832
1895810,50833
1902690,50834
2446110,50835
1351210,50836
633080,50837
2205850,50838
2380280,50839
2515240,50840
2539960,50841
2059170,50842
1584940,50843
2407941,50844
2455060,50845
1627720,50846
1138640,50847
2515460,50848
1840710,50849
2400340,50850
1555150,50851
1479140,50852
1931730,50853
2502240,50854
2576790,50855
2246880,50856
1687000,50857
1692240,50858
2575460,50859
2441270,50860
2518220,50861
1407180,50862
1341490,50863
1597310,50864
2195250,50865
2362300,50866
2296380,50867
1272080,50868
1402110,50869
2272250,50870
2488510,50871
