건축년도,계약기간,계약구분,계약일,계약월,계약연도,보증금_만원,전용면적_m2,층,주택유형,지번,건물명,월세금_만원,종전보증금_만원,종전월세_만원,법정동코드,읍면동,갱신요구권사용,_구,_조회연월,계약일자,계약연월,전월세구분,주택연령,면적구간,동그룹,주소,위도,경도,동북권_전환율(%),환산보증금_만원,면적라벨,면적당가격_만원,log_면적당가격,z_면적당가격,이상치후보,도로명주소,지하철역거리_m,최근접역,종전환산보증금_만원,is_basement,학교거리_m,SK미래관거리,보문역거리,log_전용면적,전월세구분_전세,주택유형_연립,동그룹_안암동,최근접역_안암역,면적라벨_소형,면적라벨_중형,data_split
2001,26.01~28.01,갱신,23,1,2023,2000,48.84,2,연립,'87-1,성종그린빌,60,8000.0,25.0,11290,안암동1가, ,성북구,202301,2023-01-23,2023-01,월세,22,33㎡ 초과,안암동,서울특별시 성북구 안암동1가 87-1,37.5885002460396,127.020243888353,4.5,18000.0,대형,368.55036855036855,5.912287046525402,0.0265711556763384,False,서울 성북구 고려대로7길 56-10,329.65675434854785,보문역,14666.666666666668,0,869.5720219062839,1017.2665265417684,330.18323887487173,3.888549649242504,0,1,1,0,0,0,train
2019,23.02~25.02,신규,28,1,2023,1000,19.62,2,다세대,'105-3,E.SVill,50,,,11290,안암동1가, ,성북구,202301,2023-01-28,2023-01,월세,4,20㎡ 이하,안암동,서울특별시 성북구 안암동1가 105-3,37.5879341880433,127.020558833338,4.5,14333.333333333334,소형,730.5470608222902,6.595161553076083,-1.1472557697396042,False,서울 성북구 고려대로7다길 5,270.4954149793068,보문역,,0,805.0197178822772,964.6844828426848,274.14946234955704,2.976549454137217,0,0,1,0,1,0,train
2012,24.02~25.02,신규,4,1,2023,2000,14.13,6,다세대,'12-24,(12-24),70,,,11290,안암동5가, ,성북구,202301,2023-01-04,2023-01,월세,11,20㎡ 이하,안암동,서울특별시 성북구 안암동5가 12-24,37.5890048138564,127.029936464902,4.5,20666.666666666668,소형,1462.609105921208,7.2886606547171215,1.266895870351205,False,서울 성북구 고려대로27길 52-7,306.26710788830525,안암역,,0,525.5027062656495,525.5027062656495,978.315946177262,2.6483001966964363,0,0,1,1,1,0,train
1985,23.04~25.04,신규,8,1,2023,30000,111.54,3,연립,'54-3,(54-3),0,,,11290,안암동3가, ,성북구,202301,2023-01-08,2023-01,전세,38,33㎡ 초과,안암동,서울특별시 성북구 안암동3가 54-3,37.585388607642,127.023027545657,4.5,30000.0,대형,268.9618074233459,5.598280495005208,-0.64515211908878,False,서울 성북구 고려대로14길 24,267.0079737588122,보문역,,0,453.1904532749157,669.4808957237514,292.06942888916745,4.714383270961408,1,1,1,0,0,0,train
2012,23.02~24.02,신규,7,1,2023,2000,12.96,3,다세대,'15-55,큰소나무,63,,,11290,안암동5가, ,성북구,202301,2023-01-07,2023-01,월세,11,20㎡ 이하,안암동,서울특별시 성북구 안암동5가 15-55,37.5876435799279,127.029636220866,4.5,18800.0,소형,1450.617283950617,7.280433582095404,1.238256466470412,False,서울 성북구 고려대로27길 27,152.75493553055347,안암역,,0,379.4999345617588,379.4999345617588,903.9568111992396,2.561867690924129,0,0,1,1,1,0,train
2005,23.01~25.01,신규,7,1,2023,1000,72.52,2,다세대,'47,기원빌라,65,,,11290,안암동3가, ,성북구,202301,2023-01-07,2023-01,월세,18,33㎡ 초과,안암동,서울특별시 성북구 안암동3가 47,37.5847449790216,127.022346229739,4.5,18333.333333333336,대형,252.8038242323957,5.536561623064308,-0.7771812203105252,False,서울 성북구 고려대로12길 32,224.6377446161844,보문역,,0,463.6152471243175,720.1867794485319,248.5261000462212,4.283862385886651,0,0,1,0,0,0,train
2013,23.03~24.02,신규,11,1,2023,1000,13.7,3,다세대,'110-6,E&I,60,,,11290,안암동5가, ,성북구,202301,2023-01-11,2023-01,월세,10,20㎡ 이하,안암동,서울특별시 성북구 안암동5가 110-6,37.5812859176473,127.026938112,4.5,17000.0,소형,1240.8759124087592,7.124378348008386,0.695009909374026,False,서울 성북구 안암로 45,593.8686310018182,안암역,,0,168.44658047772734,459.1734550356916,793.9927513365587,2.617395832834079,0,0,1,1,1,0,train
2018,23.02~25.02,신규,6,1,2023,1000,14.67,3,다세대,'153-1,밀로바니,65,,,11290,안암동2가, ,성북구,202301,2023-01-06,2023-01,월세,5,20㎡ 이하,안암동,서울특별시 성북구 안암동2가 153-1,37.5860392528644,127.022360316217,4.5,18333.333333333336,소형,1249.715973642354,7.131471445234999,0.7197018120202335,False,서울 성북구 고려대로 28,214.91379352192595,보문역,,0,544.8687416035631,742.8538092609206,238.67775790395103,2.6858045921548905,0,0,1,0,1,0,train
2018,23.02~25.02,신규,31,1,2023,1000,14.67,3,다세대,'153-1,밀로바니,58,,,11290,안암동2가, ,성북구,202301,2023-01-31,2023-01,월세,5,20㎡ 이하,안암동,서울특별시 성북구 안암동2가 153-1,37.5860392528644,127.022360316217,4.5,16466.666666666668,소형,1122.4721654169507,7.024179316433703,0.3462053386988362,False,서울 성북구 고려대로 28,214.91379352192595,보문역,,0,544.8687416035631,742.8538092609206,238.67775790395103,2.6858045921548905,0,0,1,0,1,0,train
2011,23.02~24.02,신규,17,1,2023,1000,12.0,2,다세대,'102-93,theban,60,,,11290,안암동5가, ,성북구,202301,2023-01-17,2023-01,월세,12,20㎡ 이하,안암동,서울특별시 성북구 안암동5가 102-93,37.585020856236,127.02900534872,4.5,17000.0,소형,1416.6666666666667,7.256767606585524,1.155872432437302,False,서울 성북구 고려대로22길 25,144.46380952790796,안암역,,0,154.17784345135172,154.17784345135172,820.3812049019632,2.4849066497880004,0,0,1,1,1,0,train
2012,23.02~25.02,신규,16,1,2023,2000,14.5,2,다세대,'251,더에덴하우스,42,,,11290,안암동1가, ,성북구,202301,2023-01-16,2023-01,월세,11,20㎡ 이하,안암동,서울특별시 성북구 안암동1가 251,37.587470114433,127.02141636101,4.5,13200.0,소형,910.3448275862067,6.8149213411034095,-0.3822461951968699,False,서울 성북구 보문로26길 49,247.94887045818595,보문역,,0,715.3587141964363,874.5907531004768,259.71937808765875,2.6741486494265287,0,0,1,0,1,0,train
2013,23.02~25.02,신규,3,1,2023,21000,31.88,2,다세대,'199,태영빌,0,,,11290,보문동5가, ,성북구,202301,2023-01-03,2023-01,전세,10,20㎡ 초과~33㎡ 이하,보문동,서울특별시 성북구 보문동5가 199,37.5816530339054,127.020389097902,4.5,21000.0,중형,658.7202007528231,6.491815806879946,-0.4060648085875285,False,서울 성북구 보문로17길 14,433.7324459743769,보문역,,0,596.3475761496918,938.3173047476604,438.4174188879834,3.461978853922014,1,0,0,0,0,1,train
2013,23.01~24.01,갱신,9,1,2023,1000,13.7,4,다세대,'110-6,E&I,56,1000.0,56.0,11290,안암동5가, ,성북구,202301,2023-01-09,2023-01,월세,10,20㎡ 이하,안암동,서울특별시 성북구 안암동5가 110-6,37.5812859176473,127.026938112,4.5,15933.333333333334,소형,1163.0170316301703,7.059632260169019,0.4696211903735278,False,서울 성북구 안암로 45,593.8686310018182,안암역,15933.333333333334,0,168.44658047772734,459.1734550356916,793.9927513365587,2.617395832834079,0,0,1,1,1,0,train
2019,23.02~25.02,신규,2,1,2023,21000,22.93,3,다세대,'1,(1-0),0,,,11290,안암동3가, ,성북구,202301,2023-01-02,2023-01,전세,4,20㎡ 초과~33㎡ 이하,안암동,서울특별시 성북구 안암동3가 1,37.5848872840372,127.021657907378,4.5,21000.0,중형,915.8307893589184,6.820922928903236,0.2809019671853539,False,서울 성북구 고려대로8길 23,162.9308706233914,보문역,,0,524.8407681045904,781.8690399407386,186.4260778309082,3.132446096869813,1,0,1,0,0,1,train
2011,23.02~25.02,신규,5,1,2023,2000,19.92,2,다세대,'2-2,(2-2),37,,,11290,보문동2가, ,성북구,202301,2023-01-05,2023-01,월세,12,20㎡ 이하,보문동,서울특별시 성북구 보문동2가 2-2,37.5872920463973,127.017812694376,4.5,11866.666666666668,소형,595.7161981258367,6.391441620339972,-1.212060940083111,False,서울 성북구 지봉로23길 50,274.1288529809032,보문역,,0,951.2446356577402,1166.4026777308086,255.61189878310088,2.991724252156452,0,0,0,0,1,0,train
2014,23.02~25.02,신규,27,1,2023,1000,21.12,2,다세대,'367,동호빌,55,,,11290,보문동6가, ,성북구,202301,2023-01-27,2023-01,월세,9,20㎡ 초과~33㎡ 이하,보문동,서울특별시 성북구 보문동6가 367,37.5790715833329,127.020978553021,4.5,15666.666666666668,중형,741.7929292929293,6.6104173104414965,-0.054594007938993,False,서울 성북구 보문로13라길 10-13,724.5561482026494,보문역,,0,673.3733698394662,1020.7695847422764,729.9530572750207,3.050220458838061,0,0,0,0,0,1,train
2009,23.02~25.02,신규,16,1,2023,1000,23.05,3,다세대,'64-14,브라운힐,60,,,11290,보문동2가, ,성북구,202301,2023-01-16,2023-01,월세,14,20㎡ 초과~33㎡ 이하,보문동,서울특별시 성북구 보문동2가 64-14,37.5856569512716,127.017634437579,4.5,17000.0,중형,737.527114967462,6.604657817570208,-0.0716620341445032,False,서울 성북구 지봉로23길 13-22,209.1458695848564,보문역,,0,884.2999533409775,1143.6637587480527,184.0865759102006,3.1376657694426577,0,0,0,0,0,1,train
2017,23.02~25.02,신규,19,1,2023,1000,40.96,2,다세대,'257,예담,50,,,11290,안암동1가, ,성북구,202301,2023-01-19,2023-01,월세,6,33㎡ 초과,안암동,서울특별시 성북구 안암동1가 257,37.5875713021913,127.021381744077,4.5,14333.333333333334,대형,349.9348958333333,5.860600724305645,-0.0839963004927661,False,서울 성북구 고려대로7나길 14,256.28189450343564,보문역,,0,725.6451886923893,881.9633294670743,267.3157549089593,3.712595980731253,0,0,1,0,0,0,train
2017,23.02~25.02,신규,19,1,2023,6000,22.45,3,다세대,'74-4,(74-4),105,,,11290,보문동2가, ,성북구,202301,2023-01-19,2023-01,월세,6,20㎡ 초과~33㎡ 이하,보문동,서울특별시 성북구 보문동2가 74-4,37.5856076020013,127.018063978834,4.5,34000.0,중형,1514.476614699332,7.323485265629434,2.0585542878298946,False,서울 성북구 지봉로23길 13-9,171.06065159319274,보문역,,0,847.0480143176586,1105.4214813741974,146.01736067850436,3.1112906141882632,0,0,0,0,0,1,train
2011,23.02~25.02,신규,31,1,2023,1000,12.68,4,다세대,'15-5,MAIBAUM안암,42,,,11290,안암동4가, ,성북구,202301,2023-01-31,2023-01,월세,12,20㎡ 이하,안암동,서울특별시 성북구 안암동4가 15-5,37.5814227391357,127.023313771075,4.5,12200.0,소형,962.1451104100946,6.870204086230269,-0.1898004811347753,False,서울 성북구 안암로5길 54-4,543.0061961951634,보문역,,0,359.12045905585205,709.4755434538754,558.5006427801934,2.54002594900908,0,0,1,0,1,0,train
2018,23.02~25.02,신규,14,1,2023,1000,15.84,8,다세대,'114-1,(114-1),57,,,11290,보문동2가, ,성북구,202301,2023-01-14,2023-01,월세,5,20㎡ 이하,보문동,서울특별시 성북구 보문동2가 114-1,37.5846755232308,127.019214157549,4.5,16200.0,소형,1022.7272727272727,6.931205434898655,0.8566315549418438,False,서울 성북구 지봉로24길 9-1,118.8038179392723,보문역,,0,717.0682193311576,995.3503098289827,107.9784038078537,2.76253838638628,0,0,0,0,1,0,train
2019,23.02~25.02,신규,4,1,2023,13500,17.64,3,다세대,'1,(1-0),0,,,11290,안암동3가, ,성북구,202301,2023-01-04,2023-01,전세,4,20㎡ 이하,안암동,서울특별시 성북구 안암동3가 1,37.5848872840372,127.021657907378,4.5,13500.0,소형,765.3061224489795,6.641581727568584,-0.985661702610764,False,서울 성북구 고려대로8길 23,162.9308706233914,보문역,,0,524.8407681045904,781.8690399407386,186.4260778309082,2.870169050578645,1,0,1,0,1,0,train
2022,23.02~24.02,신규,31,1,2023,1000,28.28,2,다세대,'149-1,TheGoldCity,165,,,11290,안암동5가, ,성북구,202301,2023-01-31,2023-01,월세,1,20㎡ 초과~33㎡ 이하,안암동,서울특별시 성북구 안암동5가 149-1,37.5885579379589,127.028783897453,4.5,45000.0,중형,1591.2305516265913,7.372891174780014,1.687202895546139,False,서울 성북구 개운사2길 9,253.3616724327488,안암역,,0,497.0221536302352,497.0221536302352,865.4342293535547,3.342154841028372,0,0,1,1,0,1,train
2022,23.02~25.01,신규,30,1,2023,2000,28.28,5,다세대,'149-1,TheGoldCity,165,,,11290,안암동5가, ,성북구,202301,2023-01-30,2023-01,월세,1,20㎡ 초과~33㎡ 이하,안암동,서울특별시 성북구 안암동5가 149-1,37.5885579379589,127.028783897453,4.5,46000.0,중형,1626.5912305516265,7.394856428150146,1.743165818117944,False,서울 성북구 개운사2길 9,253.3616724327488,안암역,,0,497.0221536302352,497.0221536302352,865.4342293535547,3.342154841028372,0,0,1,1,0,1,train
2012,23.01~24.01,신규,28,1,2023,1000,20.45,2,다세대,'15-18,(15-18),63,,,11290,안암동5가, ,성북구,202301,2023-01-28,2023-01,월세,11,20㎡ 초과~33㎡ 이하,안암동,서울특별시 성북구 안암동5가 15-18,37.5885766181077,127.029394971863,4.5,17800.0,중형,870.4156479217604,6.770119070742402,0.1514642442192416,False,서울 성북구 개운사길 50,252.72475498357505,안암역,,0,485.4043348835692,485.4043348835692,916.1170435028008,3.017982882488811,0,0,1,1,0,1,train
2013,23.02~25.02,신규,25,1,2023,7000,12.15,4,다세대,'28,뉴스타안암,15,,,11290,안암동2가, ,성북구,202301,2023-01-25,2023-01,월세,10,20㎡ 이하,안암동,서울특별시 성북구 안암동2가 28,37.5872142206758,127.02148139002,4.5,11000.0,소형,905.3497942386832,6.809425317886983,-0.4013784960614527,False,서울 성북구 보문로26길 48,227.03527655410068,보문역,,0,690.9347463471147,858.20784474037,240.67128238702588,2.4973291697865574,0,0,1,0,1,0,train
2019,23.01~24.01,신규,12,1,2023,3000,12.12,3,다세대,'102-90,코윈,53,,,11290,안암동5가, ,성북구,202301,2023-01-12,2023-01,월세,4,20㎡ 이하,안암동,서울특별시 성북구 안암동5가 102-90,37.5846008086626,127.029023979843,4.5,17133.333333333336,소형,1413.641364136414,7.254631325045594,1.1484357860579275,False,서울 성북구 고려대로22길 35,190.66157151314,안암역,,0,134.2946021779898,134.2946021779898,826.7405875393961,2.494856980641168,0,0,1,1,1,0,train
2008,23.01~25.01,신규,4,1,2023,8000,13.16,2,다세대,'171,승민아트빌,0,,,11290,보문동5가, ,성북구,202301,2023-01-04,2023-01,전세,15,20㎡ 이하,보문동,서울특별시 성북구 보문동5가 171,37.5820315128318,127.020029181913,4.5,8000.0,소형,607.90273556231,6.411658543234277,-1.1345777973901492,False,서울 성북구 지봉로24길 70-10,390.32121984232265,보문역,,0,620.1795847194261,956.5315442239414,393.2946483718082,2.5771819258971718,1,0,0,0,1,0,train
2022,23.01~24.01,신규,7,1,2023,2000,28.19,4,다세대,'149-1,TheGoldCity,165,,,11290,안암동5가, ,성북구,202301,2023-01-07,2023-01,월세,1,20㎡ 초과~33㎡ 이하,안암동,서울특별시 성북구 안암동5가 149-1,37.5885579379589,127.028783897453,4.5,46000.0,중형,1631.7843206810926,7.398042008730942,1.7512820185726017,False,서울 성북구 개운사2길 9,253.3616724327488,안암역,,0,497.0221536302352,497.0221536302352,865.4342293535547,3.338967305126021,0,0,1,1,0,1,train
2011,23.01~25.01,신규,7,1,2023,1000,12.68,2,다세대,'15-5,MAIBAUM안암,45,,,11290,안암동4가, ,성북구,202301,2023-01-07,2023-01,월세,12,20㎡ 이하,안암동,서울특별시 성북구 안암동4가 15-5,37.5814227391357,127.023313771075,4.5,13000.0,소형,1025.236593059937,6.933653596671498,0.0310747000041553,False,서울 성북구 안암로5길 54-4,543.0061961951634,보문역,,0,359.12045905585205,709.4755434538754,558.5006427801934,2.54002594900908,0,0,1,0,1,0,train
2013,23.02~24.02,신규,5,1,2023,1000,13.99,3,다세대,'102-91,(102-91),63,,,11290,안암동5가, ,성북구,202301,2023-01-05,2023-01,월세,10,20㎡ 이하,안암동,서울특별시 성북구 안암동5가 102-91,37.5847491130107,127.029020414455,4.5,17800.0,소형,1272.337383845604,7.149396593958031,0.7821013552729608,False,서울 성북구 고려대로22길 31,174.28917605071155,안암역,,0,139.61355973925984,139.61355973925984,824.4621698790479,2.63834278867739,0,0,1,1,1,0,train
2013,23.05~24.05,신규,10,2,2023,9000,35.75,4,다세대,'199,태영빌,35,,,11290,보문동5가, ,성북구,202302,2023-02-10,2023-02,월세,10,33㎡ 초과,보문동,서울특별시 성북구 보문동5가 199,37.5816530339054,127.020389097902,4.8,17750.0,대형,496.5034965034965,6.209602584721682,0.1199934318114962,False,서울 성북구 보문로17길 14,433.7324459743769,보문역,,0,596.3475761496918,938.3173047476604,438.4174188879834,3.5765502691400166,0,0,0,0,0,0,train
2002,23.03~25.03,신규,26,2,2023,16537,44.33,3,다세대,'1-5,재성주택,0,,,11290,보문동2가, ,성북구,202302,2023-02-26,2023-02,전세,21,33㎡ 초과,보문동,서울특별시 성북구 보문동2가 1-5,37.587555071862,127.017641678685,4.8,16537.0,대형,373.04308594631175,5.924370993844173,-0.620449740083227,False,서울 성북구 지봉로23길 56,305.66584382578367,보문역,,0,979.5726361121102,1189.423025025264,287.66387327886355,3.7916616487569614,1,0,0,0,0,0,train
2012,23.02~24.02,신규,23,2,2023,2000,12.36,4,다세대,'15-55,큰소나무,70,,,11290,안암동5가, ,성북구,202302,2023-02-23,2023-02,월세,11,20㎡ 이하,안암동,서울특별시 성북구 안암동5가 15-55,37.5876435799279,127.029636220866,4.8,19500.0,소형,1577.6699029126214,7.364337937880511,1.5303373612402276,False,서울 성북구 고려대로27길 27,152.75493553055347,안암역,,0,379.4999345617588,379.4999345617588,903.9568111992396,2.514465452029545,0,0,1,1,1,0,train
2012,23.02~24.02,신규,20,2,2023,2000,12.36,4,다세대,'15-55,큰소나무,60,,,11290,안암동5가, ,성북구,202302,2023-02-20,2023-02,월세,11,20㎡ 이하,안암동,서울특별시 성북구 안암동5가 15-55,37.5876435799279,127.029636220866,4.8,17000.0,소형,1375.4045307443366,7.227229965653112,1.0530484430007527,False,서울 성북구 고려대로27길 27,152.75493553055347,안암역,,0,379.4999345617588,379.4999345617588,903.9568111992396,2.514465452029545,0,0,1,1,1,0,train
2012,23.02~25.02,신규,18,2,2023,1000,47.08,6,다세대,'15-55,큰소나무,25,,,11290,안암동5가, ,성북구,202302,2023-02-18,2023-02,월세,11,33㎡ 초과,안암동,서울특별시 성북구 안암동5가 15-55,37.5876435799279,127.029636220866,4.8,7250.0,대형,153.99320305862364,5.043381264723067,-1.8321933649648,False,서울 성북구 고려대로27길 27,152.75493553055347,안암역,,0,379.4999345617588,379.4999345617588,903.9568111992396,3.851848282392076,0,0,1,1,0,0,train
2012,23.02~24.01,신규,1,2,2023,2000,12.36,5,다세대,'15-55,큰소나무,60,,,11290,안암동5가, ,성북구,202302,2023-02-01,2023-02,월세,11,20㎡ 이하,안암동,서울특별시 성북구 안암동5가 15-55,37.5876435799279,127.029636220866,4.8,17000.0,소형,1375.4045307443366,7.227229965653112,1.0530484430007527,False,서울 성북구 고려대로27길 27,152.75493553055347,안암역,,0,379.4999345617588,379.4999345617588,903.9568111992396,2.514465452029545,0,0,1,1,1,0,train
2011,23.02~25.02,신규,2,2,2023,2000,20.47,3,다세대,'2-2,(2-2),45,,,11290,보문동2가, ,성북구,202302,2023-02-02,2023-02,월세,12,20㎡ 초과~33㎡ 이하,보문동,서울특별시 성북구 보문동2가 2-2,37.5872920463973,127.017812694376,4.8,13250.0,중형,647.2887151929654,6.474336145262468,-0.4578650849691184,False,서울 성북구 지봉로23길 50,274.1288529809032,보문역,,0,951.2446356577402,1166.4026777308086,255.61189878310088,3.018960399673198,0,0,0,0,0,1,train
2011,23.02~25.02,신규,18,2,2023,1000,14.7,4,다세대,'2-2,(2-2),45,,,11290,보문동2가, ,성북구,202302,2023-02-18,2023-02,월세,12,20㎡ 이하,보문동,서울특별시 성북구 보문동2가 2-2,37.5872920463973,127.017812694376,4.8,12250.0,소형,833.3333333333334,6.7266330027636645,0.0725896395113554,False,서울 성북구 지봉로23길 50,274.1288529809032,보문역,,0,951.2446356577402,1166.4026777308086,255.61189878310088,2.6878474937846906,0,0,0,0,1,0,train
2012,23.02~24.02,신규,4,2,2023,2000,14.45,3,다세대,'251,더에덴하우스,42,,,11290,안암동1가, ,성북구,202302,2023-02-04,2023-02,월세,11,20㎡ 이하,안암동,서울특별시 성북구 안암동1가 251,37.587470114433,127.02141636101,4.8,12500.0,소형,865.0519031141869,6.76394484107844,-0.5597013654345214,False,서울 성북구 보문로26길 49,247.94887045818595,보문역,,0,715.3587141964363,874.5907531004768,259.71937808765875,2.670694414558441,0,0,1,0,1,0,train
2016,23.03~25.03,신규,28,2,2023,25000,49.35,2,다세대,'232-1,주함해븐빌(A동),0,,,11290,보문동5가, ,성북구,202302,2023-02-28,2023-02,전세,7,33㎡ 초과,보문동,서울특별시 성북구 보문동5가 232-1,37.580820283928,127.020165051172,4.8,25000.0,대형,506.5856129685917,6.22966539219307,0.1720752112368581,False,서울 성북구 보문로15길 24,525.1901076345816,보문역,,0,641.2645793418986,989.4953288519656,528.4894722243123,3.8989377658794906,1,0,0,0,0,0,train
2011,23.04~25.04,신규,24,2,2023,1000,12.68,3,다세대,'15-5,MAIBAUM안암,47,,,11290,안암동4가, ,성북구,202302,2023-02-24,2023-02,월세,12,20㎡ 이하,안암동,서울특별시 성북구 안암동4가 15-5,37.5814227391357,127.023313771075,4.8,12750.0,소형,1005.5205047318613,6.914254617184168,-0.036455420849075,False,서울 성북구 안암로5길 54-4,543.0061961951634,보문역,,0,359.12045905585205,709.4755434538754,558.5006427801934,2.54002594900908,0,0,1,0,1,0,train
2012,23.04~25.04,신규,13,2,2023,1000,12.79,3,다세대,'74-11,베데스타2,47,,,11290,보문동2가, ,성북구,202302,2023-02-13,2023-02,월세,11,20㎡ 이하,보문동,서울특별시 성북구 보문동2가 74-11,37.5854865875137,127.018136522855,4.8,12750.0,소형,996.87255668491,6.905625569444775,0.75859446119658,False,서울 성북구 지봉로23길 5-8,164.62556409820291,보문역,,0,836.2084060729292,1097.3868311308154,139.76782674161174,2.548663615590751,0,0,0,0,1,0,train
2011,23.03~25.03,신규,28,2,2023,1000,19.92,2,다세대,'2-2,(2-2),55,,,11290,보문동2가, ,성북구,202302,2023-02-28,2023-02,월세,12,20㎡ 이하,보문동,서울특별시 성북구 보문동2가 2-2,37.5872920463973,127.017812694376,4.8,14750.0,소형,740.4618473895582,6.608623706969741,-0.3796914100281889,False,서울 성북구 지봉로23길 50,274.1288529809032,보문역,,0,951.2446356577402,1166.4026777308086,255.61189878310088,2.991724252156452,0,0,0,0,1,0,train
2004,23.03~25.03,신규,11,2,2023,6000,64.57,2,다세대,'23,(24),80,,,11290,보문동5가, ,성북구,202302,2023-02-11,2023-02,월세,19,33㎡ 초과,보문동,서울특별시 성북구 보문동5가 23,37.5834985585022,127.01863498262,4.8,26000.0,대형,402.6637757472511,6.000582293209258,-0.4226100265280209,False,서울 성북구 지봉로20길 33,257.2079686520335,보문역,,0,741.1945179625328,1049.308557102756,248.36185529687384,4.167749906638376,0,0,0,0,0,0,train
2003,23.04~25.04,신규,28,2,2023,26500,54.21,4,다세대,'46,청기와빌라(46-0),0,,,11290,보문동6가, ,성북구,202302,2023-02-28,2023-02,전세,20,33㎡ 초과,보문동,서울특별시 성북구 보문동6가 46,37.5816179646149,127.018888450546,4.8,26500.0,대형,488.839697472791,6.194078189565374,0.0796930837472454,False,서울 성북구 지봉로20길 74-12,447.2263871549597,보문역,,0,726.770827311255,1065.771625550109,444.4166293830477,3.992865393272247,1,0,0,0,0,0,train
1997,23.04~25.04,신규,13,2,2023,14700,52.96,4,다세대,'134-1,장백주택,0,,,11290,안암동3가, ,성북구,202302,2023-02-13,2023-02,전세,26,33㎡ 초과,안암동,서울특별시 성북구 안암동3가 134-1,37.5831600751501,127.024011605849,4.8,14700.0,대형,277.5679758308157,5.629662107972186,-0.5780205266823909,False,서울 성북구 보문로18길 54-1,441.4396196446324,보문역,,0,266.359959733537,585.6253038941029,462.8411154996926,3.9695369116287527,1,0,1,0,0,0,train
2017,23.03~25.02,신규,17,2,2023,1000,18.56,2,다세대,'5-4,(5-4),62,,,11290,안암동1가, ,성북구,202302,2023-02-17,2023-02,월세,6,20㎡ 이하,안암동,서울특별시 성북구 안암동1가 5-4,37.5888786683193,127.019679116523,4.8,16500.0,소형,889.0086206896552,6.791231148847427,-0.4647145305609878,False,서울 성북구 고려대로7마길 9,372.15363711536713,보문역,,0,934.3420092081054,1080.8908992522204,369.036663346123,2.9210087273580543,0,0,1,0,1,0,train
1997,23.02~25.02,신규,15,2,2023,1000,48.42,4,연립,'103-125,(103-125),120,,,11290,안암동5가, ,성북구,202302,2023-02-15,2023-02,월세,26,33㎡ 초과,안암동,서울특별시 성북구 안암동5가 103-125,37.5849276822978,127.030480316289,4.8,31000.0,대형,640.2313093762907,6.463390248888715,1.2054919330704412,False,서울 성북구 고려대로24가길 14-21,188.70404179226668,안암역,,0,69.81663518882324,69.81663518882324,950.760026363707,3.8799129515099127,0,1,1,1,0,0,train
2001,23.03~25.02,신규,21,2,2023,8000,24.32,5,다세대,'87-1,성종그린빌,35,,,11290,안암동1가, ,성북구,202302,2023-02-21,2023-02,월세,22,20㎡ 초과~33㎡ 이하,안암동,서울특별시 성북구 안암동1가 87-1,37.5885002460396,127.020243888353,4.8,16750.0,중형,688.733552631579,6.536305367407622,-0.4442447128075707,False,서울 성북구 고려대로7길 56-10,329.65675434854785,보문역,,0,869.5720219062839,1017.2665265417684,330.18323887487173,3.1912990570979662,0,0,1,0,0,1,train
2013,23.03~25.03,신규,24,2,2023,14000,22.68,1,다세대,'3-15,해마루,0,,,11290,보문동1가, ,성북구,202302,2023-02-24,2023-02,전세,10,20㎡ 초과~33㎡ 이하,보문동,서울특별시 성북구 보문동1가 3-15,37.5880247363267,127.018952681536,4.8,14000.0,중형,617.283950617284,6.426947818953301,-0.5982984900197822,False,서울 성북구 보문로30길 12-11,291.21387759176537,보문역,,0,916.6989953998028,1098.5570071510106,282.2828484896454,3.121483478859551,1,0,0,0,0,1,train
1993,23.03~24.03,신규,13,2,2023,4000,41.13,2,다세대,'29-3,(29-3),55,,,11290,안암동4가, ,성북구,202302,2023-02-13,2023-02,월세,30,33㎡ 초과,안암동,서울특별시 성북구 안암동4가 29-3,37.5805495118194,127.025834715366,4.8,17750.0,대형,431.55847313396544,6.069717515231116,0.3633466448336367,False,서울 성북구 안암로 31-5,706.8330305921122,안암역,,0,270.4916743569961,585.5965443337467,775.0699554946127,3.716737782242333,0,0,1,1,0,0,train
1995,23.03~25.03,신규,11,2,2023,13000,76.14,1,연립,'23-2,(23-2),50,,,11290,안암동4가, ,성북구,202302,2023-02-11,2023-02,월세,28,33㎡ 초과,안암동,서울특별시 성북구 안암동4가 23-2,37.5812321271456,127.026141869986,4.8,25500.0,대형,334.9093774625689,5.816841413652108,-0.1776062819130652,False,서울 성북구 안암로9가길 9-26,626.6578560096972,안암역,,0,190.0326104790797,513.6663332510332,742.8419388657383,4.332573750954351,0,1,1,1,0,0,train
2002,23.03~25.03,신규,17,2,2023,1000,27.72,2,다세대,'74-5,승화빌,70,,,11290,보문동2가, ,성북구,202302,2023-02-17,2023-02,월세,21,20㎡ 초과~33㎡ 이하,보문동,서울특별시 성북구 보문동2가 74-5,37.5855547382236,127.017903081971,4.8,18500.0,중형,667.3881673881674,6.504869093674307,-0.3673819165251354,False,서울 성북구 지봉로23길 13-11,185.0868867414957,보문역,,0,858.1280943493584,1118.7296200670005,160.10005084563207,3.3221541743217022,0,0,0,0,0,1,train
2011,23.02~24.02,갱신,20,2,2023,1000,19.92,3,다세대,'2-2,(2-2),53,1000.0,53.0,11290,보문동2가,사용,성북구,202302,2023-02-20,2023-02,월세,12,20㎡ 이하,보문동,서울특별시 성북구 보문동2가 2-2,37.5872920463973,127.017812694376,4.8,14250.0,소형,715.3614457831325,6.574184852131932,-0.5116813630754843,False,서울 성북구 지봉로23길 50,274.1288529809032,보문역,14250.0,0,951.2446356577402,1166.4026777308086,255.61189878310088,2.991724252156452,0,0,0,0,1,0,train
2013,23.02~25.02,신규,4,2,2023,3000,17.5,4,다세대,'3-15,해마루,70,,,11290,보문동1가, ,성북구,202302,2023-02-04,2023-02,월세,10,20㎡ 이하,보문동,서울특별시 성북구 보문동1가 3-15,37.5880247363267,127.018952681536,4.8,20500.0,소형,1171.428571428571,7.066832578574398,1.3764345626204488,False,서울 성북구 보문로30길 12-11,291.21387759176537,보문역,,0,916.6989953998028,1098.5570071510106,282.2828484896454,2.862200880929469,0,0,0,0,1,0,train
2015,23.02~25.02,신규,18,2,2023,2000,27.32,4,다세대,'6,동은빌,90,,,11290,안암동1가, ,성북구,202302,2023-02-18,2023-02,월세,8,20㎡ 초과~33㎡ 이하,안암동,서울특별시 성북구 안암동1가 6,37.5890312632611,127.019877185804,4.8,24500.0,중형,896.7789165446559,6.799923842606571,0.2274006384869629,False,서울 성북구 보문로30길 40-6,388.181701625532,보문역,,0,934.8834971736508,1073.7372462605574,386.2352745429992,3.307619034702589,0,0,1,0,0,1,train
1995,23.02~23.04,신규,28,2,2023,1500,55.07,-1,연립,'133-3,기주빌라,100,,,11290,안암동3가, ,성북구,202302,2023-02-28,2023-02,월세,28,33㎡ 초과,안암동,서울특별시 성북구 안암동3가 133-3,37.5832997343531,127.023538296672,4.8,26500.0,대형,481.2057381514436,6.178370865617046,0.5957780510641678,False,서울 성북구 고려대로12길 65-4,398.9539174314005,보문역,,1,310.06062145489494,623.4512725172118,419.9643717062827,4.00860510327439,0,1,1,0,0,0,train
2022,23.02~25.02,신규,9,2,2023,28000,26.55,5,다세대,'134-11,탑스하우징,0,,,11290,보문동7가, ,성북구,202302,2023-02-09,2023-02,전세,1,20㎡ 초과~33㎡ 이하,보문동,서울특별시 성북구 보문동7가 134-11,37.5796315517269,127.021476041454,4.8,28000.0,중형,1054.6139359698682,6.961877806483923,0.9869450807813752,False,서울 성북구 보문로13나길 8-5,669.8658248177488,보문역,,0,600.896659962064,949.632077083748,677.1314730927518,3.279029747687948,1,0,0,0,0,1,train
2014,23.02~25.02,신규,8,2,2023,5000,15.57,4,다세대,'75-10,(75-10),45,,,11290,보문동2가, ,성북구,202302,2023-02-08,2023-02,월세,9,20㎡ 이하,보문동,서울특별시 성북구 보문동2가 75-10,37.5851695046946,127.018287932064,4.8,16250.0,소형,1043.6737315350033,6.951459897021738,0.9342585700448218,False,서울 성북구 지봉로 175-2,156.7330223806902,보문역,,0,811.6415388512596,1080.421392750233,133.449606038057,2.745345985845907,0,0,0,0,1,0,train
2008,23.03~25.03,신규,25,2,2023,7000,12.04,4,다세대,'171,승민아트빌,0,,,11290,보문동5가, ,성북구,202302,2023-02-25,2023-02,전세,15,20㎡ 이하,보문동,서울특별시 성북구 보문동5가 171,37.5820315128318,127.020029181913,4.8,7000.0,소형,581.3953488372093,6.36714951065074,-1.3051625961167308,False,서울 성북구 지봉로24길 70-10,390.32121984232265,보문역,,0,620.1795847194261,956.5315442239414,393.2946483718082,2.488234439880675,1,0,0,0,1,0,train
2011,23.02~24.02,신규,24,2,2023,1000,12.21,4,다세대,'149-2,그린빌,67,,,11290,안암동5가, ,성북구,202302,2023-02-24,2023-02,월세,12,20㎡ 이하,안암동,서울특별시 성북구 안암동5가 149-2,37.58838710205,127.028815534165,4.8,17750.0,소형,1453.7264537264537,7.2825731576188515,1.2457045795924124,False,서울 성북구 개운사길 41-6,234.16346400024963,안암역,,0,478.0887089357085,478.0887089357085,860.8915850081194,2.502255288122613,0,0,1,1,1,0,train
1995,23.04~25.04,신규,26,2,2023,14000,37.41,-1,다세대,'133-3,기주빌라,0,,,11290,안암동3가, ,성북구,202302,2023-02-26,2023-02,전세,28,33㎡ 초과,안암동,서울특별시 성북구 안암동3가 133-3,37.5832997343531,127.023538296672,4.8,14000.0,대형,374.23148890670944,5.9275431392680495,0.0592070116086384,False,서울 성북구 고려대로12길 65-4,398.9539174314005,보문역,,1,310.06062145489494,623.4512725172118,419.9643717062827,3.621938048360055,1,0,1,0,0,0,train
2002,23.03~25.03,신규,26,2,2023,16537,44.33,3,다세대,'1-5,재성주택,0,,,11290,보문동2가, ,성북구,202302,2023-02-26,2023-02,전세,21,33㎡ 초과,보문동,서울특별시 성북구 보문동2가 1-5,37.587555071862,127.017641678685,4.8,16537.0,대형,373.04308594631175,5.924370993844173,-0.620449740083227,False,서울 성북구 지봉로23길 56,305.66584382578367,보문역,,0,979.5726361121102,1189.423025025264,287.66387327886355,3.7916616487569614,1,0,0,0,0,0,train
2017,23.02~25.02,신규,15,2,2023,3000,22.45,3,다세대,'74-4,(74-4),110,,,11290,보문동2가, ,성북구,202302,2023-02-15,2023-02,월세,6,20㎡ 초과~33㎡ 이하,보문동,서울특별시 성북구 보문동2가 74-4,37.5856076020013,127.018063978834,4.8,30500.0,중형,1358.574610244989,7.214927143217604,1.736846644543685,False,서울 성북구 지봉로23길 13-9,171.06065159319274,보문역,,0,847.0480143176586,1105.4214813741974,146.01736067850436,3.1112906141882632,0,0,0,0,0,1,train
1997,23.03~25.03,신규,20,2,2023,17000,41.4,2,다세대,'134-1,장백주택,0,,,11290,안암동3가, ,성북구,202302,2023-02-20,2023-02,전세,26,33㎡ 초과,안암동,서울특별시 성북구 안암동3가 134-1,37.5831600751501,127.024011605849,4.8,17000.0,대형,410.62801932367154,6.020120075801534,0.2572477297877166,False,서울 성북구 보문로18길 54-1,441.4396196446324,보문역,,0,266.359959733537,585.6253038941029,462.8411154996926,3.7232808808312687,1,0,1,0,0,0,train
2013,23.02~24.02,신규,18,2,2023,1000,13.99,3,다세대,'102-91,(102-91),63,,,11290,안암동5가, ,성북구,202302,2023-02-18,2023-02,월세,10,20㎡ 이하,안암동,서울특별시 성북구 안암동5가 102-91,37.5847491130107,127.029020414455,4.8,16750.0,소형,1197.2837741243743,7.08864562385105,0.5706201092643832,False,서울 성북구 고려대로22길 31,174.28917605071155,안암역,,0,139.61355973925984,139.61355973925984,824.4621698790479,2.63834278867739,0,0,1,1,1,0,train
2013,23.02~25.02,신규,18,2,2023,500,12.52,3,다세대,'132,그린빌,45,,,11290,안암동2가, ,성북구,202302,2023-02-18,2023-02,월세,10,20㎡ 이하,안암동,서울특별시 성북구 안암동2가 132,37.5866939630274,127.023043911887,4.8,11750.0,소형,938.4984025559106,6.845346118539047,-0.2763339796340286,False,서울 성북구 고려대로7가길 38,296.9666022587233,보문역,,0,555.8771787619684,708.8780628975502,318.87528882000805,2.5273273656719524,0,0,1,0,1,0,train
2002,23.02~24.02,신규,16,2,2023,1000,38.39,6,다세대,'147-5,원영스위트,120,,,11290,안암동5가, ,성북구,202302,2023-02-16,2023-02,월세,21,33㎡ 초과,안암동,서울특별시 성북구 안암동5가 147-5,37.5875358648882,127.029098487257,4.8,31000.0,대형,807.5019536337588,6.695183095382528,1.701343529669816,False,서울 성북구 개운사길 27,137.1135231296652,안암역,,0,380.41481718245205,380.41481718245205,855.0883665312471,3.6477970090127054,0,0,1,1,0,0,train
2022,23.02~25.02,신규,13,2,2023,2000,27.25,5,다세대,'149-1,TheGoldCity,165,,,11290,안암동5가, ,성북구,202302,2023-02-13,2023-02,월세,1,20㎡ 초과~33㎡ 이하,안암동,서울특별시 성북구 안암동5가 149-1,37.5885579379589,127.028783897453,4.8,43250.0,중형,1587.1559633027523,7.3703288506511555,1.6806746236245345,False,서울 성북구 개운사2길 9,253.3616724327488,안암역,,0,497.0221536302352,497.0221536302352,865.4342293535547,3.305053521109253,0,0,1,1,0,1,train
1985,23.04~25.04,갱신,11,2,2023,24000,110.72,1,연립,'54-4,(54-4),0,23000.0,0.0,11290,안암동3가,사용,성북구,202302,2023-02-11,2023-02,전세,38,33㎡ 초과,안암동,서울특별시 성북구 안암동3가 54-4,37.5851939053499,127.02301571097,4.8,24000.0,대형,216.7630057803468,5.383407341987296,-1.104809082631517,False,서울 성북구 고려대로14길 28,268.2248670502166,보문역,23000.0,0,440.5886666304425,666.9389558384676,293.24380452913067,4.707004491869359,1,1,1,0,0,0,train
2013,23.02~24.02,신규,7,2,2023,1000,13.94,1,다세대,'102-91,(102-91),58,,,11290,안암동5가, ,성북구,202302,2023-02-07,2023-02,월세,10,20㎡ 이하,안암동,서울특별시 성북구 안암동5가 102-91,37.5847491130107,127.029020414455,4.8,15500.0,소형,1111.9081779053083,7.014731848236421,0.3133175948081764,False,서울 성북구 고려대로22길 31,174.28917605071155,안암역,,0,139.61355973925984,139.61355973925984,824.4621698790479,2.6347624053323777,0,0,1,1,1,0,train
2002,23.02~25.02,신규,8,2,2023,3000,72.14,3,다세대,'74-8,대원빌2,100,,,11290,보문동2가, ,성북구,202302,2023-02-08,2023-02,월세,21,33㎡ 초과,보문동,서울특별시 성북구 보문동2가 74-8,37.5853213287708,127.017651794066,4.8,28000.0,대형,388.134183532021,5.963924228951056,-0.5177720430892244,False,서울 성북구 지봉로21길 10,208.66767556109943,보문역,,0,870.143089712503,1137.8216141985497,184.1639157483819,4.278608675475393,0,0,0,0,0,0,train
1995,23.02~25.02,갱신,6,2,2023,22000,60.59,1,연립,'133-3,기주빌라,0,22000.0,0.0,11290,안암동3가, ,성북구,202302,2023-02-06,2023-02,전세,28,33㎡ 초과,안암동,서울특별시 성북구 안암동3가 133-3,37.5832997343531,127.023538296672,4.8,22000.0,대형,363.0962204984321,5.897418174733202,-0.0052363566318148,False,서울 성북구 고려대로12길 65-4,398.9539174314005,보문역,22000.0,0,310.06062145489494,623.4512725172118,419.9643717062827,4.104129862956897,1,1,1,0,0,0,train
2002,23.02~25.02,신규,4,2,2023,5000,54.985,4,다세대,'74-5,승화빌,100,,,11290,보문동2가, ,성북구,202302,2023-02-04,2023-02,월세,21,33㎡ 초과,보문동,서울특별시 성북구 보문동2가 74-5,37.5855547382236,127.017903081971,4.8,30000.0,대형,545.6033463671911,6.303723395625229,0.3643251047244532,False,서울 성북구 지봉로23길 13-11,185.0868867414957,보문역,,0,858.1280943493584,1118.7296200670005,160.10005084563207,4.0070604207628975,0,0,0,0,0,0,train
1994,23.03~25.03,신규,2,2,2023,15000,37.71,2,다세대,'119-7,(119-7),0,,,11290,안암동2가, ,성북구,202302,2023-02-02,2023-02,전세,29,33㎡ 초과,안암동,서울특별시 성북구 안암동2가 119-7,37.5865918501353,127.024535900058,4.8,15000.0,대형,397.7724741447892,5.988391014002439,0.1893728743309434,False,서울 성북구 고려대로7가길 66,415.12681864229165,안암역,,0,474.25771502479415,584.0615678919718,439.5910187345864,3.6299253112702656,1,0,1,1,0,0,train
2022,23.02~25.02,갱신,23,3,2023,28000,26.55,5,다세대,'134-11,탑스하우징,0,28000.0,0.0,11290,보문동7가, ,성북구,202303,2023-03-23,2023-03,전세,1,20㎡ 초과~33㎡ 이하,보문동,서울특별시 성북구 보문동7가 134-11,37.5796315517269,127.021476041454,4.8,28000.0,중형,1054.6139359698682,6.961877806483923,0.9869450807813752,False,서울 성북구 보문로13나길 8-5,669.8658248177488,보문역,28000.0,0,600.896659962064,949.632077083748,677.1314730927518,3.279029747687948,1,0,0,0,0,1,train
2022,23.05~26.05,신규,31,3,2023,5700,43.95,5,다세대,'41-12,라이크팰리스,50,,,11290,안암동4가, ,성북구,202303,2023-03-31,2023-03,월세,1,33㎡ 초과,안암동,서울특별시 성북구 안암동4가 41-12,37.5804722137068,127.024534231321,4.8,18200.0,대형,414.1069397042093,6.028536173069594,0.2752514573859904,False,서울 성북구 안암로9길 17,690.7617636689957,보문역,,0,337.94912576840795,676.4036928664832,707.1230927830719,3.783052624131186,0,0,1,0,0,0,train
2001,23.04~25.03,신규,3,3,2023,12000,31.68,3,다세대,'74-13,인성빌라,30,,,11290,보문동2가, ,성북구,202303,2023-03-03,2023-03,월세,22,20㎡ 초과~33㎡ 이하,보문동,서울특별시 성북구 보문동2가 74-13,37.5855932163398,127.018451071054,4.8,19500.0,중형,615.530303030303,6.424107474730239,-0.6067157362453254,False,서울 성북구 지봉로23길 9,136.9146303223722,보문역,,0,814.8256272538686,1071.4022800372577,111.87350454731178,3.455685566946225,0,0,0,0,0,1,train
2011,23.04~25.04,신규,18,3,2023,1000,29.85,4,다세대,'56-15,동성,75,,,11290,보문동2가, ,성북구,202303,2023-03-18,2023-03,월세,12,20㎡ 초과~33㎡ 이하,보문동,서울특별시 성북구 보문동2가 56-15,37.5860490128533,127.017367784522,4.8,19750.0,중형,661.6415410385259,6.496234181891744,-0.392971131388435,False,서울 성북구 보문로25길 24,239.00121664412583,보문역,,0,922.45108520453,1173.3893680685403,214.28037970967125,3.396184839838611,0,0,0,0,0,1,train
2004,23.03~25.03,갱신,11,3,2023,5000,84.96,5,다세대,'135,(135-0),100,8000.0,70.0,11290,보문동7가, ,성북구,202303,2023-03-11,2023-03,월세,19,33㎡ 초과,보문동,서울특별시 성북구 보문동7가 135,37.5787298016808,127.022154354723,4.8,30000.0,대형,353.1073446327684,5.86960010059371,-0.762631515254462,False,서울 성북구 보문로13나길 32,780.800809086526,보문역,25500.0,0,622.2272034332791,961.4960595106958,789.196795237089,4.442180557493629,0,0,0,0,0,0,train
1997,23.04~25.04,신규,31,3,2023,14000,17.36,4,다세대,'207-2,BESSOHOUSE,0,,,11290,보문동3가, ,성북구,202303,2023-03-31,2023-03,전세,26,20㎡ 이하,보문동,서울특별시 성북구 보문동3가 207-2,37.5838886300916,127.017847546579,4.8,14000.0,소형,806.4516129032259,6.693883131200143,-0.0529271359543752,False,서울 성북구 보문사길 39,264.34504371609194,보문역,,0,815.5325228088915,1115.8395096003146,248.52075618483056,2.854168709232204,1,0,0,0,1,0,train
1940,23.04~25.04,신규,28,3,2023,10000,70.4,3,다세대,'211,(214),60,,,11290,보문동2가, ,성북구,202303,2023-03-28,2023-03,월세,83,33㎡ 초과,보문동,서울특별시 성북구 보문동2가 211,37.5840728078905,127.018910015858,4.8,25000.0,대형,355.1136363636363,5.875249883186148,-0.7479650369363006,False,서울 성북구 보문로23길 16,189.6366318655988,보문역,,0,726.7882757968135,1021.5906354365782,180.11317380292195,4.254193263163997,0,0,0,0,0,0,train
2014,23.03~25.03,신규,11,3,2023,3000,17.09,4,다세대,'75-10,(75-10),57,,,11290,보문동2가, ,성북구,202303,2023-03-11,2023-03,월세,9,20㎡ 이하,보문동,서울특별시 성북구 보문동2가 75-10,37.5851695046946,127.018287932064,4.8,17250.0,소형,1009.3622001170276,6.918064159525937,0.8062664563462184,False,서울 성북구 지봉로 175-2,156.7330223806902,보문역,,0,811.6415388512596,1080.421392750233,133.449606038057,2.8384934971274998,0,0,0,0,1,0,train
2017,23.04~25.03,신규,17,3,2023,3000,22.45,4,다세대,'74-4,(74-4),105,,,11290,보문동2가, ,성북구,202303,2023-03-17,2023-03,월세,6,20㎡ 초과~33㎡ 이하,보문동,서울특별시 성북구 보문동2가 74-4,37.5856076020013,127.018063978834,4.8,29250.0,중형,1302.8953229398664,7.173111465445362,1.6129275600048962,False,서울 성북구 지봉로23길 13-9,171.06065159319274,보문역,,0,847.0480143176586,1105.4214813741974,146.01736067850436,3.1112906141882632,0,0,0,0,0,1,train
2017,23.04~25.04,신규,15,3,2023,3000,26.29,3,다세대,'74-4,(74-4),110,,,11290,보문동2가, ,성북구,202303,2023-03-15,2023-03,월세,6,20㎡ 초과~33㎡ 이하,보문동,서울특별시 성북구 보문동2가 74-4,37.5856076020013,127.018063978834,4.8,30500.0,중형,1160.1369341955117,7.057154919786429,1.2692949860549985,False,서울 성북구 지봉로23길 13-9,171.06065159319274,보문역,,0,847.0480143176586,1105.4214813741974,146.01736067850436,3.26918863874179,0,0,0,0,0,1,train
2015,23.04~25.04,신규,4,3,2023,1000,14.32,3,다세대,'64-11,금산빌딩,40,,,11290,보문동2가, ,성북구,202303,2023-03-04,2023-03,월세,8,20㎡ 이하,보문동,서울특별시 성북구 보문동2가 64-11,37.5858252054743,127.017372714174,4.8,11000.0,소형,768.1564245810056,6.64529436179923,-0.2391478863845387,False,서울 성북구 보문로25길 25,233.94823352532688,보문역,,0,912.5890679211318,1169.094104682548,208.9240129948573,2.6616571615325,0,0,0,0,1,0,train
2017,23.04~25.04,신규,22,3,2023,27000,19.61,4,다세대,'74-4,(74-4),0,,,11290,보문동2가, ,성북구,202303,2023-03-22,2023-03,전세,6,20㎡ 이하,보문동,서울특별시 성북구 보문동2가 74-4,37.5856076020013,127.018063978834,4.8,27000.0,소형,1376.8485466598677,7.228278537448991,1.995190460047635,False,서울 성북구 지봉로23길 13-9,171.06065159319274,보문역,,0,847.0480143176586,1105.4214813741974,146.01736067850436,2.976039640208255,1,0,0,0,1,0,train
2011,23.03~25.01,신규,17,3,2023,3000,23.62,4,다세대,'15-5,MAIBAUM안암,52,,,11290,안암동4가, ,성북구,202303,2023-03-17,2023-03,월세,12,20㎡ 초과~33㎡ 이하,안암동,서울특별시 성북구 안암동4가 15-5,37.5814227391357,127.023313771075,4.8,16000.0,중형,677.3920406435224,6.519725351866889,-0.486487163204572,False,서울 성북구 안암로5길 54-4,543.0061961951634,보문역,,0,359.12045905585205,709.4755434538754,558.5006427801934,3.1620938107692163,0,0,1,0,0,1,train
2017,23.03~25.03,신규,7,3,2023,3000,22.45,2,다세대,'74-4,(74-4),100,,,11290,보문동2가, ,성북구,202303,2023-03-07,2023-03,월세,6,20㎡ 초과~33㎡ 이하,보문동,서울특별시 성북구 보문동2가 74-4,37.5856076020013,127.018063978834,4.8,28000.0,중형,1247.216035634744,7.129470639424906,1.4835997218092134,False,서울 성북구 지봉로23길 13-9,171.06065159319274,보문역,,0,847.0480143176586,1105.4214813741974,146.01736067850436,3.1112906141882632,0,0,0,0,0,1,train
2001,23.04~25.04,신규,15,3,2023,12000,48.84,4,연립,'87-1,성종그린빌,5,,,11290,안암동1가, ,성북구,202303,2023-03-15,2023-03,월세,22,33㎡ 초과,안암동,서울특별시 성북구 안암동1가 87-1,37.5885002460396,127.020243888353,4.8,13250.0,대형,271.29402129402126,5.606882443118513,-0.6267508190902442,False,서울 성북구 고려대로7길 56-10,329.65675434854785,보문역,,0,869.5720219062839,1017.2665265417684,330.18323887487173,3.888549649242504,0,1,1,0,0,0,train
2017,23.03~25.03,신규,6,3,2023,3000,22.45,2,다세대,'74-4,(74-4),105,,,11290,보문동2가, ,성북구,202303,2023-03-06,2023-03,월세,6,20㎡ 초과~33㎡ 이하,보문동,서울특별시 성북구 보문동2가 74-4,37.5856076020013,127.018063978834,4.8,29250.0,중형,1302.8953229398664,7.173111465445362,1.6129275600048962,False,서울 성북구 지봉로23길 13-9,171.06065159319274,보문역,,0,847.0480143176586,1105.4214813741974,146.01736067850436,3.1112906141882632,0,0,0,0,0,1,train
1997,23.03~23.09,갱신,10,3,2023,15000,32.76,2,다세대,'207-2,BESSOHOUSE,15,15000.0,10.0,11290,보문동3가, ,성북구,202303,2023-03-10,2023-03,월세,26,20㎡ 초과~33㎡ 이하,보문동,서울특별시 성북구 보문동3가 207-2,37.5838886300916,127.017847546579,4.8,18750.0,중형,572.3443223443223,6.351486447835339,-0.8219252378130931,False,서울 성북구 보문사길 39,264.34504371609194,보문역,17500.0,0,815.5325228088915,1115.8395096003146,248.52075618483056,3.4892082589848687,0,0,0,0,0,1,train
2013,23.03~25.03,신규,8,3,2023,9000,14.57,2,다세대,'3-15,해마루,0,,,11290,보문동1가, ,성북구,202303,2023-03-08,2023-03,전세,10,20㎡ 이하,보문동,서울특별시 성북구 보문동1가 3-15,37.5880247363267,127.018952681536,4.8,9000.0,소형,617.7076183939602,6.4276328160120615,-1.073354986009393,False,서울 성북구 보문로30길 12-11,291.21387759176537,보문역,,0,916.6989953998028,1098.5570071510106,282.2828484896454,2.6789646202071133,1,0,0,0,1,0,train
2015,23.03~25.03,신규,3,3,2023,13000,20.08,3,다세대,'74-3,범진우주하우스,20,,,11290,보문동2가, ,성북구,202303,2023-03-03,2023-03,월세,8,20㎡ 초과~33㎡ 이하,보문동,서울특별시 성북구 보문동2가 74-3,37.5856640691289,127.018227480843,4.8,18000.0,중형,896.4143426294821,6.799517675840599,0.5057973432150068,False,서울 성북구 지봉로23길 13-5,157.08690650371963,보문역,,0,836.0431027826141,1091.9950963803549,132.0223830526954,2.9997242948235283,0,0,0,0,0,1,train
2016,23.03~25.03,신규,8,3,2023,10000,59.91,5,다세대,'130-5,타임스카이뷰,100,,,11290,안암동3가, ,성북구,202303,2023-03-08,2023-03,월세,7,33㎡ 초과,안암동,서울특별시 성북구 안암동3가 130-5,37.5818786283616,127.023832770039,4.8,35000.0,대형,584.209647805041,6.371970155348145,1.0099259351155991,False,서울 성북구 안암로9길 55,528.9247059467262,보문역,,0,297.30496053763864,646.2638574110889,546.7240860511288,4.0928434360958335,0,0,1,0,0,0,train
2015,23.06~25.06,신규,16,4,2023,28000,53.77,3,다세대,'133-1,자이로빌,0,,,11290,안암동3가, ,성북구,202304,2023-04-16,2023-04,전세,8,33㎡ 초과,안암동,서울특별시 성북구 안암동3가 133-1,37.5834309773966,127.023243524297,4.9,28000.0,대형,520.7364701506416,6.257162613950052,0.7643294744611799,False,서울 성북구 고려대로12길 65,369.5872931044184,보문역,,0,338.36926807338773,646.6841807924044,390.4399698593068,3.9847156908215866,1,0,1,0,0,0,train
2012,23.05~25.05,신규,21,4,2023,4500,13.64,4,다세대,'120-6,스타힐스,29,,,11290,안암동2가, ,성북구,202304,2023-04-21,2023-04,월세,11,20㎡ 이하,안암동,서울특별시 성북구 안암동2가 120-6,37.5865738225285,127.022304431991,4.9,11602.040816326533,소형,850.5895026632354,6.747104606338414,-0.6183241959774093,False,서울 성북구 고려대로7가길 24,232.97468930305547,보문역,,0,589.3089061779211,765.1410601864793,254.1028821343781,2.613006652415316,0,0,1,0,1,0,train
2013,23.04~24.04,신규,30,4,2023,1500,32.84,4,다세대,'1-12,(1-12),100,,,11290,보문동1가, ,성북구,202304,2023-04-30,2023-04,월세,10,20㎡ 초과~33㎡ 이하,보문동,서울특별시 성북구 보문동1가 1-12,37.5883104245132,127.018489105394,4.9,25989.795918367345,중형,791.4066966616122,6.67507476590127,0.1370157689686824,False,서울 성북구 보문로30길 12,335.543518554015,보문역,,0,968.428942176456,1148.451110243563,324.49554405556995,3.491647284584228,0,0,0,0,0,1,train
2002,23.06~25.06,신규,9,4,2023,25000,56.02,2,다세대,'154-1,광성빌라,0,,,11290,보문동6가, ,성북구,202304,2023-04-09,2023-04,전세,21,33㎡ 초과,보문동,서울특별시 성북구 보문동6가 154-1,37.5796385717577,127.01944109438,4.9,25000.0,대형,446.2691895751517,6.103160627170253,-0.1563231586110195,False,서울 성북구 보문로13길 49,658.2658910530525,보문역,,0,753.1679035250523,1103.7811736379165,658.891303890405,4.0257087698319625,1,0,0,0,0,0,train
2021,23.04~25.06,신규,27,4,2023,18500,49.0,5,다세대,'71,위드13,35,,,11290,보문동7가, ,성북구,202304,2023-04-27,2023-04,월세,2,33㎡ 초과,보문동,서울특별시 성북구 보문동7가 71,37.5802528959338,127.020868730271,4.9,27071.42857142857,대형,552.4781341107872,6.316222246600132,0.396771331428952,False,서울 성북구 보문로13가길 7-9,593.0093633348552,보문역,,0,610.0246228137856,960.6316090049464,598.7417335678766,3.8918202981106265,0,0,0,0,0,0,train
2013,23.05~25.05,갱신,27,4,2023,8000,18.29,5,다세대,'1-12,(1-12),0,7000.0,0.0,11290,보문동1가, ,성북구,202304,2023-04-27,2023-04,전세,10,20㎡ 이하,보문동,서울특별시 성북구 보문동1가 1-12,37.5883104245132,127.018489105394,4.9,8000.0,소형,437.3974849644615,6.083125998766213,-2.3937077923643626,False,서울 성북구 보문로30길 12,335.543518554015,보문역,7000.0,0,968.428942176456,1148.451110243563,324.49554405556995,2.906354462402774,1,0,0,0,1,0,train
2022,23.05~25.05,신규,24,4,2023,28000,28.41,2,다세대,'134-11,탑스하우징,0,,,11290,보문동7가, ,성북구,202304,2023-04-24,2023-04,전세,1,20㎡ 초과~33㎡ 이하,보문동,서울특별시 성북구 보문동7가 134-11,37.5796315517269,127.021476041454,4.9,28000.0,중형,985.568461809222,6.89423272174625,0.7864815842933297,False,서울 성북구 보문로13나길 8-5,669.8658248177488,보문역,,0,600.896659962064,949.632077083748,677.1314730927518,3.3467411958660964,1,0,0,0,0,1,train
2019,23.05~25.05,신규,21,4,2023,25000,29.88,9,다세대,'100,보문엘타워,0,,,11290,보문동7가, ,성북구,202304,2023-04-21,2023-04,전세,4,20㎡ 초과~33㎡ 이하,보문동,서울특별시 성북구 보문동7가 100,37.57981163882,127.022081428254,4.9,25000.0,중형,836.6800535475235,6.730636229902808,0.3016699398805261,False,서울 성북구 보문로 49,662.941502463666,보문역,,0,546.14736911873,894.1001424405406,672.20698034622,3.3971893602646164,1,0,0,0,0,1,train
2019,23.05~25.05,갱신,17,4,2023,28000,29.91,7,다세대,'100,보문엘타워,0,30000.0,0.0,11290,보문동7가,사용,성북구,202304,2023-04-17,2023-04,전세,4,20㎡ 초과~33㎡ 이하,보문동,서울특별시 성북구 보문동7가 100,37.57981163882,127.022081428254,4.9,28000.0,중형,936.1417586091608,6.8428345606663,0.6341651946679884,False,서울 성북구 보문로 49,662.941502463666,보문역,30000.0,0,546.14736911873,894.1001424405406,672.20698034622,3.398192872641857,1,0,0,0,0,1,train
2019,23.05~25.05,갱신,18,4,2023,30100,29.9,8,다세대,'100,보문엘타워,0,30000.0,0.0,11290,보문동7가,사용,성북구,202304,2023-04-18,2023-04,전세,4,20㎡ 초과~33㎡ 이하,보문동,서울특별시 성북구 보문동7가 100,37.57981163882,127.022081428254,4.9,30100.0,중형,1006.6889632107024,6.915414832770988,0.8492539210489676,False,서울 성북구 보문로 49,662.941502463666,보문역,30000.0,0,546.14736911873,894.1001424405406,672.20698034622,3.3978584803966405,1,0,0,0,0,1,train
2015,23.04~25.04,신규,4,4,2023,2000,21.18,6,다세대,'2,웰하우스,80,,,11290,보문동6가, ,성북구,202304,2023-04-04,2023-04,월세,8,20㎡ 초과~33㎡ 이하,보문동,서울특별시 성북구 보문동6가 2,37.5832073357665,127.01819642691,4.9,21591.83673469388,중형,1019.4446050374823,6.927993698598698,0.8865308855979157,False,서울 성북구 보문로21길 48,304.5193739455923,보문역,,0,777.0806472434855,1090.9508127128536,294.04190200262974,3.0530573401732606,0,0,0,0,0,1,train
2017,23.04~25.04,신규,6,4,2023,12000,23.15,4,다세대,'74-4,(74-4),65,,,11290,보문동2가, ,성북구,202304,2023-04-06,2023-04,월세,6,20㎡ 초과~33㎡ 이하,보문동,서울특별시 성북구 보문동2가 74-4,37.5856076020013,127.018063978834,4.9,27918.36734693877,중형,1205.9769912284569,7.095874158139079,1.3840378965210949,False,서울 성북구 지봉로23길 13-9,171.06065159319274,보문역,,0,847.0480143176586,1105.4214813741974,146.01736067850436,3.1419947805322432,0,0,0,0,0,1,train
2002,23.07~25.07,신규,10,4,2023,6000,37.81,4,다세대,'87-2,파인힐하우스(B),50,,,11290,안암동1가, ,성북구,202304,2023-04-10,2023-04,월세,21,33㎡ 초과,안암동,서울특별시 성북구 안암동1가 87-2,37.5884060596609,127.02043339855,4.9,18244.897959183672,대형,482.5416016710836,6.181137353944901,0.6016961269456726,False,서울 성북구 고려대로7라길 11,320.7470972941204,보문역,,0,850.5209013440259,997.6253509874527,322.6500303970788,3.6325736179028416,0,0,1,0,0,0,train
2022,23.05~25.05,신규,16,5,2023,5000,47.58,2,다세대,'41-12,라이크팰리스,50,,,11290,안암동4가, ,성북구,202305,2023-05-16,2023-05,월세,1,33㎡ 초과,안암동,서울특별시 성북구 안암동4가 41-12,37.5804722137068,127.024534231321,5.1,16764.705882352944,대형,352.34774868333216,5.867452695766155,-0.0693385531121188,False,서울 성북구 안암로9길 17,690.7617636689957,보문역,,0,337.94912576840795,676.4036928664832,707.1230927830719,3.862412504874812,0,0,1,0,0,0,train
2019,23.08~24.08,신규,30,5,2023,1000,12.12,2,다세대,'102-90,코윈,66,,,11290,안암동5가, ,성북구,202305,2023-05-30,2023-05,월세,4,20㎡ 이하,안암동,서울특별시 성북구 안암동5가 102-90,37.5846008086626,127.029023979843,5.1,16529.41176470588,소형,1363.8128518734227,7.218772593364695,1.023607338992646,False,서울 성북구 고려대로22길 35,190.66157151314,안암역,,0,134.2946021779898,134.2946021779898,826.7405875393961,2.494856980641168,0,0,1,1,1,0,train
2011,23.08~24.08,신규,29,5,2023,1000,12.21,3,다세대,'149-2,그린빌,62,,,11290,안암동5가, ,성북구,202305,2023-05-29,2023-05,월세,12,20㎡ 이하,안암동,서울특별시 성북구 안암동5가 149-2,37.58838710205,127.028815534165,5.1,15588.235294117649,소형,1276.6777472659826,7.15279944920235,0.7939470931399971,False,서울 성북구 개운사길 41-6,234.16346400024963,안암역,,0,478.0887089357085,478.0887089357085,860.8915850081194,2.502255288122613,0,0,1,1,1,0,train
2014,23.06~24.06,갱신,12,5,2023,4000,13.11,3,다세대,'75-10,(75-10),43,4000.0,40.0,11290,보문동2가, ,성북구,202305,2023-05-12,2023-05,월세,9,20㎡ 이하,보문동,서울특별시 성북구 보문동2가 75-10,37.5851695046946,127.018287932064,5.1,14117.64705882353,소형,1076.8609503297887,6.982733754586854,1.0541183914897472,False,서울 성북구 지봉로 175-2,156.7330223806902,보문역,13411.764705882351,0,811.6415388512596,1080.421392750233,133.449606038057,2.5733752977756086,0,0,0,0,1,0,train
2001,23.06~25.06,신규,26,5,2023,500,26.23,3,다세대,'75-4,대원빌,55,,,11290,보문동2가, ,성북구,202305,2023-05-26,2023-05,월세,22,20㎡ 초과~33㎡ 이하,보문동,서울특별시 성북구 보문동2가 75-4,37.5852628821095,127.018063669098,5.1,13441.176470588236,중형,512.4352447803369,6.241123915828196,-1.1489801765898144,False,서울 성북구 지봉로23길 5-13,173.720121992488,보문역,,0,833.7099063707234,1101.0652645981693,149.64166135515558,3.2669037938787824,0,0,0,0,0,1,train
2022,23.05~25.05,신규,16,5,2023,5000,46.78,3,다세대,'41-12,라이크팰리스,50,,,11290,안암동4가, ,성북구,202305,2023-05-16,2023-05,월세,1,33㎡ 초과,안암동,서울특별시 성북구 안암동4가 41-12,37.5804722137068,127.024534231321,5.1,16764.705882352944,대형,358.37336217086244,5.88436185410363,-0.0331664568390257,False,서울 성북구 안암로9길 17,690.7617636689957,보문역,,0,337.94912576840795,676.4036928664832,707.1230927830719,3.845455761156033,0,0,1,0,0,0,train
2012,23.07~24.07,신규,20,5,2023,1000,19.08,4,다세대,'15-17,(15-17),68,,,11290,안암동5가, ,성북구,202305,2023-05-20,2023-05,월세,11,20㎡ 이하,안암동,서울특별시 성북구 안암동5가 15-17,37.588419662907,127.029404194445,5.1,17000.0,소형,890.9853249475892,6.793449680592198,-0.4569915615801217,False,서울 성북구 개운사길 42-3,235.35245330358865,안암역,,0,468.151269508039,468.151269508039,910.6340734988736,2.9486406660201405,0,0,1,1,1,0,train
2012,23.08~24.08,신규,29,5,2023,1000,22.89,3,다세대,'15-17,(15-17),68,,,11290,안암동5가, ,성북구,202305,2023-05-29,2023-05,월세,11,20㎡ 초과~33㎡ 이하,안암동,서울특별시 성북구 안암동5가 15-17,37.588419662907,127.029404194445,5.1,17000.0,중형,742.6823940585408,6.611614053983479,-0.2523737553088633,False,서울 성북구 개운사길 42-3,235.35245330358865,안암역,,0,468.151269508039,468.151269508039,910.6340734988736,3.130700133964476,0,0,1,1,0,1,train
2001,23.07~25.07,신규,25,5,2023,6000,48.84,2,연립,'87-1,성종그린빌,45,,,11290,안암동1가, ,성북구,202305,2023-05-25,2023-05,월세,22,33㎡ 초과,안암동,서울특별시 성북구 안암동1가 87-1,37.5885002460396,127.020243888353,5.1,16588.235294117647,대형,339.64445729151606,5.830839286109808,-0.1476620126565501,False,서울 성북구 고려대로7길 56-10,329.65675434854785,보문역,,0,869.5720219062839,1017.2665265417684,330.18323887487173,3.888549649242504,0,1,1,0,0,0,train
2011,23.06~25.06,신규,1,5,2023,9000,17.12,4,다세대,'9-16,탑하우스,0,,,11290,안암동5가, ,성북구,202305,2023-05-01,2023-05,전세,12,20㎡ 이하,안암동,서울특별시 성북구 안암동5가 9-16,37.5899871735891,127.03025955142,5.1,9000.0,소형,525.7009345794393,6.266632900893388,-2.2909025064216086,False,서울 성북구 개운사길 60-42,419.0407000820607,안암역,,0,632.7396627279808,632.7396627279808,1051.0808025539754,2.840247370713596,1,0,1,1,1,0,train
2010,23.05~25.05,신규,2,5,2023,500,16.32,2,다세대,'75-5,(75-5),45,,,11290,보문동2가, ,성북구,202305,2023-05-02,2023-05,월세,13,20㎡ 이하,보문동,서울특별시 성북구 보문동2가 75-5,37.5852105580652,127.017908434026,5.1,11088.235294117649,소형,679.4261822376009,6.522719340436256,-0.7089274824444026,False,서울 성북구 지봉로23길 5-15,188.2462421810256,보문역,,0,844.7779330328794,1114.1366128926045,164.28883342805997,2.792391349535961,0,0,0,0,1,0,train
2012,23.05~25.05,신규,24,5,2023,11500,17.04,4,다세대,'74-11,베데스타2,0,,,11290,보문동2가, ,성북구,202305,2023-05-24,2023-05,전세,11,20㎡ 이하,보문동,서울특별시 성북구 보문동2가 74-11,37.5854865875137,127.018136522855,5.1,11500.0,소형,674.8826291079813,6.5160194353883885,-0.734605460322995,False,서울 성북구 지봉로23길 5-8,164.62556409820291,보문역,,0,836.2084060729292,1097.3868311308154,139.76782674161174,2.8355635214011694,1,0,0,0,1,0,train
2022,23.05~25.05,신규,8,5,2023,5000,47.58,3,다세대,'41-12,라이크팰리스,50,,,11290,안암동4가, ,성북구,202305,2023-05-08,2023-05,월세,1,33㎡ 초과,안암동,서울특별시 성북구 안암동4가 41-12,37.5804722137068,127.024534231321,5.1,16764.705882352944,대형,352.34774868333216,5.867452695766155,-0.0693385531121188,False,서울 성북구 안암로9길 17,690.7617636689957,보문역,,0,337.94912576840795,676.4036928664832,707.1230927830719,3.862412504874812,0,0,1,0,0,0,train
2003,23.07~25.07,신규,24,5,2023,25000,78.48,3,다세대,'133-60,양지빌라트,0,,,11290,안암동3가, ,성북구,202305,2023-05-24,2023-05,전세,20,33㎡ 초과,안암동,서울특별시 성북구 안암동3가 133-60,37.5839368450916,127.022987925569,5.1,25000.0,대형,318.55249745158,5.766921571592522,-0.2843948811371374,False,서울 성북구 고려대로12길 51,317.8071396078958,보문역,,0,375.45748109017103,663.1749488815818,339.84641664651565,4.362843815257108,1,0,1,0,0,0,train
2008,23.08~25.08,갱신,12,5,2023,8500,14.06,5,다세대,'171,승민아트빌,0,7000.0,0.0,11290,보문동5가, ,성북구,202305,2023-05-12,2023-05,전세,15,20㎡ 이하,보문동,서울특별시 성북구 보문동5가 171,37.5820315128318,127.020029181913,5.1,8500.0,소형,604.551920341394,6.406140307197097,-1.1557269244119834,False,서울 성북구 지봉로24길 70-10,390.32121984232265,보문역,7000.0,0,620.1795847194261,956.5315442239414,393.2946483718082,2.643333886382519,1,0,0,0,1,0,train
2013,23.06~25.06,신규,23,5,2023,14000,19.8,4,다세대,'10-1,(10-1),0,,,11290,안암동1가, ,성북구,202305,2023-05-23,2023-05,전세,10,20㎡ 이하,안암동,서울특별시 성북구 안암동1가 10-1,37.5891488973123,127.019550678014,5.1,14000.0,소형,707.070707070707,6.562543957451105,-1.2608014423836296,False,서울 성북구 보문로30길 36-3,403.08215098858034,보문역,,0,963.973936083318,1105.2288070939644,399.34596808740486,2.9856819377004897,1,0,1,0,1,0,train
2013,23.05~25.02,갱신,18,5,2023,13000,21.6,4,다세대,'10-1,(10-1),0,13000.0,0.0,11290,안암동1가,사용,성북구,202305,2023-05-18,2023-05,전세,10,20㎡ 초과~33㎡ 이하,안암동,서울특별시 성북구 안암동1가 10-1,37.5891488973123,127.019550678014,5.1,13000.0,중형,601.8518518518518,6.401671481387169,-0.7872640084169259,False,서울 성북구 보문로30길 36-3,403.08215098858034,보문역,13000.0,0,963.973936083318,1105.2288070939644,399.34596808740486,3.0726933146901194,1,0,1,0,0,1,train
2016,23.05~24.05,신규,10,5,2023,1000,15.48,4,다세대,'134-18,구겸빌딩,55,,,11290,안암동5가, ,성북구,202305,2023-05-10,2023-05,월세,7,20㎡ 이하,안암동,서울특별시 성북구 안암동5가 134-18,37.5821226988368,127.028355509673,5.1,13941.176470588236,소형,900.5927952576379,6.804162971630681,-0.4196973400445454,False,서울 성북구 안암로 61-1,471.7061588626256,안암역,,0,141.207167454645,307.1223076007429,851.5378236064181,2.739548868161581,0,0,1,1,1,0,train
2014,23.05~25.05,신규,11,5,2023,1000,14.99,3,다세대,'35,해마루,52,,,11290,안암동1가, ,성북구,202305,2023-05-11,2023-05,월세,9,20㎡ 이하,안암동,서울특별시 성북구 안암동1가 35,37.5886156661735,127.019693653118,5.1,13235.29411764706,소형,882.9415688890633,6.784390961911255,-0.4885260228490259,False,서울 성북구 고려대로7마길 6,342.8985149839912,보문역,,0,912.505916991287,1066.2853451858073,339.78250688811045,2.7073833121145063,0,0,1,0,1,0,train
2008,23.06~25.06,신규,3,5,2023,11000,20.13,2,다세대,'171,승민아트빌,0,,,11290,보문동5가, ,성북구,202305,2023-05-03,2023-05,전세,15,20㎡ 초과~33㎡ 이하,보문동,서울특별시 성북구 보문동5가 171,37.5820315128318,127.020029181913,5.1,11000.0,중형,546.448087431694,6.305267639718837,-0.958892822589939,False,서울 성북구 지봉로24길 70-10,390.32121984232265,보문역,,0,620.1795847194261,956.5315442239414,393.2946483718082,3.0022112396517,1,0,0,0,0,1,train
2001,23.06~25.06,신규,5,5,2023,12000,48.84,3,연립,'87-1,성종그린빌,15,,,11290,안암동1가, ,성북구,202305,2023-05-05,2023-05,월세,22,33㎡ 초과,안암동,서울특별시 성북구 안암동1가 87-1,37.5885002460396,127.020243888353,5.1,15529.411764705885,대형,317.9650238473768,5.765081453661928,-0.2883312641084748,False,서울 성북구 고려대로7길 56-10,329.65675434854785,보문역,,0,869.5720219062839,1017.2665265417684,330.18323887487173,3.888549649242504,0,1,1,0,0,0,train
2012,23.06~25.06,갱신,26,6,2023,3450,18.58,3,다세대,'251,더에덴하우스,30,3000.0,30.0,11290,안암동1가, ,성북구,202306,2023-06-26,2023-06,월세,11,20㎡ 이하,안암동,서울특별시 성북구 안암동1가 251,37.587470114433,127.02141636101,5.1,10508.823529411766,소형,565.5986829608055,6.339651262933435,-2.0367170315470258,False,서울 성북구 보문로26길 49,247.94887045818595,보문역,10058.823529411766,0,715.3587141964363,874.5907531004768,259.71937808765875,2.922085733385692,0,0,1,0,1,0,train
2012,23.06~25.06,신규,4,6,2023,500,13.92,3,다세대,'134-4,(134-4),50,,,11290,보문동7가, ,성북구,202306,2023-06-04,2023-06,월세,11,20㎡ 이하,보문동,서울특별시 성북구 보문동7가 134-4,37.5791821520309,127.021879050593,5.1,12264.705882352942,소형,881.0851926977689,6.782288641702525,0.2858947916412271,False,서울 성북구 보문로13나길 22,726.2055075485071,보문역,,0,604.5437846170768,949.191256896952,734.2609546483098,2.633326654906273,0,0,0,0,1,0,train
2013,23.06~24.06,신규,1,6,2023,6000,33.56,4,다세대,'199,태영빌,35,,,11290,보문동5가, ,성북구,202306,2023-06-01,2023-06,월세,10,33㎡ 초과,보문동,서울특별시 성북구 보문동5가 199,37.5816530339054,127.020389097902,5.1,14235.29411764706,대형,424.1744373553951,6.052499525552841,-0.2878361746057543,False,서울 성북구 보문로17길 14,433.7324459743769,보문역,,0,596.3475761496918,938.3173047476604,438.4174188879834,3.5133348815990053,0,0,0,0,0,0,train
2013,23.06~24.06,신규,1,6,2023,17000,36.22,3,다세대,'199,태영빌,0,,,11290,보문동5가, ,성북구,202306,2023-06-01,2023-06,전세,10,33㎡ 초과,보문동,서울특별시 성북구 보문동5가 199,37.5816530339054,127.020389097902,5.1,17000.0,대형,469.3539480949752,6.153485492333991,-0.0256829911864564,False,서울 성북구 보문로17길 14,433.7324459743769,보문역,,0,596.3475761496918,938.3173047476604,438.4174188879834,3.589611452455267,1,0,0,0,0,0,train
2011,23.08~24.08,신규,1,6,2023,1000,22.53,5,다세대,'9-16,탑하우스,40,,,11290,안암동5가, ,성북구,202306,2023-06-01,2023-06,월세,12,20㎡ 초과~33㎡ 이하,안암동,서울특별시 성북구 안암동5가 9-16,37.5899871735891,127.03025955142,5.1,10411.764705882351,중형,462.1289261376987,6.138005473504725,-1.4590304631579456,False,서울 성북구 개운사길 60-42,419.0407000820607,안암역,,0,632.7396627279808,632.7396627279808,1051.0808025539754,3.114847754444153,0,0,1,1,0,1,train
2012,23.08~24.08,신규,16,6,2023,2000,12.72,6,다세대,'15-55,큰소나무,63,,,11290,안암동5가, ,성북구,202306,2023-06-16,2023-06,월세,11,20㎡ 이하,안암동,서울특별시 성북구 안암동5가 15-55,37.5876435799279,127.029636220866,5.1,16823.529411764706,소형,1322.604513503515,7.18811398606243,0.9168811342628638,False,서울 성북구 고려대로27길 27,152.75493553055347,안암역,,0,379.4999345617588,379.4999345617588,903.9568111992396,2.543175557911976,0,0,1,1,1,0,train
2011,23.07~25.07,신규,17,6,2023,1000,19.92,3,다세대,'2-2,(2-2),53,,,11290,보문동2가, ,성북구,202306,2023-06-17,2023-06,월세,12,20㎡ 이하,보문동,서울특별시 성북구 보문동2가 2-2,37.5872920463973,127.017812694376,5.1,13470.58823529412,소형,676.2343491613512,6.518017371301871,-0.7269481944628478,False,서울 성북구 지봉로23길 50,274.1288529809032,보문역,,0,951.2446356577402,1166.4026777308086,255.61189878310088,2.991724252156452,0,0,0,0,1,0,train
2011,23.08~24.08,신규,23,6,2023,1000,12.21,2,다세대,'149-2,그린빌,65,,,11290,안암동5가, ,성북구,202306,2023-06-23,2023-06,월세,12,20㎡ 이하,안암동,서울특별시 성북구 안암동5가 149-2,37.58838710205,127.028815534165,5.1,16294.117647058823,소형,1334.4895697836876,7.197053222548486,0.9479996640099156,False,서울 성북구 개운사길 41-6,234.16346400024963,안암역,,0,478.0887089357085,478.0887089357085,860.8915850081194,2.502255288122613,0,0,1,1,1,0,train
2012,23.08~25.08,신규,12,6,2023,2000,12.58,3,다세대,'120-6,스타힐스,40,,,11290,안암동2가, ,성북구,202306,2023-06-12,2023-06,월세,11,20㎡ 이하,안암동,서울특별시 성북구 안암동2가 120-6,37.5865738225285,127.022304431991,5.1,11411.764705882351,소형,907.1355092116338,6.81139360668609,-0.3945266520990129,False,서울 성북구 고려대로7가길 24,232.97468930305547,보문역,,0,589.3089061779211,765.1410601864793,254.1028821343781,2.5321082512722946,0,0,1,0,1,0,train
2021,23.06~25.09,신규,16,6,2023,25789,55.76,4,다세대,'3-1,송학누리안,28,,,11290,보문동1가, ,성북구,202306,2023-06-16,2023-06,월세,2,33㎡ 초과,보문동,서울특별시 성북구 보문동1가 3-1,37.5880944309572,127.018651979532,5.1,32377.235294117647,대형,580.6534306692548,6.365874790413102,0.5256661951444705,False,서울 성북구 고려대로1길 58,307.820967980453,보문역,,0,942.168011468278,1126.022922909528,297.113531364612,4.0210567664522685,0,0,0,0,0,0,train
2012,23.07~25.07,신규,17,6,2023,4000,14.41,4,다세대,'74-11,베데스타2,48,,,11290,보문동2가, ,성북구,202306,2023-06-17,2023-06,월세,11,20㎡ 이하,보문동,서울특별시 성북구 보문동2가 74-11,37.5854865875137,127.018136522855,5.1,15294.117647058823,소형,1061.3544515654978,6.968242904653144,0.9985809291852256,False,서울 성북구 지봉로23길 5-8,164.62556409820291,보문역,,0,836.2084060729292,1097.3868311308154,139.76782674161174,2.667922410011431,0,0,0,0,1,0,train
2014,23.07~25.07,신규,14,6,2023,1000,24.14,2,다세대,'367,동호빌,65,,,11290,보문동6가, ,성북구,202306,2023-06-14,2023-06,월세,9,20㎡ 초과~33㎡ 이하,보문동,서울특별시 성북구 보문동6가 367,37.5790715833329,127.020978553021,5.1,16294.117647058823,중형,674.9841610214924,6.516169645326888,-0.3338931847820218,False,서울 성북구 보문로13라길 10-13,724.5561482026494,보문역,,0,673.3733698394662,1020.7695847422764,729.9530572750207,3.1838702156693857,0,0,0,0,0,1,train
2012,23.07~24.07,신규,14,6,2023,1000,18.54,4,다세대,'15-18,(15-18),58,,,11290,안암동5가, ,성북구,202306,2023-06-14,2023-06,월세,11,20㎡ 이하,안암동,서울특별시 성북구 안암동5가 15-18,37.5885766181077,127.029394971863,5.1,14647.058823529413,소형,790.024747763183,6.6733292539573545,-0.8751448429365188,False,서울 성북구 개운사길 50,252.72475498357505,안암역,,0,485.4043348835692,485.4043348835692,916.1170435028008,2.919930560137709,0,0,1,1,1,0,train
2011,23.06~24.06,신규,27,6,2023,1000,18.85,3,다세대,'9-16,탑하우스,45,,,11290,안암동5가, ,성북구,202306,2023-06-27,2023-06,월세,12,20㎡ 이하,안암동,서울특별시 성북구 안암동5가 9-16,37.5899871735891,127.03025955142,5.1,11588.235294117649,소형,614.760493056639,6.422858077954335,-1.7470643579183107,False,서울 성북구 개운사길 60-42,419.0407000820607,안암역,,0,632.7396627279808,632.7396627279808,1051.0808025539754,2.93651291389402,0,0,1,1,1,0,train
2020,23.06~25.06,신규,10,6,2023,2000,14.83,2,다세대,'42-41,(42-41),45,,,11290,보문동6가, ,성북구,202306,2023-06-10,2023-06,월세,3,20㎡ 이하,보문동,서울특별시 성북구 보문동6가 42-41,37.5818624642491,127.018509247657,5.1,12588.235294117649,소형,848.8358256316687,6.745043184513526,0.1431482871841767,False,서울 성북구 보문로21가길 19,429.7791183312202,보문역,,0,755.428683346882,1090.8185674506628,424.7641223289555,2.696652156149841,0,0,0,0,1,0,train
2013,23.08~25.07,신규,30,6,2023,8000,12.85,2,다세대,'10-1,(10-1),0,,,11290,안암동1가, ,성북구,202306,2023-06-30,2023-06,전세,10,20㎡ 이하,안암동,서울특별시 성북구 안암동1가 10-1,37.5891488973123,127.019550678014,5.1,8000.0,소형,622.5680933852141,6.435457970680947,-1.7032026548260664,False,서울 성북구 보문로30길 36-3,403.08215098858034,보문역,,0,963.973936083318,1105.2288070939644,399.34596808740486,2.553343811341229,1,0,1,0,1,0,train
2020,23.06~25.06,신규,10,6,2023,2000,17.28,2,다세대,'42-41,(42-41),60,,,11290,보문동6가, ,성북구,202306,2023-06-10,2023-06,월세,3,20㎡ 이하,보문동,서울특별시 성북구 보문동6가 42-41,37.5818624642491,127.018509247657,5.1,16117.64705882353,소형,932.7342047930284,6.839191820419645,0.5039812501627454,False,서울 성북구 보문로21가길 19,429.7791183312202,보문역,,0,755.428683346882,1090.8185674506628,424.7641223289555,2.8495497633759097,0,0,0,0,1,0,train
2013,23.07~25.07,신규,17,6,2023,15000,33.33,3,다세대,'1-12,(1-12),25,,,11290,보문동1가, ,성북구,202306,2023-06-17,2023-06,월세,10,33㎡ 초과,보문동,서울특별시 성북구 보문동1가 1-12,37.5883104245132,127.018489105394,5.1,20882.352941176472,대형,626.5332415594502,6.441796644199568,0.7227545262820952,False,서울 성북구 보문로30길 12,335.543518554015,보문역,,0,968.428942176456,1148.451110243563,324.49554405556995,3.506457892319648,0,0,0,0,0,0,train
2019,23.07~25.07,신규,23,6,2023,23000,29.91,8,다세대,'100,보문엘타워,0,,,11290,보문동7가, ,성북구,202306,2023-06-23,2023-06,전세,4,20㎡ 초과~33㎡ 이하,보문동,서울특별시 성북구 보문동7가 100,37.57981163882,127.022081428254,5.1,23000.0,중형,768.9735874289536,6.646356212219081,0.0519094865604798,False,서울 성북구 보문로 49,662.941502463666,보문역,,0,546.14736911873,894.1001424405406,672.20698034622,3.398192872641857,1,0,0,0,0,1,train
2015,23.07~25.07,갱신,23,6,2023,3000,13.09,2,다세대,'6,동은빌,42,3000.0,40.0,11290,안암동1가, ,성북구,202306,2023-06-23,2023-06,월세,8,20㎡ 이하,안암동,서울특별시 성북구 안암동1가 6,37.5890312632611,127.019877185804,5.1,12882.352941176472,소형,984.13697029614,6.892780687642894,-0.1112086859918662,False,서울 성북구 보문로30길 40-6,388.181701625532,보문역,12411.764705882351,0,934.8834971736508,1073.7372462605574,386.2352745429992,2.5718485799218085,0,0,1,0,1,0,train
2012,23.07~24.07,신규,22,6,2023,1000,18.54,4,다세대,'15-18,(15-18),58,,,11290,안암동5가, ,성북구,202306,2023-06-22,2023-06,월세,11,20㎡ 이하,안암동,서울특별시 성북구 안암동5가 15-18,37.5885766181077,127.029394971863,5.1,14647.058823529413,소형,790.024747763183,6.6733292539573545,-0.8751448429365188,False,서울 성북구 개운사길 50,252.72475498357505,안암역,,0,485.4043348835692,485.4043348835692,916.1170435028008,2.919930560137709,0,0,1,1,1,0,train
2013,23.07~25.07,신규,21,6,2023,11000,12.15,3,다세대,'28,뉴스타안암,0,,,11290,안암동2가, ,성북구,202306,2023-06-21,2023-06,전세,10,20㎡ 이하,안암동,서울특별시 성북구 안암동2가 28,37.5872142206758,127.02148139002,5.1,11000.0,소형,905.3497942386832,6.809425317886983,-0.4013784960614527,False,서울 성북구 보문로26길 48,227.03527655410068,보문역,,0,690.9347463471147,858.20784474037,240.67128238702588,2.4973291697865574,1,0,1,0,1,0,train
2019,23.08~25.08,신규,19,6,2023,23800,29.91,7,다세대,'100,보문엘타워,0,,,11290,보문동7가, ,성북구,202306,2023-06-19,2023-06,전세,4,20㎡ 초과~33㎡ 이하,보문동,서울특별시 성북구 보문동7가 100,37.57981163882,127.022081428254,5.1,23800.0,중형,795.7204948177867,6.680503920691806,0.1531048515163107,False,서울 성북구 보문로 49,662.941502463666,보문역,,0,546.14736911873,894.1001424405406,672.20698034622,3.398192872641857,1,0,0,0,0,1,train
1993,23.07~25.07,신규,16,6,2023,13000,48.0,4,다세대,'133-52,(133-52),30,,,11290,안암동3가, ,성북구,202306,2023-06-16,2023-06,월세,30,33㎡ 초과,안암동,서울특별시 성북구 안암동3가 133-52,37.5835227687646,127.023795366862,5.1,20058.82352941177,대형,417.89215686274514,6.037613504604505,0.2946696982960595,False,서울 성북구 보문로22길 54-13,402.5395634770708,보문역,,0,293.6013870566263,597.0842075038362,424.58776052349737,3.871201010907891,0,0,1,0,0,0,train
2016,23.07~25.06,신규,17,6,2023,1000,18.16,5,다세대,'79-4,더리치빌,54,,,11290,보문동4가, ,성북구,202306,2023-06-17,2023-06,월세,7,20㎡ 이하,보문동,서울특별시 성북구 보문동4가 79-4,37.5823285816602,127.021501723257,5.1,13705.882352941177,소형,754.7292044571133,6.627683116849774,-0.3066445382021022,False,서울 성북구 고려대로2길 76,380.8928772607329,보문역,,0,487.3313359325827,822.6573866301491,392.1202727493698,2.8992213731731478,0,0,0,0,1,0,train
1992,23.08~25.08,신규,10,6,2023,40000,162.73,3,연립,'127-3,신동빌라,0,,,11290,안암동5가, ,성북구,202306,2023-06-10,2023-06,전세,31,33㎡ 초과,안암동,서울특별시 성북구 안암동5가 127-3,37.5821431132698,127.026980536372,5.1,40000.0,대형,245.8059362133596,5.508602344470332,-0.8369917500153734,False,서울 성북구 안암로9가길 49,503.8097590687852,안암역,,0,73.06260553216589,392.0474269278479,744.093765788379,5.092092385672523,1,1,1,1,0,0,train
2012,23.06~24.06,신규,1,6,2023,1000,19.89,4,다세대,'15-17,(15-17),65,,,11290,안암동5가, ,성북구,202306,2023-06-01,2023-06,월세,11,20㎡ 이하,안암동,서울특별시 성북구 안암동5가 15-17,37.588419662907,127.029404194445,5.1,16294.117647058823,소형,819.2115458551445,6.709562289736648,-0.749013399442124,False,서울 성북구 개운사길 42-3,235.35245330358865,안암역,,0,468.151269508039,468.151269508039,910.6340734988736,2.9902170928658807,0,0,1,1,1,0,train
2002,23.07~25.07,신규,1,7,2023,1000,52.92,4,다세대,'133-48,(133-48),45,,,11290,안암동3가, ,성북구,202307,2023-07-01,2023-07,월세,21,33㎡ 초과,안암동,서울특별시 성북구 안암동3가 133-48,37.5839910570083,127.023585952075,5.1,11588.235294117649,대형,218.97647948068115,5.393520629185476,-1.0831747238497875,False,서울 성북구 보문로22길 58,359.69253213035967,보문역,,0,328.70180438659696,610.2153814031233,382.7287912100176,3.968781339246755,0,0,1,0,0,0,train
2002,23.08~25.08,신규,23,7,2023,1000,27.1,2,다세대,'1-5,재성주택,50,,,11290,보문동2가, ,성북구,202307,2023-07-23,2023-07,월세,21,20㎡ 초과~33㎡ 이하,보문동,서울특별시 성북구 보문동2가 1-5,37.587555071862,127.017641678685,5.1,12764.705882352942,중형,471.0223572823964,6.15702635158749,-1.3981999364466793,False,서울 성북구 지봉로23길 56,305.66584382578367,보문역,,0,979.5726361121102,1189.423025025264,287.66387327886355,3.299533727885655,0,0,0,0,0,1,train
2012,23.08~24.08,신규,4,7,2023,2000,12.0,4,다세대,'15-55,큰소나무,63,,,11290,안암동5가, ,성북구,202307,2023-07-04,2023-07,월세,11,20㎡ 이하,안암동,서울특별시 성북구 안암동5가 15-55,37.5876435799279,127.029636220866,5.1,16823.529411764706,소형,1401.9607843137255,7.246340128402996,1.1195731589461135,False,서울 성북구 고려대로27길 27,152.75493553055347,안암역,,0,379.4999345617588,379.4999345617588,903.9568111992396,2.4849066497880004,0,0,1,1,1,0,train
2012,23.07~24.07,신규,27,7,2023,1000,12.72,3,다세대,'15-55,큰소나무,70,,,11290,안암동5가, ,성북구,202307,2023-07-27,2023-07,월세,11,20㎡ 이하,안암동,서울특별시 성북구 안암동5가 15-55,37.5876435799279,127.029636220866,5.1,17470.58823529412,소형,1373.4739178690345,7.225826331702476,1.0481622287345795,False,서울 성북구 고려대로27길 27,152.75493553055347,안암역,,0,379.4999345617588,379.4999345617588,903.9568111992396,2.543175557911976,0,0,1,1,1,0,train
2020,23.08~24.08,신규,22,7,2023,2000,15.48,2,다세대,'42-41,(42-41),50,,,11290,보문동6가, ,성북구,202307,2023-07-22,2023-07,월세,3,20㎡ 이하,보문동,서울특별시 성북구 보문동6가 42-41,37.5818624642491,127.018509247657,5.1,13764.705882352942,소형,889.1928864569084,6.791438165600498,0.3209611501303809,False,서울 성북구 보문로21가길 19,429.7791183312202,보문역,,0,755.428683346882,1090.8185674506628,424.7641223289555,2.739548868161581,0,0,0,0,1,0,train
2012,23.08~24.08,신규,10,7,2023,1000,14.13,3,다세대,'12-24,(12-24),75,,,11290,안암동5가, ,성북구,202307,2023-07-10,2023-07,월세,11,20㎡ 이하,안암동,서울특별시 성북구 안암동5가 12-24,37.5890048138564,127.029936464902,5.1,18647.058823529413,소형,1319.678614545606,7.1859009854037845,0.9091774196409562,False,서울 성북구 고려대로27길 52-7,306.26710788830525,안암역,,0,525.5027062656495,525.5027062656495,978.315946177262,2.6483001966964363,0,0,1,1,1,0,train
2016,23.07~25.07,신규,11,7,2023,1000,18.16,4,다세대,'79-4,더리치빌,55,,,11290,보문동4가, ,성북구,202307,2023-07-11,2023-07,월세,7,20㎡ 이하,보문동,서울특별시 성북구 보문동4가 79-4,37.5823285816602,127.021501723257,5.1,13941.176470588236,소형,767.6859289971495,6.644682471253439,-0.2414930109477542,False,서울 성북구 고려대로2길 76,380.8928772607329,보문역,,0,487.3313359325827,822.6573866301491,392.1202727493698,2.8992213731731478,0,0,0,0,1,0,train
2022,23.08~24.08,신규,8,7,2023,3000,27.42,5,다세대,'159-3,스텔라153,120,,,11290,보문동5가, ,성북구,202307,2023-07-08,2023-07,월세,1,20㎡ 초과~33㎡ 이하,보문동,서울특별시 성북구 보문동5가 159-3,37.5820065871023,127.020885522519,5.1,31235.29411764706,중형,1139.1427468142615,7.038908750053348,1.2152231936048543,False,서울 성북구 보문로 75,400.6960170207058,보문역,,0,545.9792741658392,884.7621579628762,408.2510868591892,3.3112726741341683,0,0,0,0,0,1,train
2015,23.08~24.08,신규,29,7,2023,1000,27.32,3,다세대,'6,동은빌,99,,,11290,안암동1가, ,성북구,202307,2023-07-29,2023-07,월세,8,20㎡ 초과~33㎡ 이하,안암동,서울특별시 성북구 안암동1가 6,37.5890312632611,127.019877185804,5.1,24294.117647058825,중형,889.2429592627681,6.791494413407453,0.2059241963241705,False,서울 성북구 보문로30길 40-6,388.181701625532,보문역,,0,934.8834971736508,1073.7372462605574,386.2352745429992,3.307619034702589,0,0,1,0,0,1,train
1995,23.08~25.08,신규,17,7,2023,2000,43.5,-1,다세대,'64-3,은혜빌라,50,,,11290,보문동2가, ,성북구,202307,2023-07-17,2023-07,월세,28,33㎡ 초과,보문동,서울특별시 성북구 보문동2가 64-3,37.5860070378913,127.017895264922,5.1,13764.705882352942,대형,316.4300202839757,5.760257385484804,-1.0464782888525106,False,서울 성북구 보문로25길 17,192.84107996806145,보문역,,1,877.9665020564191,1126.783676982916,168.2957955121367,3.7727609380946383,0,0,0,0,0,0,train
2012,23.08~24.08,신규,12,7,2023,3000,14.47,4,다세대,'12-24,(12-24),60,,,11290,안암동5가, ,성북구,202307,2023-07-12,2023-07,월세,11,20㎡ 이하,안암동,서울특별시 성북구 안암동5가 12-24,37.5890048138564,127.029936464902,5.1,17117.64705882353,소형,1182.9749176795806,7.076632630827312,0.5288014728133351,False,서울 성북구 고려대로27길 52-7,306.26710788830525,안암역,,0,525.5027062656495,525.5027062656495,978.315946177262,2.6720775406433925,0,0,1,1,1,0,train
2021,23.08~25.08,신규,31,7,2023,28000,29.75,4,다세대,'41-7,신성프라임,0,,,11290,보문동6가, ,성북구,202307,2023-07-31,2023-07,전세,2,20㎡ 초과~33㎡ 이하,보문동,서울특별시 성북구 보문동6가 41-7,37.5826069999263,127.018796430637,5.1,28000.0,중형,941.1764705882352,6.84819259311208,0.650043508998478,False,서울 성북구 보문로21길 31-3,343.2208423074522,보문역,,0,723.2093521131305,1048.3382721029172,338.293524717172,3.392829131991639,1,0,0,0,0,1,train
2002,23.08~25.08,신규,15,7,2023,2000,31.115,4,다세대,'74-5,승화빌,70,,,11290,보문동2가, ,성북구,202307,2023-07-15,2023-07,월세,21,20㎡ 초과~33㎡ 이하,보문동,서울특별시 성북구 보문동2가 74-5,37.5855547382236,127.017903081971,5.1,18470.58823529412,중형,593.6232760820865,6.387928055580005,-0.7139319943354452,False,서울 성북구 지봉로23길 13-11,185.0868867414957,보문역,,0,858.1280943493584,1118.7296200670005,160.10005084563207,3.4376900180211813,0,0,0,0,0,1,train
2019,23.08~25.08,갱신,9,7,2023,1000,19.62,3,다세대,'105-3,E.SVill,50,2000.0,45.0,11290,안암동1가, ,성북구,202307,2023-07-09,2023-07,월세,4,20㎡ 이하,안암동,서울특별시 성북구 안암동1가 105-3,37.5879341880433,127.020558833338,5.1,12764.705882352942,소형,650.5966300893447,6.47942570496704,-1.5501458194434716,False,서울 성북구 고려대로7다길 5,270.4954149793068,보문역,12588.235294117649,0,805.0197178822772,964.6844828426848,274.14946234955704,2.976549454137217,0,0,1,0,1,0,train
2018,23.08~25.08,신규,18,7,2023,30000,43.93,3,다세대,'133-63,안암비스타,0,,,11290,안암동3가, ,성북구,202307,2023-07-18,2023-07,전세,5,33㎡ 초과,안암동,서울특별시 성북구 안암동3가 133-63,37.58357712697,127.023200547685,5.1,30000.0,대형,682.9046209879353,6.527818464899377,1.343316867093108,False,서울 성북구 고려대로12길 61,356.48617009341774,보문역,,0,345.77379528117683,648.2131884849758,377.7242368635669,3.782597457987688,1,0,1,0,0,0,train
2021,23.08~25.08,신규,8,7,2023,28000,29.75,4,다세대,'41-7,신성프라임,0,,,11290,보문동6가, ,성북구,202307,2023-07-08,2023-07,전세,2,20㎡ 초과~33㎡ 이하,보문동,서울특별시 성북구 보문동6가 41-7,37.5826069999263,127.018796430637,5.1,28000.0,중형,941.1764705882352,6.84819259311208,0.650043508998478,False,서울 성북구 보문로21길 31-3,343.2208423074522,보문역,,0,723.2093521131305,1048.3382721029172,338.293524717172,3.392829131991639,1,0,0,0,0,1,train
2012,23.09~25.09,신규,5,8,2023,1000,13.92,4,다세대,'134-4,(134-4),47,,,11290,보문동7가, ,성북구,202308,2023-08-05,2023-08,월세,11,20㎡ 이하,보문동,서울특별시 성북구 보문동7가 134-4,37.5791821520309,127.021879050593,5.1,12058.823529411766,소형,866.2947937795809,6.7653789348816415,0.2210868466661917,False,서울 성북구 보문로13나길 22,726.2055075485071,보문역,,0,604.5437846170768,949.191256896952,734.2609546483098,2.633326654906273,0,0,0,0,1,0,train
2012,23.09~25.09,신규,29,8,2023,500,13.92,3,다세대,'134-4,(134-4),52,,,11290,보문동7가, ,성북구,202308,2023-08-29,2023-08,월세,11,20㎡ 이하,보문동,서울특별시 성북구 보문동7가 134-4,37.5791821520309,127.021879050593,5.1,12735.29411764706,소형,914.891818796484,6.819898255949006,0.4300369601859845,False,서울 성북구 보문로13나길 22,726.2055075485071,보문역,,0,604.5437846170768,949.191256896952,734.2609546483098,2.633326654906273,0,0,0,0,1,0,train
2012,23.08~25.08,신규,16,8,2023,5000,28.34,4,다세대,'134-4,(134-4),50,,,11290,보문동7가, ,성북구,202308,2023-08-16,2023-08,월세,11,20㎡ 초과~33㎡ 이하,보문동,서울특별시 성북구 보문동7가 134-4,37.5791821520309,127.021879050593,5.1,16764.705882352944,중형,591.556312009631,6.384445909859608,-0.724251193566236,False,서울 성북구 보문로13나길 22,726.2055075485071,보문역,,0,604.5437846170768,949.191256896952,734.2609546483098,3.3442742342625342,0,0,0,0,0,1,train
2014,23.08~25.08,신규,7,8,2023,3000,24.13,4,다세대,'68,화이트빌,85,,,11290,안암동2가, ,성북구,202308,2023-08-07,2023-08,월세,9,20㎡ 초과~33㎡ 이하,안암동,서울특별시 성북구 안암동2가 68,37.5866164807319,127.021598175052,5.1,23000.0,중형,953.1703273932864,6.860842195756409,0.3826080027307978,False,서울 성북구 고려대로7가길 11,184.4635567688856,보문역,,0,637.6990495430598,825.6015405613455,202.9512455942593,3.1834558796369405,0,0,1,0,0,1,train
2022,23.08~24.08,신규,25,8,2023,1000,28.28,3,다세대,'149-1,TheGoldCity,165,,,11290,안암동5가, ,성북구,202308,2023-08-25,2023-08,월세,1,20㎡ 초과~33㎡ 이하,안암동,서울특별시 성북구 안암동5가 149-1,37.5885579379589,127.028783897453,5.1,39823.52941176471,중형,1408.187037191114,7.250768247724174,1.3760589357700488,False,서울 성북구 개운사2길 9,253.3616724327488,안암역,,0,497.0221536302352,497.0221536302352,865.4342293535547,3.342154841028372,0,0,1,1,0,1,train
2012,23.08~25.02,신규,18,8,2023,14000,14.13,5,다세대,'12-24,(12-24),0,,,11290,안암동5가, ,성북구,202308,2023-08-18,2023-08,전세,11,20㎡ 이하,안암동,서울특별시 성북구 안암동5가 12-24,37.5890048138564,127.029936464902,5.1,14000.0,소형,990.7997169143664,6.899521188628865,-0.0877442121781138,False,서울 성북구 고려대로27길 52-7,306.26710788830525,안암역,,0,525.5027062656495,525.5027062656495,978.315946177262,2.6483001966964363,1,0,1,1,1,0,train
2002,23.09~25.09,신규,29,8,2023,25000,56.02,2,다세대,'154-1,광성빌라,0,,,11290,보문동6가, ,성북구,202308,2023-08-29,2023-08,전세,21,33㎡ 초과,보문동,서울특별시 성북구 보문동6가 154-1,37.5796385717577,127.01944109438,5.1,25000.0,대형,446.2691895751517,6.103160627170253,-0.1563231586110195,False,서울 성북구 보문로13길 49,658.2658910530525,보문역,,0,753.1679035250523,1103.7811736379165,658.891303890405,4.0257087698319625,1,0,0,0,0,0,train
2022,23.10~25.10,신규,31,8,2023,23000,28.41,3,다세대,'134-11,탑스하우징,20,,,11290,보문동7가, ,성북구,202308,2023-08-31,2023-08,월세,1,20㎡ 초과~33㎡ 이하,보문동,서울특별시 성북구 보문동7가 134-11,37.5796315517269,127.021476041454,5.1,27705.88235294117,중형,975.215851916268,6.883683721711154,0.7552200456362559,False,서울 성북구 보문로13나길 8-5,669.8658248177488,보문역,,0,600.896659962064,949.632077083748,677.1314730927518,3.3467411958660964,0,0,0,0,0,1,train
2015,23.09~25.09,신규,25,8,2023,3000,23.26,4,다세대,'64-11,금산빌딩,75,,,11290,보문동2가, ,성북구,202308,2023-08-25,2023-08,월세,8,20㎡ 초과~33㎡ 이하,보문동,서울특별시 성북구 보문동2가 64-11,37.5858252054743,127.017372714174,5.1,20647.058823529413,중형,887.6637499367761,6.789718929923496,0.4767591525562475,False,서울 성북구 보문로25길 25,233.94823352532688,보문역,,0,912.5890679211318,1169.094104682548,208.9240129948573,3.1467351470905185,0,0,0,0,0,1,train
2011,23.09~25.09,신규,28,8,2023,1500,20.47,3,다세대,'2-2,(2-2),52,,,11290,보문동2가, ,성북구,202308,2023-08-28,2023-08,월세,12,20㎡ 초과~33㎡ 이하,보문동,서울특별시 성북구 보문동2가 2-2,37.5872920463973,127.017812694376,5.1,13735.29411764706,중형,670.9962929969253,6.510252824134311,-0.3514274471598148,False,서울 성북구 지봉로23길 50,274.1288529809032,보문역,,0,951.2446356577402,1166.4026777308086,255.61189878310088,3.018960399673198,0,0,0,0,0,1,train
2009,23.08~25.08,신규,2,8,2023,2000,23.05,4,다세대,'64-14,브라운힐,55,,,11290,보문동2가, ,성북구,202308,2023-08-02,2023-08,월세,14,20㎡ 초과~33㎡ 이하,보문동,서울특별시 성북구 보문동2가 64-14,37.5856569512716,127.017634437579,5.1,14941.176470588236,중형,648.2072221513334,6.47575196027254,-0.4536693739518307,False,서울 성북구 지봉로23길 13-22,209.1458695848564,보문역,,0,884.2999533409775,1143.6637587480527,184.0865759102006,3.1376657694426577,0,0,0,0,0,1,train
2012,23.08~25.08,신규,24,8,2023,1000,13.92,2,다세대,'134-4,(134-4),48,,,11290,보문동7가, ,성북구,202308,2023-08-24,2023-08,월세,11,20㎡ 이하,보문동,서울특별시 성북구 보문동7가 134-4,37.5791821520309,127.021879050593,5.1,12294.117647058823,소형,883.1981068289384,6.784681140278042,0.2950642537541612,False,서울 성북구 보문로13나길 22,726.2055075485071,보문역,,0,604.5437846170768,949.191256896952,734.2609546483098,2.633326654906273,0,0,0,0,1,0,train
2013,23.08~24.08,신규,2,8,2023,1000,15.81,6,다세대,'102-67,영산빌딩,60,,,11290,안암동5가, ,성북구,202308,2023-08-02,2023-08,월세,10,20㎡ 이하,안암동,서울특별시 성북구 안암동5가 102-67,37.5854959551678,127.028983795046,5.1,15117.64705882353,소형,956.2079101090152,6.864020619799713,-0.2113258523853657,False,서울 성북구 고려대로22길 15,92.87285163320595,안암역,,0,188.5058222135,188.5058222135,816.3170578685795,2.7606426512213806,0,0,1,1,1,0,train
2014,23.09~25.08,신규,8,8,2023,1000,14.99,3,다세대,'35,해마루,50,,,11290,안암동1가, ,성북구,202308,2023-08-08,2023-08,월세,9,20㎡ 이하,안암동,서울특별시 성북구 안암동1가 35,37.5886156661735,127.019693653118,5.1,12764.705882352942,소형,851.5480908841189,6.748229619160872,-0.6144078945084774,False,서울 성북구 고려대로7마길 6,342.8985149839912,보문역,,0,912.505916991287,1066.2853451858073,339.78250688811045,2.7073833121145063,0,0,1,0,1,0,train
2002,23.08~25.08,신규,23,8,2023,1000,31.115,3,다세대,'74-5,승화빌,80,,,11290,보문동2가, ,성북구,202308,2023-08-23,2023-08,월세,21,20㎡ 초과~33㎡ 이하,보문동,서울특별시 성북구 보문동2가 74-5,37.5855547382236,127.017903081971,5.1,19823.529411764703,중형,637.1052357951055,6.458503216129943,-0.5047853356549133,False,서울 성북구 지봉로23길 13-11,185.0868867414957,보문역,,0,858.1280943493584,1118.7296200670005,160.10005084563207,3.4376900180211813,0,0,0,0,0,1,train
2012,23.09~25.09,신규,24,8,2023,9000,17.98,1,다세대,'74-11,베데스타2,2,,,11290,보문동2가, ,성북구,202308,2023-08-24,2023-08,월세,11,20㎡ 이하,보문동,서울특별시 성북구 보문동2가 74-11,37.5854865875137,127.018136522855,5.1,9470.588235294115,소형,526.7290453445004,6.26858298029258,-1.6829275298021962,False,서울 성북구 지봉로23길 5-8,164.62556409820291,보문역,,0,836.2084060729292,1097.3868311308154,139.76782674161174,2.8892600290434745,0,0,0,0,1,0,train
2020,23.09~25.09,신규,20,8,2023,30000,51.62,2,다세대,'379,로하스빌15차,0,,,11290,보문동6가, ,성북구,202308,2023-08-20,2023-08,전세,3,33㎡ 초과,보문동,서울특별시 성북구 보문동6가 379,37.5793220452989,127.020547974416,5.1,30000.0,대형,581.1700891127471,6.366762654369537,0.5279710338269291,False,서울 성북구 보문로13마길 7,693.255859799723,보문역,,0,687.6191905563636,1037.0491503840144,697.4556042240017,3.943909194290468,1,0,0,0,0,0,train
2012,23.08~25.08,신규,14,8,2023,2000,13.92,2,다세대,'134-4,(134-4),42,,,11290,보문동7가, ,성북구,202308,2023-08-14,2023-08,월세,11,20㎡ 이하,보문동,서울특별시 성북구 보문동7가 134-4,37.5791821520309,127.021879050593,5.1,11882.352941176472,소형,853.6173089925627,6.750653776916077,0.1646513781338557,False,서울 성북구 보문로13나길 22,726.2055075485071,보문역,,0,604.5437846170768,949.191256896952,734.2609546483098,2.633326654906273,0,0,0,0,1,0,train
1997,23.09~25.08,신규,18,8,2023,11000,29.46,3,다세대,'207-2,BESSOHOUSE,30,,,11290,보문동3가, ,성북구,202308,2023-08-18,2023-08,월세,26,20㎡ 초과~33㎡ 이하,보문동,서울특별시 성북구 보문동3가 207-2,37.5838886300916,127.017847546579,5.1,18058.82352941177,중형,612.9946887105148,6.4199862778011205,-0.6189287381113232,False,서울 성북구 보문사길 39,264.34504371609194,보문역,,0,815.5325228088915,1115.8395096003146,248.52075618483056,3.3830334110344844,0,0,0,0,0,1,train
2004,23.09~25.09,신규,14,8,2023,13000,41.78,4,다세대,'135,(135-0),30,,,11290,보문동7가, ,성북구,202308,2023-08-14,2023-08,월세,19,33㎡ 초과,보문동,서울특별시 성북구 보문동7가 135,37.5787298016808,127.022154354723,5.1,20058.82352941177,대형,480.1058767212007,6.17608736380686,0.0329900378165433,False,서울 성북구 보문로13나길 32,780.800809086526,보문역,,0,622.2272034332791,961.4960595106958,789.196795237089,3.73241775612842,0,0,0,0,0,0,train
2015,23.08~25.08,갱신,9,8,2023,15000,20.08,4,다세대,'74-3,범진우주하우스,7,15000.0,2.0,11290,보문동2가,사용,성북구,202308,2023-08-09,2023-08,월세,8,20㎡ 초과~33㎡ 이하,보문동,서울특별시 성북구 보문동2가 74-3,37.5856640691289,127.018227480843,5.1,16647.058823529413,중형,829.0367940004688,6.721470029929139,0.2745062737641194,False,서울 성북구 지봉로23길 13-5,157.08690650371963,보문역,15470.588235294115,0,836.0431027826141,1091.9950963803549,132.0223830526954,2.9997242948235283,0,0,0,0,0,1,train
2013,23.08~25.08,신규,3,8,2023,7000,12.15,3,다세대,'28,뉴스타안암,15,,,11290,안암동2가, ,성북구,202308,2023-08-03,2023-08,월세,10,20㎡ 이하,안암동,서울특별시 성북구 안암동2가 28,37.5872142206758,127.02148139002,5.1,10529.411764705885,소형,866.6182522391673,6.765751816351496,-0.5534110727596966,False,서울 성북구 보문로26길 48,227.03527655410068,보문역,,0,690.9347463471147,858.20784474037,240.67128238702588,2.4973291697865574,0,0,1,0,1,0,train
1985,23.08~25.08,신규,5,8,2023,21000,111.53,1,다세대,'54-3,(54-3),0,,,11290,안암동3가, ,성북구,202308,2023-08-05,2023-08,전세,38,33㎡ 초과,안암동,서울특별시 성북구 안암동3가 54-3,37.585388607642,127.023027545657,5.1,21000.0,대형,188.2901461490182,5.243281002708369,-1.4045675527831678,False,서울 성북구 고려대로14길 24,267.0079737588122,보문역,,0,453.1904532749157,669.4808957237514,292.06942888916745,4.714293613006445,1,0,1,0,0,0,train
2013,23.12~25.12,신규,19,9,2023,16800,31.88,3,다세대,'199,태영빌,0,,,11290,보문동5가, ,성북구,202309,2023-09-19,2023-09,전세,10,20㎡ 초과~33㎡ 이하,보문동,서울특별시 성북구 보문동5가 199,37.5816530339054,127.020389097902,5.1,16800.0,중형,526.9761606022585,6.269051132312442,-1.0662189902401928,False,서울 성북구 보문로17길 14,433.7324459743769,보문역,,0,596.3475761496918,938.3173047476604,438.4174188879834,3.461978853922014,1,0,0,0,0,1,train
2019,23.10~25.10,신규,22,9,2023,27000,29.91,8,다세대,'100,보문엘타워,0,,,11290,보문동7가, ,성북구,202309,2023-09-22,2023-09,전세,4,20㎡ 초과~33㎡ 이하,보문동,서울특별시 성북구 보문동7가 100,37.57981163882,127.022081428254,5.1,27000.0,중형,902.7081243731194,6.806506436989353,0.5265082566750459,False,서울 성북구 보문로 49,662.941502463666,보문역,,0,546.14736911873,894.1001424405406,672.20698034622,3.398192872641857,1,0,0,0,0,1,train
2014,23.11~25.11,신규,13,9,2023,12500,31.2,6,다세대,'75-10,(75-10),32,,,11290,보문동2가, ,성북구,202309,2023-09-13,2023-09,월세,9,20㎡ 초과~33㎡ 이하,보문동,서울특별시 성북구 보문동2가 75-10,37.5851695046946,127.018287932064,5.1,20029.41176470588,중형,641.9683257918551,6.466095462980532,-0.4822860165133715,False,서울 성북구 지봉로 175-2,156.7330223806902,보문역,,0,811.6415388512596,1080.421392750233,133.449606038057,3.4404180948154366,0,0,0,0,0,1,train
2002,23.09~24.09,신규,2,9,2023,8000,65.73,1,다세대,'1-5,재성주택,33,,,11290,보문동2가, ,성북구,202309,2023-09-02,2023-09,월세,21,33㎡ 초과,보문동,서울특별시 성북구 보문동2가 1-5,37.587555071862,127.017641678685,5.1,15764.70588235294,대형,239.8403450837204,5.484134245429137,-1.763276498431444,False,서울 성북구 지봉로23길 56,305.66584382578367,보문역,,0,979.5726361121102,1189.423025025264,287.66387327886355,4.185555442275485,0,0,0,0,0,0,train
2004,23.09~25.09,신규,4,9,2023,1000,33.68,4,다세대,'23,(24),65,,,11290,보문동5가, ,성북구,202309,2023-09-04,2023-09,월세,19,33㎡ 초과,보문동,서울특별시 성북구 보문동5가 23,37.5834985585022,127.01863498262,5.1,16294.117647058823,대형,483.7920916585162,6.183720122036484,0.0528041954856194,False,서울 성북구 지봉로20길 33,257.2079686520335,보문역,,0,741.1945179625328,1049.308557102756,248.36185529687384,3.516904189374126,0,0,0,0,0,0,train
2009,23.09~25.09,신규,9,9,2023,500,25.16,2,다세대,'64-14,브라운힐,55,,,11290,보문동2가, ,성북구,202309,2023-09-09,2023-09,월세,14,20㎡ 초과~33㎡ 이하,보문동,서울특별시 성북구 보문동2가 64-14,37.5856569512716,127.017634437579,5.1,13441.176470588236,중형,534.2279996259235,6.282692823637509,-1.0257923849422823,False,서울 성북구 지봉로23길 13-22,209.1458695848564,보문역,,0,884.2999533409775,1143.6637587480527,184.0865759102006,3.22525543183224,0,0,0,0,0,1,train
2019,23.09~25.09,갱신,19,9,2023,6979,59.79,3,다세대,'133-51,늘푸른,17,6837.0,15.0,11290,안암동3가, ,성북구,202309,2023-09-19,2023-09,월세,4,33㎡ 초과,안암동,서울특별시 성북구 안암동3가 133-51,37.5836308102335,127.023733924958,5.1,10979.0,대형,183.62602441879912,5.21833228948232,-1.4579378766450244,False,서울 성북구 보문로22길 54-11,391.4072231250345,보문역,10366.411764705885,0,302.2649786351369,600.8355964066794,413.6627149209095,4.090838422892813,0,0,1,0,0,0,train
2013,23.09~25.09,신규,12,9,2023,1000,30.02,5,다세대,'1-12,(1-12),75,,,11290,보문동1가, ,성북구,202309,2023-09-12,2023-09,월세,10,20㎡ 초과~33㎡ 이하,보문동,서울특별시 성북구 보문동1가 1-12,37.5883104245132,127.018489105394,5.1,18647.058823529413,중형,621.1545244346906,6.433188493452194,-0.5798045013531498,False,서울 성북구 보문로30길 12,335.543518554015,보문역,,0,968.428942176456,1148.451110243563,324.49554405556995,3.401863826205316,0,0,0,0,0,1,train
2013,23.09~25.09,신규,11,9,2023,12000,14.02,5,다세대,'28,뉴스타안암,0,,,11290,안암동2가, ,성북구,202309,2023-09-11,2023-09,전세,10,20㎡ 이하,안암동,서울특별시 성북구 안암동2가 28,37.5872142206758,127.02148139002,5.1,12000.0,소형,855.9201141226819,6.7533446985267656,-0.5966017038282796,False,서울 성북구 보문로26길 48,227.03527655410068,보문역,,0,690.9347463471147,858.20784474037,240.67128238702588,2.640484881606444,1,0,1,0,1,0,train
1994,23.10~25.10,신규,5,9,2023,15000,79.12,1,다세대,'133-2,정진빌라,0,,,11290,안암동3가, ,성북구,202309,2023-09-05,2023-09,전세,29,33㎡ 초과,안암동,서울특별시 성북구 안암동3가 133-2,37.5834941016896,127.023422311673,5.1,15000.0,대형,189.5854398382204,5.25010059710708,-1.3899790664605272,False,서울 성북구 고려대로12길 65-3,377.6148909804208,보문역,,0,324.5706951443132,630.0743225610101,398.9989759943762,4.370965687314457,1,0,1,0,0,0,train
2008,23.09~25.09,신규,1,9,2023,8000,13.16,2,다세대,'171,승민아트빌,0,,,11290,보문동5가, ,성북구,202309,2023-09-01,2023-09,전세,15,20㎡ 이하,보문동,서울특별시 성북구 보문동5가 171,37.5820315128318,127.020029181913,5.1,8000.0,소형,607.90273556231,6.411658543234277,-1.1345777973901492,False,서울 성북구 지봉로24길 70-10,390.32121984232265,보문역,,0,620.1795847194261,956.5315442239414,393.2946483718082,2.5771819258971718,1,0,0,0,1,0,train
2018,23.09~25.09,신규,1,9,2023,11000,16.16,7,다세대,'114-1,(114-1),23,,,11290,보문동2가, ,성북구,202309,2023-09-01,2023-09,월세,5,20㎡ 이하,보문동,서울특별시 성북구 보문동2가 114-1,37.5846755232308,127.019214157549,5.1,16411.764705882353,소형,1015.5794991263832,6.924198838693374,0.8297781561133462,False,서울 성북구 지봉로24길 9-1,118.8038179392723,보문역,,0,717.0682193311576,995.3503098289827,107.9784038078537,2.782539053092949,0,0,0,0,1,0,train
2012,23.12~25.12,신규,19,10,2023,500,13.92,4,다세대,'134-4,(134-4),52,,,11290,보문동7가, ,성북구,202310,2023-10-19,2023-10,월세,11,20㎡ 이하,보문동,서울특별시 성북구 보문동7가 134-4,37.5791821520309,127.021879050593,5.0,12980.0,소형,932.471264367816,6.838910179827548,0.5029018377170601,False,서울 성북구 보문로13나길 22,726.2055075485071,보문역,,0,604.5437846170768,949.191256896952,734.2609546483098,2.633326654906273,0,0,0,0,1,0,train
2012,23.12~25.12,신규,19,10,2023,500,13.92,2,다세대,'134-4,(134-4),52,,,11290,보문동7가, ,성북구,202310,2023-10-19,2023-10,월세,11,20㎡ 이하,보문동,서울특별시 성북구 보문동7가 134-4,37.5791821520309,127.021879050593,5.0,12980.0,소형,932.471264367816,6.838910179827548,0.5029018377170601,False,서울 성북구 보문로13나길 22,726.2055075485071,보문역,,0,604.5437846170768,949.191256896952,734.2609546483098,2.633326654906273,0,0,0,0,1,0,train
2005,23.11~25.11,신규,21,10,2023,2000,58.74,1,다세대,'47,기원빌라,60,,,11290,안암동3가, ,성북구,202310,2023-10-21,2023-10,월세,18,33㎡ 초과,안암동,서울특별시 성북구 안암동3가 47,37.5847449790216,127.022346229739,5.0,16400.0,대형,279.19645897173984,5.63549099632034,-0.5655513601936444,False,서울 성북구 고려대로12길 32,224.6377446161844,보문역,,0,463.6152471243175,720.1867794485319,248.5261000462212,4.073120925770474,0,0,1,0,0,0,train
2002,23.10~25.10,신규,17,10,2023,1000,23.85,2,다세대,'1-5,재성주택,51,,,11290,보문동2가, ,성북구,202310,2023-10-17,2023-10,월세,21,20㎡ 초과~33㎡ 이하,보문동,서울특별시 성북구 보문동2가 1-5,37.587555071862,127.017641678685,5.0,13240.0,중형,555.1362683438155,6.321013351170991,-0.9122310380030572,False,서울 성북구 지봉로23길 56,305.66584382578367,보문역,,0,979.5726361121102,1189.423025025264,287.66387327886355,3.1717842173343502,0,0,0,0,0,1,train
2012,24.01~25.01,신규,30,10,2023,2000,12.72,3,다세대,'15-55,큰소나무,63,,,11290,안암동5가, ,성북구,202310,2023-10-30,2023-10,월세,11,20㎡ 이하,안암동,서울특별시 성북구 안암동5가 15-55,37.5876435799279,127.029636220866,5.0,17120.0,소형,1345.9119496855346,7.205569806557049,0.9776468909545396,False,서울 성북구 고려대로27길 27,152.75493553055347,안암역,,0,379.4999345617588,379.4999345617588,903.9568111992396,2.543175557911976,0,0,1,1,1,0,train
2017,23.12~25.11,신규,13,10,2023,2000,29.42,3,다세대,'69,보문동6가69공동주택(한광옥),85,,,11290,보문동6가, ,성북구,202310,2023-10-13,2023-10,월세,6,20㎡ 초과~33㎡ 이하,보문동,서울특별시 성북구 보문동6가 69,37.5813211884998,127.01937530258,5.0,22400.0,중형,761.386811692726,6.636454053781042,0.0225648370421031,False,서울 성북구 보문로17길 34,472.5527208902656,보문역,,0,691.7163228336881,1034.7433320640748,472.312016613711,3.3816747151732915,0,0,0,0,0,1,train
2011,24.01~25.01,신규,19,10,2023,2000,12.68,4,다세대,'15-5,MAIBAUM안암,42,,,11290,안암동4가, ,성북구,202310,2023-10-19,2023-10,월세,12,20㎡ 이하,안암동,서울특별시 성북구 안암동4가 15-5,37.5814227391357,127.023313771075,5.0,12080.0,소형,952.6813880126184,6.860329640836732,-0.2241745826806684,False,서울 성북구 안암로5길 54-4,543.0061961951634,보문역,,0,359.12045905585205,709.4755434538754,558.5006427801934,2.54002594900908,0,0,1,0,1,0,train
2012,23.12~24.12,신규,23,10,2023,1000,38.07,4,다세대,'15-17,(15-17),93,,,11290,안암동5가, ,성북구,202310,2023-10-23,2023-10,월세,11,33㎡ 초과,안암동,서울특별시 성북구 안암동5가 15-17,37.588419662907,127.029404194445,5.0,23320.0,대형,612.5558182295771,6.419271243271535,1.111112491657266,False,서울 성북구 개운사길 42-3,235.35245330358865,안암역,,0,468.151269508039,468.151269508039,910.6340734988736,3.639426570394406,0,0,1,1,0,0,train
2012,24.01~25.01,신규,21,10,2023,1000,22.89,4,다세대,'15-17,(15-17),74,,,11290,안암동5가, ,성북구,202310,2023-10-21,2023-10,월세,11,20㎡ 초과~33㎡ 이하,안암동,서울특별시 성북구 안암동5가 15-17,37.588419662907,127.029404194445,5.0,18760.0,중형,819.571865443425,6.710001494072322,-0.0017029071766531,False,서울 성북구 개운사길 42-3,235.35245330358865,안암역,,0,468.151269508039,468.151269508039,910.6340734988736,3.130700133964476,0,0,1,1,0,1,train
2014,23.12~25.12,신규,31,10,2023,1000,14.96,4,다세대,'35,해마루,55,,,11290,안암동1가, ,성북구,202310,2023-10-31,2023-10,월세,9,20㎡ 이하,안암동,서울특별시 성북구 안암동1가 35,37.5886156661735,127.019693653118,5.0,14200.0,소형,949.1978609625668,6.8566702376058615,-0.2369133941523133,False,서울 성북구 고려대로7마길 6,342.8985149839912,보문역,,0,912.505916991287,1066.2853451858073,339.78250688811045,2.7053799725463312,0,0,1,0,1,0,train
2012,23.12~25.01,신규,21,10,2023,2000,12.96,5,다세대,'15-55,큰소나무,63,,,11290,안암동5가, ,성북구,202310,2023-10-21,2023-10,월세,11,20㎡ 이하,안암동,서울특별시 성북구 안암동5가 15-55,37.5876435799279,127.029636220866,5.0,17120.0,소형,1320.9876543209875,7.186891681730347,0.912626149647878,False,서울 성북구 고려대로27길 27,152.75493553055347,안암역,,0,379.4999345617588,379.4999345617588,903.9568111992396,2.561867690924129,0,0,1,1,1,0,train
2012,23.12~25.11,신규,19,10,2023,1000,13.92,4,다세대,'134-4,(134-4),47,,,11290,보문동7가, ,성북구,202310,2023-10-19,2023-10,월세,11,20㎡ 이하,보문동,서울특별시 성북구 보문동7가 134-4,37.5791821520309,127.021879050593,5.0,12280.0,소형,882.183908045977,6.783533455300205,0.2906656497050091,False,서울 성북구 보문로13나길 22,726.2055075485071,보문역,,0,604.5437846170768,949.191256896952,734.2609546483098,2.633326654906273,0,0,0,0,1,0,train
2014,23.11~25.11,신규,19,10,2023,1000,14.99,4,다세대,'35,해마루,53,,,11290,안암동1가, ,성북구,202310,2023-10-19,2023-10,월세,9,20㎡ 이하,안암동,서울특별시 성북구 안암동1가 35,37.5886156661735,127.019693653118,5.0,13720.0,소형,915.276851234156,6.820318558347621,-0.3634578495000883,False,서울 성북구 고려대로7마길 6,342.8985149839912,보문역,,0,912.505916991287,1066.2853451858073,339.78250688811045,2.7073833121145063,0,0,1,0,1,0,train
2016,23.12~25.12,갱신,18,10,2023,32000,49.73,4,다세대,'232-6,주함해븐빌,0,32000.0,0.0,11290,보문동5가,사용,성북구,202310,2023-10-18,2023-10,전세,7,33㎡ 초과,보문동,서울특별시 성북구 보문동5가 232-6,37.5809726510257,127.020634016301,5.0,32000.0,대형,643.4747637241103,6.468435665249711,0.7919077402786789,False,서울 성북구 보문로15길 18,511.0835304511359,보문역,32000.0,0,596.6364741843561,944.8351982841295,516.4094280786004,3.906608372726647,1,0,0,0,0,0,train
2001,23.11~25.11,신규,14,10,2023,15000,58.5,1,연립,'134-24,(134-24),50,,,11290,안암동3가, ,성북구,202310,2023-10-14,2023-10,월세,22,33㎡ 초과,안암동,서울특별시 성북구 안암동3가 134-24,37.5825324033312,127.023763011984,5.0,27000.0,대형,461.5384615384616,6.136729713578032,0.5066992376533604,False,서울 성북구 안암로9길 66,470.8651714386865,보문역,,0,286.78829818830275,625.342325435319,490.1598738638645,4.069026754237811,0,1,1,0,0,0,train
2022,23.11~25.11,신규,7,10,2023,21000,26.36,5,다세대,'134-11,탑스하우징,30,,,11290,보문동7가, ,성북구,202310,2023-10-07,2023-10,월세,1,20㎡ 초과~33㎡ 이하,보문동,서울특별시 성북구 보문동7가 134-11,37.5796315517269,127.021476041454,5.0,28200.0,중형,1069.8027314112292,6.976163862456569,1.029281234877516,False,서울 성북구 보문로13나길 8-5,669.8658248177488,보문역,,0,600.896659962064,949.632077083748,677.1314730927518,3.2718477096343066,0,0,0,0,0,1,train
1985,23.11~25.11,갱신,30,10,2023,29000,110.72,1,연립,'54-4,(54-4),0,25000.0,0.0,11290,안암동3가, ,성북구,202310,2023-10-30,2023-10,전세,38,33㎡ 초과,안암동,서울특별시 성북구 안암동3가 54-4,37.5851939053499,127.02301571097,5.0,29000.0,대형,261.9219653179191,5.5718572783329,-0.7016767028817718,False,서울 성북구 고려대로14길 28,268.2248670502166,보문역,25000.0,0,440.5886666304425,666.9389558384676,293.24380452913067,4.707004491869359,1,1,1,0,0,0,train
2016,23.11~25.11,갱신,30,10,2023,10500,47.85,2,다세대,'232-4,주함해븐빌(B동),80,10500.0,74.0,11290,보문동5가, ,성북구,202310,2023-10-30,2023-10,월세,7,33㎡ 초과,보문동,서울특별시 성북구 보문동5가 232-4,37.5808666584678,127.0203203903,5.0,29700.0,대형,620.6896551724137,6.432441021555726,0.6984679215475199,False,서울 성북구 보문로15길 22,520.5899309684828,보문역,28260.0,0,626.63756580377,974.8804036009914,524.5505746357342,3.868071117898964,0,0,0,0,0,0,train
2013,23.10~24.10,신규,12,10,2023,500,20.0,1,다세대,'132,그린빌,50,,,11290,안암동2가, ,성북구,202310,2023-10-12,2023-10,월세,10,20㎡ 이하,안암동,서울특별시 성북구 안암동2가 132,37.5866939630274,127.023043911887,5.0,12500.0,소형,625.0,6.439350371100098,-1.6896527528383791,False,서울 성북구 고려대로7가길 38,296.9666022587233,보문역,,0,555.8771787619684,708.8780628975502,318.87528882000805,2.995732273553991,0,0,1,0,1,0,train
2019,23.11~25.11,갱신,26,10,2023,28000,29.91,9,다세대,'100,보문엘타워,0,32000.0,0.0,11290,보문동7가,사용,성북구,202310,2023-10-26,2023-10,전세,4,20㎡ 초과~33㎡ 이하,보문동,서울특별시 성북구 보문동7가 100,37.57981163882,127.022081428254,5.0,28000.0,중형,936.1417586091608,6.8428345606663,0.6341651946679884,False,서울 성북구 보문로 49,662.941502463666,보문역,32000.0,0,546.14736911873,894.1001424405406,672.20698034622,3.398192872641857,1,0,0,0,0,1,train
2013,23.11~25.11,신규,16,10,2023,8500,12.15,2,다세대,'28,뉴스타안암,0,,,11290,안암동2가, ,성북구,202310,2023-10-16,2023-10,전세,10,20㎡ 이하,안암동,서울특별시 성북구 안암동2가 28,37.5872142206758,127.02148139002,5.0,8500.0,소형,699.5884773662551,6.55192066382005,-1.2977823723976545,False,서울 성북구 보문로26길 48,227.03527655410068,보문역,,0,690.9347463471147,858.20784474037,240.67128238702588,2.4973291697865574,1,0,1,0,1,0,train
2004,23.11~25.11,신규,16,10,2023,6000,45.18,3,다세대,'135,(135-0),70,,,11290,보문동7가, ,성북구,202310,2023-10-16,2023-10,월세,19,33㎡ 초과,보문동,서울특별시 성북구 보문동7가 135,37.5787298016808,127.022154354723,5.0,22800.0,대형,504.6480743691899,6.225840922112291,0.162147128766343,False,서울 성북구 보문로13나길 32,780.800809086526,보문역,,0,622.2272034332791,961.4960595106958,789.196795237089,3.810654511039857,0,0,0,0,0,0,train
2013,23.10~25.10,갱신,7,10,2023,14000,25.81,4,다세대,'102-67,영산빌딩,0,13000.0,0.0,11290,안암동5가, ,성북구,202310,2023-10-07,2023-10,전세,10,20㎡ 초과~33㎡ 이하,안암동,서울특별시 성북구 안암동5가 102-67,37.5854959551678,127.028983795046,5.0,14000.0,중형,542.4254165052306,6.297892469003371,-1.0516714676320351,False,서울 성북구 고려대로22길 15,92.87285163320595,안암역,13000.0,0,188.5058222135,188.5058222135,816.3170578685795,3.2507620137305224,1,0,1,1,0,1,train
2022,23.10~25.10,신규,4,10,2023,5000,46.24,3,다세대,'41-12,라이크팰리스,50,,,11290,안암동4가, ,성북구,202310,2023-10-04,2023-10,월세,1,33㎡ 초과,안암동,서울특별시 성북구 안암동4가 41-12,37.5804722137068,127.024534231321,5.0,17000.0,대형,367.6470588235294,5.90983970616846,0.0213358016014898,False,서울 성북구 안암로9길 17,690.7617636689957,보문역,,0,337.94912576840795,676.4036928664832,707.1230927830719,3.833845224364122,0,0,1,0,0,0,train
2017,24.01~28.01,신규,26,11,2023,45000,61.06,5,다세대,'74-4,(74-4),25,,,11290,보문동2가, ,성북구,202311,2023-11-26,2023-11,월세,6,33㎡ 초과,보문동,서울특별시 성북구 보문동2가 74-4,37.5856076020013,127.018063978834,4.9,51122.44897959184,대형,837.2494100817529,6.7313156815963175,1.4743276382029882,False,서울 성북구 지봉로23길 13-9,171.06065159319274,보문역,,0,847.0480143176586,1105.4214813741974,146.01736067850436,4.111856987306732,0,0,0,0,0,0,train
2017,24.01~28.01,신규,26,11,2023,50000,61.06,5,다세대,'74-4,(74-4),0,,,11290,보문동2가, ,성북구,202311,2023-11-26,2023-11,전세,6,33㎡ 초과,보문동,서울특별시 성북구 보문동2가 74-4,37.5856076020013,127.018063978834,4.9,50000.0,대형,818.8666885031116,6.709141752045347,1.4167655193662223,False,서울 성북구 지봉로23길 13-9,171.06065159319274,보문역,,0,847.0480143176586,1105.4214813741974,146.01736067850436,4.111856987306732,1,0,0,0,0,0,train
2016,24.01~26.01,신규,14,11,2023,31000,50.55,2,다세대,'232-5,주함해븐빌(C동),0,,,11290,보문동5가, ,성북구,202311,2023-11-14,2023-11,전세,7,33㎡ 초과,보문동,서울특별시 성북구 보문동5가 232-5,37.5809196100961,127.020475504999,4.9,31000.0,대형,613.2542037586549,6.420408855103804,0.6672331783515868,False,서울 성북구 보문로15길 20,515.6327107431371,보문역,,0,611.7788111338735,959.997443553532,520.264847332014,3.92296294546648,1,0,0,0,0,0,train
2013,24.01~26.01,신규,18,11,2023,2000,30.09,3,다세대,'161-13,(161-13),94,,,11290,안암동2가, ,성북구,202311,2023-11-18,2023-11,월세,10,20㎡ 초과~33㎡ 이하,안암동,서울특별시 성북구 안암동2가 161-13,37.5876132803393,127.025505415992,4.9,25020.408163265307,중형,831.519048297285,6.724456102430416,0.0351244453113331,False,서울 성북구 고려대로17길 27,359.15164045714914,안암역,,0,551.1772332037186,573.9514463275236,558.571330901939,3.4041928906419536,0,0,1,1,0,1,train
2012,23.12~25.12,갱신,6,11,2023,4500,12.58,2,다세대,'120-6,스타힐스,17,4500.0,14.0,11290,안암동2가, ,성북구,202311,2023-11-06,2023-11,월세,11,20㎡ 이하,안암동,서울특별시 성북구 안암동2가 120-6,37.5865738225285,127.022304431991,4.9,8663.265306122448,소형,688.6538399143441,6.536189790423586,-1.3525433861037568,False,서울 성북구 고려대로7가길 24,232.97468930305547,보문역,7928.571428571428,0,589.3089061779211,765.1410601864793,254.1028821343781,2.5321082512722946,0,0,1,0,1,0,train
2019,24.01~25.01,갱신,16,11,2023,3700,24.24,4,다세대,'102-90,코윈,50,5000.0,44.0,11290,안암동5가, ,성북구,202311,2023-11-16,2023-11,월세,4,20㎡ 초과~33㎡ 이하,안암동,서울특별시 성북구 안암동5가 102-90,37.5846008086626,127.029023979843,4.9,15944.897959183672,중형,657.7928200983364,6.490409099789841,-0.561178910093966,False,서울 성북구 고려대로22길 35,190.66157151314,안암역,15775.510204081633,0,134.2946021779898,134.2946021779898,826.7405875393961,3.1880041612011136,0,0,1,1,0,1,train
1990,24.02~26.02,신규,14,11,2023,50000,125.2,2,연립,'129-2,"성북퍼시픽하우스(A,B동)",0,,,11290,안암동5가, ,성북구,202311,2023-11-14,2023-11,전세,33,33㎡ 초과,안암동,서울특별시 성북구 안암동5가 129-2,37.5815222010026,127.026749811011,4.9,50000.0,대형,399.36102236421726,5.992366695959849,0.1978776589952354,False,서울 성북구 안암로9가길 45,575.3407304910654,안암역,,0,143.78502142008372,452.33879129201495,765.0542779926056,4.829912458665998,1,1,1,1,0,0,train
2019,24.01~26.01,신규,1,11,2023,1000,19.62,3,다세대,'105-3,E.SVill,50,,,11290,안암동1가, ,성북구,202311,2023-11-01,2023-11,월세,4,20㎡ 이하,안암동,서울특별시 성북구 안암동1가 105-3,37.5879341880433,127.020558833338,4.9,13244.897959183672,소형,675.071251742287,6.516298472474197,-1.4217873948378057,False,서울 성북구 고려대로7다길 5,270.4954149793068,보문역,,0,805.0197178822772,964.6844828426848,274.14946234955704,2.976549454137217,0,0,1,0,1,0,train
2011,24.01~26.01,신규,28,11,2023,9000,19.35,5,다세대,'2-2,(2-2),0,,,11290,보문동2가, ,성북구,202311,2023-11-28,2023-11,전세,12,20㎡ 이하,보문동,서울특별시 성북구 보문동2가 2-2,37.5872920463973,127.017812694376,4.9,9000.0,소형,465.1162790697674,6.1444351289000245,-2.158735135873816,False,서울 성북구 지봉로23길 50,274.1288529809032,보문역,,0,951.2446356577402,1166.4026777308086,255.61189878310088,2.962692419475791,1,0,0,0,1,0,train
2018,24.01~25.01,신규,27,11,2023,1000,29.36,8,다세대,'104-23,(104-23),120,,,11290,안암동5가, ,성북구,202311,2023-11-27,2023-11,월세,5,20㎡ 초과~33㎡ 이하,안암동,서울특별시 성북구 안암동5가 104-23,37.5840193002156,127.030132370974,4.9,30387.755102040814,중형,1035.0052827670577,6.943127522002429,0.5922539951491392,False,서울 성북구 고려대로26길 49,266.47269242866594,안암역,,0,44.98462591261373,44.98462591261373,933.3600838099724,3.3796332037463146,0,0,1,1,0,1,train
2012,24.01~25.01,신규,1,11,2023,1000,19.24,4,다세대,'15-17,(15-17),66,,,11290,안암동5가, ,성북구,202311,2023-11-01,2023-11,월세,11,20㎡ 이하,안암동,서울특별시 성북구 안암동5가 15-17,37.588419662907,127.029404194445,4.9,17163.26530612245,소형,892.0616063473207,6.794655566567839,-0.452793731187884,False,서울 성북구 개운사길 42-3,235.35245330358865,안암역,,0,468.151269508039,468.151269508039,910.6340734988736,2.9569914452375605,0,0,1,1,1,0,train
2012,24.01~25.01,신규,20,11,2023,2000,12.0,5,다세대,'15-55,큰소나무,63,,,11290,안암동5가, ,성북구,202311,2023-11-20,2023-11,월세,11,20㎡ 이하,안암동,서울특별시 성북구 안암동5가 15-55,37.5876435799279,127.029636220866,4.9,17428.571428571428,소형,1452.3809523809523,7.281647812537934,1.2424833449297286,False,서울 성북구 고려대로27길 27,152.75493553055347,안암역,,0,379.4999345617588,379.4999345617588,903.9568111992396,2.4849066497880004,0,0,1,1,1,0,train
2018,23.12~25.12,신규,11,11,2023,1000,14.67,4,다세대,'153-1,밀로바니,62,,,11290,안암동2가, ,성북구,202311,2023-11-11,2023-11,월세,5,20㎡ 이하,안암동,서울특별시 성북구 안암동2가 153-1,37.5860392528644,127.022360316217,4.9,16183.673469387755,소형,1103.1815589221374,7.006859668861124,0.2859136159061265,False,서울 성북구 고려대로 28,214.91379352192595,보문역,,0,544.8687416035631,742.8538092609206,238.67775790395103,2.6858045921548905,0,0,1,0,1,0,train
2019,23.12~24.12,신규,5,11,2023,1000,16.84,4,다세대,'103-25,대륜빌딩,70,,,11290,안암동5가, ,성북구,202311,2023-11-05,2023-11,월세,4,20㎡ 이하,안암동,서울특별시 성북구 안암동5가 103-25,37.5855307947847,127.029822873704,4.9,18142.85714285714,소형,1077.3668137088564,6.983202966046594,0.2035618612121462,False,서울 성북구 고려대로26길 14,100.77302502846884,안암역,,0,149.29895034913778,149.29895034913778,890.2277309393359,2.823757008814181,0,0,1,1,1,0,train
2016,23.12~24.12,신규,2,11,2023,1000,15.48,5,다세대,'134-18,구겸빌딩,55,,,11290,안암동5가, ,성북구,202311,2023-11-02,2023-11,월세,7,20㎡ 이하,안암동,서울특별시 성북구 안암동5가 134-18,37.5821226988368,127.028355509673,4.9,14469.38775510204,소형,934.7149712598216,6.8413109122178,-0.2903810057015347,False,서울 성북구 안암로 61-1,471.7061588626256,안암역,,0,141.207167454645,307.1223076007429,851.5378236064181,2.739548868161581,0,0,1,1,1,0,train
2017,23.12~24.12,신규,13,11,2023,1000,38.6,4,다세대,'134-24,제니하우스,68,,,11290,안암동5가, ,성북구,202311,2023-11-13,2023-11,월세,6,33㎡ 초과,안암동,서울특별시 성북구 안암동5가 134-24,37.5822804188352,127.02778259363,4.9,17653.061224489797,대형,457.3331923442952,6.127596413820068,0.4871612694385895,False,서울 성북구 안암로9가길 71,465.6741094900241,안암역,,0,89.96457393445408,328.28091666262696,798.5830152540294,3.653252276470785,0,0,1,1,0,0,train
2019,23.12~24.12,신규,27,11,2023,1000,16.41,5,다세대,'103-25,대륜빌딩,70,,,11290,안암동5가, ,성북구,202311,2023-11-27,2023-11,월세,4,20㎡ 이하,안암동,서울특별시 성북구 안암동5가 103-25,37.5855307947847,127.029822873704,4.9,18142.85714285714,소형,1105.5976321058588,7.009045390669436,0.2935223696533651,False,서울 성북구 고려대로26길 14,100.77302502846884,안암역,,0,149.29895034913778,149.29895034913778,890.2277309393359,2.797890905102,0,0,1,1,1,0,train
2017,24.01~26.01,신규,29,11,2023,5500,29.82,6,다세대,'105-1,가람JS빌,90,,,11290,안암동1가, ,성북구,202311,2023-11-29,2023-11,월세,6,20㎡ 초과~33㎡ 이하,안암동,서울특별시 성북구 안암동1가 105-1,37.5881584721337,127.020403100362,4.9,27540.81632653061,중형,923.5686226200742,6.829327274811369,0.3023145023106303,False,서울 성북구 고려대로7라길 8,293.094614415516,보문역,,0,832.4172181240705,987.7352110292402,295.1397564184218,3.3951793093365925,0,0,1,0,0,1,train
2018,23.12~25.12,신규,25,11,2023,1000,14.67,5,다세대,'153-1,밀로바니,84,,,11290,안암동2가, ,성북구,202311,2023-11-25,2023-11,월세,5,20㎡ 이하,안암동,서울특별시 성북구 안암동2가 153-1,37.5860392528644,127.022360316217,4.9,21571.42857142857,소형,1470.445028727237,7.294000209671775,1.2854834868609164,False,서울 성북구 고려대로 28,214.91379352192595,보문역,,0,544.8687416035631,742.8538092609206,238.67775790395103,2.6858045921548905,0,0,1,0,1,0,train
2001,23.12~25.12,신규,16,11,2023,5000,26.98,2,다세대,'74-13,인성빌라,40,,,11290,보문동2가, ,성북구,202311,2023-11-16,2023-11,월세,22,20㎡ 초과~33㎡ 이하,보문동,서울특별시 성북구 보문동2가 74-13,37.5855932163398,127.018451071054,4.9,14795.918367346938,중형,548.4032011618583,6.308832600294832,-0.9483282048549256,False,서울 성북구 지봉로23길 9,136.9146303223722,보문역,,0,814.8256272538686,1071.4022800372577,111.87350454731178,3.2950958507796098,0,0,0,0,0,1,train
1997,23.12~25.12,신규,1,11,2023,3000,53.81,2,다세대,'166,(166-0),60,,,11290,보문동6가, ,성북구,202311,2023-11-01,2023-11,월세,26,33㎡ 초과,보문동,서울특별시 성북구 보문동6가 166,37.5803953804013,127.02013493563,4.9,17693.877551020407,대형,328.82136314849294,5.79855118409946,-0.947070009345666,False,서울 성북구 보문로15길 29,572.3614591434101,보문역,,0,661.4074712191849,1011.3066029740128,575.4422980658505,3.985459323501329,0,0,0,0,0,0,train
2013,23.12~25.12,신규,29,11,2023,8000,12.15,2,다세대,'28,뉴스타안암,10,,,11290,안암동2가, ,성북구,202311,2023-11-29,2023-11,월세,10,20㎡ 이하,안암동,서울특별시 성북구 안암동2가 28,37.5872142206758,127.02148139002,4.9,10448.979591836734,소형,859.9983203157806,6.758092553573076,-0.5800738640375135,False,서울 성북구 보문로26길 48,227.03527655410068,보문역,,0,690.9347463471147,858.20784474037,240.67128238702588,2.4973291697865574,0,0,1,0,1,0,train
2012,23.12~25.12,신규,25,11,2023,10000,14.5,3,다세대,'251,더에덴하우스,0,,,11290,안암동1가, ,성북구,202311,2023-11-25,2023-11,전세,11,20㎡ 이하,안암동,서울특별시 성북구 안암동1가 251,37.587470114433,127.02141636101,4.9,10000.0,소형,689.6551724137931,6.537640672314758,-1.347492696219859,False,서울 성북구 보문로26길 49,247.94887045818595,보문역,,0,715.3587141964363,874.5907531004768,259.71937808765875,2.6741486494265287,1,0,1,0,1,0,train
2012,23.12~25.12,신규,25,11,2023,10000,14.5,3,다세대,'251,더에덴하우스,0,,,11290,안암동1가, ,성북구,202311,2023-11-25,2023-11,전세,11,20㎡ 이하,안암동,서울특별시 성북구 안암동1가 251,37.587470114433,127.02141636101,4.9,10000.0,소형,689.6551724137931,6.537640672314758,-1.347492696219859,False,서울 성북구 보문로26길 49,247.94887045818595,보문역,,0,715.3587141964363,874.5907531004768,259.71937808765875,2.6741486494265287,1,0,1,0,1,0,train
2019,24.01~25.01,신규,22,11,2023,1000,24.24,3,다세대,'102-90,코윈,68,,,11290,안암동5가, ,성북구,202311,2023-11-22,2023-11,월세,4,20㎡ 초과~33㎡ 이하,안암동,서울특별시 성북구 안암동5가 102-90,37.5846008086626,127.029023979843,4.9,17653.061224489797,중형,728.2616016703712,6.59203251766533,-0.3022634598501126,False,서울 성북구 고려대로22길 35,190.66157151314,안암역,,0,134.2946021779898,134.2946021779898,826.7405875393961,3.1880041612011136,0,0,1,1,0,1,train
2013,23.12~25.12,신규,18,11,2023,2000,21.99,7,다세대,'10,보하티빌,55,,,11290,보문동4가, ,성북구,202311,2023-11-18,2023-11,월세,10,20㎡ 초과~33㎡ 이하,보문동,서울특별시 성북구 보문동4가 10,37.5840930757581,127.020553814379,4.9,15469.38775510204,중형,703.4737496635762,6.557451069698576,-0.2115573387756556,False,서울 성북구 고려대로2길 32,168.2197074101884,보문역,,0,585.941492214655,876.7329823964766,178.89832459204743,3.09058780456667,0,0,0,0,0,1,train
2018,23.11~25.11,신규,4,11,2023,1000,14.67,4,다세대,'153-1,밀로바니,62,,,11290,안암동2가, ,성북구,202311,2023-11-04,2023-11,월세,5,20㎡ 이하,안암동,서울특별시 성북구 안암동2가 153-1,37.5860392528644,127.022360316217,4.9,16183.673469387755,소형,1103.1815589221374,7.006859668861124,0.2859136159061265,False,서울 성북구 고려대로 28,214.91379352192595,보문역,,0,544.8687416035631,742.8538092609206,238.67775790395103,2.6858045921548905,0,0,1,0,1,0,train
2008,23.12~25.12,신규,18,11,2023,6400,13.16,2,다세대,'171,승민아트빌,15,,,11290,보문동5가, ,성북구,202311,2023-11-18,2023-11,월세,15,20㎡ 이하,보문동,서울특별시 성북구 보문동5가 171,37.5820315128318,127.020029181913,4.9,10073.469387755102,소형,765.4611996774394,6.64178407690987,-0.2526013632760134,False,서울 성북구 지봉로24길 70-10,390.32121984232265,보문역,,0,620.1795847194261,956.5315442239414,393.2946483718082,2.5771819258971718,0,0,0,0,1,0,train
2008,23.12~25.12,신규,16,11,2023,6400,13.16,3,다세대,'171,승민아트빌,15,,,11290,보문동5가, ,성북구,202311,2023-11-16,2023-11,월세,15,20㎡ 이하,보문동,서울특별시 성북구 보문동5가 171,37.5820315128318,127.020029181913,4.9,10073.469387755102,소형,765.4611996774394,6.64178407690987,-0.2526013632760134,False,서울 성북구 지봉로24길 70-10,390.32121984232265,보문역,,0,620.1795847194261,956.5315442239414,393.2946483718082,2.5771819258971718,0,0,0,0,1,0,train
2015,23.11~25.11,갱신,20,11,2023,12500,21.53,3,다세대,'74-3,범진우주하우스,15,12500.0,12.0,11290,보문동2가, ,성북구,202311,2023-11-20,2023-11,월세,8,20㎡ 초과~33㎡ 이하,보문동,서울특별시 성북구 보문동2가 74-3,37.5856640691289,127.018227480843,4.9,16173.469387755102,중형,751.206195436837,6.623010482424594,-0.0172746476721387,False,서울 성북구 지봉로23길 13-5,157.08690650371963,보문역,15438.77551020408,0,836.0431027826141,1091.9950963803549,132.0223830526954,3.069447311376272,0,0,0,0,0,1,train
2019,24.01~25.01,신규,16,11,2023,5000,24.24,4,다세대,'102-90,코윈,44,,,11290,안암동5가, ,성북구,202311,2023-11-16,2023-11,월세,4,20㎡ 초과~33㎡ 이하,안암동,서울특별시 성북구 안암동5가 102-90,37.5846008086626,127.029023979843,4.9,15775.510204081633,중형,650.804876406008,6.479745247820716,-0.5883481993349813,False,서울 성북구 고려대로22길 35,190.66157151314,안암역,,0,134.2946021779898,134.2946021779898,826.7405875393961,3.1880041612011136,0,0,1,1,0,1,train
2018,23.11~24.11,신규,2,11,2023,1000,36.16,8,다세대,'104-23,(104-23),135,,,11290,안암동5가, ,성북구,202311,2023-11-02,2023-11,월세,5,33㎡ 초과,안암동,서울특별시 성북구 안암동5가 104-23,37.5840193002156,127.030132370974,4.9,34061.22448979592,대형,941.9586418638252,6.849022423626941,2.0304368458943274,False,서울 성북구 고려대로26길 49,266.47269242866594,안암역,,0,44.98462591261373,44.98462591261373,933.3600838099724,3.587953535523976,0,0,1,1,0,0,train
2002,23.11~25.11,갱신,5,11,2023,15435,41.19,3,다세대,'1-5,재성주택,0,14700.0,0.0,11290,보문동2가, ,성북구,202311,2023-11-05,2023-11,전세,21,33㎡ 초과,보문동,서울특별시 성북구 보문동2가 1-5,37.587555071862,127.017641678685,4.9,15435.0,대형,374.7268754552076,5.928862484371231,-0.608790114716491,False,서울 성북구 지봉로23길 56,305.66584382578367,보문역,14700.0,0,979.5726361121102,1189.423025025264,287.66387327886355,3.718195508447989,1,0,0,0,0,0,train
2015,23.11~25.11,신규,3,11,2023,3000,20.08,4,다세대,'74-3,범진우주하우스,70,,,11290,보문동2가, ,성북구,202311,2023-11-03,2023-11,월세,8,20㎡ 초과~33㎡ 이하,보문동,서울특별시 성북구 보문동2가 74-3,37.5856640691289,127.018227480843,4.9,20142.85714285714,중형,1003.1303357996584,6.911877108359762,0.8387700165962545,False,서울 성북구 지봉로23길 13-5,157.08690650371963,보문역,,0,836.0431027826141,1091.9950963803549,132.0223830526954,2.9997242948235283,0,0,0,0,0,1,train
2012,24.02~26.02,신규,15,12,2023,1000,13.92,3,다세대,'134-4,(134-4),47,,,11290,보문동7가, ,성북구,202312,2023-12-15,2023-12,월세,11,20㎡ 이하,보문동,서울특별시 성북구 보문동7가 134-4,37.5791821520309,127.021879050593,4.9,12510.204081632652,소형,898.7215575885527,6.80208533499914,0.3617673672834132,False,서울 성북구 보문로13나길 22,726.2055075485071,보문역,,0,604.5437846170768,949.191256896952,734.2609546483098,2.633326654906273,0,0,0,0,1,0,train
2013,23.12~24.12,신규,9,12,2023,1000,13.7,3,다세대,'110-6,E&I,58,,,11290,안암동5가, ,성북구,202312,2023-12-09,2023-12,월세,10,20㎡ 이하,안암동,서울특별시 성북구 안암동5가 110-6,37.5812859176473,127.026938112,4.9,15204.08163265306,소형,1109.786980485625,7.012824034519181,0.3066762716924509,False,서울 성북구 안암로 45,593.8686310018182,안암역,,0,168.44658047772734,459.1734550356916,793.9927513365587,2.617395832834079,0,0,1,1,1,0,train
2012,24.02~25.02,신규,23,12,2023,2000,12.72,5,다세대,'15-55,큰소나무,67,,,11290,안암동5가, ,성북구,202312,2023-12-23,2023-12,월세,11,20㎡ 이하,안암동,서울특별시 성북구 안암동5가 15-55,37.5876435799279,127.029636220866,4.9,18408.16326530612,소형,1447.182646643563,7.278064702175817,1.2300101178745475,False,서울 성북구 고려대로27길 27,152.75493553055347,안암역,,0,379.4999345617588,379.4999345617588,903.9568111992396,2.543175557911976,0,0,1,1,1,0,train
2011,24.02~26.02,신규,18,12,2023,2000,21.81,5,다세대,'2-2,(2-2),52,,,11290,보문동2가, ,성북구,202312,2023-12-18,2023-12,월세,12,20㎡ 초과~33㎡ 이하,보문동,서울특별시 성북구 보문동2가 2-2,37.5872920463973,127.017812694376,4.9,14734.69387755102,중형,675.5934836107758,6.517070625219495,-0.3312231669937676,False,서울 성북구 지봉로23길 50,274.1288529809032,보문역,,0,951.2446356577402,1166.4026777308086,255.61189878310088,3.082368580213537,0,0,0,0,0,1,train
2011,24.02~26.02,신규,5,12,2023,1000,14.7,4,다세대,'2-2,(2-2),54,,,11290,보문동2가, ,성북구,202312,2023-12-05,2023-12,월세,12,20㎡ 이하,보문동,서울특별시 성북구 보문동2가 2-2,37.5872920463973,127.017812694376,4.9,14224.489795918367,소형,967.6523670692768,6.87590579320857,0.6446907937120816,False,서울 성북구 지봉로23길 50,274.1288529809032,보문역,,0,951.2446356577402,1166.4026777308086,255.61189878310088,2.6878474937846906,0,0,0,0,1,0,train
2011,24.02~26.02,신규,21,12,2023,1500,20.47,2,다세대,'2-2,(2-2),52,,,11290,보문동2가, ,성북구,202312,2023-12-21,2023-12,월세,12,20㎡ 초과~33㎡ 이하,보문동,서울특별시 성북구 보문동2가 2-2,37.5872920463973,127.017812694376,4.9,14234.69387755102,중형,695.3929593332203,6.545914097752778,-0.2457466925787881,False,서울 성북구 지봉로23길 50,274.1288529809032,보문역,,0,951.2446356577402,1166.4026777308086,255.61189878310088,3.018960399673198,0,0,0,0,0,1,train
2011,24.01~26.01,신규,9,12,2023,1000,20.47,2,다세대,'2-2,(2-2),54,,,11290,보문동2가, ,성북구,202312,2023-12-09,2023-12,월세,12,20㎡ 초과~33㎡ 이하,보문동,서울특별시 성북구 보문동2가 2-2,37.5872920463973,127.017812694376,4.9,14224.489795918367,중형,694.8944697566375,6.545198024925475,-0.247868745692594,False,서울 성북구 지봉로23길 50,274.1288529809032,보문역,,0,951.2446356577402,1166.4026777308086,255.61189878310088,3.018960399673198,0,0,0,0,0,1,train
2014,24.03~26.02,신규,23,12,2023,3000,24.57,4,다세대,'68,화이트빌,84,,,11290,안암동2가, ,성북구,202312,2023-12-23,2023-12,월세,9,20㎡ 초과~33㎡ 이하,안암동,서울특별시 성북구 안암동2가 68,37.5866164807319,127.021598175052,4.9,23571.42857142857,중형,959.3581022152448,6.867306238046927,0.3990770455462575,False,서울 성북구 고려대로7가길 11,184.4635567688856,보문역,,0,637.6990495430598,825.6015405613455,202.9512455942593,3.201526186533088,0,0,1,0,0,1,train
2012,24.01~25.01,신규,24,12,2023,2000,14.13,5,다세대,'12-24,(12-24),70,,,11290,안암동5가, ,성북구,202312,2023-12-24,2023-12,월세,11,20㎡ 이하,안암동,서울특별시 성북구 안암동5가 12-24,37.5890048138564,127.029936464902,4.9,19142.85714285714,소형,1354.7669598625012,7.212122595222495,1.000457916183586,False,서울 성북구 고려대로27길 52-7,306.26710788830525,안암역,,0,525.5027062656495,525.5027062656495,978.315946177262,2.6483001966964363,0,0,1,1,1,0,train
1997,24.02~25.02,신규,16,12,2023,300,40.63,4,연립,'103-125,(103-125),135,,,11290,안암동5가, ,성북구,202312,2023-12-16,2023-12,월세,26,33㎡ 초과,안암동,서울특별시 성북구 안암동5가 103-125,37.5849276822978,127.030480316289,4.9,33361.22448979592,대형,821.0983138025084,6.7118599910703605,1.7370187693427277,False,서울 성북구 고려대로24가길 14-21,188.70404179226668,안암역,,0,69.81663518882324,69.81663518882324,950.760026363707,3.7045067099996354,0,1,1,1,0,0,train
2013,24.02~25.02,신규,18,12,2023,1000,17.1,2,다세대,'160-7,(160-7),48,,,11290,안암동2가, ,성북구,202312,2023-12-18,2023-12,월세,10,20㎡ 이하,안암동,서울특별시 성북구 안암동2가 160-7,37.5858701000363,127.02347615602,4.9,12755.102040816326,소형,745.9124000477383,6.615947909243871,-1.074896028082792,False,서울 성북구 고려대로14길 12,308.16468065874864,보문역,,0,461.4727494413145,643.0677789331864,332.7668932818033,2.8390784635086144,0,0,1,0,1,0,train
2012,24.02~25.02,신규,27,12,2023,1000,14.13,5,다세대,'12-24,(12-24),70,,,11290,안암동5가, ,성북구,202312,2023-12-27,2023-12,월세,11,20㎡ 이하,안암동,서울특별시 성북구 안암동5가 12-24,37.5890048138564,127.029936464902,4.9,18142.85714285714,소형,1283.9955515114748,7.158510535464553,0.8138280536689625,False,서울 성북구 고려대로27길 52-7,306.26710788830525,안암역,,0,525.5027062656495,525.5027062656495,978.315946177262,2.6483001966964363,0,0,1,1,1,0,train
2012,24.02~26.02,신규,11,12,2023,11500,12.36,5,다세대,'15-55,큰소나무,0,,,11290,안암동5가, ,성북구,202312,2023-12-11,2023-12,전세,11,20㎡ 이하,안암동,서울특별시 성북구 안암동5가 15-55,37.5876435799279,127.029636220866,4.9,11500.0,소형,930.42071197411,6.836711067765179,-0.3063936032711369,False,서울 성북구 고려대로27길 27,152.75493553055347,안암역,,0,379.4999345617588,379.4999345617588,903.9568111992396,2.514465452029545,1,0,1,1,1,0,train
2013,24.02~25.02,신규,10,12,2023,1000,13.99,3,다세대,'102-91,(102-91),66,,,11290,안암동5가, ,성북구,202312,2023-12-10,2023-12,월세,10,20㎡ 이하,안암동,서울특별시 성북구 안암동5가 102-91,37.5847491130107,127.029020414455,4.9,17163.26530612245,소형,1226.8238245977448,7.112998633103673,0.6553957882656202,False,서울 성북구 고려대로22길 31,174.28917605071155,안암역,,0,139.61355973925984,139.61355973925984,824.4621698790479,2.63834278867739,0,0,1,1,1,0,train
2013,24.02~25.02,신규,6,12,2023,1000,13.7,5,다세대,'110-6,E&I,62,,,11290,안암동5가, ,성북구,202312,2023-12-06,2023-12,월세,10,20㎡ 이하,안암동,서울특별시 성북구 안암동5가 110-6,37.5812859176473,127.026938112,4.9,16183.673469387755,소형,1181.29003426188,7.075208543722386,0.5238440587202902,False,서울 성북구 안암로 45,593.8686310018182,안암역,,0,168.44658047772734,459.1734550356916,793.9927513365587,2.617395832834079,0,0,1,1,1,0,train
2014,24.02~26.02,신규,23,12,2023,4000,24.13,2,다세대,'68,화이트빌,80,,,11290,안암동2가, ,성북구,202312,2023-12-23,2023-12,월세,9,20㎡ 초과~33㎡ 이하,안암동,서울특별시 성북구 안암동2가 68,37.5866164807319,127.021598175052,4.9,23591.83673469388,중형,977.6973367050924,6.886222439170375,0.447271613620926,False,서울 성북구 고려대로7가길 11,184.4635567688856,보문역,,0,637.6990495430598,825.6015405613455,202.9512455942593,3.1834558796369405,0,0,1,0,0,1,train
2002,24.02~25.02,신규,14,12,2023,1000,71.64,2,다세대,'133-48,(133-48),45,,,11290,안암동3가, ,성북구,202312,2023-12-14,2023-12,월세,21,33㎡ 초과,안암동,서울특별시 성북구 안암동3가 133-48,37.5839910570083,127.023585952075,4.9,12020.408163265303,대형,167.78905867204503,5.128649761767488,-1.6497868712413872,False,서울 성북구 보문로22길 58,359.69253213035967,보문역,,0,328.70180438659696,610.2153814031233,382.7287912100176,4.271653577192511,0,0,1,0,0,0,train
2012,24.02~26.02,신규,31,12,2023,3000,14.47,3,다세대,'12-24,(12-24),60,,,11290,안암동5가, ,성북구,202312,2023-12-31,2023-12,월세,11,20㎡ 이하,안암동,서울특별시 성북구 안암동5가 12-24,37.5890048138564,127.029936464902,4.9,17693.877551020407,소형,1222.7973428486805,7.109713879796046,0.6439611770799153,False,서울 성북구 고려대로27길 52-7,306.26710788830525,안암역,,0,525.5027062656495,525.5027062656495,978.315946177262,2.6720775406433925,0,0,1,1,1,0,train
2013,24.02~26.02,신규,1,12,2023,2000,32.84,4,다세대,'1-12,(1-12),90,,,11290,보문동1가, ,성북구,202312,2023-12-01,2023-12,월세,10,20㎡ 초과~33㎡ 이하,보문동,서울특별시 성북구 보문동1가 1-12,37.5883104245132,127.018489105394,4.9,24040.81632653061,중형,732.0589624400307,6.597226138542438,-0.093685516980853,False,서울 성북구 보문로30길 12,335.543518554015,보문역,,0,968.428942176456,1148.451110243563,324.49554405556995,3.491647284584228,0,0,0,0,0,1,train
2013,24.02~25.01,신규,27,12,2023,1000,13.99,2,다세대,'102-91,(102-91),66,,,11290,안암동5가, ,성북구,202312,2023-12-27,2023-12,월세,10,20㎡ 이하,안암동,서울특별시 성북구 안암동5가 102-91,37.5847491130107,127.029020414455,4.9,17163.26530612245,소형,1226.8238245977448,7.112998633103673,0.6553957882656202,False,서울 성북구 고려대로22길 31,174.28917605071155,안암역,,0,139.61355973925984,139.61355973925984,824.4621698790479,2.63834278867739,0,0,1,1,1,0,train
2012,24.02~25.01,신규,2,12,2023,1000,18.54,2,다세대,'15-18,(15-18),60,,,11290,안암동5가, ,성북구,202312,2023-12-02,2023-12,월세,11,20㎡ 이하,안암동,서울특별시 성북구 안암동5가 15-18,37.5885766181077,127.029394971863,4.9,15693.877551020409,소형,846.4874622988353,6.74227604539749,-0.6351329824448002,False,서울 성북구 개운사길 50,252.72475498357505,안암역,,0,485.4043348835692,485.4043348835692,916.1170435028008,2.919930560137709,0,0,1,1,1,0,train
2017,24.01~26.01,신규,2,12,2023,2000,29.42,2,다세대,'69,보문동6가69공동주택(한광옥),90,,,11290,보문동6가, ,성북구,202312,2023-12-02,2023-12,월세,6,20㎡ 초과~33㎡ 이하,보문동,서울특별시 성북구 보문동6가 69,37.5813211884998,127.01937530258,4.9,24040.81632653061,중형,817.1589505958739,6.707056633857688,0.2317927523906872,False,서울 성북구 보문로17길 34,472.5527208902656,보문역,,0,691.7163228336881,1034.7433320640748,472.312016613711,3.3816747151732915,0,0,0,0,0,1,train
2013,24.02~25.02,신규,26,12,2023,5000,24.24,5,다세대,'102-67,영산빌딩,96,,,11290,안암동5가, ,성북구,202312,2023-12-26,2023-12,월세,10,20㎡ 초과~33㎡ 이하,안암동,서울특별시 성북구 안암동5가 102-67,37.5854959551678,127.028983795046,4.9,28510.20408163265,중형,1176.1635347208191,7.070863039597534,0.9176976747820128,False,서울 성북구 고려대로22길 15,92.87285163320595,안암역,,0,188.5058222135,188.5058222135,816.3170578685795,3.1880041612011136,0,0,1,1,0,1,train
2011,24.02~25.02,신규,18,12,2023,1000,12.21,4,다세대,'149-2,그린빌,71,,,11290,안암동5가, ,성북구,202312,2023-12-18,2023-12,월세,12,20㎡ 이하,안암동,서울특별시 성북구 안암동5가 149-2,37.58838710205,127.028815534165,4.9,18387.755102040817,소형,1505.9586488157915,7.317848758844448,1.3685030812089924,False,서울 성북구 개운사길 41-6,234.16346400024963,안암역,,0,478.0887089357085,478.0887089357085,860.8915850081194,2.502255288122613,0,0,1,1,1,0,train
2011,24.02~26.02,신규,1,12,2023,1000,12.21,3,다세대,'149-2,그린빌,71,,,11290,안암동5가, ,성북구,202312,2023-12-01,2023-12,월세,12,20㎡ 이하,안암동,서울특별시 성북구 안암동5가 149-2,37.58838710205,127.028815534165,4.9,18387.755102040817,소형,1505.9586488157915,7.317848758844448,1.3685030812089924,False,서울 성북구 개운사길 41-6,234.16346400024963,안암역,,0,478.0887089357085,478.0887089357085,860.8915850081194,2.502255288122613,0,0,1,1,1,0,train
2019,24.01~26.01,신규,2,12,2023,1000,18.48,5,다세대,'105-3,E.SVill,55,,,11290,안암동1가, ,성북구,202312,2023-12-02,2023-12,월세,4,20㎡ 이하,안암동,서울특별시 성북구 안암동1가 105-3,37.5879341880433,127.020558833338,4.9,14469.38775510204,소형,782.975527873487,6.664377805416144,-0.9063058842786296,False,서울 성북구 고려대로7다길 5,270.4954149793068,보문역,,0,805.0197178822772,964.6844828426848,274.14946234955704,2.916689066213538,0,0,1,0,1,0,train
2011,24.02~25.02,신규,24,12,2023,1000,12.21,1,다세대,'149-2,그린빌,68,,,11290,안암동5가, ,성북구,202312,2023-12-24,2023-12,월세,12,20㎡ 이하,안암동,서울특별시 성북구 안암동5가 149-2,37.58838710205,127.028815534165,4.9,17653.061224489797,소형,1445.7871600728745,7.277100625330845,1.2266540534024308,False,서울 성북구 개운사길 41-6,234.16346400024963,안암역,,0,478.0887089357085,478.0887089357085,860.8915850081194,2.502255288122613,0,0,1,1,1,0,train
2012,24.02~25.02,신규,23,12,2023,2000,12.0,5,다세대,'15-55,큰소나무,70,,,11290,안암동5가, ,성북구,202312,2023-12-23,2023-12,월세,11,20㎡ 이하,안암동,서울특별시 성북구 안암동5가 15-55,37.5876435799279,127.029636220866,4.9,19142.85714285714,소형,1595.2380952380952,7.375404949363164,1.568862925092478,False,서울 성북구 고려대로27길 27,152.75493553055347,안암역,,0,379.4999345617588,379.4999345617588,903.9568111992396,2.4849066497880004,0,0,1,1,1,0,train
2022,24.02~26.02,신규,28,12,2023,26000,26.55,3,다세대,'134-11,탑스하우징,0,,,11290,보문동7가, ,성북구,202312,2023-12-28,2023-12,전세,1,20㎡ 초과~33㎡ 이하,보문동,서울특별시 성북구 보문동7가 134-11,37.5796315517269,127.021476041454,4.9,26000.0,중형,979.2843691148776,6.887842702138903,0.7675450173855697,False,서울 성북구 보문로13나길 8-5,669.8658248177488,보문역,,0,600.896659962064,949.632077083748,677.1314730927518,3.279029747687948,1,0,0,0,0,1,train
2014,24.02~26.02,신규,13,12,2023,1000,22.39,2,다세대,'367,동호빌,65,,,11290,보문동6가, ,성북구,202312,2023-12-13,2023-12,월세,9,20㎡ 초과~33㎡ 이하,보문동,서울특별시 성북구 보문동6가 367,37.5790715833329,127.020978553021,4.9,16918.367346938772,중형,755.6215876256709,6.628863244207524,6.977721353740024e-05,False,서울 성북구 보문로13라길 10-13,724.5561482026494,보문역,,0,673.3733698394662,1020.7695847422764,729.9530572750207,3.108614430610664,0,0,0,0,0,1,train
2022,24.01~25.01,신규,30,12,2023,1000,29.6,4,다세대,'149-1,TheGoldCity,170,,,11290,안암동5가, ,성북구,202312,2023-12-30,2023-12,월세,1,20㎡ 초과~33㎡ 이하,안암동,서울특별시 성북구 안암동5가 149-1,37.5885579379589,127.028783897453,4.9,42632.65306122449,중형,1440.292333149476,7.273295443675392,1.433453571813359,False,서울 성북구 개운사2길 9,253.3616724327488,안암역,,0,497.0221536302352,497.0221536302352,865.4342293535547,3.387774361330014,0,0,1,1,0,1,train
2019,24.01~25.01,신규,26,12,2023,2000,12.12,3,다세대,'102-90,코윈,60,,,11290,안암동5가, ,성북구,202312,2023-12-26,2023-12,월세,4,20㎡ 이하,안암동,서울특별시 성북구 안암동5가 102-90,37.5846008086626,127.029023979843,4.9,16693.877551020407,소형,1377.382636222806,7.228666088081856,1.0580477534663588,False,서울 성북구 고려대로22길 35,190.66157151314,안암역,,0,134.2946021779898,134.2946021779898,826.7405875393961,2.494856980641168,0,0,1,1,1,0,train
2014,24.01~26.01,신규,8,12,2023,1000,21.12,2,다세대,'367,동호빌,65,,,11290,보문동6가, ,성북구,202312,2023-12-08,2023-12,월세,9,20㎡ 초과~33㎡ 이하,보문동,서울특별시 성북구 보문동6가 367,37.5790715833329,127.020978553021,4.9,16918.367346938772,중형,801.0590599876313,6.687182246037491,0.1728958009204303,False,서울 성북구 보문로13라길 10-13,724.5561482026494,보문역,,0,673.3733698394662,1020.7695847422764,729.9530572750207,3.050220458838061,0,0,0,0,0,1,train
2018,24.02~26.01,신규,26,12,2023,1000,14.67,5,다세대,'153-1,밀로바니,82,,,11290,안암동2가, ,성북구,202312,2023-12-26,2023-12,월세,5,20㎡ 이하,안암동,서울특별시 성북구 안암동2가 153-1,37.5860392528644,127.022360316217,4.9,21081.632653061224,소형,1437.057440563137,7.271048482242009,1.205585834093419,False,서울 성북구 고려대로 28,214.91379352192595,보문역,,0,544.8687416035631,742.8538092609206,238.67775790395103,2.6858045921548905,0,0,1,0,1,0,train
2012,24.01~25.01,신규,29,12,2023,1000,18.99,3,다세대,'15-17,(15-17),71,,,11290,안암동5가, ,성북구,202312,2023-12-29,2023-12,월세,11,20㎡ 이하,안암동,서울특별시 성북구 안암동5가 15-17,37.588419662907,127.029404194445,4.9,18387.755102040817,소형,968.2862086382738,6.876559933230905,-0.1676750329194238,False,서울 성북구 개운사길 42-3,235.35245330358865,안암역,,0,468.151269508039,468.151269508039,910.6340734988736,2.9439125248241944,0,0,1,1,1,0,train
2002,24.01~26.01,신규,7,12,2023,1000,77.85,3,다세대,'133-48,(133-48),40,,,11290,안암동3가, ,성북구,202312,2023-12-07,2023-12,월세,21,33㎡ 초과,안암동,서울특별시 성북구 안암동3가 133-48,37.5839910570083,127.023585952075,4.9,10795.918367346938,대형,138.6758942498001,4.9393246976859135,-2.054791325525242,False,서울 성북구 보문로22길 58,359.69253213035967,보문역,,0,328.70180438659696,610.2153814031233,382.7287912100176,4.354783898280007,0,0,1,0,0,0,train
2022,24.01~26.01,신규,23,12,2023,3000,35.13,2,다세대,'159-3,스텔라153,135,,,11290,보문동5가, ,성북구,202312,2023-12-23,2023-12,월세,1,33㎡ 초과,보문동,서울특별시 성북구 보문동5가 159-3,37.5820065871023,127.020885522519,4.9,36061.22448979592,대형,1026.5079558723571,6.93489168928188,2.002798080024053,False,서울 성북구 보문로 75,400.6960170207058,보문역,,0,545.9792741658392,884.7621579628762,408.2510868591892,3.559055466277736,0,0,0,0,0,0,train
2017,24.01~26.01,신규,9,12,2023,1000,27.51,3,다세대,'257,예담,60,,,11290,안암동1가, ,성북구,202312,2023-12-09,2023-12,월세,6,20㎡ 초과~33㎡ 이하,안암동,서울특별시 성북구 안암동1가 257,37.5875713021913,127.021381744077,4.9,15693.877551020409,중형,570.4790094882009,6.348227753755799,-0.9234275727967414,False,서울 성북구 고려대로7나길 14,256.28189450343564,보문역,,0,725.6451886923893,881.9633294670743,267.3157549089593,3.3145495749364837,0,0,1,0,0,1,train
2001,24.01~25.01,신규,21,12,2023,3000,69.42,3,다세대,'110-4,(110-4),64,,,11290,안암동5가, ,성북구,202312,2023-12-21,2023-12,월세,22,33㎡ 초과,안암동,서울특별시 성북구 안암동5가 110-4,37.5815352331814,127.027284293462,4.9,18673.469387755104,대형,268.9926445945708,5.598394716384968,-0.6449077765459604,False,서울 성북구 안암로9가길 54,557.7460079584192,안암역,,0,142.8495099353387,418.0996234993864,802.8552122552657,4.24017501043364,0,0,1,1,0,0,train
2016,24.01~26.01,갱신,29,12,2023,34100,51.31,6,다세대,'130-5,타임스카이뷰,0,34000.0,0.0,11290,안암동3가, ,성북구,202312,2023-12-29,2023-12,전세,7,33㎡ 초과,안암동,서울특별시 성북구 안암동3가 130-5,37.5818786283616,127.023832770039,4.9,34100.0,대형,664.5877996491912,6.500670559485026,1.285242028082086,False,서울 성북구 안암로9길 55,528.9247059467262,보문역,34000.0,0,297.30496053763864,646.2638574110889,546.7240860511288,3.937885664953874,1,0,1,0,0,0,train
2002,24.01~25.01,신규,30,12,2023,1000,40.31,4,다세대,'147-5,원영스위트,120,,,11290,안암동5가, ,성북구,202312,2023-12-30,2023-12,월세,21,33㎡ 초과,안암동,서울특별시 성북구 안암동5가 147-5,37.5875358648882,127.029098487257,4.9,30387.755102040814,대형,753.8515282074128,6.626521078529696,1.554461642686653,False,서울 성북구 개운사길 27,137.1135231296652,안암역,,0,380.41481718245205,380.41481718245205,855.0883665312471,3.6965995771290734,0,0,1,1,0,0,train
2012,24.01~26.01,신규,29,12,2023,9000,12.14,2,다세대,'134-27,(134-27),0,,,11290,안암동5가, ,성북구,202312,2023-12-29,2023-12,전세,11,20㎡ 이하,안암동,서울특별시 성북구 안암동5가 134-27,37.5827951469634,127.028202358742,4.9,9000.0,소형,741.3509060955519,6.609822050642551,-1.0962208597290704,False,서울 성북구 안암로9가길 85,400.9752776271348,안암역,,0,105.95196955041544,262.6624413342047,808.2007971721492,2.4965057856313524,1,0,1,1,1,0,train
2018,24.01~25.01,신규,23,12,2023,1000,17.78,7,다세대,'104-23,(104-23),75,,,11290,안암동5가, ,성북구,202312,2023-12-23,2023-12,월세,5,20㎡ 이하,안암동,서울특별시 성북구 안암동5가 104-23,37.5840193002156,127.030132370974,4.9,19367.34693877551,소형,1089.277105667914,6.9941871682968,0.2417991564222972,False,서울 성북구 고려대로26길 49,266.47269242866594,안암역,,0,44.98462591261373,44.98462591261373,933.3600838099724,2.8780742300857587,0,0,1,1,1,0,train
2011,24.01~25.01,신규,1,12,2023,1000,12.21,2,다세대,'149-2,그린빌,71,,,11290,안암동5가, ,성북구,202312,2023-12-01,2023-12,월세,12,20㎡ 이하,안암동,서울특별시 성북구 안암동5가 149-2,37.58838710205,127.028815534165,4.9,18387.755102040817,소형,1505.9586488157915,7.317848758844448,1.3685030812089924,False,서울 성북구 개운사길 41-6,234.16346400024963,안암역,,0,478.0887089357085,478.0887089357085,860.8915850081194,2.502255288122613,0,0,1,1,1,0,train
1993,24.03~26.03,신규,30,12,2023,4000,41.13,2,다세대,'29-3,(29-3),55,,,11290,안암동4가, ,성북구,202312,2023-12-30,2023-12,월세,30,33㎡ 초과,안암동,서울특별시 성북구 안암동4가 29-3,37.5805495118194,127.025834715366,4.9,17469.38775510204,대형,424.73590457335376,6.053819211709604,0.3293369706628957,False,서울 성북구 안암로 31-5,706.8330305921122,안암역,,0,270.4916743569961,585.5965443337467,775.0699554946127,3.716737782242333,0,0,1,1,0,0,train
2006,24.02~26.02,신규,24,12,2023,23000,64.3,3,다세대,'56-12,(56-12),0,,,11290,보문동2가, ,성북구,202312,2023-12-24,2023-12,전세,17,33㎡ 초과,보문동,서울특별시 성북구 보문동2가 56-12,37.5861933740004,127.017824094219,4.9,23000.0,대형,357.6982892690513,5.882481615274149,-0.7291919177700142,False,서울 성북구 보문로25길 16,205.257019880902,보문역,,0,892.2625567559089,1136.6193367936066,181.2969491159807,4.163559631243574,1,0,0,0,0,0,train
2011,24.02~25.02,신규,29,12,2023,1000,12.21,4,다세대,'149-2,그린빌,71,,,11290,안암동5가, ,성북구,202312,2023-12-29,2023-12,월세,12,20㎡ 이하,안암동,서울특별시 성북구 안암동5가 149-2,37.58838710205,127.028815534165,4.9,18387.755102040817,소형,1505.9586488157915,7.317848758844448,1.3685030812089924,False,서울 성북구 개운사길 41-6,234.16346400024963,안암역,,0,478.0887089357085,478.0887089357085,860.8915850081194,2.502255288122613,0,0,1,1,1,0,train
2018,24.02~26.02,신규,29,12,2023,12000,16.16,6,다세대,'114-1,(114-1),11,,,11290,보문동2가, ,성북구,202312,2023-12-29,2023-12,월세,5,20㎡ 이하,보문동,서울특별시 성북구 보문동2가 114-1,37.5846755232308,127.019214157549,4.9,14693.877551020409,소형,909.2746009294808,6.813746313253892,0.4064590964241997,False,서울 성북구 지봉로24길 9-1,118.8038179392723,보문역,,0,717.0682193311576,995.3503098289827,107.9784038078537,2.782539053092949,0,0,0,0,1,0,train
2012,23.12~24.12,신규,15,12,2023,3000,14.13,3,다세대,'12-166,(12-166),65,,,11290,안암동5가, ,성북구,202312,2023-12-15,2023-12,월세,11,20㎡ 이하,안암동,서울특별시 성북구 안암동5가 12-166,37.5889507168904,127.030083634518,4.9,18918.36734693877,소형,1338.8795008449235,7.20033496415889,0.9594237911246658,False,서울 성북구 고려대로27길 52-9,303.318452126118,안암역,,0,518.4358833960425,518.4358833960425,987.9503941364452,2.6483001966964363,0,0,1,1,1,0,train
2002,24.01~25.01,신규,13,12,2023,1000,40.31,6,다세대,'147-5,원영스위트,120,,,11290,안암동5가, ,성북구,202312,2023-12-13,2023-12,월세,21,33㎡ 초과,안암동,서울특별시 성북구 안암동5가 147-5,37.5875358648882,127.029098487257,4.9,30387.755102040814,대형,753.8515282074128,6.626521078529696,1.554461642686653,False,서울 성북구 개운사길 27,137.1135231296652,안암역,,0,380.41481718245205,380.41481718245205,855.0883665312471,3.6965995771290734,0,0,1,1,0,0,train
2013,24.01~26.01,신규,26,12,2023,8000,12.15,3,다세대,'28,뉴스타안암,0,,,11290,안암동2가, ,성북구,202312,2023-12-26,2023-12,전세,10,20㎡ 이하,안암동,서울특별시 성북구 안암동2가 28,37.5872142206758,127.02148139002,4.9,8000.0,소형,658.4362139917695,6.491385248741023,-1.5085132460942394,False,서울 성북구 보문로26길 48,227.03527655410068,보문역,,0,690.9347463471147,858.20784474037,240.67128238702588,2.4973291697865574,1,0,1,0,1,0,train
2002,24.01~26.01,신규,16,12,2023,5000,61.32,4,다세대,'74-8,대원빌2,85,,,11290,보문동2가, ,성북구,202312,2023-12-16,2023-12,월세,21,33㎡ 초과,보문동,서울특별시 성북구 보문동2가 74-8,37.5853213287708,127.017651794066,4.9,25816.326530612245,대형,421.009891236338,6.045028752709992,-0.3072298284547052,False,서울 성북구 지봉로21길 10,208.66767556109943,보문역,,0,870.143089712503,1137.8216141985497,184.1639157483819,4.116106054003613,0,0,0,0,0,0,train
2017,24.02~26.02,신규,21,12,2023,1000,40.96,2,다세대,'257,예담,50,,,11290,안암동1가, ,성북구,202312,2023-12-21,2023-12,월세,6,33㎡ 초과,안암동,서울특별시 성북구 안암동1가 257,37.5875713021913,127.021381744077,4.9,13244.897959183672,대형,323.3617665816326,5.78185945642246,-0.2524397360376098,False,서울 성북구 고려대로7나길 14,256.28189450343564,보문역,,0,725.6451886923893,881.9633294670743,267.3157549089593,3.712595980731253,0,0,1,0,0,0,train
2005,24.01~26.01,신규,10,12,2023,1000,80.28,4,다세대,'47,기원빌라,55,,,11290,안암동3가, ,성북구,202312,2023-12-10,2023-12,월세,18,33㎡ 초과,안암동,서울특별시 성북구 안암동3가 47,37.5847449790216,127.022346229739,4.9,14469.38775510204,대형,180.23651912184903,5.1998029137098944,-1.497575944427208,False,서울 성북구 고려대로12길 32,224.6377446161844,보문역,,0,463.6152471243175,720.1867794485319,248.5261000462212,4.385520523928138,0,0,1,0,0,0,train
2022,24.01~26.01,신규,19,12,2023,26000,26.55,4,다세대,'134-11,탑스하우징,0,,,11290,보문동7가, ,성북구,202312,2023-12-19,2023-12,전세,1,20㎡ 초과~33㎡ 이하,보문동,서울특별시 성북구 보문동7가 134-11,37.5796315517269,127.021476041454,4.9,26000.0,중형,979.2843691148776,6.887842702138903,0.7675450173855697,False,서울 성북구 보문로13나길 8-5,669.8658248177488,보문역,,0,600.896659962064,949.632077083748,677.1314730927518,3.279029747687948,1,0,0,0,0,1,train
2019,23.12~24.12,신규,17,12,2023,1000,16.84,6,다세대,'103-25,대륜빌딩,70,,,11290,안암동5가, ,성북구,202312,2023-12-17,2023-12,월세,4,20㎡ 이하,안암동,서울특별시 성북구 안암동5가 103-25,37.5855307947847,127.029822873704,4.9,18142.85714285714,소형,1077.3668137088564,6.983202966046594,0.2035618612121462,False,서울 성북구 고려대로26길 14,100.77302502846884,안암역,,0,149.29895034913778,149.29895034913778,890.2277309393359,2.823757008814181,0,0,1,1,1,0,train
2002,23.12~25.12,신규,8,12,2023,1000,31.115,2,다세대,'74-5,승화빌,80,,,11290,보문동2가, ,성북구,202312,2023-12-08,2023-12,월세,21,20㎡ 초과~33㎡ 이하,보문동,서울특별시 성북구 보문동2가 74-5,37.5855547382236,127.017903081971,4.9,20591.83673469388,중형,661.7977417545839,6.496469878417129,-0.3922726541853689,False,서울 성북구 지봉로23길 13-11,185.0868867414957,보문역,,0,858.1280943493584,1118.7296200670005,160.10005084563207,3.4376900180211813,0,0,0,0,0,1,train
2013,24.01~26.01,신규,12,12,2023,20000,31.88,2,다세대,'199,태영빌,0,,,11290,보문동5가, ,성북구,202312,2023-12-12,2023-12,전세,10,20㎡ 초과~33㎡ 이하,보문동,서울특별시 성북구 보문동5가 199,37.5816530339054,127.020389097902,4.9,20000.0,중형,627.3525721455458,6.443101429544533,-0.5504279126883703,False,서울 성북구 보문로17길 14,433.7324459743769,보문역,,0,596.3475761496918,938.3173047476604,438.4174188879834,3.461978853922014,1,0,0,0,0,1,train
2013,23.12~25.02,신규,7,12,2023,500,12.19,3,다세대,'10-1,(10-1),53,,,11290,안암동1가, ,성북구,202312,2023-12-07,2023-12,월세,10,20㎡ 이하,안암동,서울특별시 성북구 안암동1가 10-1,37.5891488973123,127.019550678014,4.9,13479.591836734691,소형,1105.7909628166278,7.009220082733635,0.2941304932000277,False,서울 성북구 보문로30길 36-3,403.08215098858034,보문역,,0,963.973936083318,1105.2288070939644,399.34596808740486,2.5006159434931803,0,0,1,0,1,0,train
2022,23.12~24.12,신규,1,12,2023,1000,28.19,3,다세대,'149-1,TheGoldCity,165,,,11290,안암동5가, ,성북구,202312,2023-12-01,2023-12,월세,1,20㎡ 초과~33㎡ 이하,안암동,서울특별시 성북구 안암동5가 149-1,37.5885579379589,127.028783897453,4.9,41408.16326530613,중형,1468.8954687941157,7.292946567580503,1.483520571133571,False,서울 성북구 개운사2길 9,253.3616724327488,안암역,,0,497.0221536302352,497.0221536302352,865.4342293535547,3.338967305126021,0,0,1,1,0,1,train
2022,23.12~24.12,신규,7,12,2023,1000,28.28,4,다세대,'149-1,TheGoldCity,165,,,11290,안암동5가, ,성북구,202312,2023-12-07,2023-12,월세,1,20㎡ 초과~33㎡ 이하,안암동,서울특별시 성북구 안암동5가 149-1,37.5885579379589,127.028783897453,4.9,41408.16326530613,중형,1464.2207660999336,7.289761203681603,1.4754049227395676,False,서울 성북구 개운사2길 9,253.3616724327488,안암역,,0,497.0221536302352,497.0221536302352,865.4342293535547,3.342154841028372,0,0,1,1,0,1,train
2012,24.01~25.01,갱신,12,12,2023,2000,14.13,5,다세대,'12-24,(12-24),58,2000.0,55.0,11290,안암동5가,사용,성북구,202312,2023-12-12,2023-12,월세,11,20㎡ 이하,안암동,서울특별시 성북구 안암동5가 12-24,37.5890048138564,127.029936464902,4.9,16204.08163265306,소형,1146.7856781778528,7.045589867967781,0.4207379775716668,False,서울 성북구 고려대로27길 52-7,306.26710788830525,안암역,15469.38775510204,0,525.5027062656495,525.5027062656495,978.315946177262,2.6483001966964363,0,0,1,1,1,0,train
2013,23.12~24.12,갱신,9,12,2023,15750,36.22,2,다세대,'199,태영빌,0,15000.0,0.0,11290,보문동5가, ,성북구,202312,2023-12-09,2023-12,전세,10,33㎡ 초과,보문동,서울특별시 성북구 보문동5가 199,37.5816530339054,127.020389097902,4.9,15750.0,대형,434.84262838210935,6.077281234115311,-0.2235044263708754,False,서울 성북구 보문로17길 14,433.7324459743769,보문역,15000.0,0,596.3475761496918,938.3173047476604,438.4174188879834,3.589611452455267,1,0,0,0,0,0,train
2021,24.01~26.01,갱신,4,12,2023,24400,16.8,4,다세대,'41-7,신성프라임,0,26000.0,0.0,11290,보문동6가, ,성북구,202312,2023-12-04,2023-12,전세,2,20㎡ 이하,보문동,서울특별시 성북구 보문동6가 41-7,37.5826069999263,127.018796430637,4.9,24400.0,소형,1452.3809523809523,7.281647812537934,2.199732920774992,False,서울 성북구 보문로21길 31-3,343.2208423074522,보문역,26000.0,0,723.2093521131305,1048.3382721029172,338.293524717172,2.8213788864092133,1,0,0,0,1,0,train
2012,23.12~25.12,신규,4,12,2023,1000,24.75,4,다세대,'30,해든,50,,,11290,안암동2가, ,성북구,202312,2023-12-04,2023-12,월세,11,20㎡ 초과~33㎡ 이하,안암동,서울특별시 성북구 안암동2가 30,37.5872677175131,127.021602665638,4.9,13244.897959183672,중형,535.1473922902494,6.284409108885324,-1.086024280485088,False,서울 성북구 고려대로11길 23,238.09730546595964,보문역,,0,687.7402911508373,850.612010612303,252.14614571032808,3.2088254890146994,0,0,1,0,0,1,train
1997,23.12~25.12,신규,6,12,2023,15000,27.8,2,다세대,'207-2,BESSOHOUSE,0,,,11290,보문동3가, ,성북구,202312,2023-12-06,2023-12,전세,26,20㎡ 초과~33㎡ 이하,보문동,서울특별시 성북구 보문동3가 207-2,37.5838886300916,127.017847546579,4.9,15000.0,중형,539.568345323741,6.292621077417892,-0.9963704029231244,False,서울 성북구 보문사길 39,264.34504371609194,보문역,,0,815.5325228088915,1115.8395096003146,248.52075618483056,3.3250360206965914,1,0,0,0,0,1,train
2012,24.02~25.02,갱신,18,1,2024,1000,20.45,2,다세대,'15-18,(15-18),66,1000.0,63.0,11290,안암동5가, ,성북구,202401,2024-01-18,2024-01,월세,12,20㎡ 초과~33㎡ 이하,안암동,서울특별시 성북구 안암동5가 15-18,37.5885766181077,127.029394971863,5.0,16840.0,중형,823.4718826405868,6.714743039102313,0.0103775688785389,False,서울 성북구 개운사길 50,252.72475498357505,안암역,16120.0,0,485.4043348835692,485.4043348835692,916.1170435028008,3.017982882488811,0,0,1,1,0,1,train
2011,24.02~25.02,신규,17,1,2024,1000,12.0,1,다세대,'102-93,theban,60,,,11290,안암동5가, ,성북구,202401,2024-01-17,2024-01,월세,13,20㎡ 이하,안암동,서울특별시 성북구 안암동5가 102-93,37.585020856236,127.02900534872,5.0,15400.0,소형,1283.3333333333333,7.157995055958048,0.8120336091006579,False,서울 성북구 고려대로22길 25,144.46380952790796,안암역,,0,154.17784345135172,154.17784345135172,820.3812049019632,2.4849066497880004,0,0,1,1,1,0,train
2013,24.02~25.08,신규,6,1,2024,1000,13.94,1,다세대,'102-91,(102-91),70,,,11290,안암동5가, ,성북구,202401,2024-01-06,2024-01,월세,11,20㎡ 이하,안암동,서울특별시 성북구 안암동5가 102-91,37.5847491130107,127.029020414455,5.0,17800.0,소형,1276.9010043041608,7.1529741705163445,0.7945553185086254,False,서울 성북구 고려대로22길 31,174.28917605071155,안암역,,0,139.61355973925984,139.61355973925984,824.4621698790479,2.6347624053323777,0,0,1,1,1,0,train
2012,24.01~25.01,신규,8,1,2024,2000,14.13,3,다세대,'12-24,(12-24),70,,,11290,안암동5가, ,성북구,202401,2024-01-08,2024-01,월세,12,20㎡ 이하,안암동,서울특별시 성북구 안암동5가 12-24,37.5890048138564,127.029936464902,5.0,18800.0,소형,1330.5024769992922,7.194063265559649,0.9375912733554488,False,서울 성북구 고려대로27길 52-7,306.26710788830525,안암역,,0,525.5027062656495,525.5027062656495,978.315946177262,2.6483001966964363,0,0,1,1,1,0,train
2002,24.02~26.02,갱신,21,1,2024,17640,56.39,2,다세대,'1-5,재성주택,0,16800.0,0.0,11290,보문동2가, ,성북구,202401,2024-01-21,2024-01,전세,22,33㎡ 초과,보문동,서울특별시 성북구 보문동2가 1-5,37.587555071862,127.017641678685,5.0,17640.0,대형,312.8214222379855,5.748824105138961,-1.0761583615905743,False,서울 성북구 지봉로23길 56,305.66584382578367,보문역,16800.0,0,979.5726361121102,1189.423025025264,287.66387327886355,4.03229183781909,1,0,0,0,0,0,train
2012,24.02~26.01,신규,31,1,2024,12500,12.36,3,다세대,'15-55,큰소나무,0,,,11290,안암동5가, ,성북구,202401,2024-01-31,2024-01,전세,12,20㎡ 이하,안암동,서울특별시 성북구 안암동5가 15-55,37.5876435799279,127.029636220866,5.0,12500.0,소형,1011.326860841424,6.920006782720147,-0.0164314585542438,False,서울 성북구 고려대로27길 27,152.75493553055347,안암역,,0,379.4999345617588,379.4999345617588,903.9568111992396,2.514465452029545,1,0,1,1,1,0,train
2018,24.02~26.02,신규,30,1,2024,3700,16.16,7,다세대,'114-1,(114-1),50,,,11290,보문동2가, ,성북구,202401,2024-01-30,2024-01,월세,6,20㎡ 이하,보문동,서울특별시 성북구 보문동2가 114-1,37.5846755232308,127.019214157549,5.0,15700.0,소형,971.5346534653464,6.879905708241137,0.6600208213749643,False,서울 성북구 지봉로24길 9-1,118.8038179392723,보문역,,0,717.0682193311576,995.3503098289827,107.9784038078537,2.782539053092949,0,0,0,0,1,0,train
2012,24.02~25.02,신규,27,1,2024,2000,14.13,4,다세대,'12-24,(12-24),70,,,11290,안암동5가, ,성북구,202401,2024-01-27,2024-01,월세,12,20㎡ 이하,안암동,서울특별시 성북구 안암동5가 12-24,37.5890048138564,127.029936464902,5.0,18800.0,소형,1330.5024769992922,7.194063265559649,0.9375912733554488,False,서울 성북구 고려대로27길 52-7,306.26710788830525,안암역,,0,525.5027062656495,525.5027062656495,978.315946177262,2.6483001966964363,0,0,1,1,1,0,train
2013,24.01~25.01,신규,25,1,2024,1000,13.7,3,다세대,'110-6,E&I,57,,,11290,안암동5가, ,성북구,202401,2024-01-25,2024-01,월세,11,20㎡ 이하,안암동,서울특별시 성북구 안암동5가 110-6,37.5812859176473,127.026938112,5.0,14680.0,소형,1071.5328467153286,6.977778276641195,0.1846778817029614,False,서울 성북구 안암로 45,593.8686310018182,안암역,,0,168.44658047772734,459.1734550356916,793.9927513365587,2.617395832834079,0,0,1,1,1,0,train
2013,24.03~25.02,신규,31,1,2024,1000,13.7,3,다세대,'110-6,E&I,63,,,11290,안암동5가, ,성북구,202401,2024-01-31,2024-01,월세,11,20㎡ 이하,안암동,서울특별시 성북구 안암동5가 110-6,37.5812859176473,127.026938112,5.0,16120.0,소형,1176.6423357664237,7.071269698217001,0.5101324759447834,False,서울 성북구 안암로 45,593.8686310018182,안암역,,0,168.44658047772734,459.1734550356916,793.9927513365587,2.617395832834079,0,0,1,1,1,0,train
2011,24.02~25.02,신규,17,1,2024,1000,13.68,1,다세대,'102-93,theban,60,,,11290,안암동5가, ,성북구,202401,2024-01-17,2024-01,월세,13,20㎡ 이하,안암동,서울특별시 성북구 안암동5가 102-93,37.585020856236,127.02900534872,5.0,15400.0,소형,1125.7309941520468,7.027075793580299,0.3562883150680851,False,서울 성북구 고려대로22길 25,144.46380952790796,안암역,,0,154.17784345135172,154.17784345135172,820.3812049019632,2.615934912194404,0,0,1,1,1,0,train
2012,24.02~26.02,신규,21,1,2024,2000,16.76,1,다세대,'74-11,베데스타2,37,,,11290,보문동2가, ,성북구,202401,2024-01-21,2024-01,월세,12,20㎡ 이하,보문동,서울특별시 성북구 보문동2가 74-11,37.5854865875137,127.018136522855,5.0,10880.0,소형,649.1646778042959,6.47722568127002,-0.8832859495183071,False,서울 성북구 지봉로23길 5-8,164.62556409820291,보문역,,0,836.2084060729292,1097.3868311308154,139.76782674161174,2.818995095053937,0,0,0,0,1,0,train
2001,24.02~26.02,신규,26,1,2024,1000,66.58,4,다세대,'26,(26-0),55,,,11290,보문동2가, ,성북구,202401,2024-01-26,2024-01,월세,23,33㎡ 초과,보문동,서울특별시 성북구 보문동2가 26,37.5869391329795,127.017776492773,5.0,14200.0,대형,213.27726043857007,5.367270785970093,-2.0666466487511705,False,서울 성북구 지봉로23길 41,250.306015024002,보문역,,0,934.0139717288376,1158.9097609435082,229.8787171893178,4.198404232146879,0,0,0,0,0,0,train
2010,24.02~26.02,신규,23,1,2024,1000,22.24,2,다세대,'75-5,(75-5),55,,,11290,보문동2가, ,성북구,202401,2024-01-23,2024-01,월세,14,20㎡ 초과~33㎡ 이하,보문동,서울특별시 성북구 보문동2가 75-5,37.5852105580652,127.017908434026,5.0,14200.0,중형,638.4892086330935,6.460669746182372,-0.4983649107084346,False,서울 성북구 지봉로23길 5-15,188.2462421810256,보문역,,0,844.7779330328794,1114.1366128926045,164.28883342805997,3.1018924693823817,0,0,0,0,0,1,train
2012,24.02~25.02,신규,19,1,2024,3000,14.13,3,다세대,'12-166,(12-166),65,,,11290,안암동5가, ,성북구,202401,2024-01-19,2024-01,월세,12,20㎡ 이하,안암동,서울특별시 성북구 안암동5가 12-166,37.5889507168904,127.030083634518,5.0,18600.0,소형,1316.348195329087,7.183376052015377,0.9003878306330969,False,서울 성북구 고려대로27길 52-9,303.318452126118,안암역,,0,518.4358833960425,518.4358833960425,987.9503941364452,2.6483001966964363,0,0,1,1,1,0,train
2011,24.02~25.02,신규,9,1,2024,1000,15.69,2,다세대,'15-5,MAIBAUM안암,57,,,11290,안암동4가, ,성북구,202401,2024-01-09,2024-01,월세,13,20㎡ 이하,안암동,서울특별시 성북구 안암동4가 15-5,37.5814227391357,127.023313771075,5.0,14680.0,소형,935.627788400255,6.842285965752249,-0.2869867300870503,False,서울 성북구 안암로5길 54-4,543.0061961951634,보문역,,0,359.12045905585205,709.4755434538754,558.5006427801934,2.753023566744941,0,0,1,0,1,0,train
2005,24.02~26.02,신규,6,1,2024,1000,87.66,3,다세대,'71-1,(71-1),55,,,11290,보문동7가, ,성북구,202401,2024-01-06,2024-01,월세,19,33㎡ 초과,보문동,서울특별시 성북구 보문동7가 71-1,37.5803034153131,127.021017390375,5.0,14200.0,대형,161.989504905316,5.093685811649874,-2.77685594059428,False,서울 성북구 보문로13가길 7-7,589.2822658505165,보문역,,0,595.8148899611094,946.426983032779,595.5810797367592,4.473465694990663,0,0,0,0,0,0,train
2017,24.02~26.02,신규,17,1,2024,5000,22.45,3,다세대,'74-4,(74-4),100,,,11290,보문동2가, ,성북구,202401,2024-01-17,2024-01,월세,7,20㎡ 초과~33㎡ 이하,보문동,서울특별시 성북구 보문동2가 74-4,37.5856076020013,127.018063978834,5.0,29000.0,중형,1291.759465478842,7.164534333221169,1.5875095725462376,False,서울 성북구 지봉로23길 13-9,171.06065159319274,보문역,,0,847.0480143176586,1105.4214813741974,146.01736067850436,3.1112906141882632,0,0,0,0,0,1,train
2017,24.02~25.02,신규,25,1,2024,1000,40.46,3,다세대,'134-24,제니하우스,65,,,11290,안암동5가, ,성북구,202401,2024-01-25,2024-01,월세,7,33㎡ 초과,안암동,서울특별시 성북구 안암동5가 134-24,37.5822804188352,127.02778259363,5.0,16600.0,대형,410.2817597627286,6.019278526484275,0.2554474862560794,False,서울 성북구 안암로9가길 71,465.6741094900241,안암역,,0,89.96457393445408,328.28091666262696,798.5830152540294,3.7003138317396,0,0,1,1,0,0,train
2021,24.02~26.02,갱신,27,1,2024,31900,29.74,2,다세대,'41-7,신성프라임,0,35500.0,0.0,11290,보문동6가, ,성북구,202401,2024-01-27,2024-01,전세,3,20㎡ 초과~33㎡ 이하,보문동,서울특별시 성북구 보문동6가 41-7,37.5826069999263,127.018796430637,5.0,31900.0,중형,1072.6294552790855,6.978800201831263,1.0370939209142005,False,서울 성북구 보문로21길 31-3,343.2208423074522,보문역,35500.0,0,723.2093521131305,1048.3382721029172,338.293524717172,3.392492941032009,1,0,0,0,0,1,train
2013,24.02~26.02,신규,6,1,2024,1000,12.52,2,다세대,'132,그린빌,43,,,11290,안암동2가, ,성북구,202401,2024-01-06,2024-01,월세,11,20㎡ 이하,안암동,서울특별시 성북구 안암동2가 132,37.5866939630274,127.023043911887,5.0,11320.0,소형,904.153354632588,6.808104381977144,-0.4059768287566861,False,서울 성북구 고려대로7가길 38,296.9666022587233,보문역,,0,555.8771787619684,708.8780628975502,318.87528882000805,2.5273273656719524,0,0,1,0,1,0,train
2018,24.02~26.02,신규,31,1,2024,3700,15.84,8,다세대,'114-1,(114-1),47,,,11290,보문동2가, ,성북구,202401,2024-01-31,2024-01,월세,6,20㎡ 이하,보문동,서울특별시 성북구 보문동2가 114-1,37.5846755232308,127.019214157549,5.0,14980.0,소형,945.7070707070708,6.852989721900733,0.556862926316525,False,서울 성북구 지봉로24길 9-1,118.8038179392723,보문역,,0,717.0682193311576,995.3503098289827,107.9784038078537,2.76253838638628,0,0,0,0,1,0,train
2012,24.02~25.01,신규,27,1,2024,2000,14.13,5,다세대,'12-166,(12-166),70,,,11290,안암동5가, ,성북구,202401,2024-01-27,2024-01,월세,12,20㎡ 이하,안암동,서울특별시 성북구 안암동5가 12-166,37.5889507168904,127.030083634518,5.0,18800.0,소형,1330.5024769992922,7.194063265559649,0.9375912733554488,False,서울 성북구 고려대로27길 52-9,303.318452126118,안암역,,0,518.4358833960425,518.4358833960425,987.9503941364452,2.6483001966964363,0,0,1,1,1,0,train
2020,24.01~25.01,신규,5,1,2024,2500,13.99,4,다세대,'42-41,(42-41),40,,,11290,보문동6가, ,성북구,202401,2024-01-05,2024-01,월세,4,20㎡ 이하,보문동,서울특별시 성북구 보문동6가 42-41,37.5818624642491,127.018509247657,5.0,12100.0,소형,864.903502501787,6.7637734733719945,0.21493377362484,False,서울 성북구 보문로21가길 19,429.7791183312202,보문역,,0,755.428683346882,1090.8185674506628,424.7641223289555,2.63834278867739,0,0,0,0,1,0,train
2011,24.02~26.02,신규,23,1,2024,6800,14.16,4,다세대,'9-16,탑하우스,0,,,11290,안암동5가, ,성북구,202401,2024-01-23,2024-01,전세,13,20㎡ 이하,안암동,서울특별시 성북구 안암동5가 9-16,37.5899871735891,127.03025955142,5.0,6800.0,소형,480.225988700565,6.176336990748051,-2.60523315090987,False,서울 성북구 개운사길 60-42,419.0407000820607,안암역,,0,632.7396627279808,632.7396627279808,1051.0808025539754,2.6504210882655737,1,0,1,1,1,0,train
2012,24.01~25.01,신규,15,1,2024,1000,30.95,4,다세대,'15-18,(15-18),88,,,11290,안암동5가, ,성북구,202401,2024-01-15,2024-01,월세,12,20㎡ 초과~33㎡ 이하,안암동,서울특별시 성북구 안암동5가 15-18,37.5885766181077,127.029394971863,5.0,22120.0,중형,714.7011308562197,6.573262664813472,-0.3500851627975953,False,서울 성북구 개운사길 50,252.72475498357505,안암역,,0,485.4043348835692,485.4043348835692,916.1170435028008,3.432372999130605,0,0,1,1,0,1,train
2022,24.02~25.02,신규,11,1,2024,1000,28.19,4,다세대,'149-1,TheGoldCity,170,,,11290,안암동5가, ,성북구,202401,2024-01-11,2024-01,월세,2,20㎡ 초과~33㎡ 이하,안암동,서울특별시 성북구 안암동5가 149-1,37.5885579379589,127.028783897453,5.0,41800.0,중형,1482.795317488471,7.302358487993923,1.5075001977043456,False,서울 성북구 개운사2길 9,253.3616724327488,안암역,,0,497.0221536302352,497.0221536302352,865.4342293535547,3.338967305126021,0,0,1,1,0,1,train
2019,24.02~25.03,신규,13,1,2024,23000,38.34,2,다세대,'195,로하스빌13차,0,,,11290,보문동5가, ,성북구,202401,2024-01-13,2024-01,전세,5,33㎡ 초과,보문동,서울특별시 성북구 보문동5가 195,37.5815593777309,127.020114191509,5.0,23000.0,대형,599.8956703182055,6.398421325985592,0.610154943250315,False,서울 성북구 보문로17길 20,442.9210770207923,보문역,,0,622.2593456429851,964.5890252340027,446.2029703925552,3.6464937376174986,1,0,0,0,0,0,train
2022,24.02~25.02,신규,11,1,2024,1000,28.28,2,다세대,'149-1,TheGoldCity,165,,,11290,안암동5가, ,성북구,202401,2024-01-11,2024-01,월세,2,20㎡ 초과~33㎡ 이하,안암동,서울특별시 성북구 안암동5가 149-1,37.5885579379589,127.028783897453,5.0,40600.0,중형,1435.6435643564355,7.270064813806031,1.4252225950888646,False,서울 성북구 개운사2길 9,253.3616724327488,안암역,,0,497.0221536302352,497.0221536302352,865.4342293535547,3.342154841028372,0,0,1,1,0,1,train
2021,24.02~26.02,신규,8,1,2024,20000,21.97,2,다세대,'41-7,신성프라임,0,,,11290,보문동6가, ,성북구,202401,2024-01-08,2024-01,전세,3,20㎡ 초과~33㎡ 이하,보문동,서울특별시 성북구 보문동6가 41-7,37.5826069999263,127.018796430637,5.0,20000.0,중형,910.3322712790168,6.814907563229975,0.551404657458096,False,서울 성북구 보문로21길 31-3,343.2208423074522,보문역,,0,723.2093521131305,1048.3382721029172,338.293524717172,3.089677886396519,1,0,0,0,0,1,train
2022,24.01~26.01,신규,13,1,2024,3000,28.19,2,다세대,'149-1,TheGoldCity,155,,,11290,안암동5가, ,성북구,202401,2024-01-13,2024-01,월세,2,20㎡ 초과~33㎡ 이하,안암동,서울특별시 성북구 안암동5가 149-1,37.5885579379589,127.028783897453,5.0,40200.0,중형,1426.03760198652,7.263355967505649,1.4081298422884367,False,서울 성북구 개운사2길 9,253.3616724327488,안암역,,0,497.0221536302352,497.0221536302352,865.4342293535547,3.338967305126021,0,0,1,1,0,1,train
1992,24.01~26.01,갱신,25,1,2024,21000,62.7,2,다세대,'41-35,(41-35),0,20000.0,0.0,11290,안암동5가, ,성북구,202401,2024-01-25,2024-01,전세,32,33㎡ 초과,안암동,서울특별시 성북구 안암동5가 41-35,37.5861200315564,127.031602810444,5.0,21000.0,대형,334.92822966507174,5.816897534959722,-0.1774862271296482,False,서울 성북구 고려대로 110-15,209.81578250042028,안암역,20000.0,0,224.4994784354904,224.4994784354904,1048.9082043734018,4.138361447638875,1,0,1,1,0,0,train
2011,24.01~26.01,신규,2,1,2024,7000,13.53,4,다세대,'9-16,탑하우스,0,,,11290,안암동5가, ,성북구,202401,2024-01-02,2024-01,전세,13,20㎡ 이하,안암동,서울특별시 성북구 안암동5가 9-16,37.5899871735891,127.03025955142,5.0,7000.0,소형,517.3688100517369,6.25068697743277,-2.346412134601543,False,서울 성북구 개운사길 60-42,419.0407000820607,안암역,,0,632.7396627279808,632.7396627279808,1051.0808025539754,2.604909442182697,1,0,1,1,1,0,train
2012,24.02~26.02,갱신,19,1,2024,8000,18.58,2,다세대,'251,더에덴하우스,10,8000.0,4.0,11290,안암동1가, ,성북구,202401,2024-01-19,2024-01,월세,12,20㎡ 이하,안암동,서울특별시 성북구 안암동1가 251,37.587470114433,127.02141636101,5.0,10400.0,소형,559.7416576964479,6.32926029624364,-2.0728892042534324,False,서울 성북구 보문로26길 49,247.94887045818595,보문역,8960.0,0,715.3587141964363,874.5907531004768,259.71937808765875,2.922085733385692,0,0,1,0,1,0,train
2018,24.02~26.02,신규,17,1,2024,12000,15.84,5,다세대,'114-1,(114-1),20,,,11290,보문동2가, ,성북구,202401,2024-01-17,2024-01,월세,6,20㎡ 이하,보문동,서울특별시 성북구 보문동2가 114-1,37.5846755232308,127.019214157549,5.0,16800.0,소형,1060.6060606060605,6.967538191937328,0.9958800554566838,False,서울 성북구 지봉로24길 9-1,118.8038179392723,보문역,,0,717.0682193311576,995.3503098289827,107.9784038078537,2.76253838638628,0,0,0,0,1,0,train
2010,24.02~26.02,신규,4,1,2024,1000,16.32,2,다세대,'75-5,(75-5),40,,,11290,보문동2가, ,성북구,202401,2024-01-04,2024-01,월세,14,20㎡ 이하,보문동,서울특별시 성북구 보문동2가 75-5,37.5852105580652,127.017908434026,5.0,10600.0,소형,649.5098039215686,6.477756369201892,-0.8812520411453252,False,서울 성북구 지봉로23길 5-15,188.2462421810256,보문역,,0,844.7779330328794,1114.1366128926045,164.28883342805997,2.792391349535961,0,0,0,0,1,0,train
2012,24.02~25.02,신규,16,1,2024,3000,14.47,6,연립,'12-24,(12-24),65,,,11290,안암동5가, ,성북구,202401,2024-01-16,2024-01,월세,12,20㎡ 이하,안암동,서울특별시 성북구 안암동5가 12-24,37.5890048138564,127.029936464902,5.0,18600.0,소형,1285.4181064270904,7.159616973595462,0.817679694459947,False,서울 성북구 고려대로27길 52-7,306.26710788830525,안암역,,0,525.5027062656495,525.5027062656495,978.315946177262,2.6720775406433925,0,1,1,1,1,0,train
2019,24.02~25.02,신규,11,1,2024,5000,24.24,4,다세대,'102-90,코윈,45,,,11290,안암동5가, ,성북구,202401,2024-01-11,2024-01,월세,5,20㎡ 초과~33㎡ 이하,안암동,서울특별시 성북구 안암동5가 102-90,37.5846008086626,127.029023979843,5.0,15800.0,중형,651.8151815181518,6.481294059381551,-0.5844021478145746,False,서울 성북구 고려대로22길 35,190.66157151314,안암역,,0,134.2946021779898,134.2946021779898,826.7405875393961,3.1880041612011136,0,0,1,1,0,1,train
1990,24.02~26.02,신규,5,1,2024,20000,125.2,1,연립,'129-2,"성북퍼시픽하우스(A,B동)",150,,,11290,안암동5가, ,성북구,202401,2024-01-05,2024-01,월세,34,33㎡ 초과,안암동,서울특별시 성북구 안암동5가 129-2,37.5815222010026,127.026749811011,5.0,56000.0,대형,447.2843450479233,6.105427729846595,0.4397379882242288,False,서울 성북구 안암로9가길 45,575.3407304910654,안암역,,0,143.78502142008372,452.33879129201495,765.0542779926056,4.829912458665998,0,1,1,1,0,0,train
2018,24.02~26.02,신규,9,1,2024,12000,15.84,8,다세대,'114-1,(114-1),14,,,11290,보문동2가, ,성북구,202401,2024-01-09,2024-01,월세,6,20㎡ 이하,보문동,서울특별시 성북구 보문동2가 114-1,37.5846755232308,127.019214157549,5.0,15360.0,소형,969.6969696969696,6.87801433894239,0.652771981478505,False,서울 성북구 지봉로24길 9-1,118.8038179392723,보문역,,0,717.0682193311576,995.3503098289827,107.9784038078537,2.76253838638628,0,0,0,0,1,0,train
2016,24.01~26.01,신규,5,1,2024,1000,47.72,6,다세대,'79-4,더리치빌,55,,,11290,보문동4가, ,성북구,202401,2024-01-05,2024-01,월세,8,33㎡ 초과,보문동,서울특별시 성북구 보문동4가 79-4,37.5823285816602,127.021501723257,5.0,14200.0,대형,297.56915339480304,5.699001575665716,-1.2054944973302864,False,서울 성북구 고려대로2길 76,380.8928772607329,보문역,,0,487.3313359325827,822.6573866301491,392.1202727493698,3.8653505972297153,0,0,0,0,0,0,train
2013,24.01~26.01,신규,3,1,2024,8000,12.15,3,다세대,'28,뉴스타안암,0,,,11290,안암동2가, ,성북구,202401,2024-01-03,2024-01,전세,11,20㎡ 이하,안암동,서울특별시 성북구 안암동2가 28,37.5872142206758,127.02148139002,5.0,8000.0,소형,658.4362139917695,6.491385248741023,-1.5085132460942394,False,서울 성북구 보문로26길 48,227.03527655410068,보문역,,0,690.9347463471147,858.20784474037,240.67128238702588,2.4973291697865574,1,0,1,0,1,0,train
2011,24.02~25.02,신규,3,2,2024,1000,12.0,1,다세대,'102-93,theban,60,,,11290,안암동5가, ,성북구,202402,2024-02-03,2024-02,월세,13,20㎡ 이하,안암동,서울특별시 성북구 안암동5가 102-93,37.585020856236,127.02900534872,5.0,15400.0,소형,1283.3333333333333,7.157995055958048,0.8120336091006579,False,서울 성북구 고려대로22길 25,144.46380952790796,안암역,,0,154.17784345135172,154.17784345135172,820.3812049019632,2.4849066497880004,0,0,1,1,1,0,train
2012,24.04~26.04,신규,27,2,2024,500,13.92,3,다세대,'134-4,(134-4),52,,,11290,보문동7가, ,성북구,202402,2024-02-27,2024-02,월세,12,20㎡ 이하,보문동,서울특별시 성북구 보문동7가 134-4,37.5791821520309,127.021879050593,5.0,12980.0,소형,932.471264367816,6.838910179827548,0.5029018377170601,False,서울 성북구 보문로13나길 22,726.2055075485071,보문역,,0,604.5437846170768,949.191256896952,734.2609546483098,2.633326654906273,0,0,0,0,1,0,train
2002,24.02~25.02,신규,20,2,2024,1000,37.3,6,다세대,'147-5,원영스위트,100,,,11290,안암동5가, ,성북구,202402,2024-02-20,2024-02,월세,22,33㎡ 초과,안암동,서울특별시 성북구 안암동5가 147-5,37.5875358648882,127.029098487257,5.0,25000.0,대형,670.2412868632708,6.509128665274426,1.3033356203707185,False,서울 성북구 개운사길 27,137.1135231296652,안암역,,0,380.41481718245205,380.41481718245205,855.0883665312471,3.6189933266497696,0,0,1,1,0,0,train
2013,24.02~25.02,신규,17,2,2024,1000,13.94,2,다세대,'102-91,(102-91),61,,,11290,안암동5가, ,성북구,202402,2024-02-17,2024-02,월세,11,20㎡ 이하,안암동,서울특별시 성북구 안암동5가 102-91,37.5847491130107,127.029020414455,5.0,15640.0,소형,1121.9512195121952,7.023715516138897,0.3445907955224578,False,서울 성북구 고려대로22길 31,174.28917605071155,안암역,,0,139.61355973925984,139.61355973925984,824.4621698790479,2.6347624053323777,0,0,1,1,1,0,train
2012,24.02~25.02,신규,24,2,2024,3000,14.13,3,다세대,'12-166,(12-166),60,,,11290,안암동5가, ,성북구,202402,2024-02-24,2024-02,월세,12,20㎡ 이하,안암동,서울특별시 성북구 안암동5가 12-166,37.5889507168904,127.030083634518,5.0,17400.0,소형,1231.4225053078555,7.116737027922098,0.6684095787101244,False,서울 성북구 고려대로27길 52-9,303.318452126118,안암역,,0,518.4358833960425,518.4358833960425,987.9503941364452,2.6483001966964363,0,0,1,1,1,0,train
2012,24.02~24.08,갱신,8,2,2024,500,13.21,3,다세대,'28,루미에르,55,500.0,50.0,11290,안암동1가, ,성북구,202402,2024-02-08,2024-02,월세,12,20㎡ 이하,안암동,서울특별시 성북구 안암동1가 28,37.588910508004,127.020008946433,5.0,13700.0,소형,1037.0931112793337,6.945140762284044,0.0710628696180769,False,서울 성북구 고려대로7마길 14,374.5950016422433,보문역,12500.0,0,917.1378967236792,1057.0551604233938,373.4284316865992,2.580974118534234,0,0,1,0,1,0,train
2012,24.02~26.02,신규,29,2,2024,9000,15.56,4,다세대,'251,더에덴하우스,10,,,11290,안암동1가, ,성북구,202402,2024-02-29,2024-02,월세,12,20㎡ 이하,안암동,서울특별시 성북구 안암동1가 251,37.587470114433,127.02141636101,5.0,11400.0,소형,732.6478149100257,6.5980290972670135,-1.1372735123795197,False,서울 성북구 보문로26길 49,247.94887045818595,보문역,,0,715.3587141964363,874.5907531004768,259.71937808765875,2.7447035187502458,0,0,1,0,1,0,train
2012,24.02~26.02,신규,1,2,2024,10000,12.72,4,다세대,'15-55,큰소나무,0,,,11290,안암동5가, ,성북구,202402,2024-02-01,2024-02,전세,12,20㎡ 이하,안암동,서울특별시 성북구 안암동5가 15-55,37.5876435799279,127.029636220866,5.0,10000.0,소형,786.1635220125786,6.668436005757578,-0.8921788133323103,False,서울 성북구 고려대로27길 27,152.75493553055347,안암역,,0,379.4999345617588,379.4999345617588,903.9568111992396,2.543175557911976,1,0,1,1,1,0,train
2017,24.02~25.02,갱신,17,2,2024,1000,35.91,2,다세대,'134-24,제니하우스,60,1000.0,57.0,11290,안암동5가, ,성북구,202402,2024-02-17,2024-02,월세,7,33㎡ 초과,안암동,서울특별시 성북구 안암동5가 134-24,37.5822804188352,127.02778259363,5.0,15400.0,대형,428.8499025341131,6.063436083876478,0.3499093976828274,False,서울 성북구 안암로9가길 71,465.6741094900241,안암역,14680.0,0,89.96457393445408,328.28091666262696,798.5830152540294,3.5810158082379915,0,0,1,1,0,0,train
2017,24.02~25.02,신규,9,2,2024,2000,19.72,4,다세대,'134-24,제니하우스,67,,,11290,안암동5가, ,성북구,202402,2024-02-09,2024-02,월세,7,20㎡ 이하,안암동,서울특별시 성북구 안암동5가 134-24,37.5822804188352,127.02778259363,5.0,18080.0,소형,916.8356997971604,6.822018398346512,-0.3575405072692121,False,서울 성북구 안암로9가길 71,465.6741094900241,안암역,,0,89.96457393445408,328.28091666262696,798.5830152540294,2.9816333491744893,0,0,1,1,1,0,train
1985,24.03~26.03,신규,17,2,2024,35000,109.84,2,연립,'54-5,(54-5),0,,,11290,안암동3가, ,성북구,202402,2024-02-17,2024-02,전세,39,33㎡ 초과,안암동,서울특별시 성북구 안암동3가 54-5,37.5849754136772,127.023020059204,5.0,35000.0,대형,318.64530225782954,5.767211950586141,-0.2837737019688283,False,서울 성북구 고려대로14길 30,273.16240306459343,보문역,,0,426.03500858457664,663.3732801198828,297.964970907059,4.699024761459715,1,1,1,0,0,0,train
2003,24.03~26.01,신규,24,2,2024,1000,93.46,4,다세대,'8,옥인호주택,38,,,11290,안암동2가, ,성북구,202402,2024-02-24,2024-02,월세,21,33㎡ 초과,안암동,서울특별시 성북구 안암동2가 8,37.5869089314205,127.021164736446,5.0,10120.0,대형,108.28161780440831,4.693928199926005,-2.5797438728308544,False,서울 성북구 고려대로11길 19-16,183.25537056601888,보문역,,0,687.8480037620799,872.238606229052,196.73408162401688,4.53753353727228,0,0,1,0,0,0,train
2003,24.02~24.08,갱신,5,2,2024,2000,59.02,1,다세대,'8,옥인호주택,83,2000.0,80.0,11290,안암동2가, ,성북구,202402,2024-02-05,2024-02,월세,21,33㎡ 초과,안암동,서울특별시 성북구 안암동2가 8,37.5869089314205,127.021164736446,5.0,21920.0,대형,371.3995255845476,5.919967271461573,0.0430007041048066,False,서울 성북구 고려대로11길 19-16,183.25537056601888,보문역,21200.0,0,687.8480037620799,872.238606229052,196.73408162401688,4.077876369514794,0,0,1,0,0,0,train
2014,24.03~26.03,신규,20,2,2024,5000,17.09,3,다세대,'75-10,(75-10),53,,,11290,보문동2가, ,성북구,202402,2024-02-20,2024-02,월세,10,20㎡ 이하,보문동,서울특별시 성북구 보문동2가 75-10,37.5851695046946,127.018287932064,5.0,17720.0,소형,1036.863662960796,6.94491970920402,0.9091927225581226,False,서울 성북구 지봉로 175-2,156.7330223806902,보문역,,0,811.6415388512596,1080.421392750233,133.449606038057,2.8384934971274998,0,0,0,0,1,0,train
2019,24.02~25.02,신규,28,2,2024,2000,12.12,2,다세대,'102-90,코윈,58,,,11290,안암동5가, ,성북구,202402,2024-02-28,2024-02,월세,5,20㎡ 이하,안암동,서울특별시 성북구 안암동5가 102-90,37.5846008086626,127.029023979843,5.0,15920.0,소형,1313.5313531353136,7.181235495643048,0.8929363030611974,False,서울 성북구 고려대로22길 35,190.66157151314,안암역,,0,134.2946021779898,134.2946021779898,826.7405875393961,2.494856980641168,0,0,1,1,1,0,train
2003,24.02~26.02,신규,14,2,2024,2000,37.63,2,다세대,'8,옥인호주택,100,,,11290,안암동2가, ,성북구,202402,2024-02-14,2024-02,월세,21,33㎡ 초과,안암동,서울특별시 성북구 안암동2가 8,37.5869089314205,127.021164736446,5.0,26000.0,대형,690.9380813180973,6.539496473750265,1.3682984807253018,False,서울 성북구 고려대로11길 19-16,183.25537056601888,보문역,,0,687.8480037620799,872.238606229052,196.73408162401688,3.627801604605346,0,0,1,0,0,0,train
2018,24.02~26.02,신규,16,2,2024,1000,15.51,5,다세대,'153-1,밀로바니,82,,,11290,안암동2가, ,성북구,202402,2024-02-16,2024-02,월세,6,20㎡ 이하,안암동,서울특별시 성북구 안암동2가 153-1,37.5860392528644,127.022360316217,5.0,20680.0,소형,1333.3333333333333,7.196187070324464,0.9449844866185632,False,서울 성북구 고려대로 28,214.91379352192595,보문역,,0,544.8687416035631,742.8538092609206,238.67775790395103,2.7414849771884477,0,0,1,0,1,0,train
2014,24.02~26.02,신규,5,2,2024,1000,14.99,4,다세대,'35,해마루,53,,,11290,안암동1가, ,성북구,202402,2024-02-05,2024-02,월세,10,20㎡ 이하,안암동,서울특별시 성북구 안암동1가 35,37.5886156661735,127.019693653118,5.0,13720.0,소형,915.276851234156,6.820318558347621,-0.3634578495000883,False,서울 성북구 고려대로7마길 6,342.8985149839912,보문역,,0,912.505916991287,1066.2853451858073,339.78250688811045,2.7073833121145063,0,0,1,0,1,0,train
2011,24.02~25.02,신규,14,2,2024,1000,12.0,1,다세대,'102-93,theban,60,,,11290,안암동5가, ,성북구,202402,2024-02-14,2024-02,월세,13,20㎡ 이하,안암동,서울특별시 성북구 안암동5가 102-93,37.585020856236,127.02900534872,5.0,15400.0,소형,1283.3333333333333,7.157995055958048,0.8120336091006579,False,서울 성북구 고려대로22길 25,144.46380952790796,안암역,,0,154.17784345135172,154.17784345135172,820.3812049019632,2.4849066497880004,0,0,1,1,1,0,train
2008,24.03~26.03,신규,24,2,2024,6400,13.16,3,다세대,'171,승민아트빌,10,,,11290,보문동5가, ,성북구,202402,2024-02-24,2024-02,월세,16,20㎡ 이하,보문동,서울특별시 성북구 보문동5가 171,37.5820315128318,127.020029181913,5.0,8800.0,소형,668.693009118541,6.506819412035988,-0.76986536243171,False,서울 성북구 지봉로24길 70-10,390.32121984232265,보문역,,0,620.1795847194261,956.5315442239414,393.2946483718082,2.5771819258971718,0,0,0,0,1,0,train
2019,24.02~26.02,신규,3,2,2024,20000,22.93,5,다세대,'1,(1-0),0,,,11290,안암동3가, ,성북구,202402,2024-02-03,2024-02,전세,5,20㎡ 초과~33㎡ 이하,안암동,서울특별시 성북구 안암동3가 1,37.5848872840372,127.021657907378,5.0,20000.0,중형,872.2197993894462,6.772187298937102,0.1567336618931667,False,서울 성북구 고려대로8길 23,162.9308706233914,보문역,,0,524.8407681045904,781.8690399407386,186.4260778309082,3.132446096869813,1,0,1,0,0,1,train
2012,24.02~25.02,신규,17,2,2024,1000,14.13,3,다세대,'12-24,(12-24),60,,,11290,안암동5가, ,성북구,202402,2024-02-17,2024-02,월세,12,20㎡ 이하,안암동,서울특별시 성북구 안암동5가 12-24,37.5890048138564,127.029936464902,5.0,15400.0,소형,1089.8796886058033,6.994739703497205,0.243722596203417,False,서울 성북구 고려대로27길 52-7,306.26710788830525,안암역,,0,525.5027062656495,525.5027062656495,978.315946177262,2.6483001966964363,0,0,1,1,1,0,train
2013,24.03~26.02,갱신,24,2,2024,7500,12.79,3,다세대,'10-1,(10-1),5,7500.0,5.0,11290,안암동1가, ,성북구,202402,2024-02-24,2024-02,월세,11,20㎡ 이하,안암동,서울특별시 성북구 안암동1가 10-1,37.5891488973123,127.019550678014,5.0,8700.0,소형,680.2189210320563,6.523883724433404,-1.395382243894582,False,서울 성북구 보문로30길 36-3,403.08215098858034,보문역,8700.0,0,963.973936083318,1105.2288070939644,399.34596808740486,2.548663615590751,0,0,1,0,1,0,train
2016,24.02~26.02,갱신,23,2,2024,28300,43.63,5,다세대,'232-1,주함해븐빌(A동),0,27000.0,0.0,11290,보문동5가,사용,성북구,202402,2024-02-23,2024-02,전세,8,33㎡ 초과,보문동,서울특별시 성북구 보문동5가 232-1,37.580820283928,127.020165051172,5.0,28300.0,대형,648.6362594545037,6.47641260541547,0.8126153724879224,False,서울 성북구 보문로15길 24,525.1901076345816,보문역,27000.0,0,641.2645793418986,989.4953288519656,528.4894722243123,3.775744987135518,1,0,0,0,0,0,train
2022,24.02~25.02,신규,23,2,2024,3000,27.42,3,다세대,'159-3,스텔라153,120,,,11290,보문동5가, ,성북구,202402,2024-02-23,2024-02,월세,2,20㎡ 초과~33㎡ 이하,보문동,서울특별시 성북구 보문동5가 159-3,37.5820065871023,127.020885522519,5.0,31800.0,중형,1159.7374179431072,7.05681078724887,1.2682751630774405,False,서울 성북구 보문로 75,400.6960170207058,보문역,,0,545.9792741658392,884.7621579628762,408.2510868591892,3.3112726741341683,0,0,0,0,0,1,train
2002,24.02~25.02,신규,21,2,2024,1000,37.97,4,다세대,'147-5,원영스위트,100,,,11290,안암동5가, ,성북구,202402,2024-02-21,2024-02,월세,22,33㎡ 초과,안암동,서울특별시 성북구 안암동5가 147-5,37.5875358648882,127.029098487257,5.0,25000.0,대형,658.4145377929945,6.49135237739641,1.2653085593148905,False,서울 성북구 개운사길 27,137.1135231296652,안암역,,0,380.41481718245205,380.41481718245205,855.0883665312471,3.636796374243711,0,0,1,1,0,0,train
2013,24.02~26.02,신규,17,2,2024,2000,11.99,2,다세대,'10-1,(10-1),40,,,11290,안암동1가, ,성북구,202402,2024-02-17,2024-02,월세,11,20㎡ 이하,안암동,서울특별시 성북구 안암동1가 10-1,37.5891488973123,127.019550678014,5.0,11600.0,소형,967.4728940783988,6.875720494926635,-0.1705972160256653,False,서울 성북구 보문로30길 36-3,403.08215098858034,보문역,,0,963.973936083318,1105.2288070939644,399.34596808740486,2.4840729690394228,0,0,1,0,1,0,train
2001,24.02~26.02,갱신,5,2,2024,12000,48.84,4,연립,'87-1,성종그린빌,15,12000.0,15.0,11290,안암동1가, ,성북구,202402,2024-02-05,2024-02,월세,23,33㎡ 초과,안암동,서울특별시 성북구 안암동1가 87-1,37.5885002460396,127.020243888353,5.0,15600.0,대형,319.4103194103194,5.769602422572917,-0.2786600007947042,False,서울 성북구 고려대로7길 56-10,329.65675434854785,보문역,15600.0,0,869.5720219062839,1017.2665265417684,330.18323887487173,3.888549649242504,0,1,1,0,0,0,train
2012,24.02~25.02,신규,13,2,2024,2000,14.13,3,다세대,'12-24,(12-24),115,,,11290,안암동5가, ,성북구,202402,2024-02-13,2024-02,월세,12,20㎡ 이하,안암동,서울특별시 성북구 안암동5가 12-24,37.5890048138564,127.029936464902,5.0,29600.0,소형,2094.833687190375,7.64770669457822,2.516777209703596,False,서울 성북구 고려대로27길 52-7,306.26710788830525,안암역,,0,525.5027062656495,525.5027062656495,978.315946177262,2.6483001966964363,0,0,1,1,1,0,train
2012,24.02~26.02,신규,16,2,2024,500,17.61,3,다세대,'74-11,베데스타2,55,,,11290,보문동2가, ,성북구,202402,2024-02-16,2024-02,월세,12,20㎡ 이하,보문동,서울특별시 성북구 보문동2가 74-11,37.5854865875137,127.018136522855,5.0,13700.0,소형,777.9670641680864,6.657968765346755,-0.1905721152963647,False,서울 성북구 지봉로23길 5-8,164.62556409820291,보문역,,0,836.2084060729292,1097.3868311308154,139.76782674161174,2.8684669225081145,0,0,0,0,1,0,train
1991,24.02~25.02,신규,12,2,2024,1000,49.41,3,다세대,'12-1,(12-1),100,,,11290,안암동5가, ,성북구,202402,2024-02-12,2024-02,월세,33,33㎡ 초과,안암동,서울특별시 성북구 안암동5가 12-1,37.5897711809119,127.030003801232,5.0,25000.0,대형,505.9704513256426,6.228452720483767,0.7029132283224734,False,서울 성북구 개운사길 60-29,391.0888354356714,안암역,,0,609.9366392771677,609.9366392771677,1019.978594557133,3.9001528328576582,0,0,1,1,0,0,train
2011,24.02~25.02,신규,1,2,2024,1000,14.16,2,다세대,'9-16,탑하우스,40,,,11290,안암동5가, ,성북구,202402,2024-02-01,2024-02,월세,13,20㎡ 이하,안암동,서울특별시 성북구 안암동5가 9-16,37.5899871735891,127.03025955142,5.0,10600.0,소형,748.5875706214689,6.619523149438646,-1.062450198002389,False,서울 성북구 개운사길 60-42,419.0407000820607,안암역,,0,632.7396627279808,632.7396627279808,1051.0808025539754,2.6504210882655737,0,0,1,1,1,0,train
2012,24.03~26.03,갱신,5,2,2024,9000,14.45,2,다세대,'251,더에덴하우스,10,9000.0,1.0,11290,안암동1가, ,성북구,202402,2024-02-05,2024-02,월세,12,20㎡ 이하,안암동,서울특별시 성북구 안암동1가 251,37.587470114433,127.02141636101,5.0,11400.0,소형,788.9273356401385,6.671940961028272,-0.8799776533089326,False,서울 성북구 보문로26길 49,247.94887045818595,보문역,9240.0,0,715.3587141964363,874.5907531004768,259.71937808765875,2.670694414558441,0,0,1,0,1,0,train
2003,24.02~26.02,신규,1,2,2024,20000,48.18,2,다세대,'138,에스엠빌라(138-0),0,,,11290,안암동2가, ,성북구,202402,2024-02-01,2024-02,전세,21,33㎡ 초과,안암동,서울특별시 성북구 안암동2가 138,37.5866404160299,127.022723707618,5.0,20000.0,대형,415.1100041511,6.030949658360534,0.2804143886540763,False,서울 성북구 고려대로7가길 32,269.0301372317622,보문역,,0,569.5142662004934,732.9696700185459,290.6613581284848,3.874943997186725,1,0,1,0,0,0,train
2022,24.02~26.02,신규,3,2,2024,23500,29.3,3,다세대,'134-11,탑스하우징,15,,,11290,보문동7가, ,성북구,202402,2024-02-03,2024-02,월세,2,20㎡ 초과~33㎡ 이하,보문동,서울특별시 성북구 보문동7가 134-11,37.5796315517269,127.021476041454,5.0,27100.0,중형,924.914675767918,6.830782087601547,0.5984481739671053,False,서울 성북구 보문로13나길 8-5,669.8658248177488,보문역,,0,600.896659962064,949.632077083748,677.1314730927518,3.3775875160230218,0,0,0,0,0,1,train
2001,24.02~26.02,신규,5,2,2024,10000,29.85,3,다세대,'74-13,인성빌라,20,,,11290,보문동2가, ,성북구,202402,2024-02-05,2024-02,월세,23,20㎡ 초과~33㎡ 이하,보문동,서울특별시 성북구 보문동2가 74-13,37.5855932163398,127.018451071054,5.0,14800.0,중형,495.81239530988273,6.208212480609712,-1.2465118953232963,False,서울 성북구 지봉로23길 9,136.9146303223722,보문역,,0,814.8256272538686,1071.4022800372577,111.87350454731178,3.396184839838611,0,0,0,0,0,1,train
2022,24.02~25.02,신규,6,2,2024,5000,35.13,5,다세대,'159-3,스텔라153,125,,,11290,보문동5가, ,성북구,202402,2024-02-06,2024-02,월세,2,33㎡ 초과,보문동,서울특별시 성북구 보문동5가 159-3,37.5820065871023,127.020885522519,5.0,35000.0,대형,996.299459151722,6.905051085095153,1.925333758672764,False,서울 성북구 보문로 75,400.6960170207058,보문역,,0,545.9792741658392,884.7621579628762,408.2510868591892,3.559055466277736,0,0,0,0,0,0,train
2016,24.03~26.03,신규,1,2,2024,27000,47.73,5,다세대,'232-1,주함해븐빌(A동),20,,,11290,보문동5가, ,성북구,202402,2024-02-01,2024-02,월세,8,33㎡ 초과,보문동,서울특별시 성북구 보문동5가 232-1,37.580820283928,127.020165051172,5.0,31800.0,대형,666.2476429918291,6.503161255857007,0.8820531774516114,False,서울 성북구 보문로15길 24,525.1901076345816,보문역,,0,641.2645793418986,989.4953288519656,528.4894722243123,3.865560131017805,0,0,0,0,0,0,train
2022,24.03~26.03,신규,7,2,2024,21500,26.55,2,다세대,'134-11,탑스하우징,30,,,11290,보문동7가, ,성북구,202402,2024-02-07,2024-02,월세,2,20㎡ 초과~33㎡ 이하,보문동,서울특별시 성북구 보문동7가 134-11,37.5796315517269,127.021476041454,5.0,28700.0,중형,1080.9792843691148,6.986547313538409,1.060052175849064,False,서울 성북구 보문로13나길 8-5,669.8658248177488,보문역,,0,600.896659962064,949.632077083748,677.1314730927518,3.279029747687948,0,0,0,0,0,1,train
1997,24.03~26.03,신규,1,2,2024,10000,62.96,-1,다세대,'134-1,장백주택,40,,,11290,안암동3가, ,성북구,202402,2024-02-01,2024-02,월세,27,33㎡ 초과,안암동,서울특별시 성북구 안암동3가 134-1,37.5831600751501,127.024011605849,5.0,19600.0,대형,311.3087674714104,5.743992337770763,-0.3334451317005128,False,서울 성북구 보문로18길 54-1,441.4396196446324,보문역,,1,266.359959733537,585.6253038941029,462.8411154996926,4.142499604109148,0,0,1,0,0,0,train
2004,24.05~26.05,신규,27,3,2024,5000,84.96,5,다세대,'135,(135-0),115,,,11290,보문동7가, ,성북구,202403,2024-03-27,2024-03,월세,20,33㎡ 초과,보문동,서울특별시 성북구 보문동7가 135,37.5787298016808,127.022154354723,5.1,32058.82352941177,대형,377.34020161737016,5.935793795137333,-0.5907968703032348,False,서울 성북구 보문로13나길 32,780.800809086526,보문역,,0,622.2272034332791,961.4960595106958,789.196795237089,4.442180557493629,0,0,0,0,0,0,train
1995,24.05~26.05,신규,31,3,2024,10000,30.67,4,연립,'133-59,(133-59),10,,,11290,안암동3가, ,성북구,202403,2024-03-31,2024-03,월세,29,20㎡ 초과~33㎡ 이하,안암동,서울특별시 성북구 안암동3가 133-59,37.5840594839597,127.02291754252,5.1,12352.941176470587,중형,402.7695199370912,6.000844219961622,-1.8084889684862675,False,서울 성북구 보문로22길 46,305.1176216616871,보문역,,0,386.03825160308816,668.6808564359112,327.4531488079916,3.4232849781261603,0,1,1,0,0,1,train
2018,24.03~26.03,신규,16,3,2024,1000,15.51,5,다세대,'153-1,밀로바니,81,,,11290,안암동2가, ,성북구,202403,2024-03-16,2024-03,월세,6,20㎡ 이하,안암동,서울특별시 성북구 안암동2가 153-1,37.5860392528644,127.022360316217,5.1,20058.82352941177,소형,1293.2832707551106,7.1657123620423775,0.8388984559281181,False,서울 성북구 고려대로 28,214.91379352192595,보문역,,0,544.8687416035631,742.8538092609206,238.67775790395103,2.7414849771884477,0,0,1,0,1,0,train
2013,24.04~26.04,신규,23,3,2024,1000,30.02,5,다세대,'1-12,(1-12),80,,,11290,보문동1가, ,성북구,202403,2024-03-23,2024-03,월세,11,20㎡ 초과~33㎡ 이하,보문동,서울특별시 성북구 보문동1가 1-12,37.5883104245132,127.018489105394,5.1,19823.529411764703,중형,660.344084335933,6.4942742556009225,-0.3987792943708675,False,서울 성북구 보문로30길 12,335.543518554015,보문역,,0,968.428942176456,1148.451110243563,324.49554405556995,3.401863826205316,0,0,0,0,0,1,train
2020,24.03~26.03,갱신,11,3,2024,37000,54.04,4,다세대,'379,로하스빌15차,0,41000.0,0.0,11290,보문동6가, ,성북구,202403,2024-03-11,2024-03,전세,4,33㎡ 초과,보문동,서울특별시 성북구 보문동6가 379,37.5793220452989,127.020547974416,5.1,37000.0,대형,684.6780162842339,6.530408153522964,0.9527844007007772,False,서울 성북구 보문로13마길 7,693.255859799723,보문역,41000.0,0,687.6191905563636,1037.0491503840144,697.4556042240017,3.989724513091998,1,0,0,0,0,0,train
2012,24.03~25.02,신규,10,3,2024,1000,18.54,2,다세대,'15-18,(15-18),48,,,11290,안암동5가, ,성북구,202403,2024-03-10,2024-03,월세,12,20㎡ 이하,안암동,서울특별시 성북구 안암동5가 15-18,37.5885766181077,127.029394971863,5.1,12294.117647058823,소형,663.1131416968082,6.498452529082703,-1.4839112150498197,False,서울 성북구 개운사길 50,252.72475498357505,안암역,,0,485.4043348835692,485.4043348835692,916.1170435028008,2.919930560137709,0,0,1,1,1,0,train
2012,24.03~25.03,신규,17,3,2024,9000,12.21,2,다세대,'134-27,(134-27),0,,,11290,안암동5가, ,성북구,202403,2024-03-17,2024-03,전세,12,20㎡ 이하,안암동,서울특별시 성북구 안암동5가 134-27,37.5827951469634,127.028202358742,5.1,9000.0,소형,737.1007371007371,6.604080315421677,-1.116208512874748,False,서울 성북구 안암로9가길 85,400.9752776271348,안암역,,0,105.95196955041544,262.6624413342047,808.2007971721492,2.502255288122613,1,0,1,1,1,0,train
2013,24.04~26.04,신규,29,3,2024,8000,18.29,5,다세대,'1-12,(1-12),0,,,11290,보문동1가, ,성북구,202403,2024-03-29,2024-03,전세,11,20㎡ 이하,보문동,서울특별시 성북구 보문동1가 1-12,37.5883104245132,127.018489105394,5.1,8000.0,소형,437.3974849644615,6.083125998766213,-2.3937077923643626,False,서울 성북구 보문로30길 12,335.543518554015,보문역,,0,968.428942176456,1148.451110243563,324.49554405556995,2.906354462402774,1,0,0,0,1,0,train
2015,23.12~25.12,갱신,18,3,2024,15000,27.48,4,다세대,'6,동은빌,33,15000.0,33.0,11290,안암동1가, ,성북구,202403,2024-03-18,2024-03,월세,9,20㎡ 초과~33㎡ 이하,안암동,서울특별시 성북구 안암동1가 6,37.5890312632611,127.019877185804,5.1,22764.70588235294,중형,828.40996660673,6.720714564386729,0.0255917802284427,False,서울 성북구 보문로30길 40-6,388.181701625532,보문역,22764.70588235294,0,934.8834971736508,1073.7372462605574,386.2352745429992,3.3134584673541485,0,0,1,0,0,1,train
2005,24.04~26.04,신규,31,3,2024,1000,72.52,3,다세대,'47,기원빌라,75,,,11290,안암동3가, ,성북구,202403,2024-03-31,2024-03,월세,19,33㎡ 초과,안암동,서울특별시 성북구 안암동3가 47,37.5847449790216,127.022346229739,5.1,18647.058823529413,대형,257.1298789786185,5.553462865148745,-0.7410260584975196,False,서울 성북구 고려대로12길 32,224.6377446161844,보문역,,0,463.6152471243175,720.1867794485319,248.5261000462212,4.283862385886651,0,0,1,0,0,0,train
2005,24.05~26.04,신규,31,3,2024,1000,72.52,3,다세대,'47,기원빌라,75,,,11290,안암동3가, ,성북구,202403,2024-03-31,2024-03,월세,19,33㎡ 초과,안암동,서울특별시 성북구 안암동3가 47,37.5847449790216,127.022346229739,5.1,18647.058823529413,대형,257.1298789786185,5.553462865148745,-0.7410260584975196,False,서울 성북구 고려대로12길 32,224.6377446161844,보문역,,0,463.6152471243175,720.1867794485319,248.5261000462212,4.283862385886651,0,0,1,0,0,0,train
2002,24.04~26.04,갱신,26,3,2024,25000,54.72,1,다세대,'133-57,청운힐스빌,0,22000.0,0.0,11290,안암동3가, ,성북구,202403,2024-03-26,2024-03,전세,22,33㎡ 초과,안암동,서울특별시 성북구 안암동3가 133-57,37.5840002945846,127.023347294466,5.1,25000.0,대형,456.87134502923976,6.126588238602996,0.4850045795381087,False,서울 성북구 보문로22길 54,340.8677302614057,보문역,22000.0,0,348.44460166440706,631.1579105660215,363.64610857010166,4.002229273314295,1,0,1,0,0,0,train
2001,24.04~26.04,신규,29,3,2024,10000,31.68,2,다세대,'74-13,인성빌라,23,,,11290,보문동2가, ,성북구,202403,2024-03-29,2024-03,월세,23,20㎡ 초과~33㎡ 이하,보문동,서울특별시 성북구 보문동2가 74-13,37.5855932163398,127.018451071054,5.1,15411.764705882351,중형,486.4824717765894,6.18925433446142,-1.3026936013342485,False,서울 성북구 지봉로23길 9,136.9146303223722,보문역,,0,814.8256272538686,1071.4022800372577,111.87350454731178,3.455685566946225,0,0,0,0,0,1,train
2022,24.03~25.03,신규,15,3,2024,3000,29.99,4,다세대,'12-4,하우재,170,,,11290,안암동5가, ,성북구,202403,2024-03-15,2024-03,월세,2,20㎡ 초과~33㎡ 이하,안암동,서울특별시 성북구 안암동5가 12-4,37.5896006964245,127.029713763445,5.1,43000.0,중형,1433.8112704234743,7.268788600675697,1.4219710679885629,False,서울 성북구 개운사길 60-21,368.6336399961572,안암역,,0,593.4680312416383,593.4680312416383,988.5858924255604,3.4008639927609177,0,0,1,1,0,1,train
2013,24.03~26.03,신규,12,3,2024,2000,21.99,7,다세대,'10,보하티빌,55,,,11290,보문동4가, ,성북구,202403,2024-03-12,2024-03,월세,11,20㎡ 초과~33㎡ 이하,보문동,서울특별시 성북구 보문동4가 10,37.5840930757581,127.020553814379,5.1,14941.176470588236,중형,679.4532274028303,6.522759087036934,-0.3143656384684551,False,서울 성북구 고려대로2길 32,168.2197074101884,보문역,,0,585.941492214655,876.7329823964766,178.89832459204743,3.09058780456667,0,0,0,0,0,1,train
2002,24.05~26.05,갱신,17,3,2024,1000,26.6,2,다세대,'1-5,재성주택,52,1000.0,53.0,11290,보문동2가,사용,성북구,202403,2024-03-17,2024-03,월세,22,20㎡ 초과~33㎡ 이하,보문동,서울특별시 성북구 보문동2가 1-5,37.587555071862,127.017641678685,5.1,13235.29411764706,중형,497.5674480318443,6.211738882219005,-1.2360615455401391,False,서울 성북구 지봉로23길 56,305.66584382578367,보문역,13470.58823529412,0,979.5726361121102,1189.423025025264,287.66387327886355,3.2809112157876537,0,0,0,0,0,1,train
2003,24.03~26.03,갱신,9,3,2024,18000,48.18,4,다세대,'138,에스엠빌라(138-0),0,18000.0,0.0,11290,안암동2가, ,성북구,202403,2024-03-09,2024-03,전세,21,33㎡ 초과,안암동,서울특별시 성북구 안암동2가 138,37.5866404160299,127.022723707618,5.1,18000.0,대형,373.5990037359901,5.925856130465581,0.0555981599083615,False,서울 성북구 고려대로7가길 32,269.0301372317622,보문역,18000.0,0,569.5142662004934,732.9696700185459,290.6613581284848,3.874943997186725,1,0,1,0,0,0,train
2013,24.02~25.02,갱신,24,3,2024,1000,13.99,3,다세대,'102-91,(102-91),65,1000.0,63.0,11290,안암동5가, ,성북구,202403,2024-03-24,2024-03,월세,11,20㎡ 이하,안암동,서울특별시 성북구 안암동5가 102-91,37.5847491130107,127.029020414455,5.1,16294.117647058823,소형,1164.6974729849053,7.061074876114314,0.4746431055311872,False,서울 성북구 고려대로22길 31,174.28917605071155,안암역,15823.529411764706,0,139.61355973925984,139.61355973925984,824.4621698790479,2.63834278867739,0,0,1,1,1,0,train
2012,24.03~26.03,신규,15,3,2024,9000,12.41,3,다세대,'134-27,(134-27),0,,,11290,안암동5가, ,성북구,202403,2024-03-15,2024-03,전세,12,20㎡ 이하,안암동,서울특별시 성북구 안암동5가 134-27,37.5827951469634,127.028202358742,5.1,9000.0,소형,725.2215954875101,6.587855196196452,-1.172690054228669,False,서울 성북구 안암로9가길 85,400.9752776271348,안암역,,0,105.95196955041544,262.6624413342047,808.2007971721492,2.518502599216516,1,0,1,1,1,0,train
2013,24.03~26.02,신규,16,3,2024,3000,12.85,3,다세대,'10-1,(10-1),40,,,11290,안암동1가, ,성북구,202403,2024-03-16,2024-03,월세,11,20㎡ 이하,안암동,서울특별시 성북구 안암동1가 10-1,37.5891488973123,127.019550678014,5.1,12411.764705882351,소형,965.8960860608836,6.87409102955586,-0.1762695759292605,False,서울 성북구 보문로30길 36-3,403.08215098858034,보문역,,0,963.973936083318,1105.2288070939644,399.34596808740486,2.553343811341229,0,0,1,0,1,0,train
2013,24.03~25.08,신규,16,3,2024,3000,13.5,3,다세대,'10-1,(10-1),35,,,11290,안암동1가, ,성북구,202403,2024-03-16,2024-03,월세,11,20㎡ 이하,안암동,서울특별시 성북구 안암동1가 10-1,37.5891488973123,127.019550678014,5.1,11235.29411764706,소형,832.244008714597,6.725326526900489,-0.6941362425520681,False,서울 성북구 보문로30길 36-3,403.08215098858034,보문역,,0,963.973936083318,1105.2288070939644,399.34596808740486,2.602689685444384,0,0,1,0,1,0,train
2008,24.04~26.04,신규,13,3,2024,6400,13.16,2,다세대,'171,승민아트빌,17,,,11290,보문동5가, ,성북구,202403,2024-03-13,2024-03,월세,16,20㎡ 이하,보문동,서울특별시 성북구 보문동5가 171,37.5820315128318,127.020029181913,5.1,10400.0,소형,790.273556231003,6.673643743923302,-0.1304963753776163,False,서울 성북구 지봉로24길 70-10,390.32121984232265,보문역,,0,620.1795847194261,956.5315442239414,393.2946483718082,2.5771819258971718,0,0,0,0,1,0,train
2012,24.03~25.03,신규,17,3,2024,3000,14.13,5,다세대,'12-24,(12-24),65,,,11290,안암동5가, ,성북구,202403,2024-03-17,2024-03,월세,12,20㎡ 이하,안암동,서울특별시 성북구 안암동5가 12-24,37.5890048138564,127.029936464902,5.1,18294.117647058825,소형,1294.7004704217145,7.166806731698459,0.8427080849439942,False,서울 성북구 고려대로27길 52-7,306.26710788830525,안암역,,0,525.5027062656495,525.5027062656495,978.315946177262,2.6483001966964363,0,0,1,1,1,0,train
2014,24.04~26.04,갱신,16,3,2024,4000,15.57,6,다세대,'75-10,(75-10),48,4000.0,45.0,11290,보문동2가, ,성북구,202403,2024-03-16,2024-03,월세,10,20㎡ 이하,보문동,서울특별시 성북구 보문동2가 75-10,37.5851695046946,127.018287932064,5.1,15294.117647058823,소형,982.2811590917676,6.890895100707357,0.7021386386620312,False,서울 성북구 지봉로 175-2,156.7330223806902,보문역,14588.235294117649,0,811.6415388512596,1080.421392750233,133.449606038057,2.745345985845907,0,0,0,0,1,0,train
2002,24.05~26.05,신규,14,3,2024,37000,103.19,5,다세대,'74-7,(74-7),0,,,11290,보문동2가, ,성북구,202403,2024-03-14,2024-03,전세,22,33㎡ 초과,보문동,서울특별시 성북구 보문동2가 74-7,37.5854413505225,127.017588306687,5.1,37000.0,대형,358.56187615078983,5.884886279599,-0.7229495612534844,False,서울 성북구 지봉로21길 16,213.1103178560811,보문역,,0,879.8051521405645,1144.789788154712,188.29852850404424,4.636571949127623,1,0,0,0,0,0,train
2023,24.04~26.04,신규,15,3,2024,50000,53.54,11,다세대,'42,보문더루나,0,,,11290,보문동2가, ,성북구,202403,2024-03-15,2024-03,전세,1,33㎡ 초과,보문동,서울특별시 성북구 보문동2가 42,37.5868283986935,127.018379593917,5.1,50000.0,대형,933.8812103100486,6.840419473420693,1.7575541820638838,False,서울 성북구 보문로 135,202.35027497898392,보문역,,0,881.8395904333689,1104.383046329785,183.96212592898652,3.9804290380922063,1,0,0,0,0,0,train
2016,24.03~26.03,갱신,11,3,2024,31500,49.35,5,다세대,'232-1,주함해븐빌(A동),0,35000.0,0.0,11290,보문동5가,사용,성북구,202403,2024-03-11,2024-03,전세,8,33㎡ 초과,보문동,서울특별시 성북구 보문동5가 232-1,37.580820283928,127.020165051172,5.1,31500.0,대형,638.2978723404256,6.460370499658939,0.7709710804454712,False,서울 성북구 보문로15길 24,525.1901076345816,보문역,35000.0,0,641.2645793418986,989.4953288519656,528.4894722243123,3.8989377658794906,1,0,0,0,0,0,train
2016,24.04~26.04,갱신,23,4,2024,20000,50.55,5,다세대,'232-5,주함해븐빌(C동),50,32000.0,0.0,11290,보문동5가, ,성북구,202404,2024-04-23,2024-04,월세,8,33㎡ 초과,보문동,서울특별시 성북구 보문동5가 232-5,37.5809196100961,127.020475504999,5.1,31764.705882352944,대형,628.3819165648456,6.444738252989158,0.7303907566727637,False,서울 성북구 보문로15길 20,515.6327107431371,보문역,32000.0,0,611.7788111338735,959.997443553532,520.264847332014,3.92296294546648,0,0,0,0,0,0,train
2012,24.06~25.12,신규,23,4,2024,500,13.92,2,다세대,'134-4,(134-4),52,,,11290,보문동7가, ,성북구,202404,2024-04-23,2024-04,월세,12,20㎡ 이하,보문동,서울특별시 성북구 보문동7가 134-4,37.5791821520309,127.021879050593,5.1,12735.29411764706,소형,914.891818796484,6.819898255949006,0.4300369601859845,False,서울 성북구 보문로13나길 22,726.2055075485071,보문역,,0,604.5437846170768,949.191256896952,734.2609546483098,2.633326654906273,0,0,0,0,1,0,train
2008,24.02~26.02,갱신,20,4,2024,37000,74.37,3,다세대,'41-11,인성하이츠빌,0,41000.0,0.0,11290,보문동6가, ,성북구,202404,2024-04-20,2024-04,전세,16,33㎡ 초과,보문동,서울특별시 성북구 보문동6가 41-11,37.5825332405691,127.018594324484,5.1,37000.0,대형,497.5124378109453,6.211628539563946,0.1252526824607883,False,서울 성북구 보문로21가길 3,356.8281361484129,보문역,41000.0,0,741.2943354178195,1067.3424221054204,350.87294165300654,4.309052634715209,1,0,0,0,0,0,train
2011,24.06~25.06,갱신,22,4,2024,500,13.66,3,다세대,'15-5,MAIBAUM안암,52,500.0,50.0,11290,안암동4가, ,성북구,202404,2024-04-22,2024-04,월세,13,20㎡ 이하,안암동,서울특별시 성북구 안암동4가 15-5,37.5814227391357,127.023313771075,5.1,12735.29411764706,소형,932.3055723021272,6.838732663090819,-0.2993561930431409,False,서울 성북구 안암로5길 54-4,543.0061961951634,보문역,12264.705882352942,0,359.12045905585205,709.4755434538754,558.5006427801934,2.614471854142644,0,0,1,0,1,0,train
2012,24.06~26.06,신규,20,4,2024,500,13.92,3,다세대,'134-4,(134-4),49,,,11290,보문동7가, ,성북구,202404,2024-04-20,2024-04,월세,12,20㎡ 이하,보문동,서울특별시 성북구 보문동7가 134-4,37.5791821520309,127.021879050593,5.1,12029.411764705885,소형,864.1818796484112,6.762939750318682,0.211738456382748,False,서울 성북구 보문로13나길 22,726.2055075485071,보문역,,0,604.5437846170768,949.191256896952,734.2609546483098,2.633326654906273,0,0,0,0,1,0,train
2013,24.06~26.06,신규,25,4,2024,2000,47.5,4,다세대,'155,(155-0),93,,,11290,보문동2가, ,성북구,202404,2024-04-25,2024-04,월세,11,33㎡ 초과,보문동,서울특별시 성북구 보문동2가 155,37.5849027592421,127.018617331,5.1,23882.352941176472,대형,502.7863777089784,6.22215232446795,0.1525717625482563,False,서울 성북구 지봉로 178-1,141.30488758867006,보문역,,0,774.7844308624199,1049.205940938082,121.57950870644376,3.8607297110405954,0,0,0,0,0,0,train
2016,24.07~26.07,신규,6,4,2024,26000,50.55,4,다세대,'232-5,주함해븐빌(C동),50,,,11290,보문동5가, ,성북구,202404,2024-04-06,2024-04,월세,8,33㎡ 초과,보문동,서울특별시 성북구 보문동5가 232-5,37.5809196100961,127.020475504999,5.1,37764.705882352944,대형,747.0762785826498,6.6175049494899785,1.178882175036646,False,서울 성북구 보문로15길 20,515.6327107431371,보문역,,0,611.7788111338735,959.997443553532,520.264847332014,3.92296294546648,0,0,0,0,0,0,train
2009,24.05~26.05,신규,22,4,2024,2000,23.05,4,다세대,'64-14,브라운힐,55,,,11290,보문동2가, ,성북구,202404,2024-04-22,2024-04,월세,15,20㎡ 초과~33㎡ 이하,보문동,서울특별시 성북구 보문동2가 64-14,37.5856569512716,127.017634437579,5.1,14941.176470588236,중형,648.2072221513334,6.47575196027254,-0.4536693739518307,False,서울 성북구 지봉로23길 13-22,209.1458695848564,보문역,,0,884.2999533409775,1143.6637587480527,184.0865759102006,3.1376657694426577,0,0,0,0,0,1,train
2005,24.05~26.05,신규,10,4,2024,1000,72.52,3,다세대,'47,기원빌라,75,,,11290,안암동3가, ,성북구,202404,2024-04-10,2024-04,월세,19,33㎡ 초과,안암동,서울특별시 성북구 안암동3가 47,37.5847449790216,127.022346229739,5.1,18647.058823529413,대형,257.1298789786185,5.553462865148745,-0.7410260584975196,False,서울 성북구 고려대로12길 32,224.6377446161844,보문역,,0,463.6152471243175,720.1867794485319,248.5261000462212,4.283862385886651,0,0,1,0,0,0,train
2004,24.04~26.04,신규,8,4,2024,3000,44.12,2,다세대,'113,가람빌라,80,,,11290,보문동4가, ,성북구,202404,2024-04-08,2024-04,월세,20,33㎡ 초과,보문동,서울특별시 성북구 보문동4가 113,37.5820250262245,127.022048231103,5.1,21823.529411764703,대형,494.6402858514213,6.205850433480071,0.1102530844740229,False,서울 성북구 안암로3길 75,430.54897657338313,보문역,,0,444.774636636993,786.5463319386985,443.3903007445799,3.786913194385302,0,0,0,0,0,0,train
2013,24.05~26.05,신규,20,4,2024,10000,21.28,4,다세대,'3-15,해마루,25,,,11290,보문동1가, ,성북구,202404,2024-04-20,2024-04,월세,11,20㎡ 초과~33㎡ 이하,보문동,서울특별시 성북구 보문동1가 3-15,37.5880247363267,127.018952681536,5.1,15882.352941176472,중형,746.3511720477665,6.616535184502175,-0.0364639334475029,False,서울 성북구 보문로30길 12-11,291.21387759176537,보문역,,0,916.6989953998028,1098.5570071510106,282.2828484896454,3.0577676644734435,0,0,0,0,0,1,train
2013,24.05~26.05,신규,22,4,2024,5000,14.57,3,다세대,'3-15,해마루,23,,,11290,보문동1가, ,성북구,202404,2024-04-22,2024-04,월세,11,20㎡ 이하,보문동,서울특별시 성북구 보문동1가 3-15,37.5880247363267,127.018952681536,5.1,10411.764705882351,소형,714.6029310832089,6.573125447606065,-0.5157416244949125,False,서울 성북구 보문로30길 12-11,291.21387759176537,보문역,,0,916.6989953998028,1098.5570071510106,282.2828484896454,2.6789646202071133,0,0,0,0,1,0,train
2008,24.06~26.06,신규,17,4,2024,35000,69.21,4,다세대,'41-11,인성하이츠빌,0,,,11290,보문동6가, ,성북구,202404,2024-04-17,2024-04,전세,16,33㎡ 초과,보문동,서울특별시 성북구 보문동6가 41-11,37.5825332405691,127.018594324484,5.1,35000.0,대형,505.7072677358764,6.227933455650909,0.1675792135009393,False,서울 성북구 보문로21가길 3,356.8281361484129,보문역,,0,741.2943354178195,1067.3424221054204,350.87294165300654,4.237145360853772,1,0,0,0,0,0,train
2011,24.04~26.04,신규,19,4,2024,4000,15.69,4,다세대,'15-5,MAIBAUM안암,46,,,11290,안암동4가, ,성북구,202404,2024-04-19,2024-04,월세,13,20㎡ 이하,안암동,서울특별시 성북구 안암동4가 15-5,37.5814227391357,127.023313771075,5.1,14823.529411764706,소형,944.7756157912496,6.852005348307589,-0.2531524204518678,False,서울 성북구 안암로5길 54-4,543.0061961951634,보문역,,0,359.12045905585205,709.4755434538754,558.5006427801934,2.753023566744941,0,0,1,0,1,0,train
2005,24.04~26.04,신규,26,4,2024,1000,72.52,2,다세대,'47,기원빌라,75,,,11290,안암동3가, ,성북구,202404,2024-04-26,2024-04,월세,19,33㎡ 초과,안암동,서울특별시 성북구 안암동3가 47,37.5847449790216,127.022346229739,5.1,18647.058823529413,대형,257.1298789786185,5.553462865148745,-0.7410260584975196,False,서울 성북구 고려대로12길 32,224.6377446161844,보문역,,0,463.6152471243175,720.1867794485319,248.5261000462212,4.283862385886651,0,0,1,0,0,0,train
2011,24.05~26.05,신규,22,4,2024,12810,17.85,3,다세대,'15-5,MAIBAUM안암,0,,,11290,안암동4가, ,성북구,202404,2024-04-22,2024-04,전세,13,20㎡ 이하,안암동,서울특별시 성북구 안암동4가 15-5,37.5814227391357,127.023313771075,5.1,12810.0,소형,717.6470588235294,6.577370359347844,-1.2091889999580223,False,서울 성북구 안암로5길 54-4,543.0061961951634,보문역,,0,359.12045905585205,709.4755434538754,558.5006427801934,2.8820035082256483,1,0,1,0,1,0,train
1997,24.04~26.04,신규,22,4,2024,2000,53.6,-1,연립,'103-125,(103-125),75,,,11290,안암동5가, ,성북구,202404,2024-04-22,2024-04,월세,27,33㎡ 초과,안암동,서울특별시 성북구 안암동5가 103-125,37.5849276822978,127.030480316289,5.1,19647.058823529413,대형,366.5496049165935,5.906858288908877,0.0149579494345447,False,서울 성북구 고려대로24가길 14-21,188.70404179226668,안암역,,1,69.81663518882324,69.81663518882324,950.760026363707,3.981549068076757,0,1,1,1,0,0,train
2013,24.05~26.05,갱신,26,4,2024,15750,24.97,3,다세대,'199,태영빌,0,15000.0,0.0,11290,보문동5가, ,성북구,202404,2024-04-26,2024-04,전세,11,20㎡ 초과~33㎡ 이하,보문동,서울특별시 성북구 보문동5가 199,37.5816530339054,127.020389097902,5.1,15750.0,중형,630.756908289948,6.448504681372659,-0.5344155925313012,False,서울 성북구 보문로17길 14,433.7324459743769,보문역,15000.0,0,596.3475761496918,938.3173047476604,438.4174188879834,3.217675104291682,1,0,0,0,0,1,train
2015,24.06~26.06,신규,25,4,2024,14500,21.53,2,다세대,'74-3,범진우주하우스,15,,,11290,보문동2가, ,성북구,202404,2024-04-25,2024-04,월세,9,20㎡ 초과~33㎡ 이하,보문동,서울특별시 성북구 보문동2가 74-3,37.5856640691289,127.018227480843,5.1,18029.41176470588,중형,837.4088139668314,6.731505826353636,0.3042469540973404,False,서울 성북구 지봉로23길 13-5,157.08690650371963,보문역,,0,836.0431027826141,1091.9950963803549,132.0223830526954,3.069447311376272,0,0,0,0,0,1,train
2015,24.07~26.06,신규,25,4,2024,13000,20.08,2,다세대,'74-3,범진우주하우스,20,,,11290,보문동2가, ,성북구,202404,2024-04-25,2024-04,월세,9,20㎡ 초과~33㎡ 이하,보문동,서울특별시 성북구 보문동2가 74-3,37.5856640691289,127.018227480843,5.1,17705.882352941175,중형,881.7670494492618,6.783061348639838,0.4570296773482397,False,서울 성북구 지봉로23길 13-5,157.08690650371963,보문역,,0,836.0431027826141,1091.9950963803549,132.0223830526954,2.9997242948235283,0,0,0,0,0,1,train
2013,24.05~26.05,신규,18,4,2024,7000,12.15,4,다세대,'28,뉴스타안암,15,,,11290,안암동2가, ,성북구,202404,2024-04-18,2024-04,월세,11,20㎡ 이하,안암동,서울특별시 성북구 안암동2가 28,37.5872142206758,127.02148139002,5.1,10529.411764705885,소형,866.6182522391673,6.765751816351496,-0.5534110727596966,False,서울 성북구 보문로26길 48,227.03527655410068,보문역,,0,690.9347463471147,858.20784474037,240.67128238702588,2.4973291697865574,0,0,1,0,1,0,train
2012,24.04~26.04,신규,8,4,2024,9000,14.45,4,다세대,'251,더에덴하우스,10,,,11290,안암동1가, ,성북구,202404,2024-04-08,2024-04,월세,12,20㎡ 이하,안암동,서울특별시 성북구 안암동1가 251,37.587470114433,127.02141636101,5.1,11352.941176470587,소형,785.6706696519439,6.667809697879206,-0.8943590644504387,False,서울 성북구 보문로26길 49,247.94887045818595,보문역,,0,715.3587141964363,874.5907531004768,259.71937808765875,2.670694414558441,0,0,1,0,1,0,train
2002,24.04~25.04,갱신,14,4,2024,3000,31.92,5,다세대,'74-8,대원빌2,52,6000.0,36.0,11290,보문동2가, ,성북구,202404,2024-04-14,2024-04,월세,22,20㎡ 초과~33㎡ 이하,보문동,서울특별시 성북구 보문동2가 74-8,37.5853213287708,127.017651794066,5.1,15235.29411764706,중형,477.2961816305469,6.170230167444155,-1.3590709575433944,False,서울 성북구 지봉로21길 10,208.66767556109943,보문역,14470.58823529412,0,870.143089712503,1137.8216141985497,184.1639157483819,3.463232772581608,0,0,0,0,0,1,train
1997,24.05~26.05,신규,13,4,2024,8000,27.8,3,다세대,'207-2,BESSOHOUSE,35,,,11290,보문동3가, ,성북구,202404,2024-04-13,2024-04,월세,27,20㎡ 초과~33㎡ 이하,보문동,서울특별시 성북구 보문동3가 207-2,37.5838886300916,127.017847546579,5.1,16235.29411764706,중형,584.0033855268726,6.3716176344405335,-0.7622672734394728,False,서울 성북구 보문사길 39,264.34504371609194,보문역,,0,815.5325228088915,1115.8395096003146,248.52075618483056,3.3250360206965914,0,0,0,0,0,1,train
2023,24.04~26.04,신규,11,4,2024,50000,53.39,11,다세대,'42,보문더루나,0,,,11290,보문동2가, ,성북구,202404,2024-04-11,2024-04,전세,1,33㎡ 초과,보문동,서울특별시 성북구 보문동2가 42,37.5868283986935,127.018379593917,5.1,50000.0,대형,936.5049634763064,6.843222052205277,1.7648294993538045,False,서울 성북구 보문로 135,202.35027497898392,보문역,,0,881.8395904333689,1104.383046329785,183.96212592898652,3.977623462512095,1,0,0,0,0,0,train
2013,24.05~26.05,신규,8,4,2024,15750,24.97,2,다세대,'199,태영빌,0,,,11290,보문동5가, ,성북구,202404,2024-04-08,2024-04,전세,11,20㎡ 초과~33㎡ 이하,보문동,서울특별시 성북구 보문동5가 199,37.5816530339054,127.020389097902,5.1,15750.0,중형,630.756908289948,6.448504681372659,-0.5344155925313012,False,서울 성북구 보문로17길 14,433.7324459743769,보문역,,0,596.3475761496918,938.3173047476604,438.4174188879834,3.217675104291682,1,0,0,0,0,1,train
2022,24.04~25.03,신규,1,4,2024,5000,25.24,2,다세대,'12-4,하우재,50,,,11290,안암동5가, ,성북구,202404,2024-04-01,2024-04,월세,2,20㎡ 초과~33㎡ 이하,안암동,서울특별시 성북구 안암동5가 12-4,37.5896006964245,127.029713763445,5.1,16764.705882352944,중형,664.2118019949661,6.500105489186288,-0.5364745153904058,False,서울 성북구 개운사길 60-21,368.6336399961572,안암역,,0,593.4680312416383,593.4680312416383,988.5858924255604,3.228430037673012,0,0,1,1,0,1,train
2016,24.06~26.06,신규,22,5,2024,2000,42.26,6,다세대,'79-4,더리치빌,50,,,11290,보문동4가, ,성북구,202405,2024-05-22,2024-05,월세,8,33㎡ 초과,보문동,서울특별시 성북구 보문동4가 79-4,37.5823285816602,127.021501723257,5.0,14000.0,대형,331.28253667770946,5.805985621098795,-0.9277706810486004,False,서울 성북구 고려대로2길 76,380.8928772607329,보문역,,0,487.3313359325827,822.6573866301491,392.1202727493698,3.7438410121879104,0,0,0,0,0,0,train
2016,24.07~25.07,신규,29,5,2024,1000,15.48,6,다세대,'134-18,구겸빌딩,57,,,11290,안암동5가, ,성북구,202405,2024-05-29,2024-05,월세,8,20㎡ 이하,안암동,서울특별시 성북구 안암동5가 134-18,37.5821226988368,127.028355509673,5.0,14680.0,소형,948.3204134366924,6.855746374329461,-0.2401294704798312,False,서울 성북구 안암로 61-1,471.7061588626256,안암역,,0,141.207167454645,307.1223076007429,851.5378236064181,2.739548868161581,0,0,1,1,1,0,train
2005,24.06~26.06,신규,31,5,2024,3000,45.65,4,다세대,'133-58,동인빌,35,,,11290,안암동3가, ,성북구,202405,2024-05-31,2024-05,월세,19,33㎡ 초과,안암동,서울특별시 성북구 안암동3가 133-58,37.5840113230579,127.023162754877,5.0,11400.0,대형,249.7261774370208,5.524361417092553,-0.8032799187882501,False,서울 성북구 보문로22길 52,326.27287320675555,보문역,,0,363.9710865993058,647.334921271972,348.83262365040184,3.8210036070409776,0,0,1,0,0,0,train
2023,24.07~26.07,신규,11,5,2024,46800,54.95,12,다세대,'42,보문더루나,0,,,11290,보문동2가, ,성북구,202405,2024-05-11,2024-05,전세,1,33㎡ 초과,보문동,서울특별시 성북구 보문동2가 42,37.5868283986935,127.018379593917,5.0,46800.0,대형,851.683348498635,6.748388257585752,1.5186469658032025,False,서울 성북구 보문로 135,202.35027497898392,보문역,,0,881.8395904333689,1104.383046329785,183.96212592898652,4.006423680849631,1,0,0,0,0,0,train
2005,24.07~26.07,신규,9,5,2024,5000,80.28,4,다세대,'47,기원빌라,150,,,11290,안암동3가, ,성북구,202405,2024-05-09,2024-05,월세,19,33㎡ 초과,안암동,서울특별시 성북구 안암동3가 47,37.5847449790216,127.022346229739,5.0,41000.0,대형,510.7125062282013,6.23776295605997,0.7228296978986812,False,서울 성북구 고려대로12길 32,224.6377446161844,보문역,,0,463.6152471243175,720.1867794485319,248.5261000462212,4.385520523928138,0,0,1,0,0,0,train
2018,24.07~26.07,신규,18,5,2024,1000,14.67,3,다세대,'153-1,밀로바니,66,,,11290,안암동2가, ,성북구,202405,2024-05-18,2024-05,월세,6,20㎡ 이하,안암동,서울특별시 성북구 안암동2가 153-1,37.5860392528644,127.022360316217,5.0,16840.0,소형,1147.9209270620313,7.046578456561592,0.4241793703138889,False,서울 성북구 고려대로 28,214.91379352192595,보문역,,0,544.8687416035631,742.8538092609206,238.67775790395103,2.6858045921548905,0,0,1,0,1,0,train
1991,24.07~26.07,신규,16,5,2024,16000,60.53,2,다세대,'36-1,충무빌라,0,,,11290,보문동6가, ,성북구,202405,2024-05-16,2024-05,전세,33,33㎡ 초과,보문동,서울특별시 성북구 보문동6가 36-1,37.5816519223834,127.017790972184,5.0,16000.0,대형,264.331736329093,5.580980878297957,-1.5118687640774031,False,서울 성북구 보문사길 88,474.4340306520714,보문역,,0,821.476204433823,1157.96650731948,466.6207346549107,4.103139109903596,1,0,0,0,0,0,train
2011,24.07~26.06,신규,18,5,2024,3000,23.62,4,다세대,'15-5,MAIBAUM안암,52,,,11290,안암동4가, ,성북구,202405,2024-05-18,2024-05,월세,13,20㎡ 초과~33㎡ 이하,안암동,서울특별시 성북구 안암동4가 15-5,37.5814227391357,127.023313771075,5.0,15480.0,중형,655.3767993226079,6.486735013257039,-0.5705397226779387,False,서울 성북구 안암로5길 54-4,543.0061961951634,보문역,,0,359.12045905585205,709.4755434538754,558.5006427801934,3.1620938107692163,0,0,1,0,0,1,train
2012,24.06~26.06,신규,22,5,2024,5900,28.62,6,다세대,'251,더에덴하우스,60,,,11290,안암동1가, ,성북구,202405,2024-05-22,2024-05,월세,12,20㎡ 초과~33㎡ 이하,안암동,서울특별시 성북구 안암동1가 251,37.587470114433,127.02141636101,5.0,20300.0,중형,709.2941998602375,6.565679250209812,-0.3694061347501247,False,서울 성북구 보문로26길 49,247.94887045818595,보문역,,0,715.3587141964363,874.5907531004768,259.71937808765875,3.3541057741283047,0,0,1,0,0,1,train
2017,24.07~26.07,신규,6,5,2024,1000,17.1,4,다세대,'5-4,(5-4),65,,,11290,안암동1가, ,성북구,202405,2024-05-06,2024-05,월세,7,20㎡ 이하,안암동,서울특별시 성북구 안암동1가 5-4,37.5888786683193,127.019679116523,5.0,16600.0,소형,970.7602339181286,6.879109101107933,-0.1588010808167731,False,서울 성북구 고려대로7마길 9,372.15363711536713,보문역,,0,934.3420092081054,1080.8908992522204,369.036663346123,2.8390784635086144,0,0,1,0,1,0,train
2017,24.06~26.06,신규,6,5,2024,1000,17.1,4,다세대,'5-4,(5-4),65,,,11290,안암동1가, ,성북구,202405,2024-05-06,2024-05,월세,7,20㎡ 이하,안암동,서울특별시 성북구 안암동1가 5-4,37.5888786683193,127.019679116523,5.0,16600.0,소형,970.7602339181286,6.879109101107933,-0.1588010808167731,False,서울 성북구 고려대로7마길 9,372.15363711536713,보문역,,0,934.3420092081054,1080.8908992522204,369.036663346123,2.8390784635086144,0,0,1,0,1,0,train
2018,24.07~26.07,신규,18,5,2024,27000,53.61,4,다세대,'78-2,78-2,40,,,11290,안암동3가, ,성북구,202405,2024-05-18,2024-05,월세,6,33㎡ 초과,안암동,서울특별시 성북구 안암동3가 78-2,37.5832618426455,127.022875974363,5.0,36600.0,대형,682.7084499160604,6.527531583942484,1.342703170930085,False,서울 성북구 보문로18길 39,358.23512196261527,보문역,,0,367.0143478699426,681.6580164598807,377.6762538421997,3.9817356178394463,0,0,1,0,0,0,train
1986,24.07~26.07,갱신,14,5,2024,9450,41.4,-1,다세대,'133-56,(133-56),0,9000.0,0.0,11290,안암동3가, ,성북구,202405,2024-05-14,2024-05,전세,38,33㎡ 초과,안암동,서울특별시 성북구 안암동3가 133-56,37.5838511774303,127.023361286722,5.0,9450.0,대형,228.2608695652174,5.43486052360132,-0.994740361187551,False,서울 성북구 보문로22길 54-6,350.5393824152339,보문역,9000.0,1,341.2778104199029,631.0217829485614,372.9003460004425,3.7232808808312687,1,0,1,0,0,0,train
2017,24.07~26.07,신규,6,5,2024,2000,17.1,4,다세대,'5-4,(5-4),60,,,11290,안암동1가, ,성북구,202405,2024-05-06,2024-05,월세,7,20㎡ 이하,안암동,서울특별시 성북구 안암동1가 5-4,37.5888786683193,127.019679116523,5.0,16400.0,소형,959.06432748538,6.86700029001423,-0.2009532711977544,False,서울 성북구 고려대로7마길 9,372.15363711536713,보문역,,0,934.3420092081054,1080.8908992522204,369.036663346123,2.8390784635086144,0,0,1,0,1,0,train
2022,24.06~26.06,신규,17,5,2024,24800,29.3,2,다세대,'134-11,탑스하우징,15,,,11290,보문동7가, ,성북구,202405,2024-05-17,2024-05,월세,2,20㎡ 초과~33㎡ 이하,보문동,서울특별시 성북구 보문동7가 134-11,37.5796315517269,127.021476041454,5.0,28400.0,중형,969.283276450512,6.877588066440603,0.7371558156384765,False,서울 성북구 보문로13나길 8-5,669.8658248177488,보문역,,0,600.896659962064,949.632077083748,677.1314730927518,3.3775875160230218,0,0,0,0,0,1,train
2013,24.05~26.05,신규,14,5,2024,14000,23.65,3,다세대,'3-15,해마루,0,,,11290,보문동1가, ,성북구,202405,2024-05-14,2024-05,전세,11,20㎡ 초과~33㎡ 이하,보문동,서울특별시 성북구 보문동1가 3-15,37.5880247363267,127.018952681536,5.0,14000.0,중형,591.9661733615222,6.385137354135491,-0.7222021261771159,False,서울 성북구 보문로30길 12-11,291.21387759176537,보문역,,0,916.6989953998028,1098.5570071510106,282.2828484896454,3.1633631149379418,1,0,0,0,0,1,train
2019,24.05~26.02,신규,23,5,2024,500,29.96,5,다세대,'105-3,E.SVill,48,,,11290,안암동1가, ,성북구,202405,2024-05-23,2024-05,월세,5,20㎡ 초과~33㎡ 이하,안암동,서울특별시 성북구 안암동1가 105-3,37.5879341880433,127.020558833338,5.0,12020.0,중형,401.2016021361816,5.996953460762198,-1.81840181821096,False,서울 성북구 고려대로7다길 5,270.4954149793068,보문역,,0,805.0197178822772,964.6844828426848,274.14946234955704,3.3998631586490187,0,0,1,0,0,1,train
2015,24.06~26.06,신규,13,5,2024,5000,27.48,2,다세대,'6,동은빌,73,,,11290,안암동1가, ,성북구,202405,2024-05-13,2024-05,월세,9,20㎡ 초과~33㎡ 이하,안암동,서울특별시 성북구 안암동1가 6,37.5890312632611,127.019877185804,5.0,22520.0,중형,819.5050946142649,6.709920119669023,-0.0019102323258069,False,서울 성북구 보문로30길 40-6,388.181701625532,보문역,,0,934.8834971736508,1073.7372462605574,386.2352745429992,3.3134584673541485,0,0,1,0,0,1,train
2001,24.07~26.07,신규,25,5,2024,9000,27.0,3,다세대,'74-13,인성빌라,34,,,11290,보문동2가, ,성북구,202405,2024-05-25,2024-05,월세,23,20㎡ 초과~33㎡ 이하,보문동,서울특별시 성북구 보문동2가 74-13,37.5855932163398,127.018451071054,5.0,17160.0,중형,635.5555555555555,6.456071697072359,-0.5119910448938164,False,서울 성북구 지봉로23길 9,136.9146303223722,보문역,,0,814.8256272538686,1071.4022800372577,111.87350454731178,3.295836866004329,0,0,0,0,0,1,train
1997,24.05~26.05,신규,16,5,2024,5000,60.63,2,연립,'103-125,(103-125),80,,,11290,안암동5가, ,성북구,202405,2024-05-16,2024-05,월세,27,33㎡ 초과,안암동,서울특별시 성북구 안암동5가 103-125,37.5849276822978,127.030480316289,5.0,24200.0,대형,399.1423387761834,5.991820330749934,0.1967088737382226,False,서울 성북구 고려대로24가길 14-21,188.70404179226668,안암역,,0,69.81663518882324,69.81663518882324,950.760026363707,4.10478982008364,0,1,1,1,0,0,train
2019,24.05~25.12,신규,10,5,2024,1000,17.64,4,다세대,'1,(1-0),60,,,11290,안암동3가, ,성북구,202405,2024-05-10,2024-05,월세,5,20㎡ 이하,안암동,서울특별시 성북구 안암동3가 1,37.5848872840372,127.021657907378,5.0,15400.0,소형,873.015873015873,6.773098536836013,-0.5278362778320358,False,서울 성북구 고려대로8길 23,162.9308706233914,보문역,,0,524.8407681045904,781.8690399407386,186.4260778309082,2.870169050578645,0,0,1,0,1,0,train
2013,24.07~26.07,신규,11,5,2024,8000,12.15,3,다세대,'28,뉴스타안암,10,,,11290,안암동2가, ,성북구,202405,2024-05-11,2024-05,월세,11,20㎡ 이하,안암동,서울특별시 성북구 안암동2가 28,37.5872142206758,127.02148139002,5.0,10400.0,소형,855.9670781893004,6.753399502678218,-0.5964109241548816,False,서울 성북구 보문로26길 48,227.03527655410068,보문역,,0,690.9347463471147,858.20784474037,240.67128238702588,2.4973291697865574,0,0,1,0,1,0,train
2003,24.06~25.06,갱신,20,5,2024,28000,65.67,4,다세대,'42-28,금강빌라,0,28000.0,0.0,11290,보문동6가, ,성북구,202405,2024-05-20,2024-05,전세,21,33㎡ 초과,보문동,서울특별시 성북구 보문동6가 42-28,37.581812505226,127.018787626684,5.0,28000.0,대형,426.3742957210294,6.057660200040072,-0.2744393899975509,False,서울 성북구 보문로19길 41,428.2852041308733,보문역,28000.0,0,731.9535771769742,1068.4998029104208,424.72457061062624,4.184642200202881,1,0,0,0,0,0,train
2005,24.05~26.05,신규,18,5,2024,1000,72.52,2,다세대,'47,기원빌라,60,,,11290,안암동3가, ,성북구,202405,2024-05-18,2024-05,월세,19,33㎡ 초과,안암동,서울특별시 성북구 안암동3가 47,37.5847449790216,127.022346229739,5.0,15400.0,대형,212.3552123552124,5.362958440341963,-1.1485534029715012,False,서울 성북구 고려대로12길 32,224.6377446161844,보문역,,0,463.6152471243175,720.1867794485319,248.5261000462212,4.283862385886651,0,0,1,0,0,0,train
2022,24.06~26.06,신규,17,5,2024,28000,29.3,2,다세대,'134-11,탑스하우징,0,,,11290,보문동7가, ,성북구,202405,2024-05-17,2024-05,전세,2,20㎡ 초과~33㎡ 이하,보문동,서울특별시 성북구 보문동7가 134-11,37.5796315517269,127.021476041454,5.0,28000.0,중형,955.631399317406,6.863418154581022,0.6951638499647754,False,서울 성북구 보문로13나길 8-5,669.8658248177488,보문역,,0,600.896659962064,949.632077083748,677.1314730927518,3.3775875160230218,1,0,0,0,0,1,train
2014,24.06~26.06,신규,16,5,2024,5000,13.11,6,다세대,'75-10,(75-10),50,,,11290,보문동2가, ,성북구,202405,2024-05-16,2024-05,월세,10,20㎡ 이하,보문동,서울특별시 성북구 보문동2가 75-10,37.5851695046946,127.018287932064,5.0,17000.0,소형,1296.7200610221205,7.168364204529547,1.765563487079429,False,서울 성북구 지봉로 175-2,156.7330223806902,보문역,,0,811.6415388512596,1080.421392750233,133.449606038057,2.5733752977756086,0,0,0,0,1,0,train
2013,24.06~26.06,신규,11,5,2024,7000,12.15,4,다세대,'28,뉴스타안암,15,,,11290,안암동2가, ,성북구,202405,2024-05-11,2024-05,월세,11,20㎡ 이하,안암동,서울특별시 성북구 안암동2가 28,37.5872142206758,127.02148139002,5.0,10600.0,소형,872.4279835390946,6.772425680312751,-0.5301785702378005,False,서울 성북구 보문로26길 48,227.03527655410068,보문역,,0,690.9347463471147,858.20784474037,240.67128238702588,2.4973291697865574,0,0,1,0,1,0,train
2022,24.06~26.06,신규,11,5,2024,23800,28.08,3,다세대,'134-11,탑스하우징,35,,,11290,보문동7가, ,성북구,202405,2024-05-11,2024-05,월세,2,20㎡ 초과~33㎡ 이하,보문동,서울특별시 성북구 보문동7가 134-11,37.5796315517269,127.021476041454,5.0,32200.0,중형,1146.7236467236469,7.045535822049912,1.2348622557637852,False,서울 성북구 보문로13나길 8-5,669.8658248177488,보문역,,0,600.896659962064,949.632077083748,677.1314730927518,3.3350575791576103,0,0,0,0,0,1,train
2013,24.05~26.05,갱신,13,5,2024,18900,31.62,2,다세대,'199,태영빌,0,18000.0,0.0,11290,보문동5가, ,성북구,202405,2024-05-13,2024-05,전세,11,20㎡ 초과~33㎡ 이하,보문동,서울특별시 성북구 보문동5가 199,37.5816530339054,127.020389097902,5.0,18900.0,중형,597.7229601518027,6.394798987207326,-0.6935702639379663,False,서울 성북구 보문로17길 14,433.7324459743769,보문역,18000.0,0,596.3475761496918,938.3173047476604,438.4174188879834,3.453789831781326,1,0,0,0,0,1,train
2013,24.05~25.08,신규,13,5,2024,1000,15.55,3,다세대,'160-7,(160-7),51,,,11290,안암동2가, ,성북구,202405,2024-05-13,2024-05,월세,11,20㎡ 이하,안암동,서울특별시 성북구 안암동2가 160-7,37.5858701000363,127.02347615602,5.0,13240.0,소형,851.4469453376205,6.748110973012974,-0.6148209156527896,False,서울 성북구 고려대로14길 12,308.16468065874864,보문역,,0,461.4727494413145,643.0677789331864,332.7668932818033,2.744060638625243,0,0,1,0,1,0,train
2023,24.08~26.08,신규,11,5,2024,48000,54.95,12,다세대,'42,보문더루나,0,,,11290,보문동2가, ,성북구,202405,2024-05-11,2024-05,전세,1,33㎡ 초과,보문동,서울특별시 성북구 보문동2가 42,37.5868283986935,127.018379593917,5.0,48000.0,대형,873.5213830755232,6.7736767459327565,1.5842942823100192,False,서울 성북구 보문로 135,202.35027497898392,보문역,,0,881.8395904333689,1104.383046329785,183.96212592898652,4.006423680849631,1,0,0,0,0,0,train
2005,24.05~26.04,갱신,1,5,2024,2000,75.77,5,다세대,'116,(116-0),45,2000.0,40.0,11290,보문동2가, ,성북구,202405,2024-05-01,2024-05,월세,19,33㎡ 초과,보문동,서울특별시 성북구 보문동2가 116,37.584557564932,127.019326212469,5.0,12800.0,대형,168.93229510360302,5.1354000936256,-2.6685683025931937,False,서울 성북구 지봉로24길 11,124.64714045124067,보문역,11600.0,0,703.8733525238173,985.017348674884,116.74171430870986,4.327702435943282,0,0,0,0,0,0,train
2002,24.07~26.07,신규,26,6,2024,1000,26.04,2,다세대,'133-48,(133-48),45,,,11290,안암동3가, ,성북구,202406,2024-06-26,2024-06,월세,22,20㎡ 초과~33㎡ 이하,안암동,서울특별시 성북구 안암동3가 133-48,37.5839910570083,127.023585952075,5.0,11800.0,중형,453.1490015360984,6.1184253414124985,-1.5089165900219752,False,서울 성북구 보문로22길 58,359.69253213035967,보문역,,0,328.70180438659696,610.2153814031233,382.7287912100176,3.2596338173403683,0,0,1,0,0,1,train
2012,24.08~26.08,신규,29,6,2024,9000,12.14,3,다세대,'134-27,(134-27),0,,,11290,안암동5가, ,성북구,202406,2024-06-29,2024-06,전세,12,20㎡ 이하,안암동,서울특별시 성북구 안암동5가 134-27,37.5827951469634,127.028202358742,5.0,9000.0,소형,741.3509060955519,6.609822050642551,-1.0962208597290704,False,서울 성북구 안암로9가길 85,400.9752776271348,안암역,,0,105.95196955041544,262.6624413342047,808.2007971721492,2.4965057856313524,1,0,1,1,1,0,train
2012,24.08~26.08,신규,25,6,2024,9000,12.21,3,다세대,'134-27,(134-27),0,,,11290,안암동5가, ,성북구,202406,2024-06-25,2024-06,전세,12,20㎡ 이하,안암동,서울특별시 성북구 안암동5가 134-27,37.5827951469634,127.028202358742,5.0,9000.0,소형,737.1007371007371,6.604080315421677,-1.116208512874748,False,서울 성북구 안암로9가길 85,400.9752776271348,안암역,,0,105.95196955041544,262.6624413342047,808.2007971721492,2.502255288122613,1,0,1,1,1,0,train
2001,24.07~26.07,신규,20,6,2024,500,19.95,2,다세대,'75-4,대원빌,52,,,11290,보문동2가, ,성북구,202406,2024-06-20,2024-06,월세,23,20㎡ 이하,보문동,서울특별시 성북구 보문동2가 75-4,37.5852628821095,127.018063669098,5.0,12980.0,소형,650.6265664160401,6.479471646946559,-0.874678087683518,False,서울 성북구 지봉로23길 5-13,173.720121992488,보문역,,0,833.7099063707234,1101.0652645981693,149.64166135515558,2.9932291433358724,0,0,0,0,1,0,train
2011,24.06~25.06,신규,30,6,2024,1000,12.21,2,다세대,'149-2,그린빌,71,,,11290,안암동5가, ,성북구,202406,2024-06-30,2024-06,월세,13,20㎡ 이하,안암동,서울특별시 성북구 안암동5가 149-2,37.58838710205,127.028815534165,5.0,18040.0,소형,1477.4774774774774,7.298768105816664,1.3020810920643366,False,서울 성북구 개운사길 41-6,234.16346400024963,안암역,,0,478.0887089357085,478.0887089357085,860.8915850081194,2.502255288122613,0,0,1,1,1,0,train
2012,24.07~25.07,신규,25,6,2024,1000,18.54,4,다세대,'15-18,(15-18),61,,,11290,안암동5가, ,성북구,202406,2024-06-25,2024-06,월세,12,20㎡ 이하,안암동,서울특별시 성북구 안암동5가 15-18,37.5885766181077,127.029394971863,5.0,15640.0,소형,843.5814455231931,6.738841173898593,-0.6470901726458258,False,서울 성북구 개운사길 50,252.72475498357505,안암역,,0,485.4043348835692,485.4043348835692,916.1170435028008,2.919930560137709,0,0,1,1,1,0,train
2001,24.07~26.07,신규,29,6,2024,500,19.95,5,다세대,'75-4,대원빌,50,,,11290,보문동2가, ,성북구,202406,2024-06-29,2024-06,월세,23,20㎡ 이하,보문동,서울특별시 성북구 보문동2가 75-4,37.5852628821095,127.018063669098,5.0,12500.0,소형,626.5664160401003,6.441849507700019,-1.0188682593972953,False,서울 성북구 지봉로23길 5-13,173.720121992488,보문역,,0,833.7099063707234,1101.0652645981693,149.64166135515558,2.9932291433358724,0,0,0,0,1,0,train
2005,24.07~26.07,신규,27,6,2024,30000,66.87,2,다세대,'71-1,(71-1),0,,,11290,보문동7가, ,성북구,202406,2024-06-27,2024-06,전세,19,33㎡ 초과,보문동,서울특별시 성북구 보문동7가 71-1,37.5803034153131,127.021017390375,5.0,30000.0,대형,448.63167339614176,6.108428744043296,-0.1426474603638954,False,서울 성북구 보문로13가길 7-7,589.2822658505165,보문역,,0,595.8148899611094,946.426983032779,595.5810797367592,4.202750436065887,1,0,0,0,0,0,train
2013,24.07~25.07,신규,27,6,2024,1000,13.7,4,다세대,'110-6,E&I,59,,,11290,안암동5가, ,성북구,202406,2024-06-27,2024-06,월세,11,20㎡ 이하,안암동,서울특별시 성북구 안암동5가 110-6,37.5812859176473,127.026938112,5.0,15160.0,소형,1106.5693430656936,7.009923112208159,0.2965778211849346,False,서울 성북구 안암로 45,593.8686310018182,안암역,,0,168.44658047772734,459.1734550356916,793.9927513365587,2.617395832834079,0,0,1,1,1,0,train
2016,24.06~26.06,신규,5,6,2024,3000,49.73,3,다세대,'232-6,주함해븐빌,110,,,11290,보문동5가, ,성북구,202406,2024-06-05,2024-06,월세,8,33㎡ 초과,보문동,서울특별시 성북구 보문동5가 232-6,37.5809726510257,127.020634016301,5.0,29400.0,대형,591.1924391715263,6.383831648229565,0.5722810624457378,False,서울 성북구 보문로15길 18,511.0835304511359,보문역,,0,596.6364741843561,944.8351982841295,516.4094280786004,3.906608372726647,0,0,0,0,0,0,train
2013,24.07~26.07,신규,22,6,2024,8000,23.65,2,다세대,'3-15,해마루,35,,,11290,보문동1가, ,성북구,202406,2024-06-22,2024-06,월세,11,20㎡ 초과~33㎡ 이하,보문동,서울특별시 성북구 보문동1가 3-15,37.5880247363267,127.018952681536,5.0,16400.0,중형,693.446088794926,6.543114533256118,-0.2540430897201434,False,서울 성북구 보문로30길 12-11,291.21387759176537,보문역,,0,916.6989953998028,1098.5570071510106,282.2828484896454,3.1633631149379418,0,0,0,0,0,1,train
2022,24.08~26.08,갱신,8,6,2024,30000,29.3,6,다세대,'134-11,탑스하우징,0,30000.0,0.0,11290,보문동7가, ,성북구,202406,2024-06-08,2024-06,전세,2,20㎡ 초과~33㎡ 이하,보문동,서울특별시 성북구 보문동7가 134-11,37.5796315517269,127.021476041454,5.0,30000.0,중형,1023.8907849829352,6.932341334659362,0.8994149307514995,False,서울 성북구 보문로13나길 8-5,669.8658248177488,보문역,30000.0,0,600.896659962064,949.632077083748,677.1314730927518,3.3775875160230218,1,0,0,0,0,1,train
2017,24.08~26.08,신규,21,6,2024,1000,26.4,3,다세대,'5-4,(5-4),65,,,11290,안암동1가, ,성북구,202406,2024-06-21,2024-06,월세,7,20㎡ 초과~33㎡ 이하,안암동,서울특별시 성북구 안암동1가 5-4,37.5888786683193,127.019679116523,5.0,16600.0,중형,628.7878787878789,6.445383062352593,-0.6758959408677706,False,서울 성북구 고려대로7마길 9,372.15363711536713,보문역,,0,934.3420092081054,1080.8908992522204,369.036663346123,3.2733640101522705,0,0,1,0,0,1,train
2016,24.07~26.07,신규,12,6,2024,31000,54.86,5,다세대,'130-5,타임스카이뷰,0,,,11290,안암동3가, ,성북구,202406,2024-06-12,2024-06,전세,8,33㎡ 초과,안암동,서울특별시 성북구 안암동3가 130-5,37.5818786283616,127.023832770039,5.0,31000.0,대형,565.0747356908495,6.338726111343049,0.9388102275055848,False,서울 성북구 안암로9길 55,528.9247059467262,보문역,,0,297.30496053763864,646.2638574110889,546.7240860511288,4.004784485509457,1,0,1,0,0,0,train
2001,24.07~26.07,신규,23,6,2024,500,43.87,5,다세대,'75-4,대원빌,52,,,11290,보문동2가, ,성북구,202406,2024-06-23,2024-06,월세,23,33㎡ 초과,보문동,서울특별시 성북구 보문동2가 75-4,37.5852628821095,127.018063669098,5.0,12980.0,대형,295.874173695008,5.693308391441901,-1.2202736435387889,False,서울 성북구 지봉로23길 5-13,173.720121992488,보문역,,0,833.7099063707234,1101.0652645981693,149.64166135515558,3.7812307151781215,0,0,0,0,0,0,train
2022,24.07~26.07,신규,2,6,2024,28000,28.08,2,다세대,'134-11,탑스하우징,0,,,11290,보문동7가, ,성북구,202406,2024-06-02,2024-06,전세,2,20㎡ 초과~33㎡ 이하,보문동,서울특별시 성북구 보문동7가 134-11,37.5796315517269,127.021476041454,5.0,28000.0,중형,997.1509971509972,6.905904564617309,0.8210706226760177,False,서울 성북구 보문로13나길 8-5,669.8658248177488,보문역,,0,600.896659962064,949.632077083748,677.1314730927518,3.3350575791576103,1,0,0,0,0,1,train
2023,24.07~26.07,신규,26,6,2024,43000,46.28,12,다세대,'42,보문더루나,0,,,11290,보문동2가, ,성북구,202406,2024-06-26,2024-06,전세,1,33㎡ 초과,보문동,서울특별시 성북구 보문동2가 42,37.5868283986935,127.018379593917,5.0,43000.0,대형,929.1270527225583,6.835321192646917,1.744319367590035,False,서울 성북구 보문로 135,202.35027497898392,보문역,,0,881.8395904333689,1104.383046329785,183.96212592898652,3.834709902325476,1,0,0,0,0,0,train
2014,24.07~26.07,신규,22,6,2024,5000,15.57,3,다세대,'75-10,(75-10),50,,,11290,보문동2가, ,성북구,202406,2024-06-22,2024-06,월세,10,20㎡ 이하,보문동,서울특별시 성북구 보문동2가 75-10,37.5851695046946,127.018287932064,5.0,17000.0,소형,1091.8432883750802,6.996538100381063,1.107024766042768,False,서울 성북구 지봉로 175-2,156.7330223806902,보문역,,0,811.6415388512596,1080.421392750233,133.449606038057,2.745345985845907,0,0,0,0,1,0,train
2008,24.07~26.07,갱신,26,6,2024,5500,12.04,4,다세대,'171,승민아트빌,5,5000.0,0.0,11290,보문동5가, ,성북구,202406,2024-06-26,2024-06,월세,16,20㎡ 이하,보문동,서울특별시 성북구 보문동5가 171,37.5820315128318,127.020029181913,5.0,6700.0,소형,556.4784053156146,6.323423767724176,-1.4727453680473217,False,서울 성북구 지봉로24길 70-10,390.32121984232265,보문역,5000.0,0,620.1795847194261,956.5315442239414,393.2946483718082,2.488234439880675,0,0,0,0,1,0,train
2011,24.07~26.07,신규,18,6,2024,2000,12.68,4,다세대,'15-5,MAIBAUM안암,47,,,11290,안암동4가, ,성북구,202406,2024-06-18,2024-06,월세,13,20㎡ 이하,안암동,서울특별시 성북구 안암동4가 15-5,37.5814227391357,127.023313771075,5.0,13280.0,소형,1047.3186119873817,6.954942837748483,0.1051850429601518,False,서울 성북구 안암로5길 54-4,543.0061961951634,보문역,,0,359.12045905585205,709.4755434538754,558.5006427801934,2.54002594900908,0,0,1,0,1,0,train
1993,24.07~26.07,갱신,19,6,2024,18000,36.96,4,다세대,'119-2,일광빌라(1동),0,18000.0,0.0,11290,안암동2가, ,성북구,202406,2024-06-19,2024-06,전세,31,33㎡ 초과,안암동,서울특별시 성북구 안암동2가 119-2,37.5865718241046,127.024651038695,5.0,18000.0,대형,487.012987012987,6.190342018230566,0.6213867582625892,False,서울 성북구 고려대로7가길 66-1,404.84389544982827,안암역,18000.0,0,467.7014937623162,573.9663037459477,448.8292840255174,3.609836246773484,1,0,1,1,0,0,train
2003,24.08~26.08,신규,19,6,2024,17000,40.8,2,다세대,'76-1,복성로즈빌,0,,,11290,보문동6가, ,성북구,202406,2024-06-19,2024-06,전세,21,33㎡ 초과,보문동,서울특별시 성북구 보문동6가 76-1,37.5815767043558,127.019411483711,5.0,17000.0,대형,416.6666666666667,6.034683666227958,-0.3340850187396131,False,서울 성북구 지봉로20길 74-3,443.9628115803976,보문역,,0,682.3921700339046,1022.9541849936576,443.7557944225809,3.708682081410116,1,0,0,0,0,0,train
2013,24.06~25.06,갱신,14,6,2024,6300,33.56,4,다세대,'199,태영빌,35,6000.0,35.0,11290,보문동5가, ,성북구,202406,2024-06-14,2024-06,월세,11,33㎡ 초과,보문동,서울특별시 성북구 보문동5가 199,37.5816530339054,127.020389097902,5.0,14700.0,대형,438.0214541120381,6.084548282295717,-0.2046396288620947,False,서울 성북구 보문로17길 14,433.7324459743769,보문역,14400.0,0,596.3475761496918,938.3173047476604,438.4174188879834,3.5133348815990053,0,0,0,0,0,0,train
2013,24.06~25.06,갱신,14,6,2024,17850,36.22,3,다세대,'199,태영빌,0,17000.0,0.0,11290,보문동5가, ,성북구,202406,2024-06-14,2024-06,전세,11,33㎡ 초과,보문동,서울특별시 성북구 보문동5가 199,37.5816530339054,127.020389097902,5.0,17850.0,대형,492.8216454997239,6.202174410498214,0.1007103612845257,False,서울 성북구 보문로17길 14,433.7324459743769,보문역,17000.0,0,596.3475761496918,938.3173047476604,438.4174188879834,3.589611452455267,1,0,0,0,0,0,train
2013,24.08~26.08,갱신,14,6,2024,18900,31.62,3,다세대,'199,태영빌,0,18000.0,0.0,11290,보문동5가, ,성북구,202406,2024-06-14,2024-06,전세,11,20㎡ 초과~33㎡ 이하,보문동,서울특별시 성북구 보문동5가 199,37.5816530339054,127.020389097902,5.0,18900.0,중형,597.7229601518027,6.394798987207326,-0.6935702639379663,False,서울 성북구 보문로17길 14,433.7324459743769,보문역,18000.0,0,596.3475761496918,938.3173047476604,438.4174188879834,3.453789831781326,1,0,0,0,0,1,train
2012,24.07~26.06,신규,12,6,2024,9000,12.21,3,다세대,'134-27,(134-27),0,,,11290,안암동5가, ,성북구,202406,2024-06-12,2024-06,전세,12,20㎡ 이하,안암동,서울특별시 성북구 안암동5가 134-27,37.5827951469634,127.028202358742,5.0,9000.0,소형,737.1007371007371,6.604080315421677,-1.116208512874748,False,서울 성북구 안암로9가길 85,400.9752776271348,안암역,,0,105.95196955041544,262.6624413342047,808.2007971721492,2.502255288122613,1,0,1,1,1,0,train
2023,24.08~26.08,신규,8,6,2024,46800,54.95,11,다세대,'42,보문더루나,0,,,11290,보문동2가, ,성북구,202406,2024-06-08,2024-06,전세,1,33㎡ 초과,보문동,서울특별시 성북구 보문동2가 42,37.5868283986935,127.018379593917,5.0,46800.0,대형,851.683348498635,6.748388257585752,1.5186469658032025,False,서울 성북구 보문로 135,202.35027497898392,보문역,,0,881.8395904333689,1104.383046329785,183.96212592898652,4.006423680849631,1,0,0,0,0,0,train
2002,24.07~26.07,신규,6,6,2024,17500,46.4,4,다세대,'74-7,(74-7),15,,,11290,보문동2가, ,성북구,202406,2024-06-06,2024-06,월세,22,33㎡ 초과,보문동,서울특별시 성북구 보문동2가 74-7,37.5854413505225,127.017588306687,5.0,21100.0,대형,454.7413793103448,6.12192549798842,-0.1076107406560074,False,서울 성북구 지봉로21길 16,213.1103178560811,보문역,,0,879.8051521405645,1144.789788154712,188.29852850404424,3.8372994592322094,0,0,0,0,0,0,train
2011,24.06~25.06,신규,5,6,2024,2000,18.85,3,다세대,'9-16,탑하우스,45,,,11290,안암동5가, ,성북구,202406,2024-06-05,2024-06,월세,13,20㎡ 이하,안암동,서울특별시 성북구 안암동5가 9-16,37.5899871735891,127.03025955142,5.0,12800.0,소형,679.0450928381962,6.52215910896889,-1.4013858324245871,False,서울 성북구 개운사길 60-42,419.0407000820607,안암역,,0,632.7396627279808,632.7396627279808,1051.0808025539754,2.93651291389402,0,0,1,1,1,0,train
2002,24.07~26.07,신규,6,6,2024,20000,46.4,4,다세대,'74-7,(74-7),0,,,11290,보문동2가, ,성북구,202406,2024-06-06,2024-06,전세,22,33㎡ 초과,보문동,서울특별시 성북구 보문동2가 74-7,37.5854413505225,127.017588306687,5.0,20000.0,대형,431.0344827586207,6.068505406259079,-0.246285920502994,False,서울 성북구 지봉로21길 16,213.1103178560811,보문역,,0,879.8051521405645,1144.789788154712,188.29852850404424,3.8372994592322094,1,0,0,0,0,0,train
2004,24.07~26.07,갱신,23,7,2024,4000,46.14,2,다세대,'113,가람빌라,60,4000.0,60.0,11290,보문동4가, ,성북구,202407,2024-07-23,2024-07,월세,20,33㎡ 초과,보문동,서울특별시 성북구 보문동4가 113,37.5820250262245,127.022048231103,5.0,18400.0,대형,398.7863025574339,5.990930160742604,-0.4476663520113608,False,서울 성북구 안암로3길 75,430.54897657338313,보문역,18400.0,0,444.774636636993,786.5463319386985,443.3903007445799,3.831680252745608,0,0,0,0,0,0,train
2011,24.07~25.02,신규,9,7,2024,1000,12.68,2,다세대,'15-5,MAIBAUM안암,49,,,11290,안암동4가, ,성북구,202407,2024-07-09,2024-07,월세,13,20㎡ 이하,안암동,서울특별시 성북구 안암동4가 15-5,37.5814227391357,127.023313771075,5.0,12760.0,소형,1006.3091482649844,6.915037844874022,-0.0337289134786213,False,서울 성북구 안암로5길 54-4,543.0061961951634,보문역,,0,359.12045905585205,709.4755434538754,558.5006427801934,2.54002594900908,0,0,1,0,1,0,train
2022,24.08~25.08,신규,27,7,2024,2000,28.28,5,다세대,'149-1,TheGoldCity,165,,,11290,안암동5가, ,성북구,202407,2024-07-27,2024-07,월세,2,20㎡ 초과~33㎡ 이하,안암동,서울특별시 성북구 안암동5가 149-1,37.5885579379589,127.028783897453,5.0,41600.0,중형,1471.004243281471,7.29438018194871,1.487173124033091,False,서울 성북구 개운사2길 9,253.3616724327488,안암역,,0,497.0221536302352,497.0221536302352,865.4342293535547,3.342154841028372,0,0,1,1,0,1,train
2002,24.09~26.09,신규,14,7,2024,8000,65.73,1,다세대,'1-5,재성주택,36,,,11290,보문동2가, ,성북구,202407,2024-07-14,2024-07,월세,22,33㎡ 초과,보문동,서울특별시 성북구 보문동2가 1-5,37.587555071862,127.017641678685,5.0,16640.0,대형,253.1568537958314,5.537951611051748,-1.6235700206811,False,서울 성북구 지봉로23길 56,305.66584382578367,보문역,,0,979.5726361121102,1189.423025025264,287.66387327886355,4.185555442275485,0,0,0,0,0,0,train
1985,24.09~26.09,신규,12,7,2024,25000,113.27,1,연립,'54,(54-0),25,,,11290,안암동3가, ,성북구,202407,2024-07-12,2024-07,월세,39,33㎡ 초과,안암동,서울특별시 성북구 안암동3가 54,37.5851341746082,127.022522174076,5.0,31000.0,대형,273.6823519025337,5.615615346052115,-0.6080693803483914,False,서울 성북구 고려대로12길 19,226.51285652251823,보문역,,0,472.2868829694229,709.0725808377991,251.4151813533076,4.729774349212622,0,1,1,0,0,0,train
2018,24.08~26.01,신규,30,7,2024,1000,15.51,3,다세대,'153-1,밀로바니,70,,,11290,안암동2가, ,성북구,202407,2024-07-30,2024-07,월세,6,20㎡ 이하,안암동,서울특별시 성북구 안암동2가 153-1,37.5860392528644,127.022360316217,5.0,17800.0,소형,1147.6466795615731,7.046339728002772,0.4233483282253731,False,서울 성북구 고려대로 28,214.91379352192595,보문역,,0,544.8687416035631,742.8538092609206,238.67775790395103,2.7414849771884477,0,0,1,0,1,0,train
2022,24.08~26.08,갱신,16,7,2024,26000,29.3,4,다세대,'134-11,탑스하우징,0,30000.0,0.0,11290,보문동7가, ,성북구,202407,2024-07-16,2024-07,전세,2,20㎡ 초과~33㎡ 이하,보문동,서울특별시 성북구 보문동7가 134-11,37.5796315517269,127.021476041454,5.0,26000.0,중형,887.3720136518771,6.789390589556355,0.4757861290425576,False,서울 성북구 보문로13나길 8-5,669.8658248177488,보문역,30000.0,0,600.896659962064,949.632077083748,677.1314730927518,3.3775875160230218,1,0,0,0,0,1,train
2019,24.08~26.08,신규,5,7,2024,1000,19.62,2,다세대,'105-3,E.SVill,50,,,11290,안암동1가, ,성북구,202407,2024-07-05,2024-07,월세,5,20㎡ 이하,안암동,서울특별시 성북구 안암동1가 105-3,37.5879341880433,127.020558833338,5.0,13000.0,소형,662.5891946992864,6.497663275331532,-1.486658699845877,False,서울 성북구 고려대로7다길 5,270.4954149793068,보문역,,0,805.0197178822772,964.6844828426848,274.14946234955704,2.976549454137217,0,0,1,0,1,0,train
2012,24.08~25.08,신규,13,7,2024,1000,22.89,4,다세대,'15-17,(15-17),74,,,11290,안암동5가, ,성북구,202407,2024-07-13,2024-07,월세,12,20㎡ 초과~33㎡ 이하,안암동,서울특별시 성북구 안암동5가 15-17,37.588419662907,127.029404194445,5.0,18760.0,중형,819.571865443425,6.710001494072322,-0.0017029071766531,False,서울 성북구 개운사길 42-3,235.35245330358865,안암역,,0,468.151269508039,468.151269508039,910.6340734988736,3.130700133964476,0,0,1,1,0,1,train
1993,24.08~26.08,신규,26,7,2024,4000,41.13,2,다세대,'29-3,(29-3),55,,,11290,안암동4가, ,성북구,202407,2024-07-26,2024-07,월세,31,33㎡ 초과,안암동,서울특별시 성북구 안암동4가 29-3,37.5805495118194,127.025834715366,5.0,17200.0,대형,418.1862387551665,6.038315305070976,0.2961709908814748,False,서울 성북구 안암로 31-5,706.8330305921122,안암역,,0,270.4916743569961,585.5965443337467,775.0699554946127,3.716737782242333,0,0,1,1,0,0,train
2022,24.08~25.08,신규,30,7,2024,3000,27.42,4,다세대,'159-3,스텔라153,130,,,11290,보문동5가, ,성북구,202407,2024-07-30,2024-07,월세,2,20㎡ 초과~33㎡ 이하,보문동,서울특별시 성북구 보문동5가 159-3,37.5820065871023,127.020885522519,5.0,34200.0,중형,1247.2647702407,7.129509682069134,1.483715423120024,False,서울 성북구 보문로 75,400.6960170207058,보문역,,0,545.9792741658392,884.7621579628762,408.2510868591892,3.3112726741341683,0,0,0,0,0,1,train
2011,24.08~26.02,신규,16,7,2024,1000,12.0,4,다세대,'102-93,theban,60,,,11290,안암동5가, ,성북구,202407,2024-07-16,2024-07,월세,13,20㎡ 이하,안암동,서울특별시 성북구 안암동5가 102-93,37.585020856236,127.02900534872,5.0,15400.0,소형,1283.3333333333333,7.157995055958048,0.8120336091006579,False,서울 성북구 고려대로22길 25,144.46380952790796,안암역,,0,154.17784345135172,154.17784345135172,820.3812049019632,2.4849066497880004,0,0,1,1,1,0,train
2018,24.08~26.07,신규,2,7,2024,1000,14.67,5,다세대,'153-1,밀로바니,84,,,11290,안암동2가, ,성북구,202407,2024-07-02,2024-07,월세,6,20㎡ 이하,안암동,서울특별시 성북구 안암동2가 153-1,37.5860392528644,127.022360316217,5.0,21160.0,소형,1442.3994546693934,7.274756342828342,1.2184933312978716,False,서울 성북구 고려대로 28,214.91379352192595,보문역,,0,544.8687416035631,742.8538092609206,238.67775790395103,2.6858045921548905,0,0,1,0,1,0,train
2011,24.08~25.08,신규,12,7,2024,1000,12.21,2,다세대,'149-2,그린빌,71,,,11290,안암동5가, ,성북구,202407,2024-07-12,2024-07,월세,13,20㎡ 이하,안암동,서울특별시 성북구 안암동5가 149-2,37.58838710205,127.028815534165,5.0,18040.0,소형,1477.4774774774774,7.298768105816664,1.3020810920643366,False,서울 성북구 개운사길 41-6,234.16346400024963,안암역,,0,478.0887089357085,478.0887089357085,860.8915850081194,2.502255288122613,0,0,1,1,1,0,train
2022,24.08~26.07,신규,20,7,2024,6000,35.13,3,다세대,'159-3,스텔라153,120,,,11290,보문동5가, ,성북구,202407,2024-07-20,2024-07,월세,2,33㎡ 초과,보문동,서울특별시 성북구 보문동5가 159-3,37.5820065871023,127.020885522519,5.0,34800.0,대형,990.6063193851408,6.899326173058378,1.9104722490682795,False,서울 성북구 보문로 75,400.6960170207058,보문역,,0,545.9792741658392,884.7621579628762,408.2510868591892,3.559055466277736,0,0,0,0,0,0,train
2019,24.08~26.08,신규,10,7,2024,3000,12.12,3,다세대,'102-90,코윈,56,,,11290,안암동5가, ,성북구,202407,2024-07-10,2024-07,월세,5,20㎡ 이하,안암동,서울특별시 성북구 안암동5가 102-90,37.5846008086626,127.029023979843,5.0,16440.0,소형,1356.4356435643565,7.21335264262857,1.0047398553465048,False,서울 성북구 고려대로22길 35,190.66157151314,안암역,,0,134.2946021779898,134.2946021779898,826.7405875393961,2.494856980641168,0,0,1,1,1,0,train
2018,24.08~26.08,신규,16,7,2024,33000,47.67,2,다세대,'133-63,안암비스타,0,,,11290,안암동3가, ,성북구,202407,2024-07-16,2024-07,전세,6,33㎡ 초과,안암동,서울특별시 성북구 안암동3가 133-63,37.58357712697,127.023200547685,5.0,33000.0,대형,692.2592825676526,6.54140407433434,1.3723792226877691,False,서울 성북구 고려대로12길 61,356.48617009341774,보문역,,0,345.77379528117683,648.2131884849758,377.7242368635669,3.864302269216734,1,0,1,0,0,0,train
2022,24.08~26.08,신규,28,7,2024,24800,29.3,5,다세대,'134-11,탑스하우징,20,,,11290,보문동7가, ,성북구,202407,2024-07-28,2024-07,월세,2,20㎡ 초과~33㎡ 이하,보문동,서울특별시 성북구 보문동7가 134-11,37.5796315517269,127.021476041454,5.0,29600.0,중형,1010.2389078498292,6.918931499560831,0.8596754220849882,False,서울 성북구 보문로13나길 8-5,669.8658248177488,보문역,,0,600.896659962064,949.632077083748,677.1314730927518,3.3775875160230218,0,0,0,0,0,1,train
2013,24.07~25.07,신규,19,7,2024,1000,15.55,2,다세대,'160-7,(160-7),46,,,11290,안암동2가, ,성북구,202407,2024-07-19,2024-07,월세,11,20㎡ 이하,안암동,서울특별시 성북구 안암동2가 160-7,37.5858701000363,127.02347615602,5.0,12040.0,소형,774.2765273311896,6.653219775171589,-0.9451482951070388,False,서울 성북구 고려대로14길 12,308.16468065874864,보문역,,0,461.4727494413145,643.0677789331864,332.7668932818033,2.744060638625243,0,0,1,0,1,0,train
2005,24.08~26.08,신규,25,7,2024,17000,51.0,2,다세대,'47,기원빌라,50,,,11290,안암동3가, ,성북구,202407,2024-07-25,2024-07,월세,19,33㎡ 초과,안암동,서울특별시 성북구 안암동3가 47,37.5847449790216,127.022346229739,5.0,29000.0,대형,568.6274509803922,6.344982552371177,0.9521940153133336,False,서울 성북구 고려대로12길 32,224.6377446161844,보문역,,0,463.6152471243175,720.1867794485319,248.5261000462212,3.9318256327243257,0,0,1,0,0,0,train
2022,24.09~26.09,신규,18,7,2024,25000,22.94,6,다세대,'134-11,탑스하우징,0,,,11290,보문동7가, ,성북구,202407,2024-07-18,2024-07,전세,2,20㎡ 초과~33㎡ 이하,보문동,서울특별시 성북구 보문동7가 134-11,37.5796315517269,127.021476041454,5.0,25000.0,중형,1089.799476896251,6.994666171411593,1.0841120856423545,False,서울 성북구 보문로13나길 8-5,669.8658248177488,보문역,,0,600.896659962064,949.632077083748,677.1314730927518,3.1328821117012247,1,0,0,0,0,1,train
2008,24.09~26.09,신규,23,7,2024,9900,20.13,3,다세대,'171,승민아트빌,15,,,11290,보문동5가, ,성북구,202407,2024-07-23,2024-07,월세,16,20㎡ 초과~33㎡ 이하,보문동,서울특별시 성북구 보문동5가 171,37.5820315128318,127.020029181913,5.0,13500.0,중형,670.6408345752608,6.509723725283643,-0.3529954103903155,False,서울 성북구 지봉로24길 70-10,390.32121984232265,보문역,,0,620.1795847194261,956.5315442239414,393.2946483718082,3.0022112396517,0,0,0,0,0,1,train
2012,24.07~26.07,신규,8,7,2024,1000,15.11,3,다세대,'15-18,(15-18),47,,,11290,안암동5가, ,성북구,202407,2024-07-08,2024-07,월세,12,20㎡ 이하,안암동,서울특별시 성북구 안암동5가 15-18,37.5885766181077,127.029394971863,5.0,12280.0,소형,812.7068166776969,6.701600125051934,-0.7767306277511299,False,서울 성북구 개운사길 50,252.72475498357505,안암역,,0,485.4043348835692,485.4043348835692,916.1170435028008,2.715356776284648,0,0,1,1,1,0,train
2002,24.08~26.08,신규,10,7,2024,20000,49.4,2,다세대,'74-7,(74-7),0,,,11290,보문동2가, ,성북구,202407,2024-07-10,2024-07,전세,22,33㎡ 초과,보문동,서울특별시 성북구 보문동2가 74-7,37.5854413505225,127.017588306687,5.0,20000.0,대형,404.8582995951417,6.006004082906038,-0.4085354033487322,False,서울 성북구 지봉로21길 16,213.1103178560811,보문역,,0,879.8051521405645,1144.789788154712,188.29852850404424,3.899950424193877,1,0,0,0,0,0,train
2022,24.07~26.07,신규,5,7,2024,19200,21.07,6,다세대,'134-11,탑스하우징,25,,,11290,보문동7가, ,성북구,202407,2024-07-05,2024-07,월세,2,20㎡ 초과~33㎡ 이하,보문동,서울특별시 성북구 보문동7가 134-11,37.5796315517269,127.021476041454,5.0,25200.0,중형,1196.0132890365448,7.087584807448348,1.3594727380986658,False,서울 성북구 보문로13나길 8-5,669.8658248177488,보문역,,0,600.896659962064,949.632077083748,677.1314730927518,3.047850227816097,0,0,0,0,0,1,train
2015,24.08~26.08,신규,17,7,2024,2000,27.32,3,다세대,'6,동은빌,99,,,11290,안암동1가, ,성북구,202407,2024-07-17,2024-07,월세,9,20㎡ 초과~33㎡ 이하,안암동,서울특별시 성북구 안암동1가 6,37.5890312632611,127.019877185804,5.0,25760.0,중형,942.8989751098096,6.850019142526526,0.3550331016045464,False,서울 성북구 보문로30길 40-6,388.181701625532,보문역,,0,934.8834971736508,1073.7372462605574,386.2352745429992,3.307619034702589,0,0,1,0,0,1,train
2002,24.07~26.07,신규,1,7,2024,2000,31.115,3,다세대,'74-5,승화빌,75,,,11290,보문동2가, ,성북구,202407,2024-07-01,2024-07,월세,22,20㎡ 초과~33㎡ 이하,보문동,서울특별시 성북구 보문동2가 74-5,37.5855547382236,127.017903081971,5.0,20000.0,중형,642.7767957576732,6.46735207558961,-0.4785620954284384,False,서울 성북구 지봉로23길 13-11,185.0868867414957,보문역,,0,858.1280943493584,1118.7296200670005,160.10005084563207,3.4376900180211813,0,0,0,0,0,1,train
1997,24.08~26.08,신규,3,7,2024,6000,41.4,1,다세대,'134-1,장백주택,40,,,11290,안암동3가, ,성북구,202407,2024-07-03,2024-07,월세,27,33㎡ 초과,안암동,서울특별시 성북구 안암동3가 134-1,37.5831600751501,127.024011605849,5.0,15600.0,대형,376.81159420289856,5.934395643328385,0.0738658983276104,False,서울 성북구 보문로18길 54-1,441.4396196446324,보문역,,0,266.359959733537,585.6253038941029,462.8411154996926,3.7232808808312687,0,0,1,0,0,0,train
2002,24.08~26.08,갱신,6,7,2024,27600,48.99,2,다세대,'118-1,자은빌라(A),0,26500.0,0.0,11290,안암동2가,사용,성북구,202407,2024-07-06,2024-07,전세,22,33㎡ 초과,안암동,서울특별시 성북구 안암동2가 118-1,37.5865143550758,127.025011286976,5.0,27600.0,대형,563.3802816901408,6.3357282826039,0.9323972678775224,False,서울 성북구 고려대로7가길 74,372.7428329486695,안암역,26500.0,0,448.6558705880527,542.7126637868288,478.1666010673799,3.8916161956504833,1,0,1,1,0,0,train
2012,24.07~25.07,갱신,9,7,2024,1000,14.13,3,다세대,'12-24,(12-24),63,1000.0,60.0,11290,안암동5가, ,성북구,202407,2024-07-09,2024-07,월세,12,20㎡ 이하,안암동,서울특별시 성북구 안암동5가 12-24,37.5890048138564,127.029936464902,5.0,16120.0,소형,1140.835102618542,7.0403919862863065,0.4026435423277917,False,서울 성북구 고려대로27길 52-7,306.26710788830525,안암역,15400.0,0,525.5027062656495,525.5027062656495,978.315946177262,2.6483001966964363,0,0,1,1,1,0,train
2012,24.07~26.07,갱신,1,7,2024,9000,17.06,4,다세대,'251,더에덴하우스,2,9000.0,0.0,11290,안암동1가, ,성북구,202407,2024-07-01,2024-07,월세,12,20㎡ 이하,안암동,서울특별시 성북구 안암동1가 251,37.587470114433,127.02141636101,5.0,9480.0,소형,555.6858147713951,6.322001013944026,-2.098159616613054,False,서울 성북구 보문로26길 49,247.94887045818595,보문역,9000.0,0,715.3587141964363,874.5907531004768,259.71937808765875,2.836736542063533,0,0,1,0,1,0,train
2011,24.07~25.03,갱신,9,7,2024,1000,12.68,2,다세대,'15-5,MAIBAUM안암,49,1000.0,49.0,11290,안암동4가, ,성북구,202407,2024-07-09,2024-07,월세,13,20㎡ 이하,안암동,서울특별시 성북구 안암동4가 15-5,37.5814227391357,127.023313771075,5.0,12760.0,소형,1006.3091482649844,6.915037844874022,-0.0337289134786213,False,서울 성북구 안암로5길 54-4,543.0061961951634,보문역,12760.0,0,359.12045905585205,709.4755434538754,558.5006427801934,2.54002594900908,0,0,1,0,1,0,train
2008,24.07~26.07,신규,4,7,2024,6500,13.16,3,다세대,'171,승민아트빌,0,,,11290,보문동5가, ,성북구,202407,2024-07-04,2024-07,전세,16,20㎡ 이하,보문동,서울특별시 성북구 보문동5가 171,37.5820315128318,127.020029181913,5.0,6500.0,소형,493.9209726443769,6.204398098599596,-1.928921758149832,False,서울 성북구 지봉로24길 70-10,390.32121984232265,보문역,,0,620.1795847194261,956.5315442239414,393.2946483718082,2.5771819258971718,1,0,0,0,1,0,train
2018,24.07~26.07,신규,1,7,2024,30700,43.93,2,다세대,'133-63,안암비스타,0,,,11290,안암동3가, ,성북구,202407,2024-07-01,2024-07,전세,6,33㎡ 초과,안암동,서울특별시 성북구 안암동3가 133-63,37.58357712697,127.023200547685,5.0,30700.0,대형,698.8390621443206,6.550850397387369,1.392586810793656,False,서울 성북구 고려대로12길 61,356.48617009341774,보문역,,0,345.77379528117683,648.2131884849758,377.7242368635669,3.782597457987688,1,0,1,0,0,0,train
2016,24.07~26.07,신규,1,7,2024,3000,18.16,5,다세대,'79-4,더리치빌,48,,,11290,보문동4가, ,성북구,202407,2024-07-01,2024-07,월세,8,20㎡ 이하,보문동,서울특별시 성북구 보문동4가 79-4,37.5823285816602,127.021501723257,5.0,14520.0,소형,799.5594713656387,6.685310822451263,-0.0857812664009364,False,서울 성북구 고려대로2길 76,380.8928772607329,보문역,,0,487.3313359325827,822.6573866301491,392.1202727493698,2.8992213731731478,0,0,0,0,1,0,train
2016,24.08~26.08,갱신,2,8,2024,29480,49.73,5,다세대,'232-6,주함해븐빌,0,30000.0,0.0,11290,보문동5가, ,성북구,202408,2024-08-02,2024-08,전세,8,33㎡ 초과,보문동,서울특별시 성북구 보문동5가 232-6,37.5809726510257,127.020634016301,4.9,29480.0,대형,592.8011260808365,6.386544458725363,0.5793233469349086,False,서울 성북구 보문로15길 18,511.0835304511359,보문역,30000.0,0,596.6364741843561,944.8351982841295,516.4094280786004,3.906608372726647,1,0,0,0,0,0,train
2021,24.10~26.09,갱신,9,8,2024,3619,55.76,3,다세대,'3-1,송학누리안,74,2464.0,73.0,11290,보문동1가, ,성북구,202408,2024-08-09,2024-08,월세,3,33㎡ 초과,보문동,서울특별시 성북구 보문동1가 3-1,37.5880944309572,127.018651979532,4.9,21741.448979591834,대형,389.9112083857933,5.968480445669479,-0.5059443926229845,False,서울 성북구 고려대로1길 58,307.820967980453,보문역,20341.55102040816,0,942.168011468278,1126.022922909528,297.113531364612,4.0210567664522685,0,0,0,0,0,0,train
2002,24.08~25.08,갱신,31,8,2024,6000,41.4,4,다세대,'74-8,대원빌2,50,9000.0,36.0,11290,보문동2가, ,성북구,202408,2024-08-31,2024-08,월세,22,33㎡ 초과,보문동,서울특별시 성북구 보문동2가 74-8,37.5853213287708,127.017651794066,4.9,18244.897959183672,대형,440.6980183377699,6.090626432148609,-0.1888611362257053,False,서울 성북구 지봉로21길 10,208.66767556109943,보문역,17816.326530612245,0,870.143089712503,1137.8216141985497,184.1639157483819,3.7232808808312687,0,0,0,0,0,0,train
2016,24.08~25.08,신규,17,8,2024,1000,17.91,6,다세대,'134-18,구겸빌딩,57,,,11290,안암동5가, ,성북구,202408,2024-08-17,2024-08,월세,8,20㎡ 이하,안암동,서울특별시 성북구 안암동5가 134-18,37.5821226988368,127.028355509673,4.9,14959.183673469388,소형,835.2419694846112,6.728918008388391,-0.6816338746270691,False,서울 성북구 안암로 61-1,471.7061588626256,안암역,,0,141.207167454645,307.1223076007429,851.5378236064181,2.8853592160726205,0,0,1,1,1,0,train
2005,24.09~26.09,신규,25,8,2024,2000,75.77,4,다세대,'116,(116-0),50,,,11290,보문동2가, ,성북구,202408,2024-08-25,2024-08,월세,19,33㎡ 초과,보문동,서울특별시 성북구 보문동2가 116,37.584557564932,127.019326212469,4.9,14244.897959183672,대형,188.00182076261945,5.241756648677892,-2.392473411657589,False,서울 성북구 지봉로24길 11,124.64714045124067,보문역,,0,703.8733525238173,985.017348674884,116.74171430870986,4.327702435943282,0,0,0,0,0,0,train
2013,24.10~26.09,신규,31,8,2024,1000,17.32,5,다세대,'132,그린빌,42,,,11290,안암동2가, ,성북구,202408,2024-08-31,2024-08,월세,11,20㎡ 이하,안암동,서울특별시 성북구 안암동2가 132,37.5866939630274,127.023043911887,4.9,11285.714285714284,소형,651.6001319696469,6.480964586380541,-1.544788792910177,False,서울 성북구 고려대로7가길 38,296.9666022587233,보문역,,0,555.8771787619684,708.8780628975502,318.87528882000805,2.851861903134289,0,0,1,0,1,0,train
2022,24.08~25.09,신규,28,8,2024,1000,28.28,3,다세대,'149-1,TheGoldCity,165,,,11290,안암동5가, ,성북구,202408,2024-08-28,2024-08,월세,2,20㎡ 초과~33㎡ 이하,안암동,서울특별시 성북구 안암동5가 149-1,37.5885579379589,127.028783897453,4.9,41408.16326530613,중형,1464.2207660999336,7.289761203681603,1.4754049227395676,False,서울 성북구 개운사2길 9,253.3616724327488,안암역,,0,497.0221536302352,497.0221536302352,865.4342293535547,3.342154841028372,0,0,1,1,0,1,train
2012,24.09~26.02,신규,17,8,2024,2000,12.0,4,다세대,'15-55,큰소나무,66,,,11290,안암동5가, ,성북구,202408,2024-08-17,2024-08,월세,12,20㎡ 이하,안암동,서울특별시 성북구 안암동5가 15-55,37.5876435799279,127.029636220866,4.9,18163.26530612245,소형,1513.6054421768706,7.322910249817906,1.3861227244153984,False,서울 성북구 고려대로27길 27,152.75493553055347,안암역,,0,379.4999345617588,379.4999345617588,903.9568111992396,2.4849066497880004,0,0,1,1,1,0,train
2018,24.08~27.02,신규,20,8,2024,3700,15.84,6,다세대,'114-1,(114-1),47,,,11290,보문동2가, ,성북구,202408,2024-08-20,2024-08,월세,6,20㎡ 이하,보문동,서울특별시 성북구 보문동2가 114-1,37.5846755232308,127.019214157549,4.9,15210.204081632652,소형,960.240156668728,6.86822428063086,0.6152507182728962,False,서울 성북구 지봉로24길 9-1,118.8038179392723,보문역,,0,717.0682193311576,995.3503098289827,107.9784038078537,2.76253838638628,0,0,0,0,1,0,train
2022,24.09~26.09,신규,9,8,2024,28000,25.94,5,다세대,'134-11,탑스하우징,0,,,11290,보문동7가, ,성북구,202408,2024-08-09,2024-08,전세,2,20㎡ 초과~33㎡ 이하,보문동,서울특별시 성북구 보문동7가 134-11,37.5796315517269,127.021476041454,4.9,28000.0,중형,1079.4140323824208,6.985099609970381,1.055761964368797,False,서울 성북구 보문로13나길 8-5,669.8658248177488,보문역,,0,600.896659962064,949.632077083748,677.1314730927518,3.255786178888298,1,0,0,0,0,1,train
2017,24.09~26.09,신규,7,8,2024,2000,18.56,3,다세대,'5-4,(5-4),60,,,11290,안암동1가, ,성북구,202408,2024-08-07,2024-08,월세,7,20㎡ 이하,안암동,서울특별시 성북구 안암동1가 5-4,37.5888786683193,127.019679116523,4.9,16693.877551020407,소형,899.4546094299789,6.80289975738221,-0.4240947368724784,False,서울 성북구 고려대로7마길 9,372.15363711536713,보문역,,0,934.3420092081054,1080.8908992522204,369.036663346123,2.9210087273580543,0,0,1,0,1,0,train
2011,24.08~26.08,신규,26,8,2024,3000,23.62,3,다세대,'15-5,MAIBAUM안암,52,,,11290,안암동4가, ,성북구,202408,2024-08-26,2024-08,월세,13,20㎡ 초과~33㎡ 이하,안암동,서울특별시 성북구 안암동4가 15-5,37.5814227391357,127.023313771075,4.9,15734.69387755102,중형,666.159774663464,6.50302955945405,-0.5290245891258735,False,서울 성북구 안암로5길 54-4,543.0061961951634,보문역,,0,359.12045905585205,709.4755434538754,558.5006427801934,3.1620938107692163,0,0,1,0,0,1,train
2001,24.09~26.09,신규,20,8,2024,2500,48.84,3,연립,'87-1,성종그린빌,63,,,11290,안암동1가, ,성북구,202408,2024-08-20,2024-08,월세,23,33㎡ 초과,안암동,서울특별시 성북구 안암동1가 87-1,37.5885002460396,127.020243888353,4.9,17928.571428571428,대형,367.08786708786704,5.908321678928596,0.018088435507352,False,서울 성북구 고려대로7길 56-10,329.65675434854785,보문역,,0,869.5720219062839,1017.2665265417684,330.18323887487173,3.888549649242504,0,1,1,0,0,0,train
1990,24.08~26.08,갱신,11,8,2024,47000,126.75,1,연립,'129-2,"성북퍼시픽하우스(A,B동)",0,50000.0,0.0,11290,안암동5가,사용,성북구,202408,2024-08-11,2024-08,전세,34,33㎡ 초과,안암동,서울특별시 성북구 안암동5가 129-2,37.5815222010026,127.026749811011,4.9,47000.0,대형,370.8086785009862,5.918379416868037,0.0396039632334546,False,서울 성북구 안암로9가길 45,575.3407304910654,안암역,50000.0,0,143.78502142008372,452.33879129201495,765.0542779926056,4.842216642471293,1,1,1,1,0,0,train
2013,24.08~25.08,신규,10,8,2024,3000,19.34,5,다세대,'102-67,영산빌딩,60,,,11290,안암동5가, ,성북구,202408,2024-08-10,2024-08,월세,11,20㎡ 이하,안암동,서울특별시 성북구 안암동5가 102-67,37.5854959551678,127.028983795046,4.9,17693.877551020407,소형,914.88508536817,6.819890904149451,-0.3649465638783186,False,서울 성북구 고려대로22길 15,92.87285163320595,안암역,,0,188.5058222135,188.5058222135,816.3170578685795,2.962175490025148,0,0,1,1,1,0,train
2005,24.10~26.10,신규,22,8,2024,6000,75.77,5,다세대,'116,(116-0),70,,,11290,보문동2가, ,성북구,202408,2024-08-22,2024-08,월세,19,33㎡ 초과,보문동,서울특별시 성북구 보문동2가 116,37.584557564932,127.019326212469,4.9,23142.85714285714,대형,305.435622843568,5.725007693652752,-1.13798425966079,False,서울 성북구 지봉로24길 11,124.64714045124067,보문역,,0,703.8733525238173,985.017348674884,116.74171430870986,4.327702435943282,0,0,0,0,0,0,train
2023,24.09~26.09,신규,17,8,2024,50000,53.39,12,다세대,'42,보문더루나,0,,,11290,보문동2가, ,성북구,202408,2024-08-17,2024-08,전세,1,33㎡ 초과,보문동,서울특별시 성북구 보문동2가 42,37.5868283986935,127.018379593917,4.9,50000.0,대형,936.5049634763064,6.843222052205277,1.7648294993538045,False,서울 성북구 보문로 135,202.35027497898392,보문역,,0,881.8395904333689,1104.383046329785,183.96212592898652,3.977623462512095,1,0,0,0,0,0,train
2005,24.10~26.10,신규,20,8,2024,5000,38.08,6,다세대,'116,(116-0),50,,,11290,보문동2가, ,성북구,202408,2024-08-20,2024-08,월세,19,33㎡ 초과,보문동,서울특별시 성북구 보문동2가 116,37.584557564932,127.019326212469,4.9,17244.897959183672,대형,452.8597153146973,6.117788153187715,-0.11835102611328,False,서울 성북구 지봉로24길 11,124.64714045124067,보문역,,0,703.8733525238173,985.017348674884,116.74171430870986,3.639689209923165,0,0,0,0,0,0,train
2012,24.08~25.08,신규,14,8,2024,1000,14.13,4,다세대,'12-166,(12-166),75,,,11290,안암동5가, ,성북구,202408,2024-08-14,2024-08,월세,12,20㎡ 이하,안암동,서울특별시 성북구 안암동5가 12-166,37.5889507168904,127.030083634518,4.9,19367.34693877551,소형,1370.6544188800783,7.223772895275671,1.041013975902149,False,서울 성북구 고려대로27길 52-9,303.318452126118,안암역,,0,518.4358833960425,518.4358833960425,987.9503941364452,2.6483001966964363,0,0,1,1,1,0,train
2012,24.08~25.08,신규,5,8,2024,1000,18.99,3,다세대,'15-17,(15-17),71,,,11290,안암동5가, ,성북구,202408,2024-08-05,2024-08,월세,12,20㎡ 이하,안암동,서울특별시 성북구 안암동5가 15-17,37.588419662907,127.029404194445,4.9,18387.755102040817,소형,968.2862086382738,6.876559933230905,-0.1676750329194238,False,서울 성북구 개운사길 42-3,235.35245330358865,안암역,,0,468.151269508039,468.151269508039,910.6340734988736,2.9439125248241944,0,0,1,1,1,0,train
2015,24.09~26.09,신규,14,8,2024,2000,21.8,3,다세대,'64-11,금산빌딩,74,,,11290,보문동2가, ,성북구,202408,2024-08-14,2024-08,월세,9,20㎡ 초과~33㎡ 이하,보문동,서울특별시 성북구 보문동2가 64-11,37.5858252054743,127.017372714174,4.9,20122.448979591834,중형,923.0481183299006,6.828764146400381,0.5924680861238918,False,서울 성북구 보문로25길 25,233.94823352532688,보문역,,0,912.5890679211318,1169.094104682548,208.9240129948573,3.0819099697950434,0,0,0,0,0,1,train
2023,24.10~26.10,신규,8,8,2024,45000,46.28,11,다세대,'42,보문더루나,0,,,11290,보문동2가, ,성북구,202408,2024-08-08,2024-08,전세,1,33㎡ 초과,보문동,서울특별시 성북구 보문동2가 42,37.5868283986935,127.018379593917,4.9,45000.0,대형,972.342264477096,6.880735782384753,1.8622127705343885,False,서울 성북구 보문로 135,202.35027497898392,보문역,,0,881.8395904333689,1104.383046329785,183.96212592898652,3.834709902325476,1,0,0,0,0,0,train
2002,24.09~26.09,갱신,25,9,2024,6000,46.99,3,다세대,'74-8,대원빌2,55,9000.0,36.0,11290,보문동2가, ,성북구,202409,2024-09-25,2024-09,월세,22,33㎡ 초과,보문동,서울특별시 성북구 보문동2가 74-8,37.5853213287708,127.017651794066,4.9,19469.38775510204,대형,414.33044807622986,6.0290744638082,-0.3486461534957868,False,서울 성북구 지봉로21길 10,208.66767556109943,보문역,17816.326530612245,0,870.143089712503,1137.8216141985497,184.1639157483819,3.849934813114724,0,0,0,0,0,0,train
2002,24.10~26.10,신규,29,9,2024,1000,31.115,2,다세대,'74-5,승화빌,80,,,11290,보문동2가, ,성북구,202409,2024-09-29,2024-09,월세,22,20㎡ 초과~33㎡ 이하,보문동,서울특별시 성북구 보문동2가 74-5,37.5855547382236,127.017903081971,4.9,20591.83673469388,중형,661.7977417545839,6.496469878417129,-0.3922726541853689,False,서울 성북구 지봉로23길 13-11,185.0868867414957,보문역,,0,858.1280943493584,1118.7296200670005,160.10005084563207,3.4376900180211813,0,0,0,0,0,1,train
2004,24.10~26.10,신규,26,9,2024,1000,44.12,4,다세대,'113,가람빌라,90,,,11290,보문동4가, ,성북구,202409,2024-09-26,2024-09,월세,20,33㎡ 초과,보문동,서울특별시 성북구 보문동4가 113,37.5820250262245,127.022048231103,4.9,23040.81632653061,대형,522.2306510999686,6.260022382333687,0.2508800378682395,False,서울 성북구 안암로3길 75,430.54897657338313,보문역,,0,444.774636636993,786.5463319386985,443.3903007445799,3.786913194385302,0,0,0,0,0,0,train
2001,24.10~26.10,신규,21,9,2024,1000,40.0,5,다세대,'26,(26-0),60,,,11290,보문동2가, ,성북구,202409,2024-09-21,2024-09,월세,23,33㎡ 초과,보문동,서울특별시 성북구 보문동2가 26,37.5869391329795,127.017776492773,4.9,15693.877551020409,대형,392.3469387755102,5.974692018300607,-0.4898195428919396,False,서울 성북구 지봉로23길 41,250.306015024002,보문역,,0,934.0139717288376,1158.9097609435082,229.8787171893178,3.688879454113936,0,0,0,0,0,0,train
2002,24.10~26.10,신규,11,9,2024,4000,56.02,3,다세대,'154-1,광성빌라,90,,,11290,보문동6가, ,성북구,202409,2024-09-11,2024-09,월세,22,33㎡ 초과,보문동,서울특별시 성북구 보문동6가 154-1,37.5796385717577,127.01944109438,4.9,26040.81632653061,대형,464.8485599166478,6.143860602588979,-0.050668596287241,False,서울 성북구 보문로13길 49,658.2658910530525,보문역,,0,753.1679035250523,1103.7811736379165,658.891303890405,4.0257087698319625,0,0,0,0,0,0,train
2001,24.12~26.12,신규,29,9,2024,20000,119.32,4,다세대,'74-13,인성빌라,0,,,11290,보문동2가, ,성북구,202409,2024-09-29,2024-09,전세,23,33㎡ 초과,보문동,서울특별시 성북구 보문동2가 74-13,37.5855932163398,127.018451071054,4.9,20000.0,대형,167.61649346295675,5.1276268667792895,-2.688747107907965,False,서울 성북구 지봉로23길 9,136.9146303223722,보문역,,0,814.8256272538686,1071.4022800372577,111.87350454731178,4.781808959646548,1,0,0,0,0,0,train
2022,24.11~26.11,갱신,27,9,2024,28000,26.55,6,다세대,'134-11,탑스하우징,0,28000.0,0.0,11290,보문동7가, ,성북구,202409,2024-09-27,2024-09,전세,2,20㎡ 초과~33㎡ 이하,보문동,서울특별시 성북구 보문동7가 134-11,37.5796315517269,127.021476041454,4.9,28000.0,중형,1054.6139359698682,6.961877806483923,0.9869450807813752,False,서울 성북구 보문로13나길 8-5,669.8658248177488,보문역,28000.0,0,600.896659962064,949.632077083748,677.1314730927518,3.279029747687948,1,0,0,0,0,1,train
2001,24.10~26.10,신규,11,9,2024,3000,48.84,4,연립,'87-1,성종그린빌,64,,,11290,안암동1가, ,성북구,202409,2024-09-11,2024-09,월세,23,33㎡ 초과,안암동,서울특별시 성북구 안암동1가 87-1,37.5885002460396,127.020243888353,4.9,18673.469387755104,대형,382.33966805395374,5.948921457910784,0.1049395421502709,False,서울 성북구 고려대로7길 56-10,329.65675434854785,보문역,,0,869.5720219062839,1017.2665265417684,330.18323887487173,3.888549649242504,0,1,1,0,0,0,train
2012,24.12~25.12,갱신,21,9,2024,9000,13.92,3,다세대,'134-4,(134-4),8,10300.0,0.0,11290,보문동7가, ,성북구,202409,2024-09-21,2024-09,월세,12,20㎡ 이하,보문동,서울특별시 성북구 보문동7가 134-4,37.5791821520309,127.021879050593,4.9,10959.183673469388,소형,787.2976776917664,6.6698757820914185,-0.1449374219111461,False,서울 성북구 보문로13나길 22,726.2055075485071,보문역,10300.0,0,604.5437846170768,949.191256896952,734.2609546483098,2.633326654906273,0,0,0,0,1,0,train
2022,24.10~26.10,신규,10,9,2024,5000,27.42,5,다세대,'159-3,스텔라153,120,,,11290,보문동5가, ,성북구,202409,2024-09-10,2024-09,월세,2,20㎡ 초과~33㎡ 이하,보문동,서울특별시 성북구 보문동5가 159-3,37.5820065871023,127.020885522519,4.9,34387.755102040814,중형,1254.112148141532,7.134980208642372,1.4999271092869448,False,서울 성북구 보문로 75,400.6960170207058,보문역,,0,545.9792741658392,884.7621579628762,408.2510868591892,3.3112726741341683,0,0,0,0,0,1,train
2011,24.09~25.12,신규,7,9,2024,2000,14.11,4,다세대,'9-16,탑하우스,42,,,11290,안암동5가, ,성북구,202409,2024-09-07,2024-09,월세,13,20㎡ 이하,안암동,서울특별시 성북구 안암동5가 9-16,37.5899871735891,127.03025955142,4.9,12285.714285714284,소형,870.7097296750024,6.770456489679459,-0.5370335535907196,False,서울 성북구 개운사길 60-42,419.0407000820607,안암역,,0,632.7396627279808,632.7396627279808,1051.0808025539754,2.646883765864722,0,0,1,1,1,0,train
2011,24.12~25.12,갱신,30,10,2024,12000,17.85,4,다세대,'15-5,MAIBAUM안암,0,12000.0,0.0,11290,안암동4가, ,성북구,202410,2024-10-30,2024-10,전세,13,20㎡ 이하,안암동,서울특별시 성북구 안암동4가 15-5,37.5814227391357,127.023313771075,4.9,12000.0,소형,672.2689075630252,6.512144815312251,-1.436246762162375,False,서울 성북구 안암로5길 54-4,543.0061961951634,보문역,12000.0,0,359.12045905585205,709.4755434538754,558.5006427801934,2.8820035082256483,1,0,1,0,1,0,train
2012,24.12~26.12,신규,22,10,2024,9000,12.06,4,다세대,'134-27,(134-27),0,,,11290,안암동5가, ,성북구,202410,2024-10-22,2024-10,전세,12,20㎡ 이하,안암동,서울특별시 성북구 안암동5가 134-27,37.5827951469634,127.028202358742,4.9,9000.0,소형,746.2686567164179,6.616424768020547,-1.0732360268007703,False,서울 성북구 안암로9가길 85,400.9752776271348,안암역,,0,105.95196955041544,262.6624413342047,808.2007971721492,2.4898941912990398,1,0,1,1,1,0,train
2011,25.01~27.01,갱신,30,10,2024,2000,12.68,2,다세대,'15-5,MAIBAUM안암,39,0.0,45.0,11290,안암동4가, ,성북구,202410,2024-10-30,2024-10,월세,13,20㎡ 이하,안암동,서울특별시 성북구 안암동4가 15-5,37.5814227391357,127.023313771075,4.9,11551.020408163266,소형,910.9637545870085,6.815600246507163,-0.3798828459292794,False,서울 성북구 안암로5길 54-4,543.0061961951634,보문역,11020.408163265303,0,359.12045905585205,709.4755434538754,558.5006427801934,2.54002594900908,0,0,1,0,1,0,train
2016,24.11~26.11,신규,28,10,2024,3000,29.56,4,다세대,'79-4,더리치빌,91,,,11290,보문동4가, ,성북구,202410,2024-10-28,2024-10,월세,8,20㎡ 초과~33㎡ 이하,보문동,서울특별시 성북구 보문동4가 79-4,37.5823285816602,127.021501723257,4.9,25285.714285714286,중형,855.4030543205104,6.752741123174033,0.3671769048260091,False,서울 성북구 고려대로2길 76,380.8928772607329,보문역,,0,487.3313359325827,822.6573866301491,392.1202727493698,3.386422096080001,0,0,0,0,0,1,train
2011,24.11~26.11,신규,19,10,2024,1000,19.92,2,다세대,'2-2,(2-2),57,,,11290,보문동2가, ,성북구,202410,2024-10-19,2024-10,월세,13,20㎡ 이하,보문동,서울특별시 성북구 보문동2가 2-2,37.5872920463973,127.017812694376,4.9,14959.183673469388,소형,750.9630358167362,6.622687168242697,-0.3257919525159715,False,서울 성북구 지봉로23길 50,274.1288529809032,보문역,,0,951.2446356577402,1166.4026777308086,255.61189878310088,2.991724252156452,0,0,0,0,1,0,train
2012,24.11~26.11,신규,14,10,2024,2000,12.72,6,다세대,'15-55,큰소나무,67,,,11290,안암동5가, ,성북구,202410,2024-10-14,2024-10,월세,12,20㎡ 이하,안암동,서울특별시 성북구 안암동5가 15-55,37.5876435799279,127.029636220866,4.9,18408.16326530612,소형,1447.182646643563,7.278064702175817,1.2300101178745475,False,서울 성북구 고려대로27길 27,152.75493553055347,안암역,,0,379.4999345617588,379.4999345617588,903.9568111992396,2.543175557911976,0,0,1,1,1,0,train
2014,24.11~27.01,신규,6,10,2024,5000,18.51,5,다세대,'75-10,(75-10),57,,,11290,보문동2가, ,성북구,202410,2024-10-06,2024-10,월세,10,20㎡ 이하,보문동,서울특별시 성북구 보문동2가 75-10,37.5851695046946,127.018287932064,4.9,18959.183673469382,소형,1024.2670812247102,6.9327084246793085,0.8623918960308049,False,서울 성북구 지봉로 175-2,156.7330223806902,보문역,,0,811.6415388512596,1080.421392750233,133.449606038057,2.9183111265854063,0,0,0,0,1,0,train
2012,24.11~26.11,신규,26,10,2024,1500,17.87,1,다세대,'74-11,베데스타2,40,,,11290,보문동2가, ,성북구,202410,2024-10-26,2024-10,월세,12,20㎡ 이하,보문동,서울특별시 성북구 보문동2가 74-11,37.5854865875137,127.018136522855,4.9,11295.918367346938,소형,632.1163048319495,6.450654141178253,-0.9851237239049336,False,서울 성북구 지봉로23길 5-8,164.62556409820291,보문역,,0,836.2084060729292,1097.3868311308154,139.76782674161174,2.8831233291713367,0,0,0,0,1,0,train
2003,24.11~26.11,신규,1,10,2024,1000,40.6,1,다세대,'26,대월빌라,58,,,11290,안암동1가, ,성북구,202410,2024-10-01,2024-10,월세,21,33㎡ 초과,안암동,서울특별시 성북구 안암동1가 26,37.5887546003207,127.020220067027,4.9,15204.08163265306,대형,374.48476927716894,5.928217909202252,0.0606504804398501,False,서울 성북구 고려대로7길 56-13,357.76775057790053,보문역,,0,891.8023207815323,1032.3978676530032,357.9457469940714,3.703768066607687,0,0,1,0,0,0,train
2014,24.10~26.12,신규,21,10,2024,5000,17.09,5,다세대,'75-10,(75-10),52,,,11290,보문동2가, ,성북구,202410,2024-10-21,2024-10,월세,10,20㎡ 이하,보문동,서울특별시 성북구 보문동2가 75-10,37.5851695046946,127.018287932064,4.9,17734.69387755102,소형,1037.7234568490942,6.94574779286998,0.9123664263500788,False,서울 성북구 지봉로 175-2,156.7330223806902,보문역,,0,811.6415388512596,1080.421392750233,133.449606038057,2.8384934971274998,0,0,0,0,1,0,train
2022,24.12~26.12,신규,28,10,2024,28000,28.41,3,다세대,'134-11,탑스하우징,0,,,11290,보문동7가, ,성북구,202410,2024-10-28,2024-10,전세,2,20㎡ 초과~33㎡ 이하,보문동,서울특별시 성북구 보문동7가 134-11,37.5796315517269,127.021476041454,4.9,28000.0,중형,985.568461809222,6.89423272174625,0.7864815842933297,False,서울 성북구 보문로13나길 8-5,669.8658248177488,보문역,,0,600.896659962064,949.632077083748,677.1314730927518,3.3467411958660964,1,0,0,0,0,1,train
2011,25.01~27.01,신규,28,10,2024,10000,12.68,3,다세대,'15-5,MAIBAUM안암,0,,,11290,안암동4가, ,성북구,202410,2024-10-28,2024-10,전세,13,20㎡ 이하,안암동,서울특별시 성북구 안암동4가 15-5,37.5814227391357,127.023313771075,4.9,10000.0,소형,788.6435331230284,6.671581619734031,-0.8812285624633818,False,서울 성북구 안암로5길 54-4,543.0061961951634,보문역,,0,359.12045905585205,709.4755434538754,558.5006427801934,2.54002594900908,1,0,1,0,1,0,train
2022,24.10~25.10,신규,22,10,2024,1000,28.19,4,다세대,'149-1,TheGoldCity,170,,,11290,안암동5가, ,성북구,202410,2024-10-22,2024-10,월세,2,20㎡ 초과~33㎡ 이하,안암동,서울특별시 성북구 안암동5가 149-1,37.5885579379589,127.028783897453,4.9,42632.65306122449,중형,1512.332495963976,7.322069449039362,1.5577196496821537,False,서울 성북구 개운사2길 9,253.3616724327488,안암역,,0,497.0221536302352,497.0221536302352,865.4342293535547,3.338967305126021,0,0,1,1,0,1,train
1985,24.10~26.10,갱신,24,10,2024,40000,110.72,1,연립,'54-4,(54-4),0,40000.0,0.0,11290,안암동3가,사용,성북구,202410,2024-10-24,2024-10,전세,39,33㎡ 초과,안암동,서울특별시 성북구 안암동3가 54-4,37.5851939053499,127.02301571097,4.9,40000.0,대형,361.27167630057806,5.89239441736938,-0.0159831857400437,False,서울 성북구 고려대로14길 28,268.2248670502166,보문역,40000.0,0,440.5886666304425,666.9389558384676,293.24380452913067,4.707004491869359,1,1,1,0,0,0,train
2009,24.12~26.12,신규,20,10,2024,500,25.16,3,다세대,'64-14,브라운힐,53,,,11290,보문동2가, ,성북구,202410,2024-10-20,2024-10,월세,15,20㎡ 초과~33㎡ 이하,보문동,서울특별시 성북구 보문동2가 64-14,37.5856569512716,127.017634437579,4.9,13479.591836734691,중형,535.7548424775315,6.285541458567344,-1.0173505695396223,False,서울 성북구 지봉로23길 13-22,209.1458695848564,보문역,,0,884.2999533409775,1143.6637587480527,184.0865759102006,3.22525543183224,0,0,0,0,0,1,train
2015,24.11~26.11,신규,7,10,2024,24000,54.67,3,다세대,'133-1,자이로빌,0,,,11290,안암동3가, ,성북구,202410,2024-10-07,2024-10,전세,9,33㎡ 초과,안암동,서울특별시 성북구 안암동3가 133-1,37.5834309773966,127.023243524297,4.9,24000.0,대형,438.9976220962136,6.086769322570916,0.3998238960613634,False,서울 성북구 고려대로12길 65,369.5872931044184,보문역,,0,338.36926807338773,646.6841807924044,390.4399698593068,4.001315112906908,1,0,1,0,0,0,train
2012,24.10~26.10,신규,8,10,2024,1000,12.32,1,다세대,'74-11,베데스타2,42,,,11290,보문동2가, ,성북구,202410,2024-10-08,2024-10,월세,12,20㎡ 이하,보문동,서울특별시 성북구 보문동2가 74-11,37.5854865875137,127.018136522855,4.9,11285.714285714284,소형,916.0482374768088,6.821160074446347,0.4348729910297086,False,서울 성북구 지봉로23길 5-8,164.62556409820291,보문역,,0,836.2084060729292,1097.3868311308154,139.76782674161174,2.511223958105374,0,0,0,0,1,0,train
1940,24.11~26.11,신규,1,10,2024,7000,51.1,4,다세대,'211,(214),60,,,11290,보문동2가, ,성북구,202410,2024-10-01,2024-10,월세,84,33㎡ 초과,보문동,서울특별시 성북구 보문동2가 211,37.5840728078905,127.018910015858,4.9,21693.877551020407,대형,424.53772115499817,6.053353595447227,-0.2856190631712416,False,서울 성북구 보문로23길 16,189.6366318655988,보문역,,0,726.7882757968135,1021.5906354365782,180.11317380292195,3.933784497209659,0,0,0,0,0,0,train
2012,24.12~26.12,신규,17,11,2024,3000,14.47,3,다세대,'12-24,(12-24),65,,,11290,안암동5가, ,성북구,202411,2024-11-17,2024-11,월세,12,20㎡ 이하,안암동,서울특별시 성북구 안암동5가 12-24,37.5890048138564,127.029936464902,4.9,18918.36734693877,소형,1307.4199963330182,7.176575578590105,0.8767145857303067,False,서울 성북구 고려대로27길 52-7,306.26710788830525,안암역,,0,525.5027062656495,525.5027062656495,978.315946177262,2.6720775406433925,0,0,1,1,1,0,train
2019,25.01~26.01,신규,23,11,2024,3000,12.12,3,다세대,'102-90,코윈,59,,,11290,안암동5가, ,성북구,202411,2024-11-23,2024-11,월세,5,20㎡ 이하,안암동,서울특별시 성북구 안암동5가 102-90,37.5846008086626,127.029023979843,4.9,17448.979591836734,소형,1439.684784805011,7.272873824537835,1.2119400645268354,False,서울 성북구 고려대로22길 35,190.66157151314,안암역,,0,134.2946021779898,134.2946021779898,826.7405875393961,2.494856980641168,0,0,1,1,1,0,train
2018,25.02~26.02,갱신,27,11,2024,12000,16.16,5,다세대,'114-1,(114-1),10,12000.0,7.0,11290,보문동2가,사용,성북구,202411,2024-11-27,2024-11,월세,6,20㎡ 이하,보문동,서울특별시 성북구 보문동2가 114-1,37.5846755232308,127.019214157549,4.9,14448.979591836734,소형,894.1200242473227,6.796957814587814,0.3421156924084112,False,서울 성북구 지봉로24길 9-1,118.8038179392723,보문역,13714.285714285714,0,717.0682193311576,995.3503098289827,107.9784038078537,2.782539053092949,0,0,0,0,1,0,train
1994,24.12~26.12,신규,23,11,2024,1000,47.62,-1,다세대,'42-12,현대주택,79,,,11290,보문동6가, ,성북구,202411,2024-11-23,2024-11,월세,30,33㎡ 초과,보문동,서울특별시 성북구 보문동6가 42-12,37.5824401910428,127.019014892116,4.9,20346.938775510203,대형,427.2771687423394,6.0597705765050245,-0.268960986154575,False,서울 성북구 지봉로20길 56,355.7042966664558,보문역,,1,704.777569009232,1032.9606814600888,352.42708137265083,3.8632528410587166,0,0,0,0,0,0,train
2018,24.11~27.03,신규,8,11,2024,488,42.34,5,다세대,'317-14,더트레져,53,,,11290,안암동1가, ,성북구,202411,2024-11-08,2024-11,월세,6,33㎡ 초과,안암동,서울특별시 성북구 안암동1가 317-14,37.5888033124093,127.022861818902,4.9,13467.591836734691,대형,318.08199897814575,5.765448119841362,-0.287546891280575,False,서울 성북구 고려대로17가길 69,441.5479571593212,보문역,,0,760.6361248601963,838.8811645755954,454.6428533891021,3.745732265706719,0,0,1,0,0,0,train
2012,25.01~26.12,신규,29,11,2024,1000,24.75,4,다세대,'30,해든,53,,,11290,안암동2가, ,성북구,202411,2024-11-29,2024-11,월세,12,20㎡ 초과~33㎡ 이하,안암동,서울특별시 성북구 안암동2가 30,37.5872677175131,127.021602665638,4.9,13979.591836734691,중형,564.831993403422,6.3382972026972935,-0.9487285629841872,False,서울 성북구 고려대로11길 23,238.09730546595964,보문역,,0,687.7402911508373,850.612010612303,252.14614571032808,3.2088254890146994,0,0,1,0,0,1,train
1994,24.12~25.12,신규,30,11,2024,1000,26.09,-1,다세대,'119-7,(119-7),60,,,11290,안암동2가, ,성북구,202411,2024-11-30,2024-11,월세,30,20㎡ 초과~33㎡ 이하,안암동,서울특별시 성북구 안암동2가 119-7,37.5865918501353,127.024535900058,4.9,15693.877551020409,중형,601.5284611353164,6.401134902647978,-0.7886311000652225,False,서울 성북구 고려대로7가길 66,415.12681864229165,안암역,,1,474.25771502479415,584.0615678919718,439.5910187345864,3.261552099148637,0,0,1,1,0,1,train
2003,24.12~26.12,신규,19,11,2024,5000,36.98,4,다세대,'136,안암동다세대주택,60,,,11290,안암동2가, ,성북구,202411,2024-11-19,2024-11,월세,21,33㎡ 초과,안암동,서울특별시 성북구 안암동2가 136,37.5866304835872,127.022835226842,4.9,19693.877551020407,대형,532.5548283131533,6.279561836432468,0.8122459239914155,False,서울 성북구 고려대로7가길 34,277.3369361298584,보문역,,0,562.223604934242,723.3953829471576,299.1956805906455,3.610377225958979,0,0,1,0,0,0,train
2012,24.12~26.12,신규,5,11,2024,1000,14.47,6,다세대,'12-166,(12-166),75,,,11290,안암동5가, ,성북구,202411,2024-11-05,2024-11,월세,12,20㎡ 이하,안암동,서울특별시 성북구 안암동5가 12-166,37.5889507168904,127.030083634518,4.9,19367.34693877551,소형,1338.4483026106088,7.2000130936975895,0.9583033223306796,False,서울 성북구 고려대로27길 52-9,303.318452126118,안암역,,0,518.4358833960425,518.4358833960425,987.9503941364452,2.6720775406433925,0,0,1,1,1,0,train
1998,25.01~27.01,신규,25,11,2024,23000,83.45,2,연립,'35-3,동양빌라트B동,20,,,11290,보문동6가, ,성북구,202411,2024-11-25,2024-11,월세,26,33㎡ 초과,보문동,서울특별시 성북구 보문동6가 35-3,37.5820468468196,127.017664832986,4.9,27897.95918367347,대형,334.30747973245616,5.815047960806004,-0.9042454202703354,False,서울 성북구 보문사길 82,439.8706643893256,보문역,,0,826.8612792271219,1158.4328220514965,430.58029487817095,4.424247650107844,0,1,0,0,0,0,train
2018,25.01~27.01,신규,20,11,2024,1000,14.67,4,다세대,'153-1,밀로바니,70,,,11290,안암동2가, ,성북구,202411,2024-11-20,2024-11,월세,6,20㎡ 이하,안암동,서울특별시 성북구 안암동2가 153-1,37.5860392528644,127.022360316217,4.9,18142.85714285714,소형,1236.7319115785372,7.121035880180829,0.6833743871812021,False,서울 성북구 고려대로 28,214.91379352192595,보문역,,0,544.8687416035631,742.8538092609206,238.67775790395103,2.6858045921548905,0,0,1,0,1,0,train
1997,24.12~26.12,신규,27,11,2024,2000,56.79,3,연립,'103-125,(103-125),120,,,11290,안암동5가, ,성북구,202411,2024-11-27,2024-11,월세,27,33㎡ 초과,안암동,서울특별시 성북구 안암동5가 103-125,37.5849276822978,127.030480316289,4.9,31387.755102040814,대형,552.6986283155628,6.316620546519664,0.8915219708695065,False,서울 성북구 고려대로24가길 14-21,188.70404179226668,안암역,,0,69.81663518882324,69.81663518882324,950.760026363707,4.039360253889341,0,1,1,1,0,0,train
2021,25.01~27.01,신규,18,11,2024,25900,23.41,3,다세대,'41-7,신성프라임,25,,,11290,보문동6가, ,성북구,202411,2024-11-18,2024-11,월세,3,20㎡ 초과~33㎡ 이하,보문동,서울특별시 성북구 보문동6가 41-7,37.5826069999263,127.018796430637,4.9,32022.448979591834,중형,1367.896154617336,7.221759967493376,1.757095445332705,False,서울 성북구 보문로21길 31-3,343.2208423074522,보문역,,0,723.2093521131305,1048.3382721029172,338.293524717172,3.1531632815028194,0,0,0,0,0,1,train
2022,25.03~27.02,신규,18,11,2024,2500,27.25,5,다세대,'149-1,TheGoldCity,150,,,11290,안암동5가, ,성북구,202411,2024-11-18,2024-11,월세,2,20㎡ 초과~33㎡ 이하,안암동,서울특별시 성북구 안암동5가 149-1,37.5885579379589,127.028783897453,4.9,39234.69387755102,중형,1439.8052799101292,7.272957458423416,1.4325924552959226,False,서울 성북구 개운사2길 9,253.3616724327488,안암역,,0,497.0221536302352,497.0221536302352,865.4342293535547,3.305053521109253,0,0,1,1,0,1,train
2022,25.03~27.02,신규,18,11,2024,2500,28.28,3,다세대,'149-1,TheGoldCity,150,,,11290,안암동5가, ,성북구,202411,2024-11-18,2024-11,월세,2,20㎡ 초과~33㎡ 이하,안암동,서울특별시 성북구 안암동5가 149-1,37.5885579379589,127.028783897453,4.9,39234.69387755102,중형,1387.3654129261322,7.235882372215316,1.3381328037797615,False,서울 성북구 개운사2길 9,253.3616724327488,안암역,,0,497.0221536302352,497.0221536302352,865.4342293535547,3.342154841028372,0,0,1,1,0,1,train
2013,24.12~26.12,신규,17,11,2024,3000,13.02,1,다세대,'3-15,해마루,40,,,11290,보문동1가, ,성북구,202411,2024-11-17,2024-11,월세,11,20㎡ 이하,보문동,서울특별시 성북구 보문동1가 3-15,37.5880247363267,127.018952681536,4.9,12795.918367346938,소형,982.7894291357096,6.89141187937132,0.704119238537191,False,서울 성북구 보문로30길 12-11,291.21387759176537,보문역,,0,916.6989953998028,1098.5570071510106,282.2828484896454,2.5664866367804238,0,0,0,0,1,0,train
2022,24.12~26.12,신규,18,11,2024,5000,32.6,4,다세대,'159-3,스텔라153,125,,,11290,보문동5가, ,성북구,202411,2024-11-18,2024-11,월세,2,20㎡ 초과~33㎡ 이하,보문동,서울특별시 성북구 보문동5가 159-3,37.5820065871023,127.020885522519,4.9,35612.244897959186,중형,1092.4001502441467,6.997047523870938,1.0911691281787337,False,서울 성북구 보문로 75,400.6960170207058,보문역,,0,545.9792741658392,884.7621579628762,408.2510868591892,3.484312288372662,0,0,0,0,0,1,train
2014,24.12~26.12,신규,16,11,2024,5000,15.57,5,다세대,'75-10,(75-10),51,,,11290,보문동2가, ,성북구,202411,2024-11-16,2024-11,월세,10,20㎡ 이하,보문동,서울특별시 성북구 보문동2가 75-10,37.5851695046946,127.018287932064,4.9,17489.795918367345,소형,1123.3009581481915,7.024916750972901,1.215788451037603,False,서울 성북구 지봉로 175-2,156.7330223806902,보문역,,0,811.6415388512596,1080.421392750233,133.449606038057,2.745345985845907,0,0,0,0,1,0,train
2013,24.12~26.12,신규,28,11,2024,15750,24.97,4,다세대,'199,태영빌,0,,,11290,보문동5가, ,성북구,202411,2024-11-28,2024-11,전세,11,20㎡ 초과~33㎡ 이하,보문동,서울특별시 성북구 보문동5가 199,37.5816530339054,127.020389097902,4.9,15750.0,중형,630.756908289948,6.448504681372659,-0.5344155925313012,False,서울 성북구 보문로17길 14,433.7324459743769,보문역,,0,596.3475761496918,938.3173047476604,438.4174188879834,3.217675104291682,1,0,0,0,0,1,train
2011,25.01~26.01,신규,23,11,2024,1000,12.21,3,다세대,'149-2,그린빌,71,,,11290,안암동5가, ,성북구,202411,2024-11-23,2024-11,월세,13,20㎡ 이하,안암동,서울특별시 성북구 안암동5가 149-2,37.58838710205,127.028815534165,4.9,18387.755102040817,소형,1505.9586488157915,7.317848758844448,1.3685030812089924,False,서울 성북구 개운사길 41-6,234.16346400024963,안암역,,0,478.0887089357085,478.0887089357085,860.8915850081194,2.502255288122613,0,0,1,1,1,0,train
2012,24.12~25.12,신규,1,11,2024,2000,14.47,6,다세대,'12-24,(12-24),70,,,11290,안암동5가, ,성북구,202411,2024-11-01,2024-11,월세,12,20㎡ 이하,안암동,서울특별시 성북구 안암동5가 12-24,37.5890048138564,127.029936464902,4.9,19142.85714285714,소형,1322.9341494718135,7.188362999211596,0.917747978215566,False,서울 성북구 고려대로27길 52-7,306.26710788830525,안암역,,0,525.5027062656495,525.5027062656495,978.315946177262,2.6720775406433925,0,0,1,1,1,0,train
2001,24.12~26.12,신규,22,11,2024,10000,41.51,3,연립,'87-1,성종그린빌,45,,,11290,안암동1가, ,성북구,202411,2024-11-22,2024-11,월세,23,33㎡ 초과,안암동,서울특별시 성북구 안암동1가 87-1,37.5885002460396,127.020243888353,4.9,21020.408163265303,대형,506.3938367445267,6.229287500352203,0.7046989906392753,False,서울 성북구 고려대로7길 56-10,329.65675434854785,보문역,,0,869.5720219062839,1017.2665265417684,330.18323887487173,3.725934362064947,0,1,1,0,0,0,train
2009,24.11~26.11,신규,18,11,2024,5000,50.21,2,다세대,'65,토천그린존,80,,,11290,보문동7가, ,성북구,202411,2024-11-18,2024-11,월세,15,33㎡ 초과,보문동,서울특별시 성북구 보문동7가 65,37.5801506841855,127.021088443786,4.9,24591.83673469388,대형,489.7796601213678,6.195995269682499,0.0846697024953069,False,서울 성북구 보문로13길 16,607.0289036198493,보문역,,0,598.457178402774,949.043593860715,613.4568501332332,3.916214210046614,0,0,0,0,0,0,train
2011,25.02~27.02,신규,15,11,2024,3000,13.66,4,다세대,'15-5,MAIBAUM안암,37,,,11290,안암동4가, ,성북구,202411,2024-11-15,2024-11,월세,13,20㎡ 이하,안암동,서울특별시 성북구 안암동4가 15-5,37.5814227391357,127.023313771075,4.9,12061.224489795915,소형,882.9593330743717,6.784411058269924,-0.4884560650695172,False,서울 성북구 안암로5길 54-4,543.0061961951634,보문역,,0,359.12045905585205,709.4755434538754,558.5006427801934,2.614471854142644,0,0,1,0,1,0,train
2013,24.11~26.02,신규,19,11,2024,3000,12.85,3,다세대,'10-1,(10-1),40,,,11290,안암동1가, ,성북구,202411,2024-11-19,2024-11,월세,11,20㎡ 이하,안암동,서울특별시 성북구 안암동1가 10-1,37.5891488973123,127.019550678014,4.9,12795.918367346938,소형,995.791312634003,6.904541432740398,-0.070268154131558,False,서울 성북구 보문로30길 36-3,403.08215098858034,보문역,,0,963.973936083318,1105.2288070939644,399.34596808740486,2.553343811341229,0,0,1,0,1,0,train
2013,25.01~27.01,신규,16,11,2024,5000,14.06,5,다세대,'28,뉴스타안암,30,,,11290,안암동2가, ,성북구,202411,2024-11-16,2024-11,월세,11,20㎡ 이하,안암동,서울특별시 성북구 안암동2가 28,37.5872142206758,127.02148139002,4.9,12346.938775510203,소형,878.1606525967427,6.77896764844456,-0.5074052125543426,False,서울 성북구 보문로26길 48,227.03527655410068,보문역,,0,690.9347463471147,858.20784474037,240.67128238702588,2.643333886382519,0,0,1,0,1,0,train
2008,24.12~26.12,신규,15,11,2024,7000,12.04,4,다세대,'171,승민아트빌,0,,,11290,보문동5가, ,성북구,202411,2024-11-15,2024-11,전세,16,20㎡ 이하,보문동,서울특별시 성북구 보문동5가 171,37.5820315128318,127.020029181913,4.9,7000.0,소형,581.3953488372093,6.36714951065074,-1.3051625961167308,False,서울 성북구 지봉로24길 70-10,390.32121984232265,보문역,,0,620.1795847194261,956.5315442239414,393.2946483718082,2.488234439880675,1,0,0,0,1,0,train
2013,24.11~26.11,신규,13,11,2024,3000,14.57,2,다세대,'3-15,해마루,35,,,11290,보문동1가, ,성북구,202411,2024-11-13,2024-11,월세,11,20㎡ 이하,보문동,서울특별시 성북구 보문동1가 3-15,37.5880247363267,127.018952681536,4.9,11571.42857142857,소형,794.1955093636631,6.678588008147927,-0.1115470460246186,False,서울 성북구 보문로30길 12-11,291.21387759176537,보문역,,0,916.6989953998028,1098.5570071510106,282.2828484896454,2.6789646202071133,0,0,0,0,1,0,train
2009,24.12~26.12,신규,11,11,2024,1000,23.05,2,다세대,'64-14,브라운힐,60,,,11290,보문동2가, ,성북구,202411,2024-11-11,2024-11,월세,15,20㎡ 초과~33㎡ 이하,보문동,서울특별시 성북구 보문동2가 64-14,37.5856569512716,127.017634437579,4.9,15693.877551020409,중형,680.8623666386294,6.52482782902964,-0.3082350045162958,False,서울 성북구 지봉로23길 13-22,209.1458695848564,보문역,,0,884.2999533409775,1143.6637587480527,184.0865759102006,3.1376657694426577,0,0,0,0,0,1,train
2013,25.02~26.02,갱신,14,12,2024,500,13.85,2,다세대,'160-7,(160-7),41,500.0,39.0,11290,안암동2가, ,성북구,202412,2024-12-14,2024-12,월세,11,20㎡ 이하,안암동,서울특별시 성북구 안암동2가 160-7,37.5858701000363,127.02347615602,4.9,10540.816326530612,소형,761.0697708686363,6.63603811431476,-1.0049596699723362,False,서울 성북구 고려대로14길 12,308.16468065874864,보문역,10051.020408163266,0,461.4727494413145,643.0677789331864,332.7668932818033,2.628285232633348,0,0,1,0,1,0,train
2013,25.01~27.01,신규,10,12,2024,500,14.03,3,다세대,'132,그린빌,45,,,11290,안암동2가, ,성북구,202412,2024-12-10,2024-12,월세,11,20㎡ 이하,안암동,서울특별시 성북구 안암동2가 132,37.5866939630274,127.023043911887,4.9,11520.408163265303,소형,821.1267400759306,6.711894568178108,-0.7408944648807441,False,서울 성북구 고려대로7가길 38,296.9666022587233,보문역,,0,555.8771787619684,708.8780628975502,318.87528882000805,2.6411978941143697,0,0,1,0,1,0,train
2019,25.02~27.02,신규,27,12,2024,3000,12.12,3,다세대,'102-90,코윈,56,,,11290,안암동5가, ,성북구,202412,2024-12-27,2024-12,월세,5,20㎡ 이하,안암동,서울특별시 성북구 안암동5가 102-90,37.5846008086626,127.029023979843,4.9,16714.285714285714,소형,1379.066478076379,7.2298869495101075,1.0622977151640198,False,서울 성북구 고려대로22길 35,190.66157151314,안암역,,0,134.2946021779898,134.2946021779898,826.7405875393961,2.494856980641168,0,0,1,1,1,0,train
2012,25.01~27.01,갱신,20,12,2024,500,13.92,2,다세대,'134-4,(134-4),53,500.0,52.0,11290,보문동7가,사용,성북구,202412,2024-12-20,2024-12,월세,12,20㎡ 이하,보문동,서울특별시 성북구 보문동7가 134-4,37.5791821520309,127.021879050593,4.9,13479.591836734691,소형,968.361482524044,6.876637589306479,0.647495466894684,False,서울 성북구 보문로13나길 22,726.2055075485071,보문역,13234.69387755102,0,604.5437846170768,949.191256896952,734.2609546483098,2.633326654906273,0,0,0,0,1,0,train
2017,25.02~27.02,신규,11,12,2024,1000,40.96,2,다세대,'257,예담,50,,,11290,안암동1가, ,성북구,202412,2024-12-11,2024-12,월세,7,33㎡ 초과,안암동,서울특별시 성북구 안암동1가 257,37.5875713021913,127.021381744077,4.9,13244.897959183672,대형,323.3617665816326,5.78185945642246,-0.2524397360376098,False,서울 성북구 고려대로7나길 14,256.28189450343564,보문역,,0,725.6451886923893,881.9633294670743,267.3157549089593,3.712595980731253,0,0,1,0,0,0,train
2012,25.02~26.02,신규,14,12,2024,5000,14.47,5,다세대,'12-166,(12-166),50,,,11290,안암동5가, ,성북구,202412,2024-12-14,2024-12,월세,12,20㎡ 이하,안암동,서울특별시 성북구 안암동5가 12-166,37.5889507168904,127.030083634518,4.9,17244.897959183672,소형,1191.76903657109,7.084032804504519,0.5545623445686269,False,서울 성북구 고려대로27길 52-9,303.318452126118,안암역,,0,518.4358833960425,518.4358833960425,987.9503941364452,2.6720775406433925,0,0,1,1,1,0,train
2012,25.01~26.01,신규,20,12,2024,2000,12.0,3,다세대,'15-55,큰소나무,68,,,11290,안암동5가, ,성북구,202412,2024-12-20,2024-12,월세,12,20㎡ 이하,안암동,서울특별시 성북구 안암동5가 15-55,37.5876435799279,127.029636220866,4.9,18653.0612244898,소형,1554.4217687074831,7.349502021731559,1.478691798587746,False,서울 성북구 고려대로27길 27,152.75493553055347,안암역,,0,379.4999345617588,379.4999345617588,903.9568111992396,2.4849066497880004,0,0,1,1,1,0,train
2013,25.02~27.02,신규,12,12,2024,1000,13.65,5,다세대,'132,그린빌,42,,,11290,안암동2가, ,성북구,202412,2024-12-12,2024-12,월세,11,20㎡ 이하,안암동,서울특별시 성북구 안암동2가 132,37.5866939630274,127.023043911887,4.9,11285.714285714284,소형,826.7922553636838,6.7187622235855375,-0.7169873516253819,False,서울 성북구 고려대로7가길 38,296.9666022587233,보문역,,0,555.8771787619684,708.8780628975502,318.87528882000805,2.613739521630969,0,0,1,0,1,0,train
2013,25.02~26.02,신규,28,12,2024,1000,16.92,3,다세대,'102-67,영산빌딩,61,,,11290,안암동5가, ,성북구,202412,2024-12-28,2024-12,월세,11,20㎡ 이하,안암동,서울특별시 성북구 안암동5가 102-67,37.5854959551678,127.028983795046,4.9,15938.77551020408,소형,942.0080088773096,6.849074775574391,-0.2633540875535464,False,서울 성북구 고려대로22길 15,92.87285163320595,안암역,,0,188.5058222135,188.5058222135,816.3170578685795,2.828496354178077,0,0,1,1,1,0,train
2016,25.02~26.02,신규,18,12,2024,1000,13.33,4,다세대,'134-18,구겸빌딩,57,,,11290,안암동5가, ,성북구,202412,2024-12-18,2024-12,월세,8,20㎡ 이하,안암동,서울특별시 성북구 안암동5가 134-18,37.5821226988368,127.028355509673,4.9,14959.183673469388,소형,1122.2193303427898,7.0239542431864805,0.3454218323501823,False,서울 성북구 안암로 61-1,471.7061588626256,안암역,,0,141.207167454645,307.1223076007429,851.5378236064181,2.5900171341906173,0,0,1,1,1,0,train
2013,25.02~26.02,신규,28,12,2024,1000,13.7,4,다세대,'110-6,E&I,58,,,11290,안암동5가, ,성북구,202412,2024-12-28,2024-12,월세,11,20㎡ 이하,안암동,서울특별시 성북구 안암동5가 110-6,37.5812859176473,127.026938112,4.9,15204.08163265306,소형,1109.786980485625,7.012824034519181,0.3066762716924509,False,서울 성북구 안암로 45,593.8686310018182,안암역,,0,168.44658047772734,459.1734550356916,793.9927513365587,2.617395832834079,0,0,1,1,1,0,train
2012,25.02~27.02,신규,24,12,2024,2000,13.92,2,다세대,'134-4,(134-4),45,,,11290,보문동7가, ,성북구,202412,2024-12-24,2024-12,월세,12,20㎡ 이하,보문동,서울특별시 성북구 보문동7가 134-4,37.5791821520309,127.021879050593,4.9,13020.408163265303,소형,935.374149659864,6.842015129148413,0.5148018302401934,False,서울 성북구 보문로13나길 22,726.2055075485071,보문역,,0,604.5437846170768,949.191256896952,734.2609546483098,2.633326654906273,0,0,0,0,1,0,train
2013,25.02~26.02,신규,14,12,2024,1000,15.7,3,다세대,'161-13,(161-13),54,,,11290,안암동2가, ,성북구,202412,2024-12-14,2024-12,월세,11,20㎡ 이하,안암동,서울특별시 성북구 안암동2가 161-13,37.5876132803393,127.025505415992,4.9,14224.489795918367,소형,906.0184583387496,6.8101628008879365,-0.3988112313136269,False,서울 성북구 고려대로17길 27,359.15164045714914,안암역,,0,551.1772332037186,573.9514463275236,558.571330901939,2.7536607123542622,0,0,1,1,1,0,train
2013,25.01~27.01,신규,22,12,2024,2000,29.46,2,다세대,'10,보하티빌,80,,,11290,보문동4가, ,성북구,202412,2024-12-22,2024-12,월세,11,20㎡ 초과~33㎡ 이하,보문동,서울특별시 성북구 보문동4가 10,37.5840930757581,127.020553814379,4.9,21591.83673469388,중형,732.9204594261329,6.598400656838056,-0.0902048791024058,False,서울 성북구 고려대로2길 32,168.2197074101884,보문역,,0,585.941492214655,876.7329823964766,178.89832459204743,3.3830334110344844,0,0,0,0,0,1,train
2012,25.02~27.02,신규,17,12,2024,14000,14.13,5,다세대,'12-24,(12-24),0,,,11290,안암동5가, ,성북구,202412,2024-12-17,2024-12,전세,12,20㎡ 이하,안암동,서울특별시 성북구 안암동5가 12-24,37.5890048138564,127.029936464902,4.9,14000.0,소형,990.7997169143664,6.899521188628865,-0.0877442121781138,False,서울 성북구 고려대로27길 52-7,306.26710788830525,안암역,,0,525.5027062656495,525.5027062656495,978.315946177262,2.6483001966964363,1,0,1,1,1,0,train
2013,25.01~26.01,신규,20,12,2024,1000,13.7,5,다세대,'110-6,E&I,61,,,11290,안암동5가, ,성북구,202412,2024-12-20,2024-12,월세,11,20㎡ 이하,안암동,서울특별시 성북구 안암동5가 110-6,37.5812859176473,127.026938112,4.9,15938.77551020408,소형,1163.4142708178165,7.059973467737464,0.4708089739034894,False,서울 성북구 안암로 45,593.8686310018182,안암역,,0,168.44658047772734,459.1734550356916,793.9927513365587,2.617395832834079,0,0,1,1,1,0,train
2019,25.01~26.01,신규,11,12,2024,3000,24.24,4,다세대,'102-90,코윈,65,,,11290,안암동5가, ,성북구,202412,2024-12-11,2024-12,월세,5,20㎡ 초과~33㎡ 이하,안암동,서울특별시 성북구 안암동5가 102-90,37.5846008086626,127.029023979843,4.9,18918.36734693877,중형,780.4606991311375,6.6611648595773385,-0.1261285511178507,False,서울 성북구 고려대로22길 35,190.66157151314,안암역,,0,134.2946021779898,134.2946021779898,826.7405875393961,3.1880041612011136,0,0,1,1,0,1,train
2012,25.02~27.01,신규,20,12,2024,1000,12.56,2,다세대,'28,루미에르,45,,,11290,안암동1가, ,성북구,202412,2024-12-20,2024-12,월세,12,20㎡ 이하,안암동,서울특별시 성북구 안암동1가 28,37.588910508004,127.020008946433,4.9,12020.408163265303,소형,957.0388665020148,6.864888347609295,-0.2083051901960456,False,서울 성북구 고려대로7마길 14,374.5950016422433,보문역,,0,917.1378967236792,1057.0551604233938,373.4284316865992,2.5305171610400525,0,0,1,0,1,0,train
2003,25.01~27.01,신규,20,12,2024,1000,26.79,2,다세대,'8,옥인호주택,65,,,11290,안암동2가, ,성북구,202412,2024-12-20,2024-12,월세,21,20㎡ 초과~33㎡ 이하,안암동,서울특별시 성북구 안암동2가 8,37.5869089314205,127.021164736446,4.9,16918.367346938772,중형,631.5180047382894,6.449708686185917,-0.6648751459978037,False,서울 성북구 고려대로11길 19-16,183.25537056601888,보문역,,0,687.8480037620799,872.238606229052,196.73408162401688,3.2880286835565173,0,0,1,0,0,1,train
2001,25.02~26.01,신규,19,12,2024,2000,43.18,4,다세대,'110-4,(110-4),65,,,11290,안암동5가, ,성북구,202412,2024-12-19,2024-12,월세,23,33㎡ 초과,안암동,서울특별시 성북구 안암동5가 110-4,37.5815352331814,127.027284293462,4.9,17918.367346938772,대형,414.9691372612036,6.03061106823315,0.2796900761578301,False,서울 성북구 안암로9가길 54,557.7460079584192,안암역,,0,142.8495099353387,418.0996234993864,802.8552122552657,3.765377425086661,0,0,1,1,0,0,train
2004,25.02~26.02,신규,29,12,2024,2000,41.19,5,다세대,'23-27,대림스카이빌(나동),80,,,11290,안암동4가, ,성북구,202412,2024-12-29,2024-12,월세,20,33㎡ 초과,안암동,서울특별시 성북구 안암동4가 23-27,37.5809029097534,127.025288476962,4.9,21591.83673469388,대형,524.200940390723,6.263780932965353,0.7784873921889323,False,서울 성북구 안암로9가길 13,694.2518277266325,안암역,,0,259.31658230638374,594.6291669900555,713.3971637647776,3.718195508447989,0,0,1,1,0,0,train
2003,25.02~27.01,신규,11,12,2024,1000,104.4,3,다세대,'8,옥인호주택,62,,,11290,안암동2가, ,성북구,202412,2024-12-11,2024-12,월세,21,33㎡ 초과,안암동,서울특별시 성북구 안암동2가 8,37.5869089314205,127.021164736446,4.9,16183.673469387755,대형,155.01602940026584,5.04995875453666,-1.8181227891251208,False,서울 성북구 고려대로11길 19-16,183.25537056601888,보문역,,0,687.8480037620799,872.238606229052,196.73408162401688,4.648229675448539,0,0,1,0,0,0,train
2019,25.01~26.01,신규,6,12,2024,2000,12.12,2,다세대,'102-90,코윈,58,,,11290,안암동5가, ,성북구,202412,2024-12-06,2024-12,월세,5,20㎡ 이하,안암동,서울특별시 성북구 안암동5가 102-90,37.5846008086626,127.029023979843,4.9,16204.08163265306,소형,1336.9704317370513,7.198909141592758,0.9544603356877942,False,서울 성북구 고려대로22길 35,190.66157151314,안암역,,0,134.2946021779898,134.2946021779898,826.7405875393961,2.494856980641168,0,0,1,1,1,0,train
2012,24.12~25.12,신규,4,12,2024,2000,12.0,5,다세대,'15-55,큰소나무,70,,,11290,안암동5가, ,성북구,202412,2024-12-04,2024-12,월세,12,20㎡ 이하,안암동,서울특별시 성북구 안암동5가 15-55,37.5876435799279,127.029636220866,4.9,19142.85714285714,소형,1595.2380952380952,7.375404949363164,1.568862925092478,False,서울 성북구 고려대로27길 27,152.75493553055347,안암역,,0,379.4999345617588,379.4999345617588,903.9568111992396,2.4849066497880004,0,0,1,1,1,0,train
2013,25.01~26.01,신규,11,12,2024,1000,13.99,3,다세대,'102-91,(102-91),70,,,11290,안암동5가, ,성북구,202412,2024-12-11,2024-12,월세,11,20㎡ 이하,안암동,서울특별시 성북구 안암동5가 102-91,37.5847491130107,127.029020414455,4.9,18142.85714285714,소형,1296.8446849790666,7.168460232923548,0.8484641164730806,False,서울 성북구 고려대로22길 31,174.28917605071155,안암역,,0,139.61355973925984,139.61355973925984,824.4621698790479,2.63834278867739,0,0,1,1,1,0,train
2005,25.02~27.02,신규,19,12,2024,1000,72.52,2,다세대,'47,기원빌라,55,,,11290,안암동3가, ,성북구,202412,2024-12-19,2024-12,월세,19,33㎡ 초과,안암동,서울특별시 성북구 안암동3가 47,37.5847449790216,127.022346229739,4.9,14469.38775510204,대형,199.5227213886106,5.300927563959954,-1.2812499445504864,False,서울 성북구 고려대로12길 32,224.6377446161844,보문역,,0,463.6152471243175,720.1867794485319,248.5261000462212,4.283862385886651,0,0,1,0,0,0,train
2022,25.01~25.12,신규,11,12,2024,2000,29.6,3,다세대,'149-1,TheGoldCity,160,,,11290,안암동5가, ,성북구,202412,2024-12-11,2024-12,월세,2,20㎡ 초과~33㎡ 이하,안암동,서울특별시 성북구 안암동5가 149-1,37.5885579379589,127.028783897453,4.9,41183.67346938775,중형,1391.3403199117483,7.238741293708562,1.345416744441377,False,서울 성북구 개운사2길 9,253.3616724327488,안암역,,0,497.0221536302352,497.0221536302352,865.4342293535547,3.387774361330014,0,0,1,1,0,1,train
2012,25.01~26.01,신규,5,12,2024,1000,19.08,3,다세대,'15-17,(15-17),75,,,11290,안암동5가, ,성북구,202412,2024-12-05,2024-12,월세,12,20㎡ 이하,안암동,서울특별시 성북구 안암동5가 15-17,37.588419662907,127.029404194445,4.9,19367.34693877551,소형,1015.0601120951526,6.923687791836206,-0.0036174344643881,False,서울 성북구 개운사길 42-3,235.35245330358865,안암역,,0,468.151269508039,468.151269508039,910.6340734988736,2.9486406660201405,0,0,1,1,1,0,train
2001,24.12~26.12,신규,1,12,2024,500,43.87,5,다세대,'75-4,대원빌,51,,,11290,보문동2가, ,성북구,202412,2024-12-01,2024-12,월세,23,33㎡ 초과,보문동,서울특별시 성북구 보문동2가 75-4,37.5852628821095,127.018063669098,4.9,12989.795918367348,대형,296.0974679363425,5.694060259834946,-1.2183218407385423,False,서울 성북구 지봉로23길 5-13,173.720121992488,보문역,,0,833.7099063707234,1101.0652645981693,149.64166135515558,3.7812307151781215,0,0,0,0,0,0,train
2022,25.01~27.01,신규,30,12,2024,3000,35.13,4,다세대,'159-3,스텔라153,145,,,11290,보문동5가, ,성북구,202412,2024-12-30,2024-12,월세,2,33㎡ 초과,보문동,서울특별시 성북구 보문동5가 159-3,37.5820065871023,127.020885522519,4.9,38510.204081632655,대형,1096.2198713815158,7.000534869892443,2.173203625619513,False,서울 성북구 보문로 75,400.6960170207058,보문역,,0,545.9792741658392,884.7621579628762,408.2510868591892,3.559055466277736,0,0,0,0,0,0,train
2019,25.02~26.02,신규,27,12,2024,3000,24.24,4,다세대,'102-90,코윈,55,,,11290,안암동5가, ,성북구,202412,2024-12-27,2024-12,월세,5,20㎡ 초과~33㎡ 이하,안암동,서울특별시 성북구 안암동5가 102-90,37.5846008086626,127.029023979843,4.9,16469.38775510204,중형,679.4301879167509,6.52272522743394,-0.4788441007160603,False,서울 성북구 고려대로22길 35,190.66157151314,안암역,,0,134.2946021779898,134.2946021779898,826.7405875393961,3.1880041612011136,0,0,1,1,0,1,train
2012,25.02~27.02,신규,30,12,2024,14000,14.13,5,다세대,'12-24,(12-24),0,,,11290,안암동5가, ,성북구,202412,2024-12-30,2024-12,전세,12,20㎡ 이하,안암동,서울특별시 성북구 안암동5가 12-24,37.5890048138564,127.029936464902,4.9,14000.0,소형,990.7997169143664,6.899521188628865,-0.0877442121781138,False,서울 성북구 고려대로27길 52-7,306.26710788830525,안암역,,0,525.5027062656495,525.5027062656495,978.315946177262,2.6483001966964363,1,0,1,1,1,0,train
2011,24.12~25.12,신규,24,12,2024,1000,18.85,4,다세대,'9-16,탑하우스,40,,,11290,안암동5가, ,성북구,202412,2024-12-24,2024-12,월세,13,20㎡ 이하,안암동,서울특별시 성북구 안암동5가 9-16,37.5899871735891,127.03025955142,4.9,10795.918367346938,소형,572.7277648459914,6.352155006542735,-1.99319003479932,False,서울 성북구 개운사길 60-42,419.0407000820607,안암역,,0,632.7396627279808,632.7396627279808,1051.0808025539754,2.93651291389402,0,0,1,1,1,0,train
2012,24.12~25.12,신규,7,12,2024,2000,14.13,3,다세대,'12-166,(12-166),65,,,11290,안암동5가, ,성북구,202412,2024-12-07,2024-12,월세,12,20㎡ 이하,안암동,서울특별시 성북구 안암동5가 12-166,37.5889507168904,127.030083634518,4.9,17918.367346938772,소형,1268.1080924938974,7.14606964335705,0.7705198503642268,False,서울 성북구 고려대로27길 52-9,303.318452126118,안암역,,0,518.4358833960425,518.4358833960425,987.9503941364452,2.6483001966964363,0,0,1,1,1,0,train
2001,25.02~27.02,신규,31,12,2024,5000,45.51,5,연립,'87-1,성종그린빌,45,,,11290,안암동1가, ,성북구,202412,2024-12-31,2024-12,월세,23,33㎡ 초과,안암동,서울특별시 성북구 안암동1가 87-1,37.5885002460396,127.020243888353,4.9,16020.408163265303,대형,352.019515782582,5.866523340908175,-0.0713266303850269,False,서울 성북구 고려대로7길 56-10,329.65675434854785,보문역,,0,869.5720219062839,1017.2665265417684,330.18323887487173,3.8179320820285514,0,1,1,0,0,0,train
2019,24.12~26.12,신규,20,12,2024,1000,29.96,5,다세대,'105-3,E.SVill,50,,,11290,안암동1가, ,성북구,202412,2024-12-20,2024-12,월세,5,20㎡ 초과~33㎡ 이하,안암동,서울특별시 성북구 안암동1가 105-3,37.5879341880433,127.020558833338,4.9,13244.897959183672,중형,442.0860467017247,6.093763987530707,-1.571748619070145,False,서울 성북구 고려대로7다길 5,270.4954149793068,보문역,,0,805.0197178822772,964.6844828426848,274.14946234955704,3.3998631586490187,0,0,1,0,0,1,train
2012,25.01~26.01,신규,27,12,2024,1000,18.54,4,다세대,'15-18,(15-18),56,,,11290,안암동5가, ,성북구,202412,2024-12-27,2024-12,월세,12,20㎡ 이하,안암동,서울특별시 성북구 안암동5가 15-18,37.5885766181077,127.029394971863,4.9,14714.285714285714,소형,793.6507936507936,6.677902764884913,-0.8592239154535386,False,서울 성북구 개운사길 50,252.72475498357505,안암역,,0,485.4043348835692,485.4043348835692,916.1170435028008,2.919930560137709,0,0,1,1,1,0,train
2002,25.01~27.01,갱신,26,12,2024,15048,48.3,3,다세대,'1-5,재성주택,0,14332.0,0.0,11290,보문동2가, ,성북구,202412,2024-12-26,2024-12,전세,22,33㎡ 초과,보문동,서울특별시 성북구 보문동2가 1-5,37.587555071862,127.017641678685,4.9,15048.0,대형,311.5527950310559,5.744773399006387,-1.086673738544398,False,서울 성북구 지봉로23길 56,305.66584382578367,보문역,14332.0,0,979.5726361121102,1189.423025025264,287.66387327886355,3.877431560658527,1,0,0,0,0,0,train
2019,25.02~26.02,신규,20,12,2024,5000,24.24,4,다세대,'102-90,코윈,50,,,11290,안암동5가, ,성북구,202412,2024-12-20,2024-12,월세,5,20㎡ 초과~33㎡ 이하,안암동,서울특별시 성북구 안암동5가 102-90,37.5846008086626,127.029023979843,4.9,17244.897959183672,중형,711.42318313464,6.568672093186186,-0.3617809898481255,False,서울 성북구 고려대로22길 35,190.66157151314,안암역,,0,134.2946021779898,134.2946021779898,826.7405875393961,3.1880041612011136,0,0,1,1,0,1,train
2011,25.02~27.02,신규,24,12,2024,10000,12.68,2,다세대,'15-5,MAIBAUM안암,0,,,11290,안암동4가, ,성북구,202412,2024-12-24,2024-12,전세,13,20㎡ 이하,안암동,서울특별시 성북구 안암동4가 15-5,37.5814227391357,127.023313771075,4.9,10000.0,소형,788.6435331230284,6.671581619734031,-0.8812285624633818,False,서울 성북구 안암로5길 54-4,543.0061961951634,보문역,,0,359.12045905585205,709.4755434538754,558.5006427801934,2.54002594900908,1,0,1,0,1,0,train
1985,25.01~27.01,신규,20,12,2024,35000,113.27,3,연립,'54,(54-0),0,,,11290,안암동3가, ,성북구,202412,2024-12-20,2024-12,전세,39,33㎡ 초과,안암동,서울특별시 성북구 안암동3가 54,37.5851341746082,127.022522174076,4.9,35000.0,대형,308.99620376092525,5.73656005147171,-0.3493442894334381,False,서울 성북구 고려대로12길 19,226.51285652251823,보문역,,0,472.2868829694229,709.0725808377991,251.4151813533076,4.729774349212622,1,1,1,0,0,0,train
2012,24.12~26.12,신규,1,12,2024,500,12.56,3,다세대,'28,루미에르,50,,,11290,안암동1가, ,성북구,202412,2024-12-01,2024-12,월세,12,20㎡ 이하,안암동,서울특별시 성북구 안암동1가 28,37.588910508004,127.020008946433,4.9,12744.897959183672,소형,1014.7211750942414,6.923354156512176,-0.0047788581241935,False,서울 성북구 고려대로7마길 14,374.5950016422433,보문역,,0,917.1378967236792,1057.0551604233938,373.4284316865992,2.5305171610400525,0,0,1,0,1,0,train
2011,25.02~26.02,신규,8,12,2024,1000,13.18,4,다세대,'149-2,그린빌,81,,,11290,안암동5가, ,성북구,202412,2024-12-08,2024-12,월세,13,20㎡ 이하,안암동,서울특별시 성북구 안암동5가 149-2,37.58838710205,127.028815534165,4.9,20836.73469387755,소형,1580.9358644823635,7.366404606723475,1.5375316776639412,False,서울 성북구 개운사길 41-6,234.16346400024963,안암역,,0,478.0887089357085,478.0887089357085,860.8915850081194,2.578700529074361,0,0,1,1,1,0,train
2013,24.12~25.12,갱신,6,12,2024,16000,36.22,2,다세대,'199,태영빌,0,15750.0,0.0,11290,보문동5가, ,성북구,202412,2024-12-06,2024-12,전세,11,33㎡ 초과,보문동,서울특별시 성북구 보문동5가 199,37.5816530339054,127.020389097902,4.9,16000.0,대형,441.7448923246825,6.092993740344977,-0.1827157538563163,False,서울 성북구 보문로17길 14,433.7324459743769,보문역,15750.0,0,596.3475761496918,938.3173047476604,438.4174188879834,3.589611452455267,1,0,0,0,0,0,train
2001,25.02~27.01,신규,14,12,2024,10000,41.51,5,연립,'87-1,성종그린빌,40,,,11290,안암동1가, ,성북구,202412,2024-12-14,2024-12,월세,23,33㎡ 초과,안암동,서울특별시 성북구 안암동1가 87-1,37.5885002460396,127.020243888353,4.9,19795.91836734693,대형,476.8951666429039,6.169391391791399,0.5765691475090344,False,서울 성북구 고려대로7길 56-10,329.65675434854785,보문역,,0,869.5720219062839,1017.2665265417684,330.18323887487173,3.725934362064947,0,1,1,0,0,0,train
2009,25.02~27.02,신규,13,12,2024,1000,23.05,3,다세대,'64-14,브라운힐,60,,,11290,보문동2가, ,성북구,202412,2024-12-13,2024-12,월세,15,20㎡ 초과~33㎡ 이하,보문동,서울특별시 성북구 보문동2가 64-14,37.5856569512716,127.017634437579,4.9,15693.877551020409,중형,680.8623666386294,6.52482782902964,-0.3082350045162958,False,서울 성북구 지봉로23길 13-22,209.1458695848564,보문역,,0,884.2999533409775,1143.6637587480527,184.0865759102006,3.1376657694426577,0,0,0,0,0,1,train
1992,25.02~26.02,갱신,7,12,2024,25000,118.22,2,다세대,'131-4,(131-4),40,25000.0,30.0,11290,안암동3가, ,성북구,202412,2024-12-07,2024-12,월세,32,33㎡ 초과,안암동,서울특별시 성북구 안암동3가 131-4,37.5825592444035,127.023354316585,4.9,34795.91836734694,대형,294.33190972210235,5.688099841571298,-0.4530104414054819,False,서울 성북구 안암로9길 67,444.0289610044487,보문역,32346.938775510203,0,322.3678239671748,658.7446216102884,462.4855101091024,4.772547295396223,0,0,1,0,0,0,train
2014,25.01~27.01,신규,13,12,2024,9000,14.42,3,다세대,'35,해마루,26,,,11290,안암동1가, ,성북구,202412,2024-12-13,2024-12,월세,10,20㎡ 이하,안암동,서울특별시 성북구 안암동1가 35,37.5886156661735,127.019693653118,4.9,15367.34693877551,소형,1065.696736392199,6.9723219900900535,0.1656839088267542,False,서울 성북구 고려대로7마길 6,342.8985149839912,보문역,,0,912.505916991287,1066.2853451858073,339.78250688811045,2.668616131856803,0,0,1,0,1,0,train
2013,24.12~26.12,신규,4,12,2024,9000,13.02,1,다세대,'3-15,해마루,0,,,11290,보문동1가, ,성북구,202412,2024-12-04,2024-12,전세,11,20㎡ 이하,보문동,서울특별시 성북구 보문동1가 3-15,37.5880247363267,127.018952681536,4.9,9000.0,소형,691.2442396313364,6.5399388407905,-0.6429322263896239,False,서울 성북구 보문로30길 12-11,291.21387759176537,보문역,,0,916.6989953998028,1098.5570071510106,282.2828484896454,2.5664866367804238,1,0,0,0,1,0,train
2012,25.01~26.02,신규,14,1,2025,9000,12.25,3,다세대,'134-27,(134-27),0,,,11290,안암동5가, ,성북구,202501,2025-01-14,2025-01,전세,13,20㎡ 이하,안암동,서울특별시 성북구 안암동5가 134-27,37.5827951469634,127.028202358742,4.9,9000.0,소형,734.6938775510204,6.600814104966688,-1.127578574217486,False,서울 성북구 안암로9가길 85,400.9752776271348,안암역,,0,105.95196955041544,262.6624413342047,808.2007971721492,2.505525936990736,1,0,1,1,1,0,test
2011,25.01~26.01,신규,16,1,2025,1000,12.21,1,다세대,'149-2,그린빌,65,,,11290,안암동5가, ,성북구,202501,2025-01-16,2025-01,월세,14,20㎡ 이하,안암동,서울특별시 성북구 안암동5가 149-2,37.58838710205,127.028815534165,4.9,16918.367346938772,소형,1385.6156713299567,7.23462128842776,1.0787785037270508,False,서울 성북구 개운사길 41-6,234.16346400024963,안암역,,0,478.0887089357085,478.0887089357085,860.8915850081194,2.502255288122613,0,0,1,1,1,0,test
2011,25.01~26.01,신규,13,1,2025,1000,13.27,1,다세대,'102-93,theban,60,,,11290,안암동5가, ,성북구,202501,2025-01-13,2025-01,월세,14,20㎡ 이하,안암동,서울특별시 성북구 안암동5가 102-93,37.585020856236,127.02900534872,4.9,15693.877551020409,소형,1182.6584439352227,7.076365297420566,0.5278708538971474,False,서울 성북구 고려대로22길 25,144.46380952790796,안암역,,0,154.17784345135172,154.17784345135172,820.3812049019632,2.585505848344116,0,0,1,1,1,0,test
2001,25.02~27.02,신규,15,1,2025,25000,58.6,1,연립,'134-24,(134-24),0,,,11290,안암동3가, ,성북구,202501,2025-01-15,2025-01,전세,24,33㎡ 초과,안암동,서울특별시 성북구 안암동3가 134-24,37.5825324033312,127.023763011984,4.9,25000.0,대형,426.6211604095563,6.0582376643847455,0.3387889310948412,False,서울 성북구 안암로9길 66,470.8651714386865,보문역,,0,286.78829818830275,625.342325435319,490.1598738638645,4.070734696582967,1,1,1,0,0,0,test
2011,25.02~26.02,갱신,21,1,2025,1000,15.69,2,다세대,'15-5,MAIBAUM안암,59,1000.0,57.0,11290,안암동4가, ,성북구,202501,2025-01-21,2025-01,월세,14,20㎡ 이하,안암동,서울특별시 성북구 안암동4가 15-5,37.5814227391357,127.023313771075,4.9,15448.979591836734,소형,984.63859731273,6.8932897532469815,-0.1094365689694883,False,서울 성북구 안암로5길 54-4,543.0061961951634,보문역,14959.183673469388,0,359.12045905585205,709.4755434538754,558.5006427801934,2.753023566744941,0,0,1,0,1,0,test
2011,25.01~27.01,신규,15,1,2025,9400,12.68,3,다세대,'15-5,MAIBAUM안암,0,,,11290,안암동4가, ,성북구,202501,2025-01-15,2025-01,전세,14,20㎡ 이하,안암동,서울특별시 성북구 안암동4가 15-5,37.5814227391357,127.023313771075,4.9,9400.0,소형,741.3249211356467,6.609787046422193,-1.096342713522085,False,서울 성북구 안암로5길 54-4,543.0061961951634,보문역,,0,359.12045905585205,709.4755434538754,558.5006427801934,2.54002594900908,1,0,1,0,1,0,test
2002,25.02~27.02,신규,27,1,2025,1000,52.92,4,다세대,'133-48,(133-48),45,,,11290,안암동3가, ,성북구,202501,2025-01-27,2025-01,월세,23,33㎡ 초과,안암동,서울특별시 성북구 안암동3가 133-48,37.5839910570083,127.023585952075,4.9,12020.408163265303,대형,227.14301139957115,5.429972675300358,-1.0051964534295188,False,서울 성북구 보문로22길 58,359.69253213035967,보문역,,0,328.70180438659696,610.2153814031233,382.7287912100176,3.968781339246755,0,0,1,0,0,0,test
2012,25.03~27.02,신규,18,1,2025,1000,13.92,4,다세대,'134-4,(134-4),50,,,11290,보문동7가, ,성북구,202501,2025-01-18,2025-01,월세,13,20㎡ 이하,보문동,서울특별시 성북구 보문동7가 134-4,37.5791821520309,127.021879050593,4.9,13244.897959183672,소형,951.5012901712408,6.859091461510428,0.5802483823191508,False,서울 성북구 보문로13나길 22,726.2055075485071,보문역,,0,604.5437846170768,949.191256896952,734.2609546483098,2.633326654906273,0,0,0,0,1,0,test
1992,25.03~27.03,신규,20,1,2025,35000,157.2,2,연립,'127-3,신동빌라,50,,,11290,안암동5가, ,성북구,202501,2025-01-20,2025-01,월세,33,33㎡ 초과,안암동,서울특별시 성북구 안암동5가 127-3,37.5821431132698,127.026980536372,4.9,47244.89795918367,대형,300.5400633535857,5.708902887450855,-0.4085085352011258,False,서울 성북구 안암로9가길 49,503.8097590687852,안암역,,0,73.06260553216589,392.0474269278479,744.093765788379,5.057518879995106,0,1,1,1,0,0,test
2011,25.02~26.02,신규,22,1,2025,1000,12.0,1,다세대,'102-93,theban,60,,,11290,안암동5가, ,성북구,202501,2025-01-22,2025-01,월세,14,20㎡ 이하,안암동,서울특별시 성북구 안암동5가 102-93,37.585020856236,127.02900534872,4.9,15693.877551020409,소형,1307.8231292517005,7.176883637797849,0.877786975932198,False,서울 성북구 고려대로22길 25,144.46380952790796,안암역,,0,154.17784345135172,154.17784345135172,820.3812049019632,2.4849066497880004,0,0,1,1,1,0,test
2011,25.02~26.02,신규,3,1,2025,1000,12.0,1,다세대,'102-93,theban,60,,,11290,안암동5가, ,성북구,202501,2025-01-03,2025-01,월세,14,20㎡ 이하,안암동,서울특별시 성북구 안암동5가 102-93,37.585020856236,127.02900534872,4.9,15693.877551020409,소형,1307.8231292517005,7.176883637797849,0.877786975932198,False,서울 성북구 고려대로22길 25,144.46380952790796,안암역,,0,154.17784345135172,154.17784345135172,820.3812049019632,2.4849066497880004,0,0,1,1,1,0,test
2013,25.02~27.02,신규,11,1,2025,5000,14.57,2,다세대,'3-15,해마루,35,,,11290,보문동1가, ,성북구,202501,2025-01-11,2025-01,월세,12,20㎡ 이하,보문동,서울특별시 성북구 보문동1가 3-15,37.5880247363267,127.018952681536,4.9,13571.42857142857,소형,931.4638690067652,6.837830404393869,0.4987635029941403,False,서울 성북구 보문로30길 12-11,291.21387759176537,보문역,,0,916.6989953998028,1098.5570071510106,282.2828484896454,2.6789646202071133,0,0,0,0,1,0,test
2022,25.01~27.01,갱신,30,1,2025,29000,28.08,4,다세대,'134-11,탑스하우징,0,29000.0,0.0,11290,보문동7가,사용,성북구,202501,2025-01-30,2025-01,전세,3,20㎡ 초과~33㎡ 이하,보문동,서울특별시 성북구 보문동7가 134-11,37.5796315517269,127.021476041454,4.9,29000.0,중형,1032.7635327635328,6.940961337196383,0.9249599626633996,False,서울 성북구 보문로13나길 8-5,669.8658248177488,보문역,29000.0,0,600.896659962064,949.632077083748,677.1314730927518,3.3350575791576103,1,0,0,0,0,1,test
2003,25.02~27.02,신규,30,1,2025,1000,93.46,4,다세대,'8,옥인호주택,55,,,11290,안암동2가, ,성북구,202501,2025-01-30,2025-01,월세,22,33㎡ 초과,안암동,서울특별시 성북구 안암동2가 8,37.5869089314205,127.021164736446,4.9,14469.38775510204,대형,154.8190429606467,5.048695352929331,-1.8208254596933309,False,서울 성북구 고려대로11길 19-16,183.25537056601888,보문역,,0,687.8480037620799,872.238606229052,196.73408162401688,4.53753353727228,0,0,1,0,0,0,test
2017,25.01~27.01,갱신,17,1,2025,19900,25.04,4,다세대,'257,예담,0,20000.0,0.0,11290,안암동1가, ,성북구,202501,2025-01-17,2025-01,전세,8,20㎡ 초과~33㎡ 이하,안암동,서울특별시 성북구 안암동1가 257,37.5875713021913,127.021381744077,4.9,19900.0,중형,794.7284345047924,6.6792579649527335,-0.0800310607705025,False,서울 성북구 고려대로7나길 14,256.28189450343564,보문역,20000.0,0,725.6451886923893,881.9633294670743,267.3157549089593,3.2204745462318978,1,0,1,0,0,1,test
2012,25.02~27.02,신규,15,1,2025,500,12.25,5,다세대,'120-6,스타힐스,45,,,11290,안암동2가, ,성북구,202501,2025-01-15,2025-01,월세,13,20㎡ 이하,안암동,서울특별시 성북구 안암동2가 120-6,37.5865738225285,127.022304431991,4.9,11520.408163265303,소형,940.4414827155352,6.84741219291605,-0.2691417326159902,False,서울 성북구 고려대로7가길 24,232.97468930305547,보문역,,0,589.3089061779211,765.1410601864793,254.1028821343781,2.505525936990736,0,0,1,0,1,0,test
2003,25.02~27.02,신규,18,1,2025,1000,93.46,4,다세대,'8,옥인호주택,52,,,11290,안암동2가, ,성북구,202501,2025-01-18,2025-01,월세,22,33㎡ 초과,안암동,서울특별시 성북구 안암동2가 8,37.5869089314205,127.021164736446,4.9,13734.69387755102,대형,146.9579914139848,4.996928391676008,-1.931565419001106,False,서울 성북구 고려대로11길 19-16,183.25537056601888,보문역,,0,687.8480037620799,872.238606229052,196.73408162401688,4.53753353727228,0,0,1,0,0,0,test
2012,25.01~27.01,신규,24,1,2025,1000,13.21,2,다세대,'28,루미에르,45,,,11290,안암동1가, ,성북구,202501,2025-01-24,2025-01,월세,13,20㎡ 이하,안암동,서울특별시 성북구 안암동1가 28,37.588910508004,127.020008946433,4.9,12020.408163265303,소형,909.9476278020668,6.814485406915946,-0.3837637331881189,False,서울 성북구 고려대로7마길 14,374.5950016422433,보문역,,0,917.1378967236792,1057.0551604233938,373.4284316865992,2.580974118534234,0,0,1,0,1,0,test
2013,25.02~26.02,신규,10,1,2025,1000,16.92,3,다세대,'102-67,영산빌딩,61,,,11290,안암동5가, ,성북구,202501,2025-01-10,2025-01,월세,12,20㎡ 이하,안암동,서울특별시 성북구 안암동5가 102-67,37.5854959551678,127.028983795046,4.9,15938.77551020408,소형,942.0080088773096,6.849074775574391,-0.2633540875535464,False,서울 성북구 고려대로22길 15,92.87285163320595,안암역,,0,188.5058222135,188.5058222135,816.3170578685795,2.828496354178077,0,0,1,1,1,0,test
2011,25.01~26.01,신규,20,1,2025,1000,12.21,2,다세대,'149-2,그린빌,66,,,11290,안암동5가, ,성북구,202501,2025-01-20,2025-01,월세,14,20㎡ 이하,안암동,서울특별시 성북구 안암동5가 149-2,37.58838710205,127.028815534165,4.9,17163.26530612245,소형,1405.6728342442627,7.248982502886172,1.1287715741671256,False,서울 성북구 개운사길 41-6,234.16346400024963,안암역,,0,478.0887089357085,478.0887089357085,860.8915850081194,2.502255288122613,0,0,1,1,1,0,test
2003,25.02~27.02,신규,15,1,2025,1000,104.4,3,다세대,'8,옥인호주택,57,,,11290,안암동2가, ,성북구,202501,2025-01-15,2025-01,월세,22,33㎡ 초과,안암동,서울특별시 성북구 안암동2가 8,37.5869089314205,127.021164736446,4.9,14959.183673469388,대형,143.28719993744625,4.971805757323144,-1.9853077951920903,False,서울 성북구 고려대로11길 19-16,183.25537056601888,보문역,,0,687.8480037620799,872.238606229052,196.73408162401688,4.648229675448539,0,0,1,0,0,0,test
2011,25.02~27.02,신규,9,1,2025,1000,18.85,2,다세대,'9-16,탑하우스,40,,,11290,안암동5가, ,성북구,202501,2025-01-09,2025-01,월세,14,20㎡ 이하,안암동,서울특별시 성북구 안암동5가 9-16,37.5899871735891,127.03025955142,4.9,10795.918367346938,소형,572.7277648459914,6.352155006542735,-1.99319003479932,False,서울 성북구 개운사길 60-42,419.0407000820607,안암역,,0,632.7396627279808,632.7396627279808,1051.0808025539754,2.93651291389402,0,0,1,1,1,0,test
2014,25.03~27.03,신규,18,1,2025,5000,17.09,4,다세대,'75-10,(75-10),53,,,11290,보문동2가, ,성북구,202501,2025-01-18,2025-01,월세,11,20㎡ 이하,보문동,서울특별시 성북구 보문동2가 75-10,37.5851695046946,127.018287932064,4.9,17979.591836734693,소형,1052.0533549874017,6.959449180354025,0.9648782040853964,False,서울 성북구 지봉로 175-2,156.7330223806902,보문역,,0,811.6415388512596,1080.421392750233,133.449606038057,2.8384934971274998,0,0,0,0,1,0,test
2012,25.02~26.02,신규,18,1,2025,2000,12.0,4,다세대,'15-55,큰소나무,67,,,11290,안암동5가, ,성북구,202501,2025-01-18,2025-01,월세,13,20㎡ 이하,안암동,서울특별시 성북구 안암동5가 15-55,37.5876435799279,127.029636220866,4.9,18408.16326530612,소형,1534.0136054421766,7.3362945234622625,1.4327149493995222,False,서울 성북구 고려대로27길 27,152.75493553055347,안암역,,0,379.4999345617588,379.4999345617588,903.9568111992396,2.4849066497880004,0,0,1,1,1,0,test
2012,25.02~27.02,신규,4,1,2025,5000,12.58,4,다세대,'120-6,스타힐스,12,,,11290,안암동2가, ,성북구,202501,2025-01-04,2025-01,월세,13,20㎡ 이하,안암동,서울특별시 성북구 안암동2가 120-6,37.5865738225285,127.022304431991,4.9,7938.775510204081,소형,631.0632361052528,6.4489894462700414,-1.656098002622536,False,서울 성북구 고려대로7가길 24,232.97468930305547,보문역,,0,589.3089061779211,765.1410601864793,254.1028821343781,2.5321082512722946,0,0,1,0,1,0,test
2015,25.02~27.02,신규,14,1,2025,5000,27.32,2,다세대,'6,동은빌,82,,,11290,안암동1가, ,성북구,202501,2025-01-14,2025-01,월세,10,20㎡ 초과~33㎡ 이하,안암동,서울특별시 성북구 안암동1가 6,37.5890312632611,127.019877185804,4.9,25081.632653061224,중형,918.0685451340124,6.823360706227138,0.2871129196076177,False,서울 성북구 보문로30길 40-6,388.181701625532,보문역,,0,934.8834971736508,1073.7372462605574,386.2352745429992,3.307619034702589,0,0,1,0,0,1,test
2012,25.02~27.02,신규,4,1,2025,5000,28.34,4,다세대,'134-4,(134-4),54,,,11290,보문동7가, ,성북구,202501,2025-01-04,2025-01,월세,13,20㎡ 초과~33㎡ 이하,보문동,서울특별시 성북구 보문동7가 134-4,37.5791821520309,127.021879050593,4.9,18224.489795918365,중형,643.0659772730545,6.467801170038556,-0.4772312220347803,False,서울 성북구 보문로13나길 22,726.2055075485071,보문역,,0,604.5437846170768,949.191256896952,734.2609546483098,3.3442742342625342,0,0,0,0,0,1,test
2023,25.01~25.12,신규,21,1,2025,410,29.45,3,다세대,'7,타임아트빌,33,,,11290,보문동2가, ,성북구,202501,2025-01-21,2025-01,월세,2,20㎡ 초과~33㎡ 이하,보문동,서울특별시 성북구 보문동2가 7,37.5874311292438,127.017412828246,4.9,8491.632653061224,중형,288.34066733654413,5.667604773608352,-2.84858116013602,False,서울 성북구 지봉로23길 55,310.24279116189246,보문역,,0,989.3654188794284,1204.5930009563292,290.8918046102396,3.382693910097596,0,0,0,0,0,1,test
2001,25.02~27.02,신규,2,1,2025,5000,48.84,2,연립,'87-1,성종그린빌,50,,,11290,안암동1가, ,성북구,202501,2025-01-02,2025-01,월세,24,33㎡ 초과,안암동,서울특별시 성북구 안암동1가 87-1,37.5885002460396,127.020243888353,4.9,17244.897959183672,대형,353.08963880392446,5.869550098040009,-0.0648517870969754,False,서울 성북구 고려대로7길 56-10,329.65675434854785,보문역,,0,869.5720219062839,1017.2665265417684,330.18323887487173,3.888549649242504,0,1,1,0,0,0,test
2001,25.02~27.02,신규,14,1,2025,10000,45.51,5,연립,'87-1,성종그린빌,25,,,11290,안암동1가, ,성북구,202501,2025-01-14,2025-01,월세,24,33㎡ 초과,안암동,서울특별시 성북구 안암동1가 87-1,37.5885002460396,127.020243888353,4.9,16122.448979591836,대형,354.26167830349016,5.872854639916102,-0.0577827062772891,False,서울 성북구 고려대로7길 56-10,329.65675434854785,보문역,,0,869.5720219062839,1017.2665265417684,330.18323887487173,3.8179320820285514,0,1,1,0,0,0,test
2003,25.02~27.02,신규,24,1,2025,1000,104.4,3,다세대,'8,옥인호주택,52,,,11290,안암동2가, ,성북구,202501,2025-01-24,2025-01,월세,22,33㎡ 초과,안암동,서울특별시 성북구 안암동2가 8,37.5869089314205,127.021164736446,4.9,13734.69387755102,대형,131.55837047462663,4.887023080304569,-2.166675022004898,False,서울 성북구 고려대로11길 19-16,183.25537056601888,보문역,,0,687.8480037620799,872.238606229052,196.73408162401688,4.648229675448539,0,0,1,0,0,0,test
2001,25.01~27.01,신규,13,1,2025,500,43.87,5,다세대,'75-4,대원빌,52,,,11290,보문동2가, ,성북구,202501,2025-01-13,2025-01,월세,24,33㎡ 초과,보문동,서울특별시 성북구 보문동2가 75-4,37.5852628821095,127.018063669098,4.9,13234.69387755102,대형,301.67982396970643,5.712675560253885,-1.1699976980811055,False,서울 성북구 지봉로23길 5-13,173.720121992488,보문역,,0,833.7099063707234,1101.0652645981693,149.64166135515558,3.7812307151781215,0,0,0,0,0,0,test
2010,25.02~27.02,신규,11,1,2025,500,16.32,4,다세대,'75-5,(75-5),45,,,11290,보문동2가, ,성북구,202501,2025-01-11,2025-01,월세,15,20㎡ 이하,보문동,서울특별시 성북구 보문동2가 75-5,37.5852105580652,127.017908434026,4.9,11520.408163265303,소형,705.907362945178,6.5608996289455215,-0.5625981543815656,False,서울 성북구 지봉로23길 5-15,188.2462421810256,보문역,,0,844.7779330328794,1114.1366128926045,164.28883342805997,2.792391349535961,0,0,0,0,1,0,test
2018,25.02~27.02,신규,23,1,2025,1000,14.52,7,다세대,'114-1,(114-1),54,,,11290,보문동2가, ,성북구,202501,2025-01-23,2025-01,월세,7,20㎡ 이하,보문동,서울특별시 성북구 보문동2가 114-1,37.5846755232308,127.019214157549,4.9,14224.489795918367,소형,979.6480575701356,6.888213636348036,0.6918616896591807,False,서울 성북구 지봉로24길 9-1,118.8038179392723,보문역,,0,717.0682193311576,995.3503098289827,107.9784038078537,2.67552700939665,0,0,0,0,1,0,test
2017,25.02~26.02,신규,4,1,2025,1000,35.91,3,다세대,'134-24,제니하우스,61,,,11290,안암동5가, ,성북구,202501,2025-01-04,2025-01,월세,8,33㎡ 초과,안암동,서울특별시 성북구 안암동5가 134-24,37.5822804188352,127.02778259363,4.9,15938.77551020408,대형,443.8533976665019,6.097744784441764,0.4233026201652178,False,서울 성북구 안암로9가길 71,465.6741094900241,안암역,,0,89.96457393445408,328.28091666262696,798.5830152540294,3.5810158082379915,0,0,1,1,0,0,test
2015,25.02~27.02,신규,14,1,2025,1000,13.09,4,다세대,'6,동은빌,54,,,11290,안암동1가, ,성북구,202501,2025-01-14,2025-01,월세,10,20㎡ 이하,안암동,서울특별시 성북구 안암동1가 6,37.5890312632611,127.019877185804,4.9,14224.489795918367,소형,1086.6684336072092,6.991791632447835,0.2334600154126108,False,서울 성북구 보문로30길 40-6,388.181701625532,보문역,,0,934.8834971736508,1073.7372462605574,386.2352745429992,2.5718485799218085,0,0,1,0,1,0,test
2002,25.02~27.01,신규,12,1,2025,2000,27.72,4,다세대,'74-5,승화빌,75,,,11290,보문동2가, ,성북구,202501,2025-01-12,2025-01,월세,23,20㎡ 초과~33㎡ 이하,보문동,서울특별시 성북구 보문동2가 74-5,37.5855547382236,127.017903081971,4.9,20367.34693877551,중형,734.7527755691021,6.600894159541536,-0.0828154838140349,False,서울 성북구 지봉로23길 13-11,185.0868867414957,보문역,,0,858.1280943493584,1118.7296200670005,160.10005084563207,3.3221541743217022,0,0,0,0,0,1,test
2002,25.01~27.01,신규,24,1,2025,1000,26.04,2,다세대,'133-48,(133-48),45,,,11290,안암동3가, ,성북구,202501,2025-01-24,2025-01,월세,23,20㎡ 초과~33㎡ 이하,안암동,서울특별시 성북구 안암동3가 133-48,37.5839910570083,127.023585952075,4.9,12020.408163265303,중형,461.6132167152575,6.136891319893441,-1.4618690961220508,False,서울 성북구 보문로22길 58,359.69253213035967,보문역,,0,328.70180438659696,610.2153814031233,382.7287912100176,3.2596338173403683,0,0,1,0,0,1,test
2013,25.02~27.02,신규,28,1,2025,8000,14.91,3,다세대,'28,뉴스타안암,15,,,11290,안암동2가, ,성북구,202501,2025-01-28,2025-01,월세,12,20㎡ 이하,안암동,서울특별시 성북구 안암동2가 28,37.5872142206758,127.02148139002,4.9,11673.469387755102,소형,782.9288657112744,6.664318283722835,-0.90651308626805,False,서울 성북구 보문로26길 48,227.03527655410068,보문역,,0,690.9347463471147,858.20784474037,240.67128238702588,2.702032128776647,0,0,1,0,1,0,test
2001,25.02~27.02,신규,25,1,2025,12000,43.18,4,다세대,'110-4,(110-4),0,,,11290,안암동5가, ,성북구,202501,2025-01-25,2025-01,전세,24,33㎡ 초과,안암동,서울특별시 성북구 안암동5가 110-4,37.5815352331814,127.027284293462,4.9,12000.0,대형,277.9064381658175,5.630876378504039,-0.5754229573827752,False,서울 성북구 안암로9가길 54,557.7460079584192,안암역,,0,142.8495099353387,418.0996234993864,802.8552122552657,3.765377425086661,1,0,1,1,0,0,test
2011,25.01~26.01,신규,7,1,2025,1000,13.68,1,다세대,'102-93,theban,60,,,11290,안암동5가, ,성북구,202501,2025-01-07,2025-01,월세,14,20㎡ 이하,안암동,서울특별시 성북구 안암동5가 102-93,37.585020856236,127.02900534872,4.9,15693.877551020409,소형,1147.2132712734217,7.045962335995795,0.4220345824246277,False,서울 성북구 고려대로22길 25,144.46380952790796,안암역,,0,154.17784345135172,154.17784345135172,820.3812049019632,2.615934912194404,0,0,1,1,1,0,test
2011,25.02~27.02,신규,22,1,2025,9500,17.12,2,다세대,'9-16,탑하우스,0,,,11290,안암동5가, ,성북구,202501,2025-01-22,2025-01,전세,14,20㎡ 이하,안암동,서울특별시 성북구 안암동5가 9-16,37.5899871735891,127.03025955142,4.9,9500.0,소형,554.9065420560747,6.320600190294701,-2.1030360478910377,False,서울 성북구 개운사길 60-42,419.0407000820607,안암역,,0,632.7396627279808,632.7396627279808,1051.0808025539754,2.840247370713596,1,0,1,1,1,0,test
2021,25.02~27.02,신규,22,1,2025,26900,29.74,2,다세대,'41-7,신성프라임,25,,,11290,보문동6가, ,성북구,202501,2025-01-22,2025-01,월세,4,20㎡ 초과~33㎡ 이하,보문동,서울특별시 성북구 보문동6가 41-7,37.5826069999263,127.018796430637,4.9,33022.448979591834,중형,1110.3715191523818,7.013350134417396,1.1394812609035208,False,서울 성북구 보문로21길 31-3,343.2208423074522,보문역,,0,723.2093521131305,1048.3382721029172,338.293524717172,3.392492941032009,0,0,0,0,0,1,test
2016,25.01~27.01,갱신,21,1,2025,5000,29.56,4,다세대,'79-4,더리치빌,81,5000.0,77.0,11290,보문동4가, ,성북구,202501,2025-01-21,2025-01,월세,9,20㎡ 초과~33㎡ 이하,보문동,서울특별시 성북구 보문동4가 79-4,37.5823285816602,127.021501723257,4.9,24836.73469387755,중형,840.2142995222447,6.734846442640608,0.3141467365265938,False,서울 성북구 고려대로2길 76,380.8928772607329,보문역,23857.14285714285,0,487.3313359325827,822.6573866301491,392.1202727493698,3.386422096080001,0,0,0,0,0,1,test
2011,25.01~27.01,신규,15,1,2025,10000,12.68,3,다세대,'15-5,MAIBAUM안암,0,,,11290,안암동4가, ,성북구,202501,2025-01-15,2025-01,전세,14,20㎡ 이하,안암동,서울특별시 성북구 안암동4가 15-5,37.5814227391357,127.023313771075,4.9,10000.0,소형,788.6435331230284,6.671581619734031,-0.8812285624633818,False,서울 성북구 안암로5길 54-4,543.0061961951634,보문역,,0,359.12045905585205,709.4755434538754,558.5006427801934,2.54002594900908,1,0,1,0,1,0,test
2003,25.02~27.02,신규,18,1,2025,1000,104.4,3,다세대,'8,옥인호주택,55,,,11290,안암동2가, ,성북구,202501,2025-01-18,2025-01,월세,22,33㎡ 초과,안암동,서울특별시 성북구 안암동2가 8,37.5869089314205,127.021164736446,4.9,14469.38775510204,대형,138.59566815231838,4.9387501594193,-2.056020378626393,False,서울 성북구 고려대로11길 19-16,183.25537056601888,보문역,,0,687.8480037620799,872.238606229052,196.73408162401688,4.648229675448539,0,0,1,0,0,0,test
2019,25.01~26.01,신규,3,1,2025,2000,24.24,4,다세대,'102-90,코윈,57,,,11290,안암동5가, ,성북구,202501,2025-01-03,2025-01,월세,6,20㎡ 초과~33㎡ 이하,안암동,서울특별시 성북구 안암동5가 102-90,37.5846008086626,127.029023979843,4.9,15959.183673469388,중형,658.382164747087,6.491303282572543,-0.5589007173051015,False,서울 성북구 고려대로22길 35,190.66157151314,안암역,,0,134.2946021779898,134.2946021779898,826.7405875393961,3.1880041612011136,0,0,1,1,0,1,test
2013,25.03~26.02,신규,9,1,2025,1000,13.7,3,다세대,'110-6,E&I,66,,,11290,안암동5가, ,성북구,202501,2025-01-09,2025-01,월세,12,20㎡ 이하,안암동,서울특별시 성북구 안암동5가 110-6,37.5812859176473,127.026938112,4.9,17163.26530612245,소형,1252.793088038135,7.1339287060141245,0.728255824745006,False,서울 성북구 안암로 45,593.8686310018182,안암역,,0,168.44658047772734,459.1734550356916,793.9927513365587,2.617395832834079,0,0,1,1,1,0,test
2016,23.11~25.11,갱신,10,1,2025,28000,50.55,2,다세대,'232-5,주함해븐빌(C동),0,28000.0,0.0,11290,보문동5가, ,성북구,202501,2025-01-10,2025-01,전세,9,33㎡ 초과,보문동,서울특별시 성북구 보문동5가 232-5,37.5809196100961,127.020475504999,4.9,28000.0,대형,553.9070227497527,6.318800573135268,0.4034645040609974,False,서울 성북구 보문로15길 20,515.6327107431371,보문역,28000.0,0,611.7788111338735,959.997443553532,520.264847332014,3.92296294546648,1,0,0,0,0,0,test
2013,25.02~27.02,신규,2,1,2025,7000,12.15,4,다세대,'28,뉴스타안암,20,,,11290,안암동2가, ,성북구,202501,2025-01-02,2025-01,월세,12,20㎡ 이하,안암동,서울특별시 성북구 안암동2가 28,37.5872142206758,127.02148139002,4.9,11897.959183673467,소형,979.2558998908204,6.887813659915686,-0.1284994915684566,False,서울 성북구 보문로26길 48,227.03527655410068,보문역,,0,690.9347463471147,858.20784474037,240.67128238702588,2.4973291697865574,0,0,1,0,1,0,test
2016,23.12~25.12,갱신,10,1,2025,28000,50.55,3,다세대,'232-5,주함해븐빌(C동),0,28000.0,0.0,11290,보문동5가,사용,성북구,202501,2025-01-10,2025-01,전세,9,33㎡ 초과,보문동,서울특별시 성북구 보문동5가 232-5,37.5809196100961,127.020475504999,4.9,28000.0,대형,553.9070227497527,6.318800573135268,0.4034645040609974,False,서울 성북구 보문로15길 20,515.6327107431371,보문역,28000.0,0,611.7788111338735,959.997443553532,520.264847332014,3.92296294546648,1,0,0,0,0,0,test
2002,25.03~27.03,갱신,9,1,2025,17363,44.33,3,다세대,'1-5,재성주택,0,16537.0,0.0,11290,보문동2가,사용,성북구,202501,2025-01-09,2025-01,전세,23,33㎡ 초과,보문동,서울특별시 성북구 보문동2가 1-5,37.587555071862,127.017641678685,4.9,17363.0,대형,391.6760658696143,5.972985012106553,-0.4942508230207663,False,서울 성북구 지봉로23길 56,305.66584382578367,보문역,16537.0,0,979.5726361121102,1189.423025025264,287.66387327886355,3.7916616487569614,1,0,0,0,0,0,test
2015,25.02~27.02,신규,8,1,2025,12000,27.32,4,다세대,'6,동은빌,50,,,11290,안암동1가, ,성북구,202501,2025-01-08,2025-01,월세,10,20㎡ 초과~33㎡ 이하,안암동,서울특별시 성북구 안암동1가 6,37.5890312632611,127.019877185804,4.9,24244.897959183672,중형,887.4413601458152,6.789468646706301,0.2007629617536071,False,서울 성북구 보문로30길 40-6,388.181701625532,보문역,,0,934.8834971736508,1073.7372462605574,386.2352745429992,3.307619034702589,0,0,1,0,0,1,test
2019,25.02~27.02,신규,4,1,2025,23900,29.9,9,다세대,'100,보문엘타워,0,,,11290,보문동7가, ,성북구,202501,2025-01-04,2025-01,전세,6,20㎡ 초과~33㎡ 이하,보문동,서울특별시 성북구 보문동7가 100,37.57981163882,127.022081428254,4.9,23900.0,중형,799.3311036789298,6.6850255216420535,0.1665044346453041,False,서울 성북구 보문로 49,662.941502463666,보문역,,0,546.14736911873,894.1001424405406,672.20698034622,3.3978584803966405,1,0,0,0,0,1,test
2022,25.02~27.02,신규,6,1,2025,3000,29.75,4,다세대,'159-3,스텔라153,135,,,11290,보문동5가, ,성북구,202501,2025-01-06,2025-01,월세,3,20㎡ 초과~33㎡ 이하,보문동,서울특별시 성북구 보문동5가 159-3,37.5820065871023,127.020885522519,4.9,36061.22448979592,중형,1212.1419996570055,7.100968966937513,1.3991361581262485,False,서울 성북구 보문로 75,400.6960170207058,보문역,,0,545.9792741658392,884.7621579628762,408.2510868591892,3.392829131991639,0,0,0,0,0,1,test
2012,25.04~27.04,신규,27,2,2025,1000,12.79,3,다세대,'74-11,베데스타2,49,,,11290,보문동2가, ,성북구,202502,2025-02-27,2025-02,월세,13,20㎡ 이하,보문동,서울특별시 성북구 보문동2가 74-11,37.5854865875137,127.018136522855,5.1,12529.411764705885,소형,979.6256266384584,6.888190762506554,0.6917740236413217,False,서울 성북구 지봉로23길 5-8,164.62556409820291,보문역,,0,836.2084060729292,1097.3868311308154,139.76782674161174,2.548663615590751,0,0,0,0,1,0,test
1997,25.04~27.04,신규,7,2,2025,18000,43.82,4,연립,'103-125,(103-125),0,,,11290,안암동5가, ,성북구,202502,2025-02-07,2025-02,전세,28,33㎡ 초과,안암동,서울특별시 성북구 안암동5가 103-125,37.5849276822978,127.030480316289,5.1,18000.0,대형,410.7713372889092,6.020468188696047,0.257992413401347,False,서울 성북구 고려대로24가길 14-21,188.70404179226668,안암역,,0,69.81663518882324,69.81663518882324,950.760026363707,3.78009033416732,1,1,1,1,0,0,test
2018,25.03~26.03,신규,24,2,2025,1000,17.78,6,다세대,'104-23,(104-23),78,,,11290,안암동5가, ,성북구,202502,2025-02-24,2025-02,월세,7,20㎡ 이하,안암동,서울특별시 성북구 안암동5가 104-23,37.5840193002156,127.030132370974,5.1,19352.94117647059,소형,1088.4668828161186,6.9934437572417485,0.2392112554234829,False,서울 성북구 고려대로26길 49,266.47269242866594,안암역,,0,44.98462591261373,44.98462591261373,933.3600838099724,2.8780742300857587,0,0,1,1,1,0,test
1997,25.05~27.05,신규,28,2,2025,13900,52.96,4,다세대,'134-1,장백주택,10,,,11290,안암동3가, ,성북구,202502,2025-02-28,2025-02,월세,28,33㎡ 초과,안암동,서울특별시 성북구 안암동3가 134-1,37.5831600751501,127.024011605849,5.1,16252.941176470587,대형,306.89088324151413,5.729745445013404,-0.3639221055466619,False,서울 성북구 보문로18길 54-1,441.4396196446324,보문역,,0,266.359959733537,585.6253038941029,462.8411154996926,3.9695369116287527,0,0,1,0,0,0,test
2019,25.03~27.03,갱신,16,2,2025,23000,38.34,2,다세대,'195,로하스빌13차,0,23000.0,0.0,11290,보문동5가,사용,성북구,202502,2025-02-16,2025-02,전세,6,33㎡ 초과,보문동,서울특별시 성북구 보문동5가 195,37.5815593777309,127.020114191509,5.1,23000.0,대형,599.8956703182055,6.398421325985592,0.610154943250315,False,서울 성북구 보문로17길 20,442.9210770207923,보문역,23000.0,0,622.2593456429851,964.5890252340027,446.2029703925552,3.6464937376174986,1,0,0,0,0,0,test
2022,25.02~26.02,갱신,17,2,2025,5000,32.6,3,다세대,'159-3,스텔라153,125,5000.0,115.0,11290,보문동5가, ,성북구,202502,2025-02-17,2025-02,월세,3,20㎡ 초과~33㎡ 이하,보문동,서울특별시 성북구 보문동5가 159-3,37.5820065871023,127.020885522519,5.1,34411.76470588235,중형,1055.5756044749187,6.962788395759255,0.9896435755900608,False,서울 성북구 보문로 75,400.6960170207058,보문역,32058.82352941177,0,545.9792741658392,884.7621579628762,408.2510868591892,3.484312288372662,0,0,0,0,0,1,test
1985,25.03~27.03,신규,11,2,2025,35000,109.84,2,연립,'54-5,(54-5),0,,,11290,안암동3가, ,성북구,202502,2025-02-11,2025-02,전세,40,33㎡ 초과,안암동,서울특별시 성북구 안암동3가 54-5,37.5849754136772,127.023020059204,5.1,35000.0,대형,318.64530225782954,5.767211950586141,-0.2837737019688283,False,서울 성북구 고려대로14길 30,273.16240306459343,보문역,,0,426.03500858457664,663.3732801198828,297.964970907059,4.699024761459715,1,1,1,0,0,0,test
2011,25.02~27.02,신규,1,2,2025,9400,12.68,2,다세대,'15-5,MAIBAUM안암,0,,,11290,안암동4가, ,성북구,202502,2025-02-01,2025-02,전세,14,20㎡ 이하,안암동,서울특별시 성북구 안암동4가 15-5,37.5814227391357,127.023313771075,5.1,9400.0,소형,741.3249211356467,6.609787046422193,-1.096342713522085,False,서울 성북구 안암로5길 54-4,543.0061961951634,보문역,,0,359.12045905585205,709.4755434538754,558.5006427801934,2.54002594900908,1,0,1,0,1,0,test
2015,25.03~27.03,신규,18,2,2025,13000,20.08,3,다세대,'74-3,범진우주하우스,25,,,11290,보문동2가, ,성북구,202502,2025-02-18,2025-02,월세,10,20㎡ 초과~33㎡ 이하,보문동,서울특별시 성북구 보문동2가 74-3,37.5856640691289,127.018227480843,5.1,18882.352941176472,중형,940.3562221701432,6.847321624985964,0.6474624298769456,False,서울 성북구 지봉로23길 13-5,157.08690650371963,보문역,,0,836.0431027826141,1091.9950963803549,132.0223830526954,2.9997242948235283,0,0,0,0,0,1,test
2004,25.05~27.05,신규,10,2,2025,24500,63.88,3,다세대,'312,보문동다세대,5,,,11290,보문동6가, ,성북구,202502,2025-02-10,2025-02,월세,21,33㎡ 초과,보문동,서울특별시 성북구 보문동6가 312,37.5792312889007,127.019643972842,5.1,25676.470588235294,대형,401.9485063906589,5.998808778077111,-0.4272139596541192,False,서울 성북구 보문로13바길 7,702.4002727895332,보문역,,0,760.0385086239188,1110.3208488147088,703.7524554334282,4.157006323346812,0,0,0,0,0,0,test
2022,25.02~26.02,신규,18,2,2025,1000,28.28,2,다세대,'149-1,TheGoldCity,165,,,11290,안암동5가, ,성북구,202502,2025-02-18,2025-02,월세,3,20㎡ 초과~33㎡ 이하,안암동,서울특별시 성북구 안암동5가 149-1,37.5885579379589,127.028783897453,5.1,39823.52941176471,중형,1408.187037191114,7.250768247724174,1.3760589357700488,False,서울 성북구 개운사2길 9,253.3616724327488,안암역,,0,497.0221536302352,497.0221536302352,865.4342293535547,3.342154841028372,0,0,1,1,0,1,test
2017,25.03~27.02,신규,22,2,2025,1000,27.51,3,다세대,'257,예담,60,,,11290,안암동1가, ,성북구,202502,2025-02-22,2025-02,월세,8,20㎡ 초과~33㎡ 이하,안암동,서울특별시 성북구 안암동1가 257,37.5875713021913,127.021381744077,5.1,15117.64705882353,중형,549.5327902153227,6.310886518812683,-1.0185653162428845,False,서울 성북구 고려대로7나길 14,256.28189450343564,보문역,,0,725.6451886923893,881.9633294670743,267.3157549089593,3.3145495749364837,0,0,1,0,0,1,test
2012,25.03~26.03,신규,14,2,2025,4000,14.13,4,다세대,'12-24,(12-24),60,,,11290,안암동5가, ,성북구,202502,2025-02-14,2025-02,월세,13,20㎡ 이하,안암동,서울특별시 성북구 안암동5가 12-24,37.5890048138564,127.029936464902,5.1,18117.64705882353,소형,1282.2113983597685,7.157121119834463,0.8089913350427779,False,서울 성북구 고려대로27길 52-7,306.26710788830525,안암역,,0,525.5027062656495,525.5027062656495,978.315946177262,2.6483001966964363,0,0,1,1,1,0,test
2013,25.02~26.02,신규,19,2,2025,1000,13.94,1,다세대,'102-91,(102-91),71,,,11290,안암동5가, ,성북구,202502,2025-02-19,2025-02,월세,12,20㎡ 이하,안암동,서울특별시 성북구 안암동5가 102-91,37.5847491130107,127.029020414455,5.1,17705.88235294118,소형,1270.1493796944892,7.147676793547388,0.7761145285097303,False,서울 성북구 고려대로22길 31,174.28917605071155,안암역,,0,139.61355973925984,139.61355973925984,824.4621698790479,2.6347624053323777,0,0,1,1,1,0,test
2001,25.03~27.03,신규,6,2,2025,10000,31.68,3,다세대,'74-13,인성빌라,40,,,11290,보문동2가, ,성북구,202502,2025-02-06,2025-02,월세,24,20㎡ 초과~33㎡ 이하,보문동,서울특별시 성북구 보문동2가 74-13,37.5855932163398,127.018451071054,5.1,19411.76470588236,중형,612.7450980392157,6.419579692175353,-0.6201336383118209,False,서울 성북구 지봉로23길 9,136.9146303223722,보문역,,0,814.8256272538686,1071.4022800372577,111.87350454731178,3.455685566946225,0,0,0,0,0,1,test
1995,25.02~27.02,신규,8,2,2025,2000,37.72,4,연립,'133-59,(133-59),90,,,11290,안암동3가, ,성북구,202502,2025-02-08,2025-02,월세,30,33㎡ 초과,안암동,서울특별시 성북구 안암동3가 133-59,37.5840594839597,127.02291754252,5.1,23176.470588235294,대형,614.434533092134,6.422328576185407,1.1176527427030205,False,서울 성북구 보문로22길 46,305.1176216616871,보문역,,0,386.03825160308816,668.6808564359112,327.4531488079916,3.6301904577652566,0,1,1,0,0,0,test
2003,25.04~27.04,신규,25,2,2025,2000,19.5,5,다세대,'76-1,복성로즈빌,55,,,11290,보문동6가, ,성북구,202502,2025-02-25,2025-02,월세,22,20㎡ 이하,보문동,서울특별시 성북구 보문동6가 76-1,37.5815767043558,127.019411483711,5.1,14941.176470588236,소형,766.2141779788839,6.642766003558644,-0.2488380426639329,False,서울 성북구 지봉로20길 74-3,443.9628115803976,보문역,,0,682.3921700339046,1022.9541849936576,443.7557944225809,2.970414465569701,0,0,0,0,1,0,test
2013,25.02~27.02,신규,2,2,2025,7500,12.15,2,다세대,'28,뉴스타안암,10,,,11290,안암동2가, ,성북구,202502,2025-02-02,2025-02,월세,12,20㎡ 이하,안암동,서울특별시 성북구 안암동2가 28,37.5872142206758,127.02148139002,5.1,9852.941176470587,소형,810.9416606148632,6.699428491047172,-0.7842903402033418,False,서울 성북구 보문로26길 48,227.03527655410068,보문역,,0,690.9347463471147,858.20784474037,240.67128238702588,2.4973291697865574,0,0,1,0,1,0,test
2022,25.02~27.02,신규,10,2,2025,5000,32.6,2,다세대,'159-3,스텔라153,120,,,11290,보문동5가, ,성북구,202502,2025-02-10,2025-02,월세,3,20㎡ 초과~33㎡ 이하,보문동,서울특별시 성북구 보문동5가 159-3,37.5820065871023,127.020885522519,5.1,33235.29411764706,중형,1019.4875496210756,6.928035781902154,0.8866555977804389,False,서울 성북구 보문로 75,400.6960170207058,보문역,,0,545.9792741658392,884.7621579628762,408.2510868591892,3.484312288372662,0,0,0,0,0,1,test
2012,25.02~26.02,신규,13,2,2025,3000,14.13,5,다세대,'12-24,(12-24),65,,,11290,안암동5가, ,성북구,202502,2025-02-13,2025-02,월세,13,20㎡ 이하,안암동,서울특별시 성북구 안암동5가 12-24,37.5890048138564,127.029936464902,5.1,18294.117647058825,소형,1294.7004704217145,7.166806731698459,0.8427080849439942,False,서울 성북구 고려대로27길 52-7,306.26710788830525,안암역,,0,525.5027062656495,525.5027062656495,978.315946177262,2.6483001966964363,0,0,1,1,1,0,test
2005,25.02~27.02,신규,15,2,2025,2000,72.52,2,다세대,'47,기원빌라,60,,,11290,안암동3가, ,성북구,202502,2025-02-15,2025-02,월세,20,33㎡ 초과,안암동,서울특별시 성북구 안암동3가 47,37.5847449790216,127.022346229739,5.1,16117.64705882353,대형,222.25106258719703,5.408296979374383,-1.0515651338908636,False,서울 성북구 고려대로12길 32,224.6377446161844,보문역,,0,463.6152471243175,720.1867794485319,248.5261000462212,4.283862385886651,0,0,1,0,0,0,test
2012,25.04~27.04,신규,17,2,2025,8000,17.34,2,다세대,'74-11,베데스타2,10,,,11290,보문동2가, ,성북구,202502,2025-02-17,2025-02,월세,13,20㎡ 이하,보문동,서울특별시 성북구 보문동2가 74-11,37.5854865875137,127.018136522855,5.1,10352.941176470587,소형,597.0554311690073,6.393683443917338,-1.2034689532092615,False,서울 성북구 지봉로23길 5-8,164.62556409820291,보문역,,0,836.2084060729292,1097.3868311308154,139.76782674161174,2.853015971352396,0,0,0,0,1,0,test
2012,25.04~26.04,신규,17,2,2025,8000,17.34,2,다세대,'74-11,베데스타2,10,,,11290,보문동2가, ,성북구,202502,2025-02-17,2025-02,월세,13,20㎡ 이하,보문동,서울특별시 성북구 보문동2가 74-11,37.5854865875137,127.018136522855,5.1,10352.941176470587,소형,597.0554311690073,6.393683443917338,-1.2034689532092615,False,서울 성북구 지봉로23길 5-8,164.62556409820291,보문역,,0,836.2084060729292,1097.3868311308154,139.76782674161174,2.853015971352396,0,0,0,0,1,0,test
2012,25.02~26.02,신규,6,2,2025,1000,22.89,3,다세대,'15-17,(15-17),72,,,11290,안암동5가, ,성북구,202502,2025-02-06,2025-02,월세,13,20㎡ 초과~33㎡ 이하,안암동,서울특별시 성북구 안암동5가 15-17,37.588419662907,127.029404194445,5.1,17941.176470588238,중형,783.7997584354844,6.6654286004471865,-0.1152654212397314,False,서울 성북구 개운사길 42-3,235.35245330358865,안암역,,0,468.151269508039,468.151269508039,910.6340734988736,3.130700133964476,0,0,1,1,0,1,test
2003,25.02~27.02,신규,9,2,2025,1000,59.02,1,다세대,'8,옥인호주택,55,,,11290,안암동2가, ,성북구,202502,2025-02-09,2025-02,월세,22,33㎡ 초과,안암동,서울특별시 성북구 안암동2가 8,37.5869089314205,127.021164736446,5.1,13941.176470588236,대형,236.211055076046,5.468950272597578,-0.921815520222204,False,서울 성북구 고려대로11길 19-16,183.25537056601888,보문역,,0,687.8480037620799,872.238606229052,196.73408162401688,4.077876369514794,0,0,1,0,0,0,test
2019,25.02~26.02,신규,8,2,2025,1000,14.0,6,다세대,'103-25,대륜빌딩,65,,,11290,안암동5가, ,성북구,202502,2025-02-08,2025-02,월세,6,20㎡ 이하,안암동,서울특별시 성북구 안암동5가 103-25,37.5855307947847,127.029822873704,5.1,16294.117647058823,소형,1163.8655462184877,7.060360948368187,0.4721578393857216,False,서울 성북구 고려대로26길 14,100.77302502846884,안암역,,0,149.29895034913778,149.29895034913778,890.2277309393359,2.6390573296152584,0,0,1,1,1,0,test
2003,25.02~27.02,신규,5,2,2025,5000,42.28,3,다세대,'136,안암동다세대주택,60,,,11290,안암동2가, ,성북구,202502,2025-02-05,2025-02,월세,22,33㎡ 초과,안암동,서울특별시 성북구 안암동2가 136,37.5866304835872,127.022835226842,5.1,19117.64705882353,대형,452.1676220156937,6.116262083564813,0.4629148535613732,False,서울 성북구 고려대로7가길 34,277.3369361298584,보문역,,0,562.223604934242,723.3953829471576,299.1956805906455,3.7443141610020367,0,0,1,0,0,0,test
2011,25.02~26.02,신규,14,2,2025,2000,14.16,3,다세대,'9-16,탑하우스,38,,,11290,안암동5가, ,성북구,202502,2025-02-14,2025-02,월세,14,20㎡ 이하,안암동,서울특별시 성북구 안암동5가 9-16,37.5899871735891,127.03025955142,5.1,10941.176470588236,소형,772.6819541375872,6.651160877175329,-0.952315560302754,False,서울 성북구 개운사길 60-42,419.0407000820607,안암역,,0,632.7396627279808,632.7396627279808,1051.0808025539754,2.6504210882655737,0,0,1,1,1,0,test
2013,25.02~27.02,신규,13,2,2025,3000,13.5,3,다세대,'10-1,(10-1),35,,,11290,안암동1가, ,성북구,202502,2025-02-13,2025-02,월세,12,20㎡ 이하,안암동,서울특별시 성북구 안암동1가 10-1,37.5891488973123,127.019550678014,5.1,11235.29411764706,소형,832.244008714597,6.725326526900489,-0.6941362425520681,False,서울 성북구 보문로30길 36-3,403.08215098858034,보문역,,0,963.973936083318,1105.2288070939644,399.34596808740486,2.602689685444384,0,0,1,0,1,0,test
2013,25.03~27.01,신규,6,2,2025,3000,12.19,3,다세대,'10-1,(10-1),40,,,11290,안암동1가, ,성북구,202502,2025-02-06,2025-02,월세,12,20㎡ 이하,안암동,서울특별시 성북구 안암동1가 10-1,37.5891488973123,127.019550678014,5.1,12411.764705882351,소형,1018.1923466679536,6.926765775633458,0.0070973878255431,False,서울 성북구 보문로30길 36-3,403.08215098858034,보문역,,0,963.973936083318,1105.2288070939644,399.34596808740486,2.5006159434931803,0,0,1,0,1,0,test
2017,25.02~26.02,신규,12,2,2025,1000,19.72,4,다세대,'134-24,제니하우스,95,,,11290,안암동5가, ,성북구,202502,2025-02-12,2025-02,월세,8,20㎡ 이하,안암동,서울특별시 성북구 안암동5가 134-24,37.5822804188352,127.02778259363,5.1,23352.94117647059,소형,1184.2262259873526,7.077688943354822,0.53247862050495,False,서울 성북구 안암로9가길 71,465.6741094900241,안암역,,0,89.96457393445408,328.28091666262696,798.5830152540294,2.9816333491744893,0,0,1,1,1,0,test
2001,25.04~27.04,신규,6,2,2025,10000,31.68,3,다세대,'74-13,인성빌라,40,,,11290,보문동2가, ,성북구,202502,2025-02-06,2025-02,월세,24,20㎡ 초과~33㎡ 이하,보문동,서울특별시 성북구 보문동2가 74-13,37.5855932163398,127.018451071054,5.1,19411.76470588236,중형,612.7450980392157,6.419579692175353,-0.6201336383118209,False,서울 성북구 지봉로23길 9,136.9146303223722,보문역,,0,814.8256272538686,1071.4022800372577,111.87350454731178,3.455685566946225,0,0,0,0,0,1,test
1995,25.02~27.02,갱신,5,2,2025,23000,60.59,1,연립,'133-3,기주빌라,0,22000.0,0.0,11290,안암동3가, ,성북구,202502,2025-02-05,2025-02,전세,30,33㎡ 초과,안암동,서울특별시 성북구 안암동3가 133-3,37.5832997343531,127.023538296672,5.1,23000.0,대형,379.6005941574517,5.941750515968166,0.0895994526472771,False,서울 성북구 고려대로12길 65-4,398.9539174314005,보문역,22000.0,0,310.06062145489494,623.4512725172118,419.9643717062827,4.104129862956897,1,1,1,0,0,0,test
2011,25.02~26.02,신규,3,2,2025,1000,12.0,4,다세대,'102-93,theban,60,,,11290,안암동5가, ,성북구,202502,2025-02-03,2025-02,월세,14,20㎡ 이하,안암동,서울특별시 성북구 안암동5가 102-93,37.585020856236,127.02900534872,5.1,15117.64705882353,소형,1259.8039215686274,7.139504829479986,0.7476669639643692,False,서울 성북구 고려대로22길 25,144.46380952790796,안암역,,0,154.17784345135172,154.17784345135172,820.3812049019632,2.4849066497880004,0,0,1,1,1,0,test
1998,25.05~27.05,신규,25,3,2025,30000,66.99,3,연립,'134-32,금강빌라,0,,,11290,안암동3가, ,성북구,202503,2025-03-25,2025-03,전세,27,33㎡ 초과,안암동,서울특별시 성북구 안암동3가 134-32,37.5821693626162,127.023913697368,5.2,30000.0,대형,447.8280340349306,6.106639816684873,0.442330886163351,False,서울 성북구 안암로9나길 3,509.2482995236016,보문역,,0,280.8578848569047,626.8684142866084,527.9245823469598,4.204543354520176,1,1,1,0,0,0,test
2019,25.04~26.04,신규,20,3,2025,1000,16.41,6,다세대,'103-25,대륜빌딩,70,,,11290,안암동5가, ,성북구,202503,2025-03-20,2025-03,월세,6,20㎡ 이하,안암동,서울특별시 성북구 안암동5가 103-25,37.5855307947847,127.029822873704,5.2,17153.846153846152,소형,1045.3288332630195,6.953042967364678,0.0985713715189499,False,서울 성북구 고려대로26길 14,100.77302502846884,안암역,,0,149.29895034913778,149.29895034913778,890.2277309393359,2.797890905102,0,0,1,1,1,0,test
2017,25.04~27.04,신규,3,3,2025,3000,26.29,2,다세대,'74-4,(74-4),110,,,11290,보문동2가, ,성북구,202503,2025-03-03,2025-03,월세,8,20㎡ 초과~33㎡ 이하,보문동,서울특별시 성북구 보문동2가 74-4,37.5856076020013,127.018063978834,5.2,28384.615384615383,중형,1079.6734646107031,6.985339704117322,1.05647347374703,False,서울 성북구 지봉로23길 13-9,171.06065159319274,보문역,,0,847.0480143176586,1105.4214813741974,146.01736067850436,3.26918863874179,0,0,0,0,0,1,test
2018,25.06~27.06,신규,23,3,2025,23000,36.03,4,다세대,'78-2,78-2,0,,,11290,안암동3가, ,성북구,202503,2025-03-23,2025-03,전세,7,33㎡ 초과,안암동,서울특별시 성북구 안암동3가 78-2,37.5832618426455,127.022875974363,5.2,23000.0,대형,638.3569247849015,6.460462866175142,1.1992296716834336,False,서울 성북구 보문로18길 39,358.23512196261527,보문역,,0,367.0143478699426,681.6580164598807,377.6762538421997,3.5843519247600018,1,0,1,0,0,0,test
1997,25.03~27.03,신규,6,3,2025,17000,48.42,4,연립,'103-125,(103-125),0,,,11290,안암동5가, ,성북구,202503,2025-03-06,2025-03,전세,28,33㎡ 초과,안암동,서울특별시 성북구 안암동5가 103-125,37.5849276822978,127.030480316289,5.2,17000.0,대형,351.0945890128046,5.863899858286048,-0.0769387882514566,False,서울 성북구 고려대로24가길 14-21,188.70404179226668,안암역,,0,69.81663518882324,69.81663518882324,950.760026363707,3.8799129515099127,1,1,1,1,0,0,test
1997,25.05~27.05,신규,29,3,2025,9800,32.76,2,다세대,'207-2,BESSOHOUSE,41,,,11290,보문동3가, ,성북구,202503,2025-03-29,2025-03,월세,28,20㎡ 초과~33㎡ 이하,보문동,서울특별시 성북구 보문동3가 207-2,37.5838886300916,127.017847546579,5.2,19261.53846153846,중형,587.959049497511,6.378356655763461,-0.7422964539403127,False,서울 성북구 보문사길 39,264.34504371609194,보문역,,0,815.5325228088915,1115.8395096003146,248.52075618483056,3.4892082589848687,0,0,0,0,0,1,test
2002,25.05~27.05,신규,7,3,2025,3000,79.82,4,다세대,'154-1,광성빌라,50,,,11290,보문동6가, ,성북구,202503,2025-03-07,2025-03,월세,23,33㎡ 초과,보문동,서울특별시 성북구 보문동6가 154-1,37.5796385717577,127.01944109438,5.2,14538.461538461535,대형,182.1405855482528,5.210254084945704,-2.4742520748867074,False,서울 성북구 보문로13길 49,658.2658910530525,보문역,,0,753.1679035250523,1103.7811736379165,658.891303890405,4.379774099620588,0,0,0,0,0,0,test
1985,25.04~27.04,신규,10,3,2025,35000,111.53,2,연립,'54-3,(54-3),0,,,11290,안암동3가, ,성북구,202503,2025-03-10,2025-03,전세,40,33㎡ 초과,안암동,서울특별시 성북구 안암동3가 54-3,37.585388607642,127.023027545657,5.2,35000.0,대형,313.8169102483637,5.751991232534965,-0.3163338843093392,False,서울 성북구 고려대로14길 24,267.0079737588122,보문역,,0,453.1904532749157,669.4808957237514,292.06942888916745,4.714293613006445,1,1,1,0,0,0,test
2013,25.05~27.04,갱신,24,3,2025,14000,19.8,4,다세대,'10-1,(10-1),0,14000.0,0.0,11290,안암동1가, ,성북구,202503,2025-03-24,2025-03,전세,12,20㎡ 이하,안암동,서울특별시 성북구 안암동1가 10-1,37.5891488973123,127.019550678014,5.2,14000.0,소형,707.070707070707,6.562543957451105,-1.2608014423836296,False,서울 성북구 보문로30길 36-3,403.08215098858034,보문역,14000.0,0,963.973936083318,1105.2288070939644,399.34596808740486,2.9856819377004897,1,0,1,0,1,0,test
2010,25.03~27.03,신규,1,3,2025,500,16.32,3,다세대,'75-5,(75-5),45,,,11290,보문동2가, ,성북구,202503,2025-03-01,2025-03,월세,15,20㎡ 이하,보문동,서울특별시 성북구 보문동2가 75-5,37.5852105580652,127.017908434026,5.2,10884.615384615385,소형,666.9494720965308,6.5042125301016975,-0.7798564677029877,False,서울 성북구 지봉로23길 5-15,188.2462421810256,보문역,,0,844.7779330328794,1114.1366128926045,164.28883342805997,2.792391349535961,0,0,0,0,1,0,test
1997,25.03~27.02,신규,23,3,2025,2000,53.6,3,연립,'103-125,(103-125),120,,,11290,안암동5가, ,성북구,202503,2025-03-23,2025-03,월세,28,33㎡ 초과,안암동,서울특별시 성북구 안암동5가 103-125,37.5849276822978,127.030480316289,5.2,29692.30769230769,대형,553.9609644087255,6.318897776874162,0.8963934253780594,False,서울 성북구 고려대로24가길 14-21,188.70404179226668,안암역,,0,69.81663518882324,69.81663518882324,950.760026363707,3.981549068076757,0,1,1,1,0,0,test
2004,25.03~27.02,신규,1,3,2025,4000,61.69,1,다세대,'133-55,모닝힐3차,120,,,11290,안암동3가, ,성북구,202503,2025-03-01,2025-03,월세,21,33㎡ 초과,안암동,서울특별시 성북구 안암동3가 133-55,37.5836767386596,127.023393951658,5.2,31692.30769230769,대형,513.7349277404392,6.24365206474184,0.7354276878134849,False,서울 성북구 보문로22길 54-10,363.6730887643203,보문역,,0,332.3779093648748,629.9910763296729,385.5615760835471,4.122121843221548,0,0,1,0,0,0,test
2011,25.03~26.02,신규,11,3,2025,1000,13.53,3,다세대,'9-16,탑하우스,45,,,11290,안암동5가, ,성북구,202503,2025-03-11,2025-03,월세,14,20㎡ 이하,안암동,서울특별시 성북구 안암동5가 9-16,37.5899871735891,127.03025955142,5.2,11384.615384615385,소형,841.4349877764511,6.736296493405105,-0.6559485036405244,False,서울 성북구 개운사길 60-42,419.0407000820607,안암역,,0,632.7396627279808,632.7396627279808,1051.0808025539754,2.604909442182697,0,0,1,1,1,0,test
1997,25.04~27.04,신규,8,3,2025,8000,32.82,2,다세대,'207-2,BESSOHOUSE,45,,,11290,보문동3가, ,성북구,202503,2025-03-08,2025-03,월세,28,20㎡ 초과~33㎡ 이하,보문동,서울특별시 성북구 보문동3가 207-2,37.5838886300916,127.017847546579,5.2,18384.615384615383,중형,560.1650025781652,6.330014984519948,-0.8855550584809215,False,서울 성북구 보문사길 39,264.34504371609194,보문역,,0,815.5325228088915,1115.8395096003146,248.52075618483056,3.4910380856619447,0,0,0,0,0,1,test
2018,25.02~27.02,갱신,5,3,2025,12000,15.84,7,다세대,'114-1,(114-1),12,12000.0,9.0,11290,보문동2가,사용,성북구,202503,2025-03-05,2025-03,월세,7,20㎡ 이하,보문동,서울특별시 성북구 보문동2가 114-1,37.5846755232308,127.019214157549,5.2,14769.23076923077,소형,932.4009324009324,6.838834832444864,0.5026130622177131,False,서울 성북구 지봉로24길 9-1,118.8038179392723,보문역,14076.923076923076,0,717.0682193311576,995.3503098289827,107.9784038078537,2.76253838638628,0,0,0,0,1,0,test
2003,25.03~27.03,신규,4,3,2025,100,42.12,5,다세대,'138,에스엠빌라(138-0),25,,,11290,안암동2가, ,성북구,202503,2025-03-04,2025-03,월세,22,33㎡ 초과,안암동,서울특별시 성북구 안암동2가 138,37.5866404160299,127.022723707618,5.2,5869.230769230769,대형,139.34545985828038,4.944106953572729,-2.0445611167302205,False,서울 성북구 고려대로7가길 32,269.0301372317622,보문역,,0,569.5142662004934,732.9696700185459,290.6613581284848,3.740522687265775,0,0,1,0,0,0,test
1994,25.04~27.04,신규,7,4,2025,1000,34.32,1,다세대,'119-7,(119-7),70,,,11290,안암동2가, ,성북구,202504,2025-04-07,2025-04,월세,31,33㎡ 초과,안암동,서울특별시 성북구 안암동2가 119-7,37.5865918501353,127.024535900058,5.2,17153.846153846152,대형,499.8206921283844,6.21624813708005,0.6768051656358846,False,서울 성북구 고려대로7가길 66,415.12681864229165,안암역,,0,474.25771502479415,584.0615678919718,439.5910187345864,3.5357282746197614,0,0,1,1,0,0,test
2002,25.05~27.05,신규,8,4,2025,1000,31.115,2,다세대,'74-5,승화빌,80,,,11290,보문동2가, ,성북구,202504,2025-04-08,2025-04,월세,23,20㎡ 초과~33㎡ 이하,보문동,서울특별시 성북구 보문동2가 74-5,37.5855547382236,127.017903081971,5.2,19461.53846153846,중형,625.4712666411205,6.440102909982088,-0.5593139051903627,False,서울 성북구 지봉로23길 13-11,185.0868867414957,보문역,,0,858.1280943493584,1118.7296200670005,160.10005084563207,3.4376900180211813,0,0,0,0,0,1,test
1990,25.06~27.06,신규,18,4,2025,47000,126.75,1,연립,'129-2,"성북퍼시픽하우스(A,B동)",0,,,11290,안암동5가, ,성북구,202504,2025-04-18,2025-04,전세,35,33㎡ 초과,안암동,서울특별시 성북구 안암동5가 129-2,37.5815222010026,127.026749811011,5.2,47000.0,대형,370.8086785009862,5.918379416868037,0.0396039632334546,False,서울 성북구 안암로9가길 45,575.3407304910654,안암역,,0,143.78502142008372,452.33879129201495,765.0542779926056,4.842216642471293,1,1,1,1,0,0,test
2016,25.06~27.06,신규,30,4,2025,3000,27.24,7,다세대,'79-4,더리치빌,87,,,11290,보문동4가, ,성북구,202504,2025-04-30,2025-04,월세,9,20㎡ 초과~33㎡ 이하,보문동,서울특별시 성북구 보문동4가 79-4,37.5823285816602,127.021501723257,5.2,23076.923076923074,중형,847.1704506946797,6.743081618771159,0.3385513508119798,False,서울 성북구 고려대로2길 76,380.8928772607329,보문역,,0,487.3313359325827,822.6573866301491,392.1202727493698,3.3046864812813115,0,0,0,0,0,1,test
2022,25.02~27.02,갱신,23,4,2025,27400,26.55,5,다세대,'134-11,탑스하우징,0,28000.0,0.0,11290,보문동7가, ,성북구,202504,2025-04-23,2025-04,전세,3,20㎡ 초과~33㎡ 이하,보문동,서울특별시 성북구 보문동7가 134-11,37.5796315517269,127.021476041454,5.2,27400.0,중형,1032.015065913371,6.940237053634166,0.9228135773658755,False,서울 성북구 보문로13나길 8-5,669.8658248177488,보문역,28000.0,0,600.896659962064,949.632077083748,677.1314730927518,3.279029747687948,1,0,0,0,0,1,test
2012,25.06~27.06,갱신,16,4,2025,500,13.92,3,다세대,'134-4,(134-4),52,500.0,50.0,11290,보문동7가,사용,성북구,202504,2025-04-16,2025-04,월세,13,20㎡ 이하,보문동,서울특별시 성북구 보문동7가 134-4,37.5791821520309,127.021879050593,5.2,12499.999999999998,소형,897.9885057471263,6.801270248791582,0.3586434773988095,False,서울 성북구 보문로13나길 22,726.2055075485071,보문역,12038.461538461535,0,604.5437846170768,949.191256896952,734.2609546483098,2.633326654906273,0,0,0,0,1,0,test
2013,25.04~27.04,신규,14,4,2025,9000,14.57,3,다세대,'3-15,해마루,0,,,11290,보문동1가, ,성북구,202504,2025-04-14,2025-04,전세,12,20㎡ 이하,보문동,서울특별시 성북구 보문동1가 3-15,37.5880247363267,127.018952681536,5.2,9000.0,소형,617.7076183939602,6.4276328160120615,-1.073354986009393,False,서울 성북구 보문로30길 12-11,291.21387759176537,보문역,,0,916.6989953998028,1098.5570071510106,282.2828484896454,2.6789646202071133,1,0,0,0,1,0,test
2002,25.04~27.04,신규,9,4,2025,1000,71.64,2,다세대,'133-48,(133-48),45,,,11290,안암동3가, ,성북구,202504,2025-04-09,2025-04,월세,23,33㎡ 초과,안암동,서울특별시 성북구 안암동3가 133-48,37.5839910570083,127.023585952075,5.2,11384.615384615385,대형,158.91422926598804,5.0746376044109205,-1.765329757340531,False,서울 성북구 보문로22길 58,359.69253213035967,보문역,,0,328.70180438659696,610.2153814031233,382.7287912100176,4.271653577192511,0,0,1,0,0,0,test
2019,25.04~26.04,신규,2,4,2025,1000,14.0,4,다세대,'103-25,대륜빌딩,65,,,11290,안암동5가, ,성북구,202504,2025-04-02,2025-04,월세,6,20㎡ 이하,안암동,서울특별시 성북구 안암동5가 103-25,37.5855307947847,127.029822873704,5.2,15999.999999999998,소형,1142.857142857143,7.04216128901732,0.4088026924691358,False,서울 성북구 고려대로26길 14,100.77302502846884,안암역,,0,149.29895034913778,149.29895034913778,890.2277309393359,2.6390573296152584,0,0,1,1,1,0,test
2015,25.07~27.07,신규,27,5,2025,5000,45.97,5,다세대,'74-3,범진우주하우스,110,,,11290,보문동2가, ,성북구,202505,2025-05-27,2025-05,월세,10,33㎡ 초과,보문동,서울특별시 성북구 보문동2가 74-3,37.5856640691289,127.018227480843,5.2,30384.615384615383,대형,660.9661819581332,6.495214469976755,0.8614238238605889,False,서울 성북구 지봉로23길 13-5,157.08690650371963,보문역,,0,836.0431027826141,1091.9950963803549,132.0223830526954,3.8279890098181366,0,0,0,0,0,0,test
2016,25.08~26.08,신규,12,5,2025,1000,13.33,4,다세대,'134-18,구겸빌딩,57,,,11290,안암동5가, ,성북구,202505,2025-05-12,2025-05,월세,9,20㎡ 이하,안암동,서울특별시 성북구 안암동5가 134-18,37.5821226988368,127.028355509673,5.2,14153.846153846152,소형,1061.8039125165906,6.968665895208004,0.1529566141050441,False,서울 성북구 안암로 61-1,471.7061588626256,안암역,,0,141.207167454645,307.1223076007429,851.5378236064181,2.5900171341906173,0,0,1,1,1,0,test
2013,25.05~26.09,갱신,9,5,2025,9450,35.75,4,다세대,'199,태영빌,35,9450.0,35.0,11290,보문동5가, ,성북구,202505,2025-05-09,2025-05,월세,12,33㎡ 초과,보문동,서울특별시 성북구 보문동5가 199,37.5816530339054,127.020389097902,5.2,17526.923076923078,대형,490.2635825712749,6.196980811801296,0.0872281075100957,False,서울 성북구 보문로17길 14,433.7324459743769,보문역,17526.923076923078,0,596.3475761496918,938.3173047476604,438.4174188879834,3.5765502691400166,0,0,0,0,0,0,test
2015,25.08~27.08,신규,28,5,2025,3000,13.09,3,다세대,'6,동은빌,38,,,11290,안암동1가, ,성북구,202505,2025-05-28,2025-05,월세,10,20㎡ 이하,안암동,서울특별시 성북구 안암동1가 6,37.5890312632611,127.019877185804,5.2,11769.230769230768,소형,899.100899100899,6.802506867152552,-0.4254624338025271,False,서울 성북구 보문로30길 40-6,388.181701625532,보문역,,0,934.8834971736508,1073.7372462605574,386.2352745429992,2.5718485799218085,0,0,1,0,1,0,test
1990,25.07~27.07,신규,20,5,2025,50000,125.2,2,연립,'129-2,"성북퍼시픽하우스(A,B동)",0,,,11290,안암동5가, ,성북구,202505,2025-05-20,2025-05,전세,35,33㎡ 초과,안암동,서울특별시 성북구 안암동5가 129-2,37.5815222010026,127.026749811011,5.2,50000.0,대형,399.36102236421726,5.992366695959849,0.1978776589952354,False,서울 성북구 안암로9가길 45,575.3407304910654,안암역,,0,143.78502142008372,452.33879129201495,765.0542779926056,4.829912458665998,1,1,1,1,0,0,test
2019,25.06~27.06,신규,9,5,2025,1000,19.34,3,다세대,'105-3,E.SVill,50,,,11290,안암동1가, ,성북구,202505,2025-05-09,2025-05,월세,6,20㎡ 이하,안암동,서울특별시 성북구 안암동1가 105-3,37.5879341880433,127.020558833338,5.2,12538.461538461535,소형,648.3175562803277,6.47592189792963,-1.5623429823322343,False,서울 성북구 고려대로7다길 5,270.4954149793068,보문역,,0,805.0197178822772,964.6844828426848,274.14946234955704,2.962175490025148,0,0,1,0,1,0,test
2021,25.06~27.06,신규,26,5,2025,10000,53.35,2,다세대,'41-17,라이크힐1차,145,,,11290,안암동4가, ,성북구,202505,2025-05-26,2025-05,월세,4,33㎡ 초과,안암동,서울특별시 성북구 안암동4가 41-17,37.5805004056081,127.025007463669,5.2,43461.53846153846,대형,814.6492682575157,6.703984444253871,1.720171388061901,False,서울 성북구 안암로9길 14-5,713.2065008313491,보문역,,0,310.183018565629,642.4622311112454,730.4831329320195,3.976873977747762,0,0,1,0,0,0,test
1993,25.06~27.06,신규,16,5,2025,1000,39.75,3,다세대,'119-2,일광빌라(1동),60,,,11290,안암동2가, ,성북구,202505,2025-05-16,2025-05,월세,32,33㎡ 초과,안암동,서울특별시 성북구 안암동2가 119-2,37.5865718241046,127.024651038695,5.2,14846.153846153846,대형,373.4881470730528,5.925560152451203,0.0549650033066468,False,서울 성북구 고려대로7가길 66-1,404.84389544982827,안암역,,0,467.7014937623162,573.9663037459477,448.8292840255174,3.6826098411003407,0,0,1,1,0,0,test
2016,25.07~27.07,신규,15,5,2025,3000,47.72,7,다세대,'79-4,더리치빌,91,,,11290,보문동4가, ,성북구,202505,2025-05-15,2025-05,월세,9,33㎡ 초과,보문동,서울특별시 성북구 보문동4가 79-4,37.5823285816602,127.021501723257,5.2,24000.0,대형,502.9337803855825,6.222444871315349,0.1533311956634654,False,서울 성북구 고려대로2길 76,380.8928772607329,보문역,,0,487.3313359325827,822.6573866301491,392.1202727493698,3.8653505972297153,0,0,0,0,0,0,test
2012,25.06~27.06,신규,30,5,2025,1000,13.92,2,다세대,'134-4,(134-4),53,,,11290,보문동7가, ,성북구,202505,2025-05-30,2025-05,월세,13,20㎡ 이하,보문동,서울특별시 성북구 보문동7가 134-4,37.5791821520309,127.021879050593,5.2,13230.76923076923,소형,950.4862953138816,6.858025283389052,0.5761621604966448,False,서울 성북구 보문로13나길 22,726.2055075485071,보문역,,0,604.5437846170768,949.191256896952,734.2609546483098,2.633326654906273,0,0,0,0,1,0,test
2019,25.05~27.05,갱신,21,5,2025,24000,29.88,9,다세대,'100,보문엘타워,0,25000.0,0.0,11290,보문동7가,사용,성북구,202505,2025-05-21,2025-05,전세,6,20㎡ 초과~33㎡ 이하,보문동,서울특별시 성북구 보문동7가 100,37.57981163882,127.022081428254,5.2,24000.0,중형,803.2128514056225,6.689863974695626,0.1808429962787747,False,서울 성북구 보문로 49,662.941502463666,보문역,25000.0,0,546.14736911873,894.1001424405406,672.20698034622,3.3971893602646164,1,0,0,0,0,1,test
2008,25.06~27.06,신규,27,5,2025,7100,13.16,2,다세대,'171,승민아트빌,15,,,11290,보문동5가, ,성북구,202505,2025-05-27,2025-05,월세,17,20㎡ 이하,보문동,서울특별시 성북구 보문동5가 171,37.5820315128318,127.020029181913,5.2,10561.53846153846,소형,802.5485153144728,6.689037563335445,-0.0714982027903957,False,서울 성북구 지봉로24길 70-10,390.32121984232265,보문역,,0,620.1795847194261,956.5315442239414,393.2946483718082,2.5771819258971718,0,0,0,0,1,0,test
2001,25.06~27.05,신규,1,5,2025,500,26.23,3,다세대,'75-4,대원빌,55,,,11290,보문동2가, ,성북구,202505,2025-05-01,2025-05,월세,24,20㎡ 초과~33㎡ 이하,보문동,서울특별시 성북구 보문동2가 75-4,37.5852628821095,127.018063669098,5.2,13192.307692307691,중형,502.9473005073462,6.2224717001189065,-1.204255270010625,False,서울 성북구 지봉로23길 5-13,173.720121992488,보문역,,0,833.7099063707234,1101.0652645981693,149.64166135515558,3.2669037938787824,0,0,0,0,0,1,test
1995,25.06~27.05,신규,25,5,2025,13000,55.32,3,연립,'133-3,기주빌라,42,,,11290,안암동3가, ,성북구,202505,2025-05-25,2025-05,월세,30,33㎡ 초과,안암동,서울특별시 성북구 안암동3가 133-3,37.5832997343531,127.023538296672,5.2,22692.30769230769,대형,410.20078981033424,6.019081634884087,0.2550262954566776,False,서울 성북구 고려대로12길 65-4,398.9539174314005,보문역,,0,310.06062145489494,623.4512725172118,419.9643717062827,4.013134506796558,0,1,1,0,0,0,test
2019,25.05~27.05,갱신,21,5,2025,25000,29.88,9,다세대,'100,보문엘타워,0,25000.0,0.0,11290,보문동7가,사용,성북구,202505,2025-05-21,2025-05,전세,6,20㎡ 초과~33㎡ 이하,보문동,서울특별시 성북구 보문동7가 100,37.57981163882,127.022081428254,5.2,25000.0,중형,836.6800535475235,6.730636229902808,0.3016699398805261,False,서울 성북구 보문로 49,662.941502463666,보문역,25000.0,0,546.14736911873,894.1001424405406,672.20698034622,3.3971893602646164,1,0,0,0,0,1,test
2020,25.05~27.05,신규,4,5,2025,2000,13.99,4,다세대,'42-41,(42-41),35,,,11290,보문동6가, ,성북구,202505,2025-05-04,2025-05,월세,5,20㎡ 이하,보문동,서울특별시 성북구 보문동6가 42-41,37.5818624642491,127.018509247657,5.2,10076.923076923076,소형,720.2947160059382,6.581047813829028,-0.485378456186414,False,서울 성북구 보문로21가길 19,429.7791183312202,보문역,,0,755.428683346882,1090.8185674506628,424.7641223289555,2.63834278867739,0,0,0,0,1,0,test
2012,25.06~27.06,신규,20,5,2025,8200,13.92,2,다세대,'134-4,(134-4),7,,,11290,보문동7가, ,성북구,202505,2025-05-20,2025-05,월세,13,20㎡ 이하,보문동,서울특별시 성북구 보문동7가 134-4,37.5791821520309,127.021879050593,5.2,9815.384615384615,소형,705.1282051282051,6.559796814673121,-0.5668247874888364,False,서울 성북구 보문로13나길 22,726.2055075485071,보문역,,0,604.5437846170768,949.191256896952,734.2609546483098,2.633326654906273,0,0,0,0,1,0,test
2011,25.05~27.05,신규,16,5,2025,1000,20.47,2,다세대,'2-2,(2-2),56,,,11290,보문동2가, ,성북구,202505,2025-05-16,2025-05,월세,14,20㎡ 초과~33㎡ 이하,보문동,서울특별시 성북구 보문동2가 2-2,37.5872920463973,127.017812694376,5.2,13923.076923076922,중형,680.1698545714178,6.523811694390969,-0.3112462787775448,False,서울 성북구 지봉로23길 50,274.1288529809032,보문역,,0,951.2446356577402,1166.4026777308086,255.61189878310088,3.018960399673198,0,0,0,0,0,1,test
2022,25.05~27.05,갱신,16,5,2025,24000,28.41,2,다세대,'134-11,탑스하우징,12,28000.0,0.0,11290,보문동7가,사용,성북구,202505,2025-05-16,2025-05,월세,3,20㎡ 초과~33㎡ 이하,보문동,서울특별시 성북구 보문동7가 134-11,37.5796315517269,127.021476041454,5.2,26769.23076923077,중형,942.2467711802452,6.849327935759044,0.6534080514128329,False,서울 성북구 보문로13나길 8-5,669.8658248177488,보문역,28000.0,0,600.896659962064,949.632077083748,677.1314730927518,3.3467411958660964,0,0,0,0,0,1,test
2014,25.05~27.02,신규,1,5,2025,11000,14.99,3,다세대,'35,해마루,0,,,11290,안암동1가, ,성북구,202505,2025-05-01,2025-05,전세,11,20㎡ 이하,안암동,서울특별시 성북구 안암동1가 35,37.5886156661735,127.019693653118,5.2,11000.0,소형,733.8225483655771,6.5996290392685975,-1.1317039267837572,False,서울 성북구 고려대로7마길 6,342.8985149839912,보문역,,0,912.505916991287,1066.2853451858073,339.78250688811045,2.7073833121145063,1,0,1,0,1,0,test
2018,25.07~27.06,신규,23,6,2025,6693,44.52,3,다세대,'317-14,더트레져,25,,,11290,안암동1가, ,성북구,202506,2025-06-23,2025-06,월세,7,33㎡ 초과,안암동,서울특별시 성북구 안암동1가 317-14,37.5888033124093,127.022861818902,5.1,12575.352941176472,대형,282.4652502510438,5.6470895415846,-0.5407397351823141,False,서울 성북구 고려대로17가길 69,441.5479571593212,보문역,,0,760.6361248601963,838.8811645755954,454.6428533891021,3.795938526407344,0,0,1,0,0,0,test
2011,25.06~27.06,신규,6,6,2025,2000,12.68,3,다세대,'15-5,MAIBAUM안암,45,,,11290,안암동4가, ,성북구,202506,2025-06-06,2025-06,월세,14,20㎡ 이하,안암동,서울특별시 성북구 안암동4가 15-5,37.5814227391357,127.023313771075,5.1,12588.235294117649,소형,992.7630358136946,6.901498783682448,-0.0808599720532969,False,서울 성북구 안암로5길 54-4,543.0061961951634,보문역,,0,359.12045905585205,709.4755434538754,558.5006427801934,2.54002594900908,0,0,1,0,1,0,test
2011,25.07~27.01,신규,21,6,2025,1000,12.0,3,다세대,'102-93,theban,60,,,11290,안암동5가, ,성북구,202506,2025-06-21,2025-06,월세,14,20㎡ 이하,안암동,서울특별시 성북구 안암동5가 102-93,37.585020856236,127.02900534872,5.1,15117.64705882353,소형,1259.8039215686274,7.139504829479986,0.7476669639643692,False,서울 성북구 고려대로22길 25,144.46380952790796,안암역,,0,154.17784345135172,154.17784345135172,820.3812049019632,2.4849066497880004,0,0,1,1,1,0,test
2017,25.07~27.07,신규,5,6,2025,2000,26.4,3,다세대,'5-4,(5-4),62,,,11290,안암동1가, ,성북구,202506,2025-06-05,2025-06,월세,8,20㎡ 초과~33㎡ 이하,안암동,서울특별시 성북구 안암동1가 5-4,37.5888786683193,127.019679116523,5.1,16588.23529411765,중형,628.342245989305,6.444675219996332,-0.677699376790359,False,서울 성북구 고려대로7마길 9,372.15363711536713,보문역,,0,934.3420092081054,1080.8908992522204,369.036663346123,3.2733640101522705,0,0,1,0,0,1,test
2012,25.07~26.07,신규,16,6,2025,1000,15.11,3,다세대,'15-18,(15-18),49,,,11290,안암동5가, ,성북구,202506,2025-06-16,2025-06,월세,13,20㎡ 이하,안암동,서울특별시 성북구 안암동5가 15-18,37.5885766181077,127.029394971863,5.1,12529.411764705885,소형,829.2132206952934,6.721682560203408,-0.7068213176406725,False,서울 성북구 개운사길 50,252.72475498357505,안암역,,0,485.4043348835692,485.4043348835692,916.1170435028008,2.715356776284648,0,0,1,1,1,0,test
2013,25.06~26.09,갱신,6,6,2025,6300,33.56,4,다세대,'199,태영빌,35,6300.0,35.0,11290,보문동5가, ,성북구,202506,2025-06-06,2025-06,월세,12,33㎡ 초과,보문동,서울특별시 성북구 보문동5가 199,37.5816530339054,127.020389097902,5.1,14535.29411764706,대형,433.11365070462034,6.073306367801965,-0.2338229279500894,False,서울 성북구 보문로17길 14,433.7324459743769,보문역,14535.29411764706,0,596.3475761496918,938.3173047476604,438.4174188879834,3.5133348815990053,0,0,0,0,0,0,test
2019,25.08~26.02,신규,23,6,2025,1000,24.24,4,다세대,'102-90,코윈,68,,,11290,안암동5가, ,성북구,202506,2025-06-23,2025-06,월세,6,20㎡ 초과~33㎡ 이하,안암동,서울특별시 성북구 안암동5가 102-90,37.5846008086626,127.029023979843,5.1,17000.0,중형,701.3201320132014,6.554389328585246,-0.3981705199848739,False,서울 성북구 고려대로22길 35,190.66157151314,안암역,,0,134.2946021779898,134.2946021779898,826.7405875393961,3.1880041612011136,0,0,1,1,0,1,test
2021,25.07~27.07,신규,18,6,2025,25900,23.41,3,다세대,'41-7,신성프라임,25,,,11290,보문동6가, ,성북구,202506,2025-06-18,2025-06,월세,4,20㎡ 초과~33㎡ 이하,보문동,서울특별시 성북구 보문동6가 41-7,37.5826069999263,127.018796430637,5.1,31782.352941176472,중형,1357.6400231173204,7.214239495411559,1.734808827840716,False,서울 성북구 보문로21길 31-3,343.2208423074522,보문역,,0,723.2093521131305,1048.3382721029172,338.293524717172,3.1531632815028194,0,0,0,0,0,1,test
2017,25.07~27.07,신규,9,6,2025,1000,19.0,4,다세대,'5-4,(5-4),67,,,11290,안암동1가, ,성북구,202506,2025-06-09,2025-06,월세,8,20㎡ 이하,안암동,서울특별시 성북구 안암동1가 5-4,37.5888786683193,127.019679116523,5.1,16764.705882352944,소형,882.3529411764707,6.783724827624065,-0.4908449143632836,False,서울 성북구 고려대로7마길 9,372.15363711536713,보문역,,0,934.3420092081054,1080.8908992522204,369.036663346123,2.9444389791664403,0,0,1,0,1,0,test
2013,25.06~29.07,신규,13,6,2025,1000,13.99,3,다세대,'102-91,(102-91),70,,,11290,안암동5가, ,성북구,202506,2025-06-13,2025-06,월세,12,20㎡ 이하,안암동,서울특별시 성북구 안암동5가 102-91,37.5847491130107,127.029020414455,5.1,17470.58823529412,소형,1248.7911533448262,7.130731739013237,0.7171268079802471,False,서울 성북구 고려대로22길 31,174.28917605071155,안암역,,0,139.61355973925984,139.61355973925984,824.4621698790479,2.63834278867739,0,0,1,1,1,0,test
2015,25.07~26.07,신규,9,6,2025,1000,14.32,4,다세대,'64-11,금산빌딩,42,,,11290,보문동2가, ,성북구,202506,2025-06-09,2025-06,월세,10,20㎡ 이하,보문동,서울특별시 성북구 보문동2가 64-11,37.5858252054743,127.017372714174,5.1,10882.352941176472,소형,759.940847847519,6.634555625336674,-0.2803050423978686,False,서울 성북구 보문로25길 25,233.94823352532688,보문역,,0,912.5890679211318,1169.094104682548,208.9240129948573,2.6616571615325,0,0,0,0,1,0,test
2013,25.07~27.07,신규,26,6,2025,14000,25.48,2,다세대,'3-15,해마루,0,,,11290,보문동1가, ,성북구,202506,2025-06-26,2025-06,전세,12,20㎡ 초과~33㎡ 이하,보문동,서울특별시 성북구 보문동1가 3-15,37.5880247363267,127.018952681536,5.1,14000.0,중형,549.4505494505495,6.310737123700217,-0.942684226102186,False,서울 성북구 보문로30길 12-11,291.21387759176537,보문역,,0,916.6989953998028,1098.5570071510106,282.2828484896454,3.237893830703962,1,0,0,0,0,1,test
2012,25.07~26.07,신규,23,6,2025,3000,14.13,4,다세대,'12-24,(12-24),60,,,11290,안암동5가, ,성북구,202506,2025-06-23,2025-06,월세,13,20㎡ 이하,안암동,서울특별시 성북구 안암동5가 12-24,37.5890048138564,127.029936464902,5.1,17117.64705882353,소형,1211.4399900087424,7.100390128810536,0.6115041073011586,False,서울 성북구 고려대로27길 52-7,306.26710788830525,안암역,,0,525.5027062656495,525.5027062656495,978.315946177262,2.6483001966964363,0,0,1,1,1,0,test
2012,25.08~26.08,신규,25,6,2025,1000,13.92,2,다세대,'134-4,(134-4),51,,,11290,보문동7가, ,성북구,202506,2025-06-25,2025-06,월세,13,20㎡ 이하,보문동,서울특별시 성북구 보문동7가 134-4,37.5791821520309,127.021879050593,5.1,13000.0,소형,933.9080459770116,6.840448177903697,0.5087963511906891,False,서울 성북구 보문로13나길 22,726.2055075485071,보문역,,0,604.5437846170768,949.191256896952,734.2609546483098,2.633326654906273,0,0,0,0,1,0,test
2012,25.08~27.08,갱신,25,6,2025,1000,13.92,2,다세대,'134-4,(134-4),51,1000.0,48.0,11290,보문동7가, ,성북구,202506,2025-06-25,2025-06,월세,13,20㎡ 이하,보문동,서울특별시 성북구 보문동7가 134-4,37.5791821520309,127.021879050593,5.1,13000.0,소형,933.9080459770116,6.840448177903697,0.5087963511906891,False,서울 성북구 보문로13나길 22,726.2055075485071,보문역,12294.117647058823,0,604.5437846170768,949.191256896952,734.2609546483098,2.633326654906273,0,0,0,0,1,0,test
2019,25.07~26.07,갱신,21,6,2025,24000,29.91,8,다세대,'100,보문엘타워,0,23000.0,0.0,11290,보문동7가, ,성북구,202506,2025-06-21,2025-06,전세,6,20㎡ 초과~33㎡ 이하,보문동,서울특별시 성북구 보문동7가 100,37.57981163882,127.022081428254,5.1,24000.0,중형,802.407221664995,6.688861710763292,0.1778728272996277,False,서울 성북구 보문로 49,662.941502463666,보문역,23000.0,0,546.14736911873,894.1001424405406,672.20698034622,3.398192872641857,1,0,0,0,0,1,test
2011,25.07~26.06,신규,1,6,2025,1000,12.0,3,다세대,'102-93,theban,60,,,11290,안암동5가, ,성북구,202506,2025-06-01,2025-06,월세,14,20㎡ 이하,안암동,서울특별시 성북구 안암동5가 102-93,37.585020856236,127.02900534872,5.1,15117.64705882353,소형,1259.8039215686274,7.139504829479986,0.7476669639643692,False,서울 성북구 고려대로22길 25,144.46380952790796,안암역,,0,154.17784345135172,154.17784345135172,820.3812049019632,2.4849066497880004,0,0,1,1,1,0,test
2011,25.08~26.08,신규,26,6,2025,1000,12.21,4,다세대,'149-2,그린빌,72,,,11290,안암동5가, ,성북구,202506,2025-06-26,2025-06,월세,14,20㎡ 이하,안암동,서울특별시 성북구 안암동5가 149-2,37.58838710205,127.028815534165,5.1,17941.176470588238,소형,1469.3838223249988,7.293278749313612,1.2829719988102477,False,서울 성북구 개운사길 41-6,234.16346400024963,안암역,,0,478.0887089357085,478.0887089357085,860.8915850081194,2.502255288122613,0,0,1,1,1,0,test
2018,25.07~27.06,갱신,23,6,2025,6693,44.52,3,다세대,'317-14,더트레져,25,6657.0,21.0,11290,안암동1가, ,성북구,202506,2025-06-23,2025-06,월세,7,33㎡ 초과,안암동,서울특별시 성북구 안암동1가 317-14,37.5888033124093,127.022861818902,5.1,12575.352941176472,대형,282.4652502510438,5.6470895415846,-0.5407397351823141,False,서울 성북구 고려대로17가길 69,441.5479571593212,보문역,11598.176470588236,0,760.6361248601963,838.8811645755954,454.6428533891021,3.795938526407344,0,0,1,0,0,0,test
2014,25.08~27.07,신규,21,6,2025,1000,14.99,5,다세대,'35,해마루,60,,,11290,안암동1가, ,성북구,202506,2025-06-21,2025-06,월세,11,20㎡ 이하,안암동,서울특별시 성북구 안암동1가 35,37.5886156661735,127.019693653118,5.1,15117.64705882353,소형,1008.5154809088413,6.91722577285952,-0.0261124797700693,False,서울 성북구 고려대로7마길 6,342.8985149839912,보문역,,0,912.505916991287,1066.2853451858073,339.78250688811045,2.7073833121145063,0,0,1,0,1,0,test
1992,25.06~27.06,신규,3,6,2025,1000,101.9,4,다세대,'12-148,(12-148),90,,,11290,안암동5가, ,성북구,202506,2025-06-03,2025-06,월세,33,33㎡ 초과,안암동,서울특별시 성북구 안암동5가 12-148,37.5896074098768,127.030241734563,5.1,22176.470588235294,대형,217.6297408070196,5.387379617755548,-1.0963115844920592,False,서울 성북구 개운사길 60-34,377.5449735398202,안암역,,0,590.5956470567475,590.5956470567475,1030.5674711935103,4.623991940228679,0,0,1,1,0,0,test
2015,25.07~27.07,갱신,30,6,2025,2000,13.09,2,다세대,'6,동은빌,48,3000.0,42.0,11290,안암동1가, ,성북구,202506,2025-06-30,2025-06,월세,10,20㎡ 이하,안암동,서울특별시 성북구 안암동1가 6,37.5890312632611,127.019877185804,5.1,13294.117647058823,소형,1015.5934031366558,6.924212515848186,-0.0017908086892136,False,서울 성북구 보문로30길 40-6,388.181701625532,보문역,12882.352941176472,0,934.8834971736508,1073.7372462605574,386.2352745429992,2.5718485799218085,0,0,1,0,1,0,test
2001,25.07~27.07,신규,27,6,2025,8000,26.98,3,다세대,'74-13,인성빌라,45,,,11290,보문동2가, ,성북구,202506,2025-06-27,2025-06,월세,24,20㎡ 초과~33㎡ 이하,보문동,서울특별시 성북구 보문동2가 74-13,37.5855932163398,127.018451071054,5.1,18588.235294117647,중형,688.963502376488,6.536638701085771,-0.2732339587178214,False,서울 성북구 지봉로23길 9,136.9146303223722,보문역,,0,814.8256272538686,1071.4022800372577,111.87350454731178,3.2950958507796098,0,0,0,0,0,1,test
2011,25.08~26.08,신규,18,6,2025,1000,12.21,3,다세대,'149-2,그린빌,66,,,11290,안암동5가, ,성북구,202506,2025-06-18,2025-06,월세,14,20㎡ 이하,안암동,서울특별시 성북구 안암동5가 149-2,37.58838710205,127.028815534165,5.1,16529.41176470588,소형,1353.760177289589,7.2113797267188655,0.9978719038698488,False,서울 성북구 개운사길 41-6,234.16346400024963,안암역,,0,478.0887089357085,478.0887089357085,860.8915850081194,2.502255288122613,0,0,1,1,1,0,test
2002,25.07~27.07,신규,18,6,2025,20000,46.4,4,다세대,'74-7,(74-7),0,,,11290,보문동2가, ,성북구,202506,2025-06-18,2025-06,전세,23,33㎡ 초과,보문동,서울특별시 성북구 보문동2가 74-7,37.5854413505225,127.017588306687,5.1,20000.0,대형,431.0344827586207,6.068505406259079,-0.246285920502994,False,서울 성북구 지봉로21길 16,213.1103178560811,보문역,,0,879.8051521405645,1144.789788154712,188.29852850404424,3.8372994592322094,1,0,0,0,0,0,test
2002,25.06~27.06,신규,8,6,2025,1000,52.92,4,다세대,'133-48,(133-48),45,,,11290,안암동3가, ,성북구,202506,2025-06-08,2025-06,월세,23,33㎡ 초과,안암동,서울특별시 성북구 안암동3가 133-48,37.5839910570083,127.023585952075,5.1,11588.235294117649,대형,218.97647948068115,5.393520629185476,-1.0831747238497875,False,서울 성북구 보문로22길 58,359.69253213035967,보문역,,0,328.70180438659696,610.2153814031233,382.7287912100176,3.968781339246755,0,0,1,0,0,0,test
2011,25.08~26.08,신규,2,6,2025,1000,12.21,3,다세대,'149-2,그린빌,65,,,11290,안암동5가, ,성북구,202506,2025-06-02,2025-06,월세,14,20㎡ 이하,안암동,서울특별시 성북구 안암동5가 149-2,37.58838710205,127.028815534165,5.1,16294.117647058823,소형,1334.4895697836876,7.197053222548486,0.9479996640099156,False,서울 성북구 개운사길 41-6,234.16346400024963,안암역,,0,478.0887089357085,478.0887089357085,860.8915850081194,2.502255288122613,0,0,1,1,1,0,test
1998,25.06~27.06,신규,3,6,2025,5000,71.5,2,연립,'134-32,금강빌라,130,,,11290,안암동3가, ,성북구,202506,2025-06-03,2025-06,월세,27,33㎡ 초과,안암동,서울특별시 성북구 안암동3가 134-32,37.5821693626162,127.023913697368,5.1,35588.23529411765,대형,497.737556561086,6.21208001864188,0.6678887205701962,False,서울 성북구 안암로9나길 3,509.2482995236016,보문역,,0,280.8578848569047,626.8684142866084,527.9245823469598,4.269697449699962,0,1,1,0,0,0,test
2012,25.06~27.06,갱신,12,6,2025,4000,18.58,3,다세대,'251,더에덴하우스,37,3450.0,30.0,11290,안암동1가, ,성북구,202506,2025-06-12,2025-06,월세,13,20㎡ 이하,안암동,서울특별시 성북구 안암동1가 251,37.587470114433,127.02141636101,5.1,12705.882352941177,소형,683.8472741087825,6.529195855898078,-1.376890091767094,False,서울 성북구 보문로26길 49,247.94887045818595,보문역,10508.823529411766,0,715.3587141964363,874.5907531004768,259.71937808765875,2.922085733385692,0,0,1,0,1,0,test
2012,26.06~28.01,신규,4,6,2025,5000,13.64,2,다세대,'120-6,스타힐스,13,,,11290,안암동2가, ,성북구,202506,2025-06-04,2025-06,월세,13,20㎡ 이하,안암동,서울특별시 성북구 안암동2가 120-6,37.5865738225285,127.022304431991,5.1,8058.823529411765,소형,590.8228393996894,6.383207332326669,-1.88509324989718,False,서울 성북구 고려대로7가길 24,232.97468930305547,보문역,,0,589.3089061779211,765.1410601864793,254.1028821343781,2.613006652415316,0,0,1,0,1,0,test
2005,25.07~27.07,신규,9,6,2025,3000,46.2,3,다세대,'133-58,동인빌,50,,,11290,안암동3가, ,성북구,202506,2025-06-09,2025-06,월세,20,33㎡ 초과,안암동,서울특별시 성북구 안암동3가 133-58,37.5840113230579,127.023162754877,5.1,14764.705882352942,대형,319.58237840590783,5.770139274241609,-0.2775115669190055,False,서울 성북구 보문로22길 52,326.27287320675555,보문역,,0,363.9710865993058,647.334921271972,348.83262365040184,3.832979798087693,0,0,1,0,0,0,test
2013,25.08~26.08,갱신,5,6,2025,9000,15.54,3,다세대,'28,뉴스타안암,0,9000.0,0.0,11290,안암동2가, ,성북구,202506,2025-06-05,2025-06,전세,12,20㎡ 이하,안암동,서울특별시 성북구 안암동2가 28,37.5872142206758,127.02148139002,5.1,9000.0,소형,579.1505791505792,6.363287689070362,-1.9544358623438909,False,서울 성북구 보문로26길 48,227.03527655410068,보문역,9000.0,0,690.9347463471147,858.20784474037,240.67128238702588,2.7434173449395014,1,0,1,0,1,0,test
2012,25.09~27.09,신규,25,7,2025,1000,16.56,3,다세대,'74-11,베데스타2,52,,,11290,보문동2가, ,성북구,202507,2025-07-25,2025-07,월세,13,20㎡ 이하,보문동,서울특별시 성북구 보문동2가 74-11,37.5854865875137,127.018136522855,5.1,13235.29411764706,소형,799.2327365728901,6.684902606074814,-0.0873457917202144,False,서울 성북구 지봉로23길 5-8,164.62556409820291,보문역,,0,836.2084060729292,1097.3868311308154,139.76782674161174,2.8069901489571136,0,0,0,0,1,0,test
2001,25.08~27.08,신규,16,7,2025,500,48.31,3,다세대,'75-4,대원빌,55,,,11290,보문동2가, ,성북구,202507,2025-07-16,2025-07,월세,24,33㎡ 초과,보문동,서울특별시 성북구 보문동2가 75-4,37.5852628821095,127.018063669098,5.1,13441.176470588236,대형,278.2276230715843,5.632027302497133,-1.3793554750281796,False,서울 성북구 지봉로23길 5-13,173.720121992488,보문역,,0,833.7099063707234,1101.0652645981693,149.64166135515558,3.877638578566315,0,0,0,0,0,0,test
2014,25.08~27.08,신규,28,7,2025,4000,15.13,5,다세대,'75-10,(75-10),55,,,11290,보문동2가, ,성북구,202507,2025-07-28,2025-07,월세,11,20㎡ 이하,보문동,서울특별시 성북구 보문동2가 75-10,37.5851695046946,127.018287932064,5.1,16941.176470588238,소형,1119.707631896116,7.021715578971545,1.2035196765924252,False,서울 성북구 지봉로 175-2,156.7330223806902,보문역,,0,811.6415388512596,1080.421392750233,133.449606038057,2.7166795278002644,0,0,0,0,1,0,test
2013,25.08~26.08,신규,23,7,2025,1000,13.94,3,다세대,'102-91,(102-91),69,,,11290,안암동5가, ,성북구,202507,2025-07-23,2025-07,월세,12,20㎡ 이하,안암동,서울특별시 성북구 안암동5가 102-91,37.5847491130107,127.029020414455,5.1,17235.29411764706,소형,1236.3912566461306,7.120760617164482,0.6824161643647668,False,서울 성북구 고려대로22길 31,174.28917605071155,안암역,,0,139.61355973925984,139.61355973925984,824.4621698790479,2.6347624053323777,0,0,1,1,1,0,test
2012,25.08~27.08,신규,5,7,2025,5000,29.46,5,다세대,'319,풀내음파크빌,39,,,11290,보문동6가, ,성북구,202507,2025-07-05,2025-07,월세,13,20㎡ 초과~33㎡ 이하,보문동,서울특별시 성북구 보문동6가 319,37.5788347787154,127.019539829833,5.1,14176.470588235296,중형,481.2108142646061,6.178381392423434,-1.3349151291289014,False,서울 성북구 보문로13바길 13-7,746.8937687310255,보문역,,0,791.5670701093321,1141.0973859917513,747.979003338474,3.3830334110344844,0,0,0,0,0,1,test
1994,25.08~27.08,신규,12,7,2025,2000,37.71,2,다세대,'119-7,(119-7),90,,,11290,안암동2가, ,성북구,202507,2025-07-12,2025-07,월세,31,33㎡ 초과,안암동,서울특별시 성북구 안암동2가 119-7,37.5865918501353,127.024535900058,5.1,23176.470588235294,대형,614.597469855086,6.422593291909309,1.1182190229671751,False,서울 성북구 고려대로7가길 66,415.12681864229165,안암역,,0,474.25771502479415,584.0615678919718,439.5910187345864,3.6299253112702656,0,0,1,1,0,0,test
2013,25.08~27.08,신규,26,7,2025,3000,18.92,2,다세대,'1-12,(1-12),53,,,11290,보문동1가, ,성북구,202507,2025-07-26,2025-07,월세,12,20㎡ 이하,보문동,서울특별시 성북구 보문동1가 1-12,37.5883104245132,127.018489105394,5.1,15470.58823529412,소형,817.6843676159682,6.707698622045921,2.195299319527148e-05,False,서울 성북구 보문로30길 12,335.543518554015,보문역,,0,968.428942176456,1148.451110243563,324.49554405556995,2.9402195636237325,0,0,0,0,1,0,test
2018,25.08~27.08,신규,14,7,2025,2000,15.51,3,다세대,'153-1,밀로바니,65,,,11290,안암동2가, ,성북구,202507,2025-07-14,2025-07,월세,7,20㎡ 이하,안암동,서울특별시 성북구 안암동2가 153-1,37.5860392528644,127.022360316217,5.1,17294.117647058825,소형,1115.0301513255206,7.01753315989307,0.3230692889550055,False,서울 성북구 고려대로 28,214.91379352192595,보문역,,0,544.8687416035631,742.8538092609206,238.67775790395103,2.7414849771884477,0,0,1,0,1,0,test
1994,25.08~27.08,신규,19,7,2025,2000,37.71,1,다세대,'119-7,(119-7),80,,,11290,안암동2가, ,성북구,202507,2025-07-19,2025-07,월세,31,33㎡ 초과,안암동,서울특별시 성북구 안암동2가 119-7,37.5865918501353,127.024535900058,5.1,20823.529411764703,대형,552.2017876362955,6.315722831232048,0.8896015770118473,False,서울 성북구 고려대로7가길 66,415.12681864229165,안암역,,0,474.25771502479415,584.0615678919718,439.5910187345864,3.6299253112702656,0,0,1,1,0,0,test
2019,25.08~26.08,신규,26,7,2025,1000,14.0,5,다세대,'103-25,대륜빌딩,68,,,11290,안암동5가, ,성북구,202507,2025-07-26,2025-07,월세,6,20㎡ 이하,안암동,서울특별시 성북구 안암동5가 103-25,37.5855307947847,127.029822873704,5.1,17000.0,소형,1214.2857142857142,7.102734483920571,0.6196650821610467,False,서울 성북구 고려대로26길 14,100.77302502846884,안암역,,0,149.29895034913778,149.29895034913778,890.2277309393359,2.6390573296152584,0,0,1,1,1,0,test
2014,25.08~27.08,신규,31,7,2025,6800,14.99,5,다세대,'35,해마루,34,,,11290,안암동1가, ,성북구,202507,2025-07-31,2025-07,월세,11,20㎡ 이하,안암동,서울특별시 성북구 안암동1가 35,37.5886156661735,127.019693653118,5.1,14800.0,소형,987.3248832555036,6.896011472901369,-0.0999619439094709,False,서울 성북구 고려대로7마길 6,342.8985149839912,보문역,,0,912.505916991287,1066.2853451858073,339.78250688811045,2.7073833121145063,0,0,1,0,1,0,test
2019,25.08~26.08,신규,16,7,2025,3000,12.12,3,다세대,'102-90,코윈,59,,,11290,안암동5가, ,성북구,202507,2025-07-16,2025-07,월세,6,20㎡ 이하,안암동,서울특별시 성북구 안암동5가 102-90,37.5846008086626,127.029023979843,5.1,16882.352941176472,소형,1392.933410988158,7.239884821878349,1.0971014804725767,False,서울 성북구 고려대로22길 35,190.66157151314,안암역,,0,134.2946021779898,134.2946021779898,826.7405875393961,2.494856980641168,0,0,1,1,1,0,test
2010,25.08~27.08,신규,10,7,2025,1000,16.32,2,다세대,'75-5,(75-5),40,,,11290,보문동2가, ,성북구,202507,2025-07-10,2025-07,월세,15,20㎡ 이하,보문동,서울특별시 성북구 보문동2가 75-5,37.5852105580652,127.017908434026,5.1,10411.764705882351,소형,637.9757785467128,6.459866548411402,-0.949816359479419,False,서울 성북구 지봉로23길 5-15,188.2462421810256,보문역,,0,844.7779330328794,1114.1366128926045,164.28883342805997,2.792391349535961,0,0,0,0,1,0,test
2002,25.08~27.08,신규,26,7,2025,2000,27.72,2,다세대,'74-5,승화빌,75,,,11290,보문동2가, ,성북구,202507,2025-07-26,2025-07,월세,23,20㎡ 초과~33㎡ 이하,보문동,서울특별시 성북구 보문동2가 74-5,37.5855547382236,127.017903081971,5.1,19647.058823529413,중형,708.7683558271794,6.564938657402846,-0.1893681728180758,False,서울 성북구 지봉로23길 13-11,185.0868867414957,보문역,,0,858.1280943493584,1118.7296200670005,160.10005084563207,3.3221541743217022,0,0,0,0,0,1,test
2012,25.08~26.07,신규,24,7,2025,2000,14.13,3,다세대,'12-24,(12-24),65,,,11290,안암동5가, ,성북구,202507,2025-07-24,2025-07,월세,13,20㎡ 이하,안암동,서울특별시 성북구 안암동5가 12-24,37.5890048138564,127.029936464902,5.1,17294.117647058825,소형,1223.929062070688,7.1106382127883405,0.6471788885435027,False,서울 성북구 고려대로27길 52-7,306.26710788830525,안암역,,0,525.5027062656495,525.5027062656495,978.315946177262,2.6483001966964363,0,0,1,1,1,0,test
2013,25.07~27.07,신규,3,7,2025,5000,22.68,1,다세대,'3-15,해마루,50,,,11290,보문동1가, ,성북구,202507,2025-07-03,2025-07,월세,12,20㎡ 초과~33㎡ 이하,보문동,서울특별시 성북구 보문동1가 3-15,37.5880247363267,127.018952681536,5.1,16764.705882352944,중형,739.1845627139746,6.606899564173882,-0.0650187079641083,False,서울 성북구 보문로30길 12-11,291.21387759176537,보문역,,0,916.6989953998028,1098.5570071510106,282.2828484896454,3.121483478859551,0,0,0,0,0,1,test
2011,25.07~27.01,신규,2,7,2025,1000,13.27,3,다세대,'102-93,theban,60,,,11290,안암동5가, ,성북구,202507,2025-07-02,2025-07,월세,14,20㎡ 이하,안암동,서울특별시 성북구 안암동5가 102-93,37.585020856236,127.02900534872,5.1,15117.64705882353,소형,1139.2348951637928,7.038989568552779,0.3977615618558975,False,서울 성북구 고려대로22길 25,144.46380952790796,안암역,,0,154.17784345135172,154.17784345135172,820.3812049019632,2.585505848344116,0,0,1,1,1,0,test
2016,25.09~27.08,신규,30,7,2025,27000,50.55,3,다세대,'232-5,주함해븐빌(C동),20,,,11290,보문동5가, ,성북구,202507,2025-07-30,2025-07,월세,9,33㎡ 초과,보문동,서울특별시 성북구 보문동5가 232-5,37.5809196100961,127.020475504999,5.1,31705.88235294117,대형,627.2182463489847,6.442887632128429,0.7255866619514302,False,서울 성북구 보문로15길 20,515.6327107431371,보문역,,0,611.7788111338735,959.997443553532,520.264847332014,3.92296294546648,0,0,0,0,0,0,test
2012,25.07~27.07,신규,6,7,2025,4000,14.41,4,다세대,'74-11,베데스타2,51,,,11290,보문동2가, ,성북구,202507,2025-07-06,2025-07,월세,13,20㎡ 이하,보문동,서울특별시 성북구 보문동2가 74-11,37.5854865875137,127.018136522855,5.1,16000.0,소형,1110.3400416377517,7.013321810891134,1.171349819027737,False,서울 성북구 지봉로23길 5-8,164.62556409820291,보문역,,0,836.2084060729292,1097.3868311308154,139.76782674161174,2.667922410011431,0,0,0,0,1,0,test
2012,25.08~27.08,신규,25,7,2025,3000,14.13,5,다세대,'12-24,(12-24),65,,,11290,안암동5가, ,성북구,202507,2025-07-25,2025-07,월세,13,20㎡ 이하,안암동,서울특별시 성북구 안암동5가 12-24,37.5890048138564,127.029936464902,5.1,18294.117647058825,소형,1294.7004704217145,7.166806731698459,0.8427080849439942,False,서울 성북구 고려대로27길 52-7,306.26710788830525,안암역,,0,525.5027062656495,525.5027062656495,978.315946177262,2.6483001966964363,0,0,1,1,1,0,test
2013,25.08~26.08,신규,25,7,2025,1000,15.81,6,다세대,'102-67,영산빌딩,61,,,11290,안암동5가, ,성북구,202507,2025-07-25,2025-07,월세,12,20㎡ 이하,안암동,서울특별시 성북구 안암동5가 102-67,37.5854959551678,127.028983795046,5.1,15352.94117647059,소형,971.090523495926,6.879448931292649,-0.1576180921209795,False,서울 성북구 고려대로22길 15,92.87285163320595,안암역,,0,188.5058222135,188.5058222135,816.3170578685795,2.7606426512213806,0,0,1,1,1,0,test
2013,25.08~26.08,신규,1,7,2025,1000,17.48,3,다세대,'160-7,(160-7),52,,,11290,안암동2가, ,성북구,202507,2025-07-01,2025-07,월세,12,20㎡ 이하,안암동,서울특별시 성북구 안암동2가 160-7,37.5858701000363,127.02347615602,5.1,13235.29411764706,소형,757.1678557006327,6.630904806642279,-1.022829315523836,False,서울 성북구 고려대로14길 12,308.16468065874864,보문역,,0,461.4727494413145,643.0677789331864,332.7668932818033,2.8610573702273894,0,0,1,0,1,0,test
2019,25.07~26.07,신규,22,7,2025,2000,24.24,4,다세대,'102-90,코윈,70,,,11290,안암동5가, ,성북구,202507,2025-07-22,2025-07,월세,6,20㎡ 초과~33㎡ 이하,안암동,서울특별시 성북구 안암동5가 102-90,37.5846008086626,127.029023979843,5.1,18470.58823529412,중형,761.9879635022327,6.637242255933595,-0.1870783973532339,False,서울 성북구 고려대로22길 35,190.66157151314,안암역,,0,134.2946021779898,134.2946021779898,826.7405875393961,3.1880041612011136,0,0,1,1,0,1,test
2011,25.07~27.07,갱신,15,7,2025,1000,19.92,3,다세대,'2-2,(2-2),55,1000.0,53.0,11290,보문동2가, ,성북구,202507,2025-07-15,2025-07,월세,14,20㎡ 이하,보문동,서울특별시 성북구 보문동2가 2-2,37.5872920463973,127.017812694376,5.1,13941.176470588236,소형,699.8582565556343,6.552305664813925,-0.5955352809951426,False,서울 성북구 지봉로23길 50,274.1288529809032,보문역,13470.58823529412,0,951.2446356577402,1166.4026777308086,255.61189878310088,2.991724252156452,0,0,0,0,1,0,test
2018,25.07~26.07,신규,18,7,2025,1000,16.46,6,다세대,'104-23,(104-23),74,,,11290,안암동5가, ,성북구,202507,2025-07-18,2025-07,월세,7,20㎡ 이하,안암동,서울특별시 성북구 안암동5가 104-23,37.5840193002156,127.030132370974,5.1,18411.76470588236,소형,1118.5762275748696,7.020705524453094,0.3341126617400972,False,서울 성북구 고려대로26길 49,266.47269242866594,안암역,,0,44.98462591261373,44.98462591261373,933.3600838099724,2.800933195248924,0,0,1,1,1,0,test
2018,25.07~27.07,신규,17,7,2025,2000,14.67,3,다세대,'153-1,밀로바니,67,,,11290,안암동2가, ,성북구,202507,2025-07-17,2025-07,월세,7,20㎡ 이하,안암동,서울특별시 성북구 안암동2가 153-1,37.5860392528644,127.022360316217,5.1,17764.705882352944,소형,1210.954729540078,7.099989814067039,0.6101105647684043,False,서울 성북구 고려대로 28,214.91379352192595,보문역,,0,544.8687416035631,742.8538092609206,238.67775790395103,2.6858045921548905,0,0,1,0,1,0,test
2012,25.09~27.09,갱신,9,7,2025,500,13.92,3,다세대,'134-4,(134-4),54,500.0,52.0,11290,보문동7가, ,성북구,202507,2025-07-09,2025-07,월세,13,20㎡ 이하,보문동,서울특별시 성북구 보문동7가 134-4,37.5791821520309,127.021879050593,5.1,13205.882352941177,소형,948.6984448951996,6.8561445077780485,0.5689539218441695,False,서울 성북구 보문로13나길 22,726.2055075485071,보문역,12735.29411764706,0,604.5437846170768,949.191256896952,734.2609546483098,2.633326654906273,0,0,0,0,1,0,test
2002,25.08~27.08,신규,5,7,2025,10000,55.56,4,다세대,'87-8,파인힐하우스(A),80,,,11290,안암동1가, ,성북구,202507,2025-07-05,2025-07,월세,23,33㎡ 초과,안암동,서울특별시 성북구 안암동1가 87-8,37.5883535475772,127.020342013103,5.1,28823.529411764703,대형,518.7820268496167,6.253409544559988,0.7563009029268932,False,서울 성북구 고려대로7라길 9,314.0829341358019,보문역,,0,851.7769014905745,1002.152252622878,315.4265013368764,4.017463517886143,0,0,1,0,0,0,test
2002,25.07~27.07,신규,14,7,2025,3000,46.15,3,다세대,'5,(5-0),75,,,11290,안암동3가, ,성북구,202507,2025-07-14,2025-07,월세,23,33㎡ 초과,안암동,서울특별시 성북구 안암동3가 5,37.584548399767,127.021770686944,5.1,20647.058823529413,대형,447.3902236951119,6.105663888317844,0.4402431787716958,False,서울 성북구 고려대로8길 31,190.91035462994355,보문역,,0,500.1295824730174,769.6968822473951,212.84954797084052,3.831896960948861,0,0,1,0,0,0,test
2011,25.08~26.08,신규,11,7,2025,1000,22.53,5,다세대,'9-16,탑하우스,40,,,11290,안암동5가, ,성북구,202507,2025-07-11,2025-07,월세,14,20㎡ 초과~33㎡ 이하,안암동,서울특별시 성북구 안암동5가 9-16,37.5899871735891,127.03025955142,5.1,10411.764705882351,중형,462.1289261376987,6.138005473504725,-1.4590304631579456,False,서울 성북구 개운사길 60-42,419.0407000820607,안암역,,0,632.7396627279808,632.7396627279808,1051.0808025539754,3.114847754444153,0,0,1,1,0,1,test
2013,25.07~27.07,신규,10,7,2025,18700,36.22,3,다세대,'199,태영빌,0,,,11290,보문동5가, ,성북구,202507,2025-07-10,2025-07,전세,12,33㎡ 초과,보문동,서울특별시 성북구 보문동5가 199,37.5816530339054,127.020389097902,5.1,18700.0,대형,516.2893429044727,6.248602375414062,0.2212344221052289,False,서울 성북구 보문로17길 14,433.7324459743769,보문역,,0,596.3475761496918,938.3173047476604,438.4174188879834,3.589611452455267,1,0,0,0,0,0,test
2011,25.07~26.07,신규,10,7,2025,2000,18.85,3,다세대,'9-16,탑하우스,45,,,11290,안암동5가, ,성북구,202507,2025-07-10,2025-07,월세,14,20㎡ 이하,안암동,서울특별시 성북구 안암동5가 9-16,37.5899871735891,127.03025955142,5.1,12588.235294117649,소형,667.8108909346231,6.505501345930104,-1.4593734575926227,False,서울 성북구 개운사길 60-42,419.0407000820607,안암역,,0,632.7396627279808,632.7396627279808,1051.0808025539754,2.93651291389402,0,0,1,1,1,0,test
2017,25.09~27.09,신규,4,7,2025,3000,22.45,4,다세대,'74-4,(74-4),110,,,11290,보문동2가, ,성북구,202507,2025-07-04,2025-07,월세,8,20㎡ 초과~33㎡ 이하,보문동,서울특별시 성북구 보문동2가 74-4,37.5856076020013,127.018063978834,5.1,28882.352941176472,중형,1286.5190619677717,7.160472437840154,1.5754723084404336,False,서울 성북구 지봉로23길 13-9,171.06065159319274,보문역,,0,847.0480143176586,1105.4214813741974,146.01736067850436,3.1112906141882632,0,0,0,0,0,1,test
2015,25.08~27.08,갱신,4,7,2025,15000,20.08,4,다세대,'74-3,범진우주하우스,8,15000.0,7.0,11290,보문동2가, ,성북구,202507,2025-07-04,2025-07,월세,10,20㎡ 초과~33㎡ 이하,보문동,서울특별시 성북구 보문동2가 74-3,37.5856640691289,127.018227480843,5.1,16882.352941176472,중형,840.7546285446451,6.735488556742603,0.316049615923219,False,서울 성북구 지봉로23길 13-5,157.08690650371963,보문역,16647.058823529413,0,836.0431027826141,1091.9950963803549,132.0223830526954,2.9997242948235283,0,0,0,0,0,1,test
2018,25.08~27.08,신규,3,7,2025,12000,16.16,6,다세대,'114-1,(114-1),11,,,11290,보문동2가, ,성북구,202507,2025-07-03,2025-07,월세,7,20㎡ 이하,보문동,서울특별시 성북구 보문동2가 114-1,37.5846755232308,127.019214157549,5.1,14588.235294117649,소형,902.7373325567852,6.806538756840064,0.3788354998462299,False,서울 성북구 지봉로24길 9-1,118.8038179392723,보문역,,0,717.0682193311576,995.3503098289827,107.9784038078537,2.782539053092949,0,0,0,0,1,0,test
2019,25.08~26.08,신규,2,7,2025,1000,12.12,3,다세대,'102-90,코윈,66,,,11290,안암동5가, ,성북구,202507,2025-07-02,2025-07,월세,6,20㎡ 이하,안암동,서울특별시 성북구 안암동5가 102-90,37.5846008086626,127.029023979843,5.1,16529.41176470588,소형,1363.8128518734227,7.218772593364695,1.023607338992646,False,서울 성북구 고려대로22길 35,190.66157151314,안암역,,0,134.2946021779898,134.2946021779898,826.7405875393961,2.494856980641168,0,0,1,1,1,0,test
2020,25.09~26.09,신규,31,8,2025,1000,20.51,2,다세대,'42-41,(42-41),55,,,11290,보문동6가, ,성북구,202508,2025-08-31,2025-08,월세,5,20㎡ 초과~33㎡ 이하,보문동,서울특별시 성북구 보문동6가 42-41,37.5818624642491,127.018509247657,5.0,14200.0,중형,692.3451974646514,6.541527995608712,-0.2587447304282919,False,서울 성북구 보문로21가길 19,429.7791183312202,보문역,,0,755.428683346882,1090.8185674506628,424.7641223289555,3.0209125720842893,0,0,0,0,0,1,test
2012,25.09~27.09,신규,20,8,2025,1000,14.77,1,다세대,'74-11,베데스타2,44,,,11290,보문동2가, ,성북구,202508,2025-08-20,2025-08,월세,13,20㎡ 이하,보문동,서울특별시 성북구 보문동2가 74-11,37.5854865875137,127.018136522855,5.0,11560.0,소형,782.6675693974272,6.66398491180336,-0.1675147026131431,False,서울 성북구 지봉로23길 5-8,164.62556409820291,보문역,,0,836.2084060729292,1097.3868311308154,139.76782674161174,2.6925980965432883,0,0,0,0,1,0,test
2002,25.09~27.09,신규,16,8,2025,5000,70.65,4,다세대,'41-4,삼성하이츠(41-4),115,,,11290,안암동4가, ,성북구,202508,2025-08-16,2025-08,월세,23,33㎡ 초과,안암동,서울특별시 성북구 안암동4가 41-4,37.5801842525957,127.024113898382,5.0,32600.0,대형,461.42958244869067,6.136494291195644,0.5061956217482626,False,서울 성북구 안암로7길 17,697.189765700476,보문역,,0,386.3668529481322,725.3419451665493,712.196975893177,4.257738109130536,0,0,1,0,0,0,test
2022,25.09~26.09,신규,30,8,2025,2000,28.28,3,다세대,'149-1,TheGoldCity,165,,,11290,안암동5가, ,성북구,202508,2025-08-30,2025-08,월세,3,20㎡ 초과~33㎡ 이하,안암동,서울특별시 성북구 안암동5가 149-1,37.5885579379589,127.028783897453,5.0,41600.0,중형,1471.004243281471,7.29438018194871,1.487173124033091,False,서울 성북구 개운사2길 9,253.3616724327488,안암역,,0,497.0221536302352,497.0221536302352,865.4342293535547,3.342154841028372,0,0,1,1,0,1,test
2002,25.09~27.09,신규,25,8,2025,5000,57.5,2,다세대,'42-49,정원씨티빌,100,,,11290,보문동6가, ,성북구,202508,2025-08-25,2025-08,월세,23,33㎡ 초과,보문동,서울특별시 성북구 보문동6가 42-49,37.5823210196034,127.018827719022,5.0,29000.0,대형,504.3478260869565,6.225246956714559,0.1606052321561537,False,서울 성북구 지봉로20길 60-8,372.809301316955,보문역,,0,722.1019875568708,1051.8184293824745,368.6406305217608,4.051784947803305,0,0,0,0,0,0,test
2014,25.09~27.09,신규,27,8,2025,1000,22.91,1,다세대,'367,동호빌,65,,,11290,보문동6가, ,성북구,202508,2025-08-27,2025-08,월세,11,20㎡ 초과~33㎡ 이하,보문동,서울특별시 성북구 보문동6가 367,37.5790715833329,127.020978553021,5.0,16600.0,중형,724.5744216499345,6.586963646870233,-0.1240979995916402,False,서울 성북구 보문로13라길 10-13,724.5561482026494,보문역,,0,673.3733698394662,1020.7695847422764,729.9530572750207,3.1315734964654043,0,0,0,0,0,1,test
2011,25.09~27.12,갱신,30,8,2025,1500,20.47,3,다세대,'2-2,(2-2),54,1500.0,52.0,11290,보문동2가,사용,성북구,202508,2025-08-30,2025-08,월세,14,20㎡ 초과~33㎡ 이하,보문동,서울특별시 성북구 보문동2가 2-2,37.5872920463973,127.017812694376,5.0,14460.0,중형,706.399609184172,6.561595724303277,-0.1992748210285682,False,서울 성북구 지봉로23길 50,274.1288529809032,보문역,13980.0,0,951.2446356577402,1166.4026777308086,255.61189878310088,3.018960399673198,0,0,0,0,0,1,test
2019,25.09~27.09,신규,22,8,2025,10000,17.64,5,다세대,'1,(1-0),20,,,11290,안암동3가, ,성북구,202508,2025-08-22,2025-08,월세,6,20㎡ 이하,안암동,서울특별시 성북구 안암동3가 1,37.5848872840372,127.021657907378,5.0,14800.0,소형,839.0022675736961,6.733404591326211,-0.6660155536629714,False,서울 성북구 고려대로8길 23,162.9308706233914,보문역,,0,524.8407681045904,781.8690399407386,186.4260778309082,2.870169050578645,0,0,1,0,1,0,test
2013,25.08~27.08,신규,8,8,2025,15000,33.33,3,다세대,'1-12,(1-12),30,,,11290,보문동1가, ,성북구,202508,2025-08-08,2025-08,월세,12,33㎡ 초과,보문동,서울특별시 성북구 보문동1가 1-12,37.5883104245132,127.018489105394,5.0,22200.0,대형,666.0666066606661,6.502889900990908,0.881348757379679,False,서울 성북구 보문로30길 12,335.543518554015,보문역,,0,968.428942176456,1148.451110243563,324.49554405556995,3.506457892319648,0,0,0,0,0,0,test
2013,25.08~27.08,신규,27,8,2025,3000,18.09,4,다세대,'1-12,(1-12),40,,,11290,보문동1가, ,성북구,202508,2025-08-27,2025-08,월세,12,20㎡ 이하,보문동,서울특별시 성북구 보문동1가 1-12,37.5883104245132,127.018489105394,5.0,12600.0,소형,696.5174129353234,6.547527478165732,-0.6138481033673289,False,서울 성북구 보문로30길 12,335.543518554015,보문역,,0,968.428942176456,1148.451110243563,324.49554405556995,2.895359299407204,0,0,0,0,1,0,test
2013,25.08~26.12,신규,16,8,2025,1000,13.99,2,다세대,'102-91,(102-91),70,,,11290,안암동5가, ,성북구,202508,2025-08-16,2025-08,월세,12,20㎡ 이하,안암동,서울특별시 성북구 안암동5가 102-91,37.5847491130107,127.029020414455,5.0,17800.0,소형,1272.337383845604,7.149396593958031,0.7821013552729608,False,서울 성북구 고려대로22길 31,174.28917605071155,안암역,,0,139.61355973925984,139.61355973925984,824.4621698790479,2.63834278867739,0,0,1,1,1,0,test
2018,25.09~27.08,신규,19,8,2025,2000,14.67,5,다세대,'153-1,밀로바니,79,,,11290,안암동2가, ,성북구,202508,2025-08-19,2025-08,월세,7,20㎡ 이하,안암동,서울특별시 성북구 안암동2가 153-1,37.5860392528644,127.022360316217,5.0,20960.0,소형,1428.766189502386,7.265266206041256,1.1854570530460122,False,서울 성북구 고려대로 28,214.91379352192595,보문역,,0,544.8687416035631,742.8538092609206,238.67775790395103,2.6858045921548905,0,0,1,0,1,0,test
2015,25.08~27.08,신규,25,8,2025,5000,21.53,3,다세대,'74-3,범진우주하우스,49,,,11290,보문동2가, ,성북구,202508,2025-08-25,2025-08,월세,10,20㎡ 초과~33㎡ 이하,보문동,서울특별시 성북구 보문동2가 74-3,37.5856640691289,127.018227480843,5.0,16760.0,중형,778.4486762656758,6.658586844464447,0.0881544748500708,False,서울 성북구 지봉로23길 13-5,157.08690650371963,보문역,,0,836.0431027826141,1091.9950963803549,132.0223830526954,3.069447311376272,0,0,0,0,0,1,test
2019,25.10~27.10,신규,18,8,2025,20000,22.93,4,다세대,'1,(1-0),0,,,11290,안암동3가, ,성북구,202508,2025-08-18,2025-08,전세,6,20㎡ 초과~33㎡ 이하,안암동,서울특별시 성북구 안암동3가 1,37.5848872840372,127.021657907378,5.0,20000.0,중형,872.2197993894462,6.772187298937102,0.1567336618931667,False,서울 성북구 고려대로8길 23,162.9308706233914,보문역,,0,524.8407681045904,781.8690399407386,186.4260778309082,3.132446096869813,1,0,1,0,0,1,test
2001,25.08~27.02,신규,2,8,2025,1000,26.1,2,다세대,'26,(26-0),60,,,11290,보문동2가, ,성북구,202508,2025-08-02,2025-08,월세,24,20㎡ 초과~33㎡ 이하,보문동,서울특별시 성북구 보문동2가 26,37.5869391329795,127.017776492773,5.0,15400.0,중형,590.0383141762452,6.381880844706194,-0.7318526613057927,False,서울 성북구 지봉로23길 41,250.306015024002,보문역,,0,934.0139717288376,1158.9097609435082,229.8787171893178,3.261935314328648,0,0,0,0,0,1,test
2002,25.08~27.03,신규,23,8,2025,1000,38.39,4,다세대,'147-5,원영스위트,120,,,11290,안암동5가, ,성북구,202508,2025-08-23,2025-08,월세,23,33㎡ 초과,안암동,서울특별시 성북구 안암동5가 147-5,37.5875358648882,127.029098487257,5.0,29800.0,대형,776.2438134930972,6.655754089425806,1.6169969423971648,False,서울 성북구 개운사길 27,137.1135231296652,안암역,,0,380.41481718245205,380.41481718245205,855.0883665312471,3.6477970090127054,0,0,1,1,0,0,test
2003,25.09~27.09,신규,22,8,2025,13000,46.775,2,다세대,'42-28,금강빌라,40,,,11290,보문동6가, ,성북구,202508,2025-08-22,2025-08,월세,22,33㎡ 초과,보문동,서울특별시 성북구 보문동6가 42-28,37.581812505226,127.018787626684,5.0,22600.0,대형,483.1640833778728,6.182423864507488,0.0494391929155688,False,서울 성북구 보문로19길 41,428.2852041308733,보문역,,0,731.9535771769742,1068.4998029104208,424.72457061062624,3.8453488721601534,0,0,0,0,0,0,test
2001,25.08~27.02,갱신,25,8,2025,1000,26.1,1,다세대,'26,(26-0),55,1000.0,45.0,11290,보문동2가, ,성북구,202508,2025-08-25,2025-08,월세,24,20㎡ 초과~33㎡ 이하,보문동,서울특별시 성북구 보문동2가 26,37.5869391329795,127.017776492773,5.0,14200.0,중형,544.0613026819923,6.300898270322927,-0.971841273611158,False,서울 성북구 지봉로23길 41,250.306015024002,보문역,11800.0,0,934.0139717288376,1158.9097609435082,229.8787171893178,3.261935314328648,0,0,0,0,0,1,test
1986,25.08~27.08,신규,22,8,2025,6000,41.42,-1,다세대,'133-70,(133-70),0,,,11290,안암동3가, ,성북구,202508,2025-08-22,2025-08,전세,39,33㎡ 초과,안암동,서울특별시 성북구 안암동3가 133-70,37.5838188489718,127.023274213291,5.0,6000.0,대형,144.8575567358764,4.982630506667652,-1.962151475545248,False,서울 성북구 보문로22길 54-8,346.06482936912573,보문역,,1,347.30733203838724,638.9618136818018,368.19689420860914,3.723763855967438,1,0,1,0,0,0,test
2013,25.09~27.09,신규,21,8,2025,2000,35.74,4,다세대,'10,보하티빌,100,,,11290,보문동4가, ,성북구,202508,2025-08-21,2025-08,월세,12,33㎡ 초과,보문동,서울특별시 성북구 보문동4가 10,37.5840930757581,127.020553814379,5.0,26000.0,대형,727.476217123671,6.590954978738143,1.1099601299829356,False,서울 성북구 고려대로2길 32,168.2197074101884,보문역,,0,585.941492214655,876.7329823964766,178.89832459204743,3.576270509731282,0,0,0,0,0,0,test
2011,25.08~26.08,신규,11,8,2025,1000,12.21,2,다세대,'149-2,그린빌,72,,,11290,안암동5가, ,성북구,202508,2025-08-11,2025-08,월세,14,20㎡ 이하,안암동,서울특별시 성북구 안암동5가 149-2,37.58838710205,127.028815534165,5.0,18280.0,소형,1497.133497133497,7.3119752770180355,1.3480568026907869,False,서울 성북구 개운사길 41-6,234.16346400024963,안암역,,0,478.0887089357085,478.0887089357085,860.8915850081194,2.502255288122613,0,0,1,1,1,0,test
1985,25.08~26.08,갱신,19,8,2025,17000,111.53,2,연립,'54-3,(54-3),40,27000.0,0.0,11290,안암동3가, ,성북구,202508,2025-08-19,2025-08,월세,40,33㎡ 초과,안암동,서울특별시 성북구 안암동3가 54-3,37.585388607642,127.023027545657,5.0,26600.0,대형,238.5008517887564,5.4785569733739,-0.901264851855832,False,서울 성북구 고려대로14길 24,267.0079737588122,보문역,27000.0,0,453.1904532749157,669.4808957237514,292.06942888916745,4.714293613006445,0,1,1,0,0,0,test
2019,25.10~27.10,신규,16,8,2025,25000,29.91,8,다세대,'100,보문엘타워,10,,,11290,보문동7가, ,성북구,202508,2025-08-16,2025-08,월세,6,20㎡ 초과~33㎡ 이하,보문동,서울특별시 성북구 보문동7가 100,37.57981163882,127.022081428254,5.0,27400.0,중형,916.081578067536,6.821196430205299,0.5700414625964261,False,서울 성북구 보문로 49,662.941502463666,보문역,,0,546.14736911873,894.1001424405406,672.20698034622,3.398192872641857,0,0,0,0,0,1,test
2015,25.09~27.09,신규,13,8,2025,12000,27.48,3,다세대,'6,동은빌,60,,,11290,안암동1가, ,성북구,202508,2025-08-13,2025-08,월세,10,20㎡ 초과~33㎡ 이하,안암동,서울특별시 성북구 안암동1가 6,37.5890312632611,127.019877185804,5.0,26400.0,중형,960.698689956332,6.868701189500946,0.4026310933369761,False,서울 성북구 보문로30길 40-6,388.181701625532,보문역,,0,934.8834971736508,1073.7372462605574,386.2352745429992,3.3134584673541485,0,0,1,0,0,1,test
2013,25.08~26.08,신규,13,8,2025,1000,15.55,3,다세대,'160-7,(160-7),51,,,11290,안암동2가, ,성북구,202508,2025-08-13,2025-08,월세,12,20㎡ 이하,안암동,서울특별시 성북구 안암동2가 160-7,37.5858701000363,127.02347615602,5.0,13240.0,소형,851.4469453376205,6.748110973012974,-0.6148209156527896,False,서울 성북구 고려대로14길 12,308.16468065874864,보문역,,0,461.4727494413145,643.0677789331864,332.7668932818033,2.744060638625243,0,0,1,0,1,0,test
2014,25.08~27.08,신규,6,8,2025,5000,15.57,5,다세대,'75-10,(75-10),53,,,11290,보문동2가, ,성북구,202508,2025-08-06,2025-08,월세,11,20㎡ 이하,보문동,서울특별시 성북구 보문동2가 75-10,37.5851695046946,127.018287932064,5.0,17720.0,소형,1138.0860629415542,7.037981520681823,1.2658603349192126,False,서울 성북구 지봉로 175-2,156.7330223806902,보문역,,0,811.6415388512596,1080.421392750233,133.449606038057,2.745345985845907,0,0,0,0,1,0,test
2015,25.08~27.08,갱신,2,8,2025,20000,28.47,5,다세대,'74-3,범진우주하우스,0,20000.0,0.0,11290,보문동2가, ,성북구,202508,2025-08-02,2025-08,전세,10,20㎡ 초과~33㎡ 이하,보문동,서울특별시 성북구 보문동2가 74-3,37.5856640691289,127.018227480843,5.0,20000.0,중형,702.4938531787847,6.556059139030536,-0.2156822695029418,False,서울 성북구 지봉로23길 13-5,157.08690650371963,보문역,20000.0,0,836.0431027826141,1091.9950963803549,132.0223830526954,3.3488509012899463,1,0,0,0,0,1,test
2016,25.08~27.08,신규,4,8,2025,30000,49.73,4,다세대,'232-6,주함해븐빌,0,,,11290,보문동5가, ,성북구,202508,2025-08-04,2025-08,전세,9,33㎡ 초과,보문동,서울특별시 성북구 보문동5가 232-6,37.5809726510257,127.020634016301,5.0,30000.0,대형,603.2575909913534,6.404000582171383,0.6246383394769073,False,서울 성북구 보문로15길 18,511.0835304511359,보문역,,0,596.6364741843561,944.8351982841295,516.4094280786004,3.906608372726647,1,0,0,0,0,0,test
2002,25.08~27.08,갱신,3,8,2025,1000,27.1,2,다세대,'1-5,재성주택,53,1000.0,50.0,11290,보문동2가, ,성북구,202508,2025-08-03,2025-08,월세,23,20㎡ 초과~33㎡ 이하,보문동,서울특별시 성북구 보문동2가 1-5,37.587555071862,127.017641678685,5.0,13720.0,중형,506.27306273062726,6.229049443873703,-1.1847623901184283,False,서울 성북구 지봉로23길 56,305.66584382578367,보문역,13000.0,0,979.5726361121102,1189.423025025264,287.66387327886355,3.299533727885655,0,0,0,0,0,1,test
2002,25.10~27.10,갱신,3,8,2025,1000,23.85,2,다세대,'1-5,재성주택,54,1000.0,51.0,11290,보문동2가, ,성북구,202508,2025-08-03,2025-08,월세,23,20㎡ 초과~33㎡ 이하,보문동,서울특별시 성북구 보문동2가 1-5,37.587555071862,127.017641678685,5.0,13960.0,중형,585.3249475890985,6.373874153958814,-0.7555801683189409,False,서울 성북구 지봉로23길 56,305.66584382578367,보문역,13240.0,0,979.5726361121102,1189.423025025264,287.66387327886355,3.1717842173343502,0,0,0,0,0,1,test
2019,25.11~27.11,갱신,29,9,2025,28000,29.91,9,다세대,'100,보문엘타워,4,28000.0,0.0,11290,보문동7가, ,성북구,202509,2025-09-29,2025-09,월세,6,20㎡ 초과~33㎡ 이하,보문동,서울특별시 성북구 보문동7가 100,37.57981163882,127.022081428254,5.0,28960.0,중형,968.2380474757606,6.876510244750226,0.7339617342727506,False,서울 성북구 보문로 49,662.941502463666,보문역,28000.0,0,546.14736911873,894.1001424405406,672.20698034622,3.398192872641857,0,0,0,0,0,1,test
2022,25.10~26.10,신규,26,9,2025,2000,28.19,4,다세대,'149-1,TheGoldCity,170,,,11290,안암동5가, ,성북구,202509,2025-09-26,2025-09,월세,3,20㎡ 초과~33㎡ 이하,안암동,서울특별시 성북구 안암동5가 149-1,37.5885579379589,127.028783897453,5.0,42800.0,중형,1518.2688896771904,7.32598450449235,1.5676944012357967,False,서울 성북구 개운사2길 9,253.3616724327488,안암역,,0,497.0221536302352,497.0221536302352,865.4342293535547,3.338967305126021,0,0,1,1,0,1,test
2019,25.11~27.11,갱신,29,9,2025,29000,29.91,9,다세대,'100,보문엘타워,0,28000.0,0.0,11290,보문동7가, ,성북구,202509,2025-09-29,2025-09,전세,6,20㎡ 초과~33㎡ 이하,보문동,서울특별시 성북구 보문동7가 100,37.57981163882,127.022081428254,5.0,29000.0,중형,969.5753928452024,6.877889084130883,0.7380478694947534,False,서울 성북구 보문로 49,662.941502463666,보문역,28000.0,0,546.14736911873,894.1001424405406,672.20698034622,3.398192872641857,1,0,0,0,0,1,test
2008,25.09~27.09,신규,29,9,2025,5500,10.64,5,다세대,'171,승민아트빌,0,,,11290,보문동5가, ,성북구,202509,2025-09-29,2025-09,전세,17,20㎡ 이하,보문동,서울특별시 성북구 보문동5가 171,37.5820315128318,127.020029181913,5.0,5500.0,소형,516.9172932330827,6.249815563938379,-1.754855310649617,False,서울 성북구 지봉로24길 70-10,390.32121984232265,보문역,,0,620.1795847194261,956.5315442239414,393.2946483718082,2.3646204839134985,1,0,0,0,1,0,test
1995,25.10~27.10,신규,23,9,2025,5000,46.16,3,다세대,'64-3,은혜빌라,60,,,11290,보문동2가, ,성북구,202509,2025-09-23,2025-09,월세,30,33㎡ 초과,보문동,서울특별시 성북구 보문동2가 64-3,37.5860070378913,127.017895264922,5.0,19400.0,대형,420.2772963604853,6.043291278049105,-0.3117402027966096,False,서울 성북구 보문로25길 17,192.84107996806145,보문역,,0,877.9665020564191,1126.783676982916,168.2957955121367,3.832113622199844,0,0,0,0,0,0,test
2002,25.10~27.10,신규,24,9,2025,2000,27.72,3,다세대,'74-5,승화빌,80,,,11290,보문동2가, ,성북구,202509,2025-09-24,2025-09,월세,23,20㎡ 초과~33㎡ 이하,보문동,서울특별시 성북구 보문동2가 74-5,37.5855547382236,127.017903081971,5.0,21200.0,중형,764.7907647907648,6.640908979412845,0.0357668305381353,False,서울 성북구 지봉로23길 13-11,185.0868867414957,보문역,,0,858.1280943493584,1118.7296200670005,160.10005084563207,3.3221541743217022,0,0,0,0,0,1,test
2002,25.10~27.10,신규,25,9,2025,16206,41.19,3,다세대,'1-5,재성주택,0,,,11290,보문동2가, ,성북구,202509,2025-09-25,2025-09,전세,23,33㎡ 초과,보문동,서울특별시 성북구 보문동2가 1-5,37.587555071862,127.017641678685,5.0,16206.0,대형,393.4450109249818,5.977479741280052,-0.4825827903326796,False,서울 성북구 지봉로23길 56,305.66584382578367,보문역,,0,979.5726361121102,1189.423025025264,287.66387327886355,3.718195508447989,1,0,0,0,0,0,test
2020,25.09~26.09,신규,9,9,2025,1000,15.48,2,다세대,'42-41,(42-41),50,,,11290,보문동6가, ,성북구,202509,2025-09-09,2025-09,월세,5,20㎡ 이하,보문동,서울특별시 성북구 보문동6가 42-41,37.5818624642491,127.018509247657,5.0,13000.0,소형,839.7932816537467,6.734345829109489,0.1021497277326879,False,서울 성북구 보문로21가길 19,429.7791183312202,보문역,,0,755.428683346882,1090.8185674506628,424.7641223289555,2.739548868161581,0,0,0,0,1,0,test
2008,25.10~27.10,신규,24,9,2025,10900,20.13,3,다세대,'171,승민아트빌,0,,,11290,보문동5가, ,성북구,202509,2025-09-24,2025-09,전세,17,20㎡ 초과~33㎡ 이하,보문동,서울특별시 성북구 보문동5가 171,37.5820315128318,127.020029181913,5.0,10900.0,중형,541.4803775459513,6.29615191433824,-0.9859069092734846,False,서울 성북구 지봉로24길 70-10,390.32121984232265,보문역,,0,620.1795847194261,956.5315442239414,393.2946483718082,3.0022112396517,1,0,0,0,0,1,test
2012,25.09~27.08,신규,10,9,2025,8500,12.41,5,다세대,'134-27,(134-27),0,,,11290,안암동5가, ,성북구,202509,2025-09-10,2025-09,전세,13,20㎡ 이하,안암동,서울특별시 성북구 안암동5가 134-27,37.5827951469634,127.028202358742,5.0,8500.0,소형,684.931506849315,6.530777778498136,-1.371383233819638,False,서울 성북구 안암로9가길 85,400.9752776271348,안암역,,0,105.95196955041544,262.6624413342047,808.2007971721492,2.518502599216516,1,0,1,1,1,0,test
2016,25.10~27.10,신규,11,9,2025,5000,29.56,4,다세대,'79-4,더리치빌,81,,,11290,보문동4가, ,성북구,202509,2025-09-11,2025-09,월세,9,20㎡ 초과~33㎡ 이하,보문동,서울특별시 성북구 보문동4가 79-4,37.5823285816602,127.021501723257,5.0,24440.0,중형,826.7929634641407,6.7187630789935815,0.2664843331978852,False,서울 성북구 고려대로2길 76,380.8928772607329,보문역,,0,487.3313359325827,822.6573866301491,392.1202727493698,3.386422096080001,0,0,0,0,0,1,test
2019,25.09~27.09,신규,17,9,2025,7095,59.79,3,다세대,'133-51,늘푸른,18,,,11290,안암동3가, ,성북구,202509,2025-09-17,2025-09,월세,6,33㎡ 초과,안암동,서울특별시 성북구 안암동3가 133-51,37.5836308102335,127.023733924958,5.0,11415.0,대형,190.9182137481184,5.257069311214879,-1.3750715830378708,False,서울 성북구 보문로22길 54-11,391.4072231250345,보문역,,0,302.2649786351369,600.8355964066794,413.6627149209095,4.090838422892813,0,0,1,0,0,0,test
2009,25.09~27.09,신규,10,9,2025,500,25.16,2,다세대,'64-14,브라운힐,55,,,11290,보문동2가, ,성북구,202509,2025-09-10,2025-09,월세,16,20㎡ 초과~33㎡ 이하,보문동,서울특별시 성북구 보문동2가 64-14,37.5856569512716,127.017634437579,5.0,13700.0,중형,544.5151033386328,6.301730492036741,-0.9693750179289976,False,서울 성북구 지봉로23길 13-22,209.1458695848564,보문역,,0,884.2999533409775,1143.6637587480527,184.0865759102006,3.22525543183224,0,0,0,0,0,1,test
2012,25.09~27.09,신규,2,9,2025,1000,16.76,1,다세대,'74-11,베데스타2,42,,,11290,보문동2가, ,성북구,202509,2025-09-02,2025-09,월세,13,20㎡ 이하,보문동,서울특별시 성북구 보문동2가 74-11,37.5854865875137,127.018136522855,5.0,11080.0,소형,661.0978520286395,6.495413357745867,-0.8135800729613744,False,서울 성북구 지봉로23길 5-8,164.62556409820291,보문역,,0,836.2084060729292,1097.3868311308154,139.76782674161174,2.818995095053937,0,0,0,0,1,0,test
1985,25.09~27.09,갱신,4,9,2025,21000,111.53,1,연립,'54-3,(54-3),0,21000.0,0.0,11290,안암동3가, ,성북구,202509,2025-09-04,2025-09,전세,40,33㎡ 초과,안암동,서울특별시 성북구 안암동3가 54-3,37.585388607642,127.023027545657,5.0,21000.0,대형,188.2901461490182,5.243281002708369,-1.4045675527831678,False,서울 성북구 고려대로14길 24,267.0079737588122,보문역,21000.0,0,453.1904532749157,669.4808957237514,292.06942888916745,4.714293613006445,1,1,1,0,0,0,test
2003,25.09~27.09,신규,10,9,2025,10000,19.5,5,다세대,'76-1,복성로즈빌,0,,,11290,보문동6가, ,성북구,202509,2025-09-10,2025-09,전세,22,20㎡ 이하,보문동,서울특별시 성북구 보문동6가 76-1,37.5815767043558,127.019411483711,5.0,10000.0,소형,512.8205128205128,6.241874007624498,-1.7852920266765626,False,서울 성북구 지봉로20길 74-3,443.9628115803976,보문역,,0,682.3921700339046,1022.9541849936576,443.7557944225809,2.970414465569701,1,0,0,0,1,0,test
2002,25.10~27.09,신규,6,9,2025,2000,27.72,4,다세대,'74-5,승화빌,75,,,11290,보문동2가, ,성북구,202509,2025-09-06,2025-09,월세,23,20㎡ 초과~33㎡ 이하,보문동,서울특별시 성북구 보문동2가 74-5,37.5855547382236,127.017903081971,5.0,20000.0,중형,721.5007215007215,6.5827184186030046,-0.1366785633552706,False,서울 성북구 지봉로23길 13-11,185.0868867414957,보문역,,0,858.1280943493584,1118.7296200670005,160.10005084563207,3.3221541743217022,0,0,0,0,0,1,test
2002,25.09~27.09,신규,1,9,2025,1000,46.15,2,다세대,'5,(5-0),85,,,11290,안암동3가, ,성북구,202509,2025-09-01,2025-09,월세,23,33㎡ 초과,안암동,서울특별시 성북구 안암동3가 5,37.584548399767,127.021770686944,5.0,21400.0,대형,463.70530877573134,6.141403460118063,0.5166973230948673,False,서울 성북구 고려대로8길 31,190.91035462994355,보문역,,0,500.1295824730174,769.6968822473951,212.84954797084052,3.831896960948861,0,0,1,0,0,0,test
2005,25.11~27.11,갱신,31,10,2025,2000,58.74,1,다세대,'47,기원빌라,63,2000.0,60.0,11290,안암동3가, ,성북구,202510,2025-10-31,2025-10,월세,20,33㎡ 초과,안암동,서울특별시 성북구 안암동3가 47,37.5847449790216,127.022346229739,5.0,17120.0,대형,291.45386448757233,5.678306925983887,-0.4739594607683828,False,서울 성북구 고려대로12길 32,224.6377446161844,보문역,16400.0,0,463.6152471243175,720.1867794485319,248.5261000462212,4.073120925770474,0,0,1,0,0,0,test
2019,26.02~28.02,신규,18,10,2025,2000,41.98,4,다세대,'195,로하스빌13차,140,,,11290,보문동5가, ,성북구,202510,2025-10-18,2025-10,월세,6,33㎡ 초과,보문동,서울특별시 성북구 보문동5가 195,37.5815593777309,127.020114191509,5.0,35600.0,대형,848.0228680323964,6.744086121204662,1.5074788918246569,False,서울 성북구 보문로17길 20,442.9210770207923,보문역,,0,622.2593456429851,964.5890252340027,446.2029703925552,3.737193314392487,0,0,0,0,0,0,test
2012,26.01~28.01,갱신,28,10,2025,500,13.92,2,다세대,'134-4,(134-4),54,500.0,52.0,11290,보문동7가, ,성북구,202510,2025-10-28,2025-10,월세,13,20㎡ 이하,보문동,서울특별시 성북구 보문동7가 134-4,37.5791821520309,127.021879050593,5.0,13460.0,소형,966.9540229885056,6.875184589235862,0.6419267157848793,False,서울 성북구 보문로13나길 22,726.2055075485071,보문역,12980.0,0,604.5437846170768,949.191256896952,734.2609546483098,2.633326654906273,0,0,0,0,1,0,test
2019,26.01~28.01,신규,17,10,2025,1000,19.62,3,다세대,'105-3,E.SVill,50,,,11290,안암동1가, ,성북구,202510,2025-10-17,2025-10,월세,6,20㎡ 이하,안암동,서울특별시 성북구 안암동1가 105-3,37.5879341880433,127.020558833338,5.0,13000.0,소형,662.5891946992864,6.497663275331532,-1.486658699845877,False,서울 성북구 고려대로7다길 5,270.4954149793068,보문역,,0,805.0197178822772,964.6844828426848,274.14946234955704,2.976549454137217,0,0,1,0,1,0,test
2017,25.12~27.11,신규,1,10,2025,2000,29.42,3,다세대,'69,보문동6가69공동주택(한광옥),90,,,11290,보문동6가, ,성북구,202510,2025-10-01,2025-10,월세,8,20㎡ 초과~33㎡ 이하,보문동,서울특별시 성북구 보문동6가 69,37.5813211884998,127.01937530258,5.0,23600.0,중형,802.1753908905506,6.6885731096366,0.1770175694317221,False,서울 성북구 보문로17길 34,472.5527208902656,보문역,,0,691.7163228336881,1034.7433320640748,472.312016613711,3.3816747151732915,0,0,0,0,0,1,test
1992,25.12~27.12,신규,27,10,2025,4000,56.86,3,다세대,'36-7,호웅빌라,75,,,11290,보문동6가, ,성북구,202510,2025-10-27,2025-10,월세,33,33㎡ 초과,보문동,서울특별시 성북구 보문동6가 36-7,37.5816225703387,127.017655449277,5.0,22000.0,대형,386.9152303904327,5.960786837378223,-0.5259165132039023,False,서울 성북구 보문사길 88-4,482.41145673445214,보문역,,0,833.7818367311517,1170.346227271206,474.11460981670666,4.040592106222854,0,0,0,0,0,0,test
2012,25.12~27.12,갱신,31,10,2025,4500,12.58,2,다세대,'120-6,스타힐스,18,4500.0,17.0,11290,안암동2가, ,성북구,202510,2025-10-31,2025-10,월세,13,20㎡ 이하,안암동,서울특별시 성북구 안암동2가 120-6,37.5865738225285,127.022304431991,5.0,8820.0,소형,701.1128775834658,6.554094185378238,-1.290216089150776,False,서울 성북구 고려대로7가길 24,232.97468930305547,보문역,8580.0,0,589.3089061779211,765.1410601864793,254.1028821343781,2.5321082512722946,0,0,1,0,1,0,test
1998,25.12~27.12,신규,14,10,2025,20000,76.32,5,다세대,'42-4,은행아트빌라,40,,,11290,보문동6가, ,성북구,202510,2025-10-14,2025-10,월세,27,33㎡ 초과,보문동,서울특별시 성북구 보문동6가 42-4,37.5821310358257,127.019165387758,5.0,29600.0,대형,387.8406708595388,5.963169673235658,-0.5197308220083533,False,서울 성북구 보문로19길 30,386.3723781669751,보문역,,0,694.3767020780615,1027.4946959008,384.4027013504107,4.334935027140031,0,0,0,0,0,0,test
2012,25.12~27.12,갱신,28,10,2025,500,13.92,4,다세대,'134-4,(134-4),54,500.0,52.0,11290,보문동7가, ,성북구,202510,2025-10-28,2025-10,월세,13,20㎡ 이하,보문동,서울특별시 성북구 보문동7가 134-4,37.5791821520309,127.021879050593,5.0,13460.0,소형,966.9540229885056,6.875184589235862,0.6419267157848793,False,서울 성북구 보문로13나길 22,726.2055075485071,보문역,12980.0,0,604.5437846170768,949.191256896952,734.2609546483098,2.633326654906273,0,0,0,0,1,0,test
2017,25.11~27.11,갱신,25,10,2025,21000,33.25,2,다세대,'257,예담,4,21000.0,0.0,11290,안암동1가, ,성북구,202510,2025-10-25,2025-10,월세,8,33㎡ 초과,안암동,서울특별시 성북구 안암동1가 257,37.5875713021913,127.021381744077,5.0,21960.0,대형,660.4511278195489,6.494436099978444,1.271905263177413,False,서울 성북구 고려대로7나길 14,256.28189450343564,보문역,21000.0,0,725.6451886923893,881.9633294670743,267.3157549089593,3.504054767101864,0,0,1,0,0,0,test
2012,25.12~27.11,갱신,28,10,2025,1000,13.92,4,다세대,'134-4,(134-4),49,1000.0,47.0,11290,보문동7가, ,성북구,202510,2025-10-28,2025-10,월세,13,20㎡ 이하,보문동,서울특별시 성북구 보문동7가 134-4,37.5791821520309,127.021879050593,5.0,12760.0,소형,916.6666666666666,6.821834216474498,0.4374566998975535,False,서울 성북구 보문로13나길 22,726.2055075485071,보문역,12280.0,0,604.5437846170768,949.191256896952,734.2609546483098,2.633326654906273,0,0,0,0,1,0,test
2012,25.12~27.12,신규,31,10,2025,2000,18.91,4,다세대,'28,루미에르,53,,,11290,안암동1가, ,성북구,202510,2025-10-31,2025-10,월세,13,20㎡ 이하,안암동,서울특별시 성북구 안암동1가 28,37.588910508004,127.020008946433,5.0,14720.0,소형,778.4241142252777,6.658555331899021,-0.9265745968948176,False,서울 성북구 고려대로7마길 14,374.5950016422433,보문역,,0,917.1378967236792,1057.0551604233938,373.4284316865992,2.9396908826703663,0,0,1,0,1,0,test
1992,25.11~27.11,신규,17,10,2025,22000,62.7,2,다세대,'41-35,(41-35),0,,,11290,안암동5가, ,성북구,202510,2025-10-17,2025-10,전세,33,33㎡ 초과,안암동,서울특별시 성북구 안암동5가 41-35,37.5861200315564,127.031602810444,5.0,22000.0,대형,350.8771929824561,5.863282231151497,-0.0782600171219869,False,서울 성북구 고려대로 110-15,209.81578250042028,안암역,,0,224.4994784354904,224.4994784354904,1048.9082043734018,4.138361447638875,1,0,1,1,0,0,test
2002,25.11~27.11,신규,28,10,2025,3000,46.08,4,다세대,'118-1,자은빌라(A),100,,,11290,안암동2가, ,성북구,202510,2025-10-28,2025-10,월세,23,33㎡ 초과,안암동,서울특별시 성북구 안암동2가 118-1,37.5865143550758,127.025011286976,5.0,27000.0,대형,585.9375,6.374918340564832,1.0162326972477258,False,서울 성북구 고려대로7가길 74,372.7428329486695,안암역,,0,448.6558705880527,542.7126637868288,478.1666010673799,3.830379016387636,0,0,1,1,0,0,test
2009,25.11~27.11,신규,15,10,2025,1000,23.98,2,다세대,'64-14,브라운힐,60,,,11290,보문동2가, ,성북구,202510,2025-10-15,2025-10,월세,16,20㎡ 초과~33㎡ 이하,보문동,서울특별시 성북구 보문동2가 64-14,37.5856569512716,127.017634437579,5.0,15400.0,중형,642.2018348623853,6.46645857056962,-0.4812099617313841,False,서울 성북구 지봉로23길 13-22,209.1458695848564,보문역,,0,884.2999533409775,1143.6637587480527,184.0865759102006,3.177220149599368,0,0,0,0,0,1,test
2012,25.11~27.11,신규,19,10,2025,2000,43.85,4,다세대,'319,풀내음파크빌,80,,,11290,보문동6가, ,성북구,202510,2025-10-19,2025-10,월세,13,33㎡ 초과,보문동,서울특별시 성북구 보문동6가 319,37.5788347787154,127.019539829833,5.0,21200.0,대형,483.4663625997719,6.183048001881998,0.0510594140693989,False,서울 성북구 보문로13바길 13-7,746.8937687310255,보문역,,0,791.5670701093321,1141.0973859917513,747.979003338474,3.780774718818192,0,0,0,0,0,0,test
2014,25.11~27.11,신규,15,10,2025,12000,31.2,6,다세대,'75-10,(75-10),35,,,11290,보문동2가, ,성북구,202510,2025-10-15,2025-10,월세,11,20㎡ 초과~33㎡ 이하,보문동,서울특별시 성북구 보문동2가 75-10,37.5851695046946,127.018287932064,5.0,20400.0,중형,653.8461538461538,6.48440032842252,-0.4280402816832026,False,서울 성북구 지봉로 175-2,156.7330223806902,보문역,,0,811.6415388512596,1080.421392750233,133.449606038057,3.4404180948154366,0,0,0,0,0,1,test
1998,25.11~27.11,신규,21,10,2025,3000,71.5,1,연립,'134-32,금강빌라,120,,,11290,안암동3가, ,성북구,202510,2025-10-21,2025-10,월세,27,33㎡ 초과,안암동,서울특별시 성북구 안암동3가 134-32,37.5821693626162,127.023913697368,5.0,31800.0,대형,444.7552447552448,6.099770022810305,0.4276350130484573,False,서울 성북구 안암로9나길 3,509.2482995236016,보문역,,0,280.8578848569047,626.8684142866084,527.9245823469598,4.269697449699962,0,1,1,0,0,0,test
2009,25.11~27.11,신규,15,10,2025,1000,23.98,4,다세대,'64-14,브라운힐,60,,,11290,보문동2가, ,성북구,202510,2025-10-15,2025-10,월세,16,20㎡ 초과~33㎡ 이하,보문동,서울특별시 성북구 보문동2가 64-14,37.5856569512716,127.017634437579,5.0,15400.0,중형,642.2018348623853,6.46645857056962,-0.4812099617313841,False,서울 성북구 지봉로23길 13-22,209.1458695848564,보문역,,0,884.2999533409775,1143.6637587480527,184.0865759102006,3.177220149599368,0,0,0,0,0,1,test
2022,25.12~26.12,신규,23,10,2025,2000,29.6,4,다세대,'149-1,TheGoldCity,170,,,11290,안암동5가, ,성북구,202510,2025-10-23,2025-10,월세,3,20㎡ 초과~33㎡ 이하,안암동,서울특별시 성북구 안암동5가 149-1,37.5885579379589,127.028783897453,5.0,42800.0,중형,1445.9459459459458,7.2772103699876,1.443427994343005,False,서울 성북구 개운사2길 9,253.3616724327488,안암역,,0,497.0221536302352,497.0221536302352,865.4342293535547,3.387774361330014,0,0,1,1,0,1,test
1994,25.10~27.10,신규,18,10,2025,3000,49.44,-1,다세대,'42-12,현대주택,75,,,11290,보문동6가, ,성북구,202510,2025-10-18,2025-10,월세,31,33㎡ 초과,보문동,서울특별시 성북구 보문동6가 42-12,37.5824401910428,127.019014892116,5.0,21000.0,대형,424.75728155339806,6.053869422281802,-0.284280009329533,False,서울 성북구 지봉로20길 56,355.7042966664558,보문역,,1,704.777569009232,1032.9606814600888,352.42708137265083,3.900759813149435,0,0,0,0,0,0,test
2002,25.11~27.08,신규,3,10,2025,1000,52.92,4,다세대,'133-48,(133-48),45,,,11290,안암동3가, ,성북구,202510,2025-10-03,2025-10,월세,23,33㎡ 초과,안암동,서울특별시 성북구 안암동3가 133-48,37.5839910570083,127.023585952075,5.0,11800.0,대형,222.97808012093725,5.411548190463812,-1.0446101383680937,False,서울 성북구 보문로22길 58,359.69253213035967,보문역,,0,328.70180438659696,610.2153814031233,382.7287912100176,3.968781339246755,0,0,1,0,0,0,test
2002,25.10~27.10,갱신,2,10,2025,28000,50.21,4,다세대,'105,에스엠빌라(105-0),0,28000.0,0.0,11290,안암동2가,사용,성북구,202510,2025-10-02,2025-10,전세,23,33㎡ 초과,안암동,서울특별시 성북구 안암동2가 105,37.5868776134647,127.024252828322,5.0,28000.0,대형,557.6578370842461,6.325537187507219,0.9105964623253976,False,서울 성북구 고려대로7가길 57-1,402.8181118595754,보문역,28000.0,0,513.9835200067755,620.6212972344546,425.4337593703367,3.916214210046614,1,0,1,0,0,0,test
2018,26.02~28.02,신규,29,11,2025,2000,14.67,5,다세대,'153-1,밀로바니,80,,,11290,안암동2가, ,성북구,202511,2025-11-29,2025-11,월세,7,20㎡ 이하,안암동,서울특별시 성북구 안암동2가 153-1,37.5860392528644,127.022360316217,5.1,20823.529411764703,소형,1419.4634909178396,7.258738499392561,1.162733341256496,False,서울 성북구 고려대로 28,214.91379352192595,보문역,,0,544.8687416035631,742.8538092609206,238.67775790395103,2.6858045921548905,0,0,1,0,1,0,test
2005,25.11~27.11,신규,30,11,2025,2000,59.95,3,다세대,'133-58,동인빌,50,,,11290,안암동3가, ,성북구,202511,2025-11-30,2025-11,월세,20,33㎡ 초과,안암동,서울특별시 성북구 안암동3가 133-58,37.5840113230579,127.023162754877,5.1,13764.705882352942,대형,229.60310062306823,5.440698053638181,-0.98225270838567,False,서울 성북구 보문로22길 52,326.27287320675555,보문역,,0,363.9710865993058,647.334921271972,348.83262365040184,4.093510881473524,0,0,1,0,0,0,test
2013,26.01~28.01,신규,18,11,2025,1000,17.32,5,다세대,'132,그린빌,42,,,11290,안암동2가, ,성북구,202511,2025-11-18,2025-11,월세,12,20㎡ 이하,안암동,서울특별시 성북구 안암동2가 132,37.5866939630274,127.023043911887,5.1,10882.352941176472,소형,628.3113707376716,6.444626159236121,-1.6712871160968013,False,서울 성북구 고려대로7가길 38,296.9666022587233,보문역,,0,555.8771787619684,708.8780628975502,318.87528882000805,2.851861903134289,0,0,1,0,1,0,test
2013,26.01~28.01,신규,16,11,2025,1000,15.7,2,다세대,'161-13,(161-13),56,,,11290,안암동2가, ,성북구,202511,2025-11-16,2025-11,월세,12,20㎡ 이하,안암동,서울특별시 성북구 안암동2가 161-13,37.5876132803393,127.025505415992,5.1,14176.470588235296,소형,902.9599100786812,6.806785012150712,-0.4105697097320623,False,서울 성북구 고려대로17길 27,359.15164045714914,안암역,,0,551.1772332037186,573.9514463275236,558.571330901939,2.7536607123542622,0,0,1,1,1,0,test
2012,26.01~27.01,신규,29,11,2025,1000,19.24,4,다세대,'15-17,(15-17),73,,,11290,안암동5가, ,성북구,202511,2025-11-29,2025-11,월세,13,20㎡ 이하,안암동,서울특별시 성북구 안암동5가 15-17,37.588419662907,127.029404194445,5.1,18176.470588235294,소형,944.723003546533,6.851949718084874,-0.2533460757761349,False,서울 성북구 개운사길 42-3,235.35245330358865,안암역,,0,468.151269508039,468.151269508039,910.6340734988736,2.9569914452375605,0,0,1,1,1,0,test
2019,25.12~27.12,신규,7,11,2025,1000,19.62,2,다세대,'105-3,E.SVill,50,,,11290,안암동1가, ,성북구,202511,2025-11-07,2025-11,월세,6,20㎡ 이하,안암동,서울특별시 성북구 안암동1가 105-3,37.5879341880433,127.020558833338,5.1,12764.705882352942,소형,650.5966300893447,6.47942570496704,-1.5501458194434716,False,서울 성북구 고려대로7다길 5,270.4954149793068,보문역,,0,805.0197178822772,964.6844828426848,274.14946234955704,2.976549454137217,0,0,1,0,1,0,test
2017,25.12~27.12,신규,11,11,2025,1000,27.51,3,다세대,'257,예담,60,,,11290,안암동1가, ,성북구,202511,2025-11-11,2025-11,월세,8,20㎡ 초과~33㎡ 이하,안암동,서울특별시 성북구 안암동1가 257,37.5875713021913,127.021381744077,5.1,15117.64705882353,중형,549.5327902153227,6.310886518812683,-1.0185653162428845,False,서울 성북구 고려대로7나길 14,256.28189450343564,보문역,,0,725.6451886923893,881.9633294670743,267.3157549089593,3.3145495749364837,0,0,1,0,0,1,test
2001,26.01~28.01,신규,28,11,2025,1000,40.0,5,다세대,'26,(26-0),55,,,11290,보문동2가, ,성북구,202511,2025-11-28,2025-11,월세,24,33㎡ 초과,보문동,서울특별시 성북구 보문동2가 26,37.5869391329795,127.017776492773,5.1,13941.176470588236,대형,348.5294117647059,5.856587711966337,-0.7964108532286944,False,서울 성북구 지봉로23길 41,250.306015024002,보문역,,0,934.0139717288376,1158.9097609435082,229.8787171893178,3.688879454113936,0,0,0,0,0,0,test
2013,25.12~28.01,신규,1,11,2025,14000,17.5,4,다세대,'3-15,해마루,0,,,11290,보문동1가, ,성북구,202511,2025-11-01,2025-11,전세,12,20㎡ 이하,보문동,서울특별시 성북구 보문동1가 3-15,37.5880247363267,127.018952681536,5.1,14000.0,소형,800.0,6.68586094706836,-0.0836728652150457,False,서울 성북구 보문로30길 12-11,291.21387759176537,보문역,,0,916.6989953998028,1098.5570071510106,282.2828484896454,2.862200880929469,1,0,0,0,1,0,test
2012,26.01~27.01,신규,30,11,2025,2000,12.72,6,다세대,'15-55,큰소나무,67,,,11290,안암동5가, ,성북구,202511,2025-11-30,2025-11,월세,13,20㎡ 이하,안암동,서울특별시 성북구 안암동5가 15-55,37.5876435799279,127.029636220866,5.1,17764.705882352944,소형,1396.5963743988164,7.242509164654216,1.1062371252074097,False,서울 성북구 고려대로27길 27,152.75493553055347,안암역,,0,379.4999345617588,379.4999345617588,903.9568111992396,2.543175557911976,0,0,1,1,1,0,test
2013,25.12~26.12,신규,26,11,2025,300,88.32,-1,다세대,'102-91,(102-91),50,,,11290,안암동5가, ,성북구,202511,2025-11-26,2025-11,월세,12,33㎡ 초과,안암동,서울특별시 성북구 안암동5가 102-91,37.5847491130107,127.029020414455,5.1,12064.705882352942,대형,136.6021952259165,4.924366879048703,-2.0867891130544733,False,서울 성북구 고려대로22길 31,174.28917605071155,안암역,,1,139.61355973925984,139.61355973925984,824.4621698790479,4.480966582528785,0,0,1,1,0,0,test
2019,26.01~27.01,신규,21,11,2025,1000,24.24,3,다세대,'102-90,코윈,59,,,11290,안암동5가, ,성북구,202511,2025-11-21,2025-11,월세,6,20㎡ 초과~33㎡ 이하,안암동,서울특별시 성북구 안암동5가 102-90,37.5846008086626,127.029023979843,5.1,14882.352941176472,중형,613.9584546689964,6.42155471214094,-0.7366056488523761,False,서울 성북구 고려대로22길 35,190.66157151314,안암역,,0,134.2946021779898,134.2946021779898,826.7405875393961,3.1880041612011136,0,0,1,1,0,1,test
2011,25.12~27.12,신규,20,11,2025,21500,49.51,3,다세대,'421,청원하이빌,0,,,11290,보문동6가, ,성북구,202511,2025-11-20,2025-11,전세,14,33㎡ 초과,보문동,서울특별시 성북구 보문동6가 421,37.5785528864785,127.019906664332,5.1,21500.0,대형,434.2557059179964,6.075933688081029,-0.2270025706571684,False,서울 성북구 보문로13바길 7-16,777.1671326717961,보문역,,0,783.4194559700121,1131.2779974522462,779.3290811187826,3.902174669373332,1,0,0,0,0,0,test
2012,25.12~27.12,신규,13,11,2025,2000,12.03,4,다세대,'120-6,스타힐스,22,,,11290,안암동2가, ,성북구,202511,2025-11-13,2025-11,월세,13,20㎡ 이하,안암동,서울특별시 성북구 안암동2가 120-6,37.5865738225285,127.022304431991,5.1,7176.470588235295,소형,596.5478460710968,6.392834357706104,-1.8515804464141443,False,서울 성북구 고려대로7가길 24,232.97468930305547,보문역,,0,589.3089061779211,765.1410601864793,254.1028821343781,2.4874035299865875,0,0,1,0,1,0,test
2018,26.02~28.02,신규,29,11,2025,12000,15.84,5,다세대,'114-1,(114-1),23,,,11290,보문동2가, ,성북구,202511,2025-11-29,2025-11,월세,7,20㎡ 이하,보문동,서울특별시 성북구 보문동2가 114-1,37.5846755232308,127.019214157549,5.1,17411.764705882353,소형,1099.227569815805,7.0032723190401365,1.1328342538671288,False,서울 성북구 지봉로24길 9-1,118.8038179392723,보문역,,0,717.0682193311576,995.3503098289827,107.9784038078537,2.76253838638628,0,0,0,0,1,0,test
2001,25.12~27.12,갱신,14,11,2025,5000,26.98,2,다세대,'74-13,인성빌라,43,5000.0,40.0,11290,보문동2가, ,성북구,202511,2025-11-14,2025-11,월세,24,20㎡ 초과~33㎡ 이하,보문동,서울특별시 성북구 보문동2가 74-13,37.5855932163398,127.018451071054,5.1,15117.64705882353,중형,560.3279117429032,6.330305247672264,-0.8846948752667138,False,서울 성북구 지봉로23길 9,136.9146303223722,보문역,14411.764705882351,0,814.8256272538686,1071.4022800372577,111.87350454731178,3.2950958507796098,0,0,0,0,0,1,test
2001,26.01~28.01,신규,17,11,2025,11000,61.82,4,다세대,'110-4,(110-4),0,,,11290,안암동5가, ,성북구,202511,2025-11-17,2025-11,전세,24,33㎡ 초과,안암동,서울특별시 성북구 안암동5가 110-4,37.5815352331814,127.027284293462,5.1,11000.0,대형,177.93594306049823,5.187027881796369,-1.5249043114012024,False,서울 성북구 안암로9가길 54,557.7460079584192,안암역,,0,142.8495099353387,418.0996234993864,802.8552122552657,4.124226936703971,1,0,1,1,0,0,test
1997,25.12~27.12,신규,15,11,2025,8500,27.8,2,다세대,'207-2,BESSOHOUSE,35,,,11290,보문동3가, ,성북구,202511,2025-11-15,2025-11,월세,28,20㎡ 초과~33㎡ 이하,보문동,서울특별시 성북구 보문동3가 207-2,37.5838886300916,127.017847546579,5.1,16735.29411764706,중형,601.988997037664,6.401898949525323,-0.6725298102713245,False,서울 성북구 보문사길 39,264.34504371609194,보문역,,0,815.5325228088915,1115.8395096003146,248.52075618483056,3.3250360206965914,0,0,0,0,0,1,test
2011,26.01~27.01,신규,30,11,2025,2000,12.21,2,다세대,'149-2,그린빌,72,,,11290,안암동5가, ,성북구,202511,2025-11-30,2025-11,월세,14,20㎡ 이하,안암동,서울특별시 성북구 안암동5가 149-2,37.58838710205,127.028815534165,5.1,18941.17647058824,소형,1551.2839042250807,7.347482611993959,1.471661996647835,False,서울 성북구 개운사길 41-6,234.16346400024963,안암역,,0,478.0887089357085,478.0887089357085,860.8915850081194,2.502255288122613,0,0,1,1,1,0,test
2019,25.12~27.12,신규,13,11,2025,1000,19.62,2,다세대,'105-3,E.SVill,50,,,11290,안암동1가, ,성북구,202511,2025-11-13,2025-11,월세,6,20㎡ 이하,안암동,서울특별시 성북구 안암동1가 105-3,37.5879341880433,127.020558833338,5.1,12764.705882352942,소형,650.5966300893447,6.47942570496704,-1.5501458194434716,False,서울 성북구 고려대로7다길 5,270.4954149793068,보문역,,0,805.0197178822772,964.6844828426848,274.14946234955704,2.976549454137217,0,0,1,0,1,0,test
2012,25.12~26.12,신규,20,11,2025,500,15.11,2,다세대,'15-18,(15-18),55,,,11290,안암동5가, ,성북구,202511,2025-11-20,2025-11,월세,13,20㎡ 이하,안암동,서울특별시 성북구 안암동5가 15-18,37.5885766181077,127.029394971863,5.1,13441.176470588236,소형,889.5550278350918,6.791844895132813,-0.4625780078200642,False,서울 성북구 개운사길 50,252.72475498357505,안암역,,0,485.4043348835692,485.4043348835692,916.1170435028008,2.715356776284648,0,0,1,1,1,0,test
2017,25.12~26.12,신규,25,11,2025,1000,37.38,2,다세대,'134-24,제니하우스,90,,,11290,안암동5가, ,성북구,202511,2025-11-25,2025-11,월세,8,33㎡ 초과,안암동,서울특별시 성북구 안암동5가 134-24,37.5822804188352,127.02778259363,5.1,22176.470588235294,대형,593.2710162716771,6.38733547165899,1.0427954422649075,False,서울 성북구 안암로9가길 71,465.6741094900241,안암역,,0,89.96457393445408,328.28091666262696,798.5830152540294,3.6211358020274167,0,0,1,1,0,0,test
2018,25.12~27.12,신규,29,11,2025,2000,14.67,4,다세대,'153-1,밀로바니,61,,,11290,안암동2가, ,성북구,202511,2025-11-29,2025-11,월세,7,20㎡ 이하,안암동,서울특별시 성북구 안암동2가 153-1,37.5860392528644,127.022360316217,5.1,16352.94117647059,소형,1114.7199165964955,7.017255140651146,0.3221014713943512,False,서울 성북구 고려대로 28,214.91379352192595,보문역,,0,544.8687416035631,742.8538092609206,238.67775790395103,2.6858045921548905,0,0,1,0,1,0,test
2016,25.12~27.12,갱신,26,11,2025,28000,50.55,3,다세대,'232-5,주함해븐빌(C동),0,28000.0,0.0,11290,보문동5가, ,성북구,202511,2025-11-26,2025-11,전세,9,33㎡ 초과,보문동,서울특별시 성북구 보문동5가 232-5,37.5809196100961,127.020475504999,5.1,28000.0,대형,553.9070227497527,6.318800573135268,0.4034645040609974,False,서울 성북구 보문로15길 20,515.6327107431371,보문역,28000.0,0,611.7788111338735,959.997443553532,520.264847332014,3.92296294546648,1,0,0,0,0,0,test
2019,25.11~26.11,신규,14,11,2025,1000,16.41,5,다세대,'103-25,대륜빌딩,73,,,11290,안암동5가, ,성북구,202511,2025-11-14,2025-11,월세,6,20㎡ 이하,안암동,서울특별시 성북구 안암동5가 103-25,37.5855307947847,127.029822873704,5.1,18176.470588235294,소형,1107.6459834390794,7.010894714962825,0.2999600842306175,False,서울 성북구 고려대로26길 14,100.77302502846884,안암역,,0,149.29895034913778,149.29895034913778,890.2277309393359,2.797890905102,0,0,1,1,1,0,test
2019,26.01~27.01,신규,22,11,2025,1000,16.84,4,다세대,'103-25,대륜빌딩,74,,,11290,안암동5가, ,성북구,202511,2025-11-22,2025-11,월세,6,20㎡ 이하,안암동,서울특별시 성북구 안암동5가 103-25,37.5855307947847,127.029822873704,5.1,18411.76470588236,소형,1093.3351963113037,6.997902331218239,0.2547320739109782,False,서울 성북구 고려대로26길 14,100.77302502846884,안암역,,0,149.29895034913778,149.29895034913778,890.2277309393359,2.823757008814181,0,0,1,1,1,0,test
2011,26.01~27.01,신규,25,11,2025,2000,12.21,2,다세대,'149-2,그린빌,70,,,11290,안암동5가, ,성북구,202511,2025-11-25,2025-11,월세,14,20㎡ 이하,안암동,서울특별시 성북구 안암동5가 149-2,37.58838710205,127.028815534165,5.1,18470.58823529412,소형,1512.7426892132771,7.322340465269034,1.3841392376309136,False,서울 성북구 개운사길 41-6,234.16346400024963,안암역,,0,478.0887089357085,478.0887089357085,860.8915850081194,2.502255288122613,0,0,1,1,1,0,test
2012,26.02~27.01,신규,12,11,2025,1000,18.54,2,다세대,'15-18,(15-18),63,,,11290,안암동5가, ,성북구,202511,2025-11-12,2025-11,월세,13,20㎡ 이하,안암동,서울특별시 성북구 안암동5가 15-18,37.5885766181077,127.029394971863,5.1,15823.529411764706,소형,853.4805507963704,6.750493741379549,-0.606526219745451,False,서울 성북구 개운사길 50,252.72475498357505,안암역,,0,485.4043348835692,485.4043348835692,916.1170435028008,2.919930560137709,0,0,1,1,1,0,test
2013,25.12~27.12,신규,10,11,2025,28000,48.33,5,다세대,'10,보하티빌,0,,,11290,보문동4가, ,성북구,202511,2025-11-10,2025-11,전세,12,33㎡ 초과,보문동,서울특별시 성북구 보문동4가 10,37.5840930757581,127.020553814379,5.1,28000.0,대형,579.3503000206911,6.36363188677959,0.5198437591529225,False,서울 성북구 고려대로2길 32,168.2197074101884,보문역,,0,585.941492214655,876.7329823964766,178.89832459204743,3.8780524858569927,1,0,0,0,0,0,test
2011,26.01~27.08,신규,13,11,2025,2000,12.21,2,다세대,'149-2,그린빌,65,,,11290,안암동5가, ,성북구,202511,2025-11-13,2025-11,월세,14,20㎡ 이하,안암동,서울특별시 성북구 안암동5가 149-2,37.58838710205,127.028815534165,5.1,17294.117647058825,소형,1416.3896516837694,7.256572185434991,1.1551921485119865,False,서울 성북구 개운사길 41-6,234.16346400024963,안암역,,0,478.0887089357085,478.0887089357085,860.8915850081194,2.502255288122613,0,0,1,1,1,0,test
2008,25.12~27.12,신규,14,11,2025,7000,13.16,2,다세대,'171,승민아트빌,0,,,11290,보문동5가, ,성북구,202511,2025-11-14,2025-11,전세,17,20㎡ 이하,보문동,서울특별시 성북구 보문동5가 171,37.5820315128318,127.020029181913,5.1,7000.0,소형,531.9148936170212,6.278361737152052,-1.6454495804098257,False,서울 성북구 지봉로24길 70-10,390.32121984232265,보문역,,0,620.1795847194261,956.5315442239414,393.2946483718082,2.5771819258971718,1,0,0,0,1,0,test
2010,25.11~27.11,신규,1,11,2025,500,16.32,3,다세대,'75-5,(75-5),47,,,11290,보문동2가, ,성북구,202511,2025-11-01,2025-11,월세,15,20㎡ 이하,보문동,서울특별시 성북구 보문동2가 75-5,37.5852105580652,127.017908434026,5.1,11558.823529411766,소형,708.2612456747405,6.564223929290776,-0.5498574796828372,False,서울 성북구 지봉로23길 5-15,188.2462421810256,보문역,,0,844.7779330328794,1114.1366128926045,164.28883342805997,2.792391349535961,0,0,0,0,1,0,test
2013,26.01~28.01,신규,17,11,2025,16500,24.97,3,다세대,'199,태영빌,0,,,11290,보문동5가, ,성북구,202511,2025-11-17,2025-11,전세,12,20㎡ 초과~33㎡ 이하,보문동,서울특별시 성북구 보문동5가 199,37.5816530339054,127.020389097902,5.1,16500.0,중형,660.7929515418502,6.494952744995392,-0.3967686182534101,False,서울 성북구 보문로17길 14,433.7324459743769,보문역,,0,596.3475761496918,938.3173047476604,438.4174188879834,3.217675104291682,1,0,0,0,0,1,test
2011,26.01~27.01,신규,6,11,2025,1000,13.18,4,다세대,'149-2,그린빌,80,,,11290,안암동5가, ,성북구,202511,2025-11-06,2025-11,월세,14,20㎡ 이하,안암동,서울특별시 성북구 안암동5가 149-2,37.58838710205,127.028815534165,5.1,19823.529411764703,소형,1504.0614121217532,7.316588981746972,1.3641176495064502,False,서울 성북구 개운사길 41-6,234.16346400024963,안암역,,0,478.0887089357085,478.0887089357085,860.8915850081194,2.578700529074361,0,0,1,1,1,0,test
2012,26.01~27.01,신규,9,11,2025,1000,38.07,4,다세대,'15-17,(15-17),103,,,11290,안암동5가, ,성북구,202511,2025-11-09,2025-11,월세,13,33㎡ 초과,안암동,서울특별시 성북구 안암동5가 15-17,37.588419662907,127.029404194445,5.1,25235.29411764706,대형,662.8656190608631,6.498079748062215,1.279699760493068,False,서울 성북구 개운사길 42-3,235.35245330358865,안암역,,0,468.151269508039,468.151269508039,910.6340734988736,3.639426570394406,0,0,1,1,0,0,test
2012,25.12~27.12,신규,13,11,2025,4500,12.03,4,다세대,'120-6,스타힐스,13,,,11290,안암동2가, ,성북구,202511,2025-11-13,2025-11,월세,13,20㎡ 이하,안암동,서울특별시 성북구 안암동2가 120-6,37.5865738225285,127.022304431991,5.1,7558.823529411765,소형,628.3311329519339,6.444657561662475,-1.6711778005707871,False,서울 성북구 고려대로7가길 24,232.97468930305547,보문역,,0,589.3089061779211,765.1410601864793,254.1028821343781,2.4874035299865875,0,0,1,0,1,0,test
2012,25.12~26.12,신규,7,11,2025,1000,14.13,6,다세대,'12-24,(12-24),75,,,11290,안암동5가, ,성북구,202511,2025-11-07,2025-11,월세,13,20㎡ 이하,안암동,서울특별시 성북구 안암동5가 12-24,37.5890048138564,127.029936464902,5.1,18647.058823529413,소형,1319.678614545606,7.1859009854037845,0.9091774196409562,False,서울 성북구 고려대로27길 52-7,306.26710788830525,안암역,,0,525.5027062656495,525.5027062656495,978.315946177262,2.6483001966964363,0,0,1,1,1,0,test
2013,25.12~27.12,신규,8,11,2025,17600,31.88,3,다세대,'199,태영빌,0,,,11290,보문동5가, ,성북구,202511,2025-11-08,2025-11,전세,12,20㎡ 초과~33㎡ 이하,보문동,서울특별시 성북구 보문동5가 199,37.5816530339054,127.020389097902,5.1,17600.0,중형,552.0702634880803,6.315485052199844,-0.9286139303548808,False,서울 성북구 보문로17길 14,433.7324459743769,보문역,,0,596.3475761496918,938.3173047476604,438.4174188879834,3.461978853922014,1,0,0,0,0,1,test
2013,25.12~27.12,신규,1,11,2025,28000,48.33,5,다세대,'10,보하티빌,0,,,11290,보문동4가, ,성북구,202511,2025-11-01,2025-11,전세,12,33㎡ 초과,보문동,서울특별시 성북구 보문동4가 10,37.5840930757581,127.020553814379,5.1,28000.0,대형,579.3503000206911,6.36363188677959,0.5198437591529225,False,서울 성북구 고려대로2길 32,168.2197074101884,보문역,,0,585.941492214655,876.7329823964766,178.89832459204743,3.8780524858569927,1,0,0,0,0,0,test
2016,25.11~27.11,갱신,3,11,2025,10500,47.85,2,다세대,'232-4,주함해븐빌(B동),90,10500.0,80.0,11290,보문동5가,사용,성북구,202511,2025-11-03,2025-11,월세,9,33㎡ 초과,보문동,서울특별시 성북구 보문동5가 232-4,37.5808666584678,127.0203203903,5.1,31676.470588235294,대형,661.9952056057532,6.496767758795844,0.8654560634050816,False,서울 성북구 보문로15길 22,520.5899309684828,보문역,29323.529411764703,0,626.63756580377,974.8804036009914,524.5505746357342,3.868071117898964,0,0,0,0,0,0,test
2018,25.12~27.12,신규,3,11,2025,2000,14.67,3,다세대,'153-1,밀로바니,68,,,11290,안암동2가, ,성북구,202511,2025-11-03,2025-11,월세,7,20㎡ 이하,안암동,서울특별시 성북구 안암동2가 153-1,37.5860392528644,127.022360316217,5.1,18000.0,소형,1226.993865030675,7.113137112791249,0.6558778522857336,False,서울 성북구 고려대로 28,214.91379352192595,보문역,,0,544.8687416035631,742.8538092609206,238.67775790395103,2.6858045921548905,0,0,1,0,1,0,test
2008,26.03~28.03,갱신,31,12,2025,7100,13.16,3,다세대,'171,승민아트빌,10,6400.0,10.0,11290,보문동5가, ,성북구,202512,2025-12-31,2025-12,월세,17,20㎡ 이하,보문동,서울특별시 성북구 보문동5가 171,37.5820315128318,127.020029181913,5.0,9500.0,소형,721.8844984802431,6.583249456257513,-0.4769404671147323,False,서울 성북구 지봉로24길 70-10,390.32121984232265,보문역,8800.0,0,620.1795847194261,956.5315442239414,393.2946483718082,2.5771819258971718,0,0,0,0,1,0,test
2015,26.02~27.02,신규,27,12,2025,3000,27.32,3,다세대,'6,동은빌,100,,,11290,안암동1가, ,성북구,202512,2025-12-27,2025-12,월세,10,20㎡ 초과~33㎡ 이하,안암동,서울특별시 성북구 안암동1가 6,37.5890312632611,127.019877185804,5.0,27000.0,중형,988.2869692532944,6.896984450558708,0.4746909927600322,False,서울 성북구 보문로30길 40-6,388.181701625532,보문역,,0,934.8834971736508,1073.7372462605574,386.2352745429992,3.307619034702589,0,0,1,0,0,1,test
2018,26.01~28.01,신규,2,12,2025,1000,14.67,5,다세대,'153-1,밀로바니,88,,,11290,안암동2가, ,성북구,202512,2025-12-02,2025-12,월세,7,20㎡ 이하,안암동,서울특별시 성북구 안암동2가 153-1,37.5860392528644,127.022360316217,5.0,22120.0,소형,1507.839127471029,7.319095844384293,1.3728443321121668,False,서울 성북구 고려대로 28,214.91379352192595,보문역,,0,544.8687416035631,742.8538092609206,238.67775790395103,2.6858045921548905,0,0,1,0,1,0,test
2013,26.03~27.03,신규,1,12,2025,2000,13.7,3,다세대,'110-6,E&I,59,,,11290,안암동5가, ,성북구,202512,2025-12-01,2025-12,월세,12,20㎡ 이하,안암동,서울특별시 성북구 안암동5가 110-6,37.5812859176473,127.026938112,5.0,16160.0,소형,1179.5620437956204,7.073745912362292,0.5187524675582197,False,서울 성북구 안암로 45,593.8686310018182,안암역,,0,168.44658047772734,459.1734550356916,793.9927513365587,2.617395832834079,0,0,1,1,1,0,test
2015,26.02~28.02,신규,27,12,2025,5000,27.32,2,다세대,'6,동은빌,85,,,11290,안암동1가, ,성북구,202512,2025-12-27,2025-12,월세,10,20㎡ 초과~33㎡ 이하,안암동,서울특별시 성북구 안암동1가 6,37.5890312632611,127.019877185804,5.0,25400.0,중형,929.7218155197658,6.83596043082215,0.3192144119079765,False,서울 성북구 보문로30길 40-6,388.181701625532,보문역,,0,934.8834971736508,1073.7372462605574,386.2352745429992,3.307619034702589,0,0,1,0,0,1,test
2018,26.02~28.02,신규,29,12,2025,3700,14.52,5,다세대,'114-1,(114-1),47,,,11290,보문동2가, ,성북구,202512,2025-12-29,2025-12,월세,7,20㎡ 이하,보문동,서울특별시 성북구 보문동2가 114-1,37.5846755232308,127.019214157549,5.0,14980.0,소형,1031.6804407713498,6.939913070603883,0.8900043379016371,False,서울 성북구 지봉로24길 9-1,118.8038179392723,보문역,,0,717.0682193311576,995.3503098289827,107.9784038078537,2.67552700939665,0,0,0,0,1,0,test
2018,26.02~27.02,신규,6,12,2025,3700,15.84,8,다세대,'114-1,(114-1),50,,,11290,보문동2가, ,성북구,202512,2025-12-06,2025-12,월세,7,20㎡ 이하,보문동,서울특별시 성북구 보문동2가 114-1,37.5846755232308,127.019214157549,5.0,15700.0,소형,991.1616161616162,6.899886013532687,0.7365971062056407,False,서울 성북구 지봉로24길 9-1,118.8038179392723,보문역,,0,717.0682193311576,995.3503098289827,107.9784038078537,2.76253838638628,0,0,0,0,1,0,test
2012,26.02~27.02,신규,6,12,2025,2000,12.0,5,다세대,'15-55,큰소나무,70,,,11290,안암동5가, ,성북구,202512,2025-12-06,2025-12,월세,13,20㎡ 이하,안암동,서울특별시 성북구 안암동5가 15-55,37.5876435799279,127.029636220866,5.0,18800.0,소형,1566.6666666666667,7.357343593276938,1.505989228047092,False,서울 성북구 고려대로27길 27,152.75493553055347,안암역,,0,379.4999345617588,379.4999345617588,903.9568111992396,2.4849066497880004,0,0,1,1,1,0,test
2014,26.02~28.02,신규,27,12,2025,1000,14.99,4,다세대,'35,해마루,54,,,11290,안암동1가, ,성북구,202512,2025-12-27,2025-12,월세,11,20㎡ 이하,안암동,서울특별시 성북구 안암동1가 35,37.5886156661735,127.019693653118,5.0,13960.0,소형,931.2875250166778,6.837641270345031,-0.3031554590854352,False,서울 성북구 고려대로7마길 6,342.8985149839912,보문역,,0,912.505916991287,1066.2853451858073,339.78250688811045,2.7073833121145063,0,0,1,0,1,0,test
2013,26.02~28.02,신규,20,12,2025,3000,11.99,3,다세대,'10-1,(10-1),30,,,11290,안암동1가, ,성북구,202512,2025-12-20,2025-12,월세,12,20㎡ 이하,안암동,서울특별시 성북구 안암동1가 10-1,37.5891488973123,127.019550678014,5.0,10200.0,소형,850.7089241034195,6.747244830081362,-0.6178360606961725,False,서울 성북구 보문로30길 36-3,403.08215098858034,보문역,,0,963.973936083318,1105.2288070939644,399.34596808740486,2.4840729690394228,0,0,1,0,1,0,test
2012,26.02~28.02,신규,13,12,2025,4500,13.64,3,다세대,'120-6,스타힐스,21,,,11290,안암동2가, ,성북구,202512,2025-12-13,2025-12,월세,13,20㎡ 이하,안암동,서울특별시 성북구 안암동2가 120-6,37.5865738225285,127.022304431991,5.0,9540.0,소형,699.4134897360703,6.551670860272013,-1.2986519678214514,False,서울 성북구 고려대로7가길 24,232.97468930305547,보문역,,0,589.3089061779211,765.1410601864793,254.1028821343781,2.613006652415316,0,0,1,0,1,0,test
2016,26.02~28.02,신규,26,12,2025,28500,50.55,2,다세대,'232-5,주함해븐빌(C동),20,,,11290,보문동5가, ,성북구,202512,2025-12-26,2025-12,월세,9,33㎡ 초과,보문동,서울특별시 성북구 보문동5가 232-5,37.5809196100961,127.020475504999,5.0,33300.0,대형,658.7537091988131,6.491866597495425,0.8527329586182464,False,서울 성북구 보문로15길 20,515.6327107431371,보문역,,0,611.7788111338735,959.997443553532,520.264847332014,3.92296294546648,0,0,0,0,0,0,test
2003,26.02~28.02,신규,22,12,2025,500,93.46,4,다세대,'8,옥인호주택,55,,,11290,안암동2가, ,성북구,202512,2025-12-22,2025-12,월세,22,33㎡ 초과,안암동,서울특별시 성북구 안암동2가 8,37.5869089314205,127.021164736446,5.0,13700.0,대형,146.586775090948,4.994416308497259,-1.9369392710151552,False,서울 성북구 고려대로11길 19-16,183.25537056601888,보문역,,0,687.8480037620799,872.238606229052,196.73408162401688,4.53753353727228,0,0,1,0,0,0,test
2017,26.01~28.01,신규,11,12,2025,28000,23.15,4,다세대,'74-4,(74-4),0,,,11290,보문동2가, ,성북구,202512,2025-12-11,2025-12,전세,8,20㎡ 초과~33㎡ 이하,보문동,서울특별시 성북구 보문동2가 74-4,37.5856076020013,127.018063978834,5.0,28000.0,중형,1209.5032397408208,7.098791452740349,1.3926831821072403,False,서울 성북구 지봉로23길 13-9,171.06065159319274,보문역,,0,847.0480143176586,1105.4214813741974,146.01736067850436,3.1419947805322432,1,0,0,0,0,1,test
1940,26.01~28.01,신규,23,12,2025,5000,70.4,2,다세대,'211,(214),75,,,11290,보문동2가, ,성북구,202512,2025-12-23,2025-12,월세,85,33㎡ 초과,보문동,서울특별시 성북구 보문동2가 211,37.5840728078905,127.018910015858,5.0,23000.0,대형,326.70454545454544,5.792112426388385,-0.963784617177086,False,서울 성북구 보문로23길 16,189.6366318655988,보문역,,0,726.7882757968135,1021.5906354365782,180.11317380292195,4.254193263163997,0,0,0,0,0,0,test
2014,26.02~28.01,신규,2,12,2025,500,14.42,4,다세대,'35,해마루,62,,,11290,안암동1가, ,성북구,202512,2025-12-02,2025-12,월세,11,20㎡ 이하,안암동,서울특별시 성북구 안암동1가 35,37.5886156661735,127.019693653118,5.0,15380.0,소형,1066.5742024965325,6.973144253222428,0.1685463031469625,False,서울 성북구 고려대로7마길 6,342.8985149839912,보문역,,0,912.505916991287,1066.2853451858073,339.78250688811045,2.668616131856803,0,0,1,0,1,0,test
2003,26.01~28.01,신규,27,12,2025,1000,104.4,3,다세대,'8,옥인호주택,58,,,11290,안암동2가, ,성북구,202512,2025-12-27,2025-12,월세,22,33㎡ 초과,안암동,서울특별시 성북구 안암동2가 8,37.5869089314205,127.021164736446,5.0,14920.0,대형,142.911877394636,4.969201149713249,-1.9908795756047184,False,서울 성북구 고려대로11길 19-16,183.25537056601888,보문역,,0,687.8480037620799,872.238606229052,196.73408162401688,4.648229675448539,0,0,1,0,0,0,test
2002,26.01~28.01,신규,9,12,2025,5000,61.32,4,다세대,'74-8,대원빌2,80,,,11290,보문동2가, ,성북구,202512,2025-12-09,2025-12,월세,23,33㎡ 초과,보문동,서울특별시 성북구 보문동2가 74-8,37.5853213287708,127.017651794066,5.0,24200.0,대형,394.6510110893673,5.980532537566577,-0.4746579242314568,False,서울 성북구 지봉로21길 10,208.66767556109943,보문역,,0,870.143089712503,1137.8216141985497,184.1639157483819,4.116106054003613,0,0,0,0,0,0,test
1993,26.01~28.01,신규,19,12,2025,5000,48.0,2,다세대,'29-3,(29-3),55,,,11290,안암동4가, ,성북구,202512,2025-12-19,2025-12,월세,32,33㎡ 초과,안암동,서울특별시 성북구 안암동4가 29-3,37.5805495118194,127.025834715366,5.0,18200.0,대형,379.1666666666667,5.940609753056333,0.0871591309560349,False,서울 성북구 안암로 31-5,706.8330305921122,안암역,,0,270.4916743569961,585.5965443337467,775.0699554946127,3.871201010907891,0,0,1,1,0,0,test
2017,26.02~27.02,갱신,11,12,2025,20000,33.25,3,다세대,'257,예담,0,20000.0,0.0,11290,안암동1가, ,성북구,202512,2025-12-11,2025-12,전세,8,33㎡ 초과,안암동,서울특별시 성북구 안암동1가 257,37.5875713021913,127.021381744077,5.0,20000.0,대형,601.5037593984962,6.401093905010898,1.072227503035737,False,서울 성북구 고려대로7나길 14,256.28189450343564,보문역,20000.0,0,725.6451886923893,881.9633294670743,267.3157549089593,3.504054767101864,1,0,1,0,0,0,test
2013,26.01~27.01,신규,27,12,2025,1000,13.99,1,다세대,'102-91,(102-91),46,,,11290,안암동5가, ,성북구,202512,2025-12-27,2025-12,월세,12,20㎡ 이하,안암동,서울특별시 성북구 안암동5가 102-91,37.5847491130107,127.029020414455,5.0,12040.0,소형,860.614724803431,6.758808215765122,-0.5775825600825526,False,서울 성북구 고려대로22길 31,174.28917605071155,안암역,,0,139.61355973925984,139.61355973925984,824.4621698790479,2.63834278867739,0,0,1,1,1,0,test
2018,26.01~28.01,신규,24,12,2025,2000,14.67,3,다세대,'153-1,밀로바니,67,,,11290,안암동2가, ,성북구,202512,2025-12-24,2025-12,월세,7,20㎡ 이하,안암동,서울특별시 성북구 안암동2가 153-1,37.5860392528644,127.022360316217,5.0,18080.0,소형,1232.4471710974778,7.117568106594588,0.6713026609585192,False,서울 성북구 고려대로 28,214.91379352192595,보문역,,0,544.8687416035631,742.8538092609206,238.67775790395103,2.6858045921548905,0,0,1,0,1,0,test
2011,26.02~28.02,신규,22,12,2025,2000,19.92,2,다세대,'2-2,(2-2),40,,,11290,보문동2가, ,성북구,202512,2025-12-22,2025-12,월세,14,20㎡ 이하,보문동,서울특별시 성북구 보문동2가 2-2,37.5872920463973,127.017812694376,5.0,11600.0,소형,582.3293172690762,6.368751893544167,-1.2990213221439662,False,서울 성북구 지봉로23길 50,274.1288529809032,보문역,,0,951.2446356577402,1166.4026777308086,255.61189878310088,2.991724252156452,0,0,0,0,1,0,test
2018,26.01~28.01,신규,8,12,2025,1000,16.67,7,다세대,'114-1,(114-1),64,,,11290,보문동2가, ,성북구,202512,2025-12-08,2025-12,월세,7,20㎡ 이하,보문동,서울특별시 성북구 보문동2가 114-1,37.5846755232308,127.019214157549,5.0,16360.0,소형,981.4037192561486,6.890002343273485,0.6987170669421157,False,서울 성북구 지봉로24길 9-1,118.8038179392723,보문역,,0,717.0682193311576,995.3503098289827,107.9784038078537,2.813610696762703,0,0,0,0,1,0,test
2014,25.12~28.01,신규,6,12,2025,5000,15.57,4,다세대,'75-10,(75-10),53,,,11290,보문동2가, ,성북구,202512,2025-12-06,2025-12,월세,11,20㎡ 이하,보문동,서울특별시 성북구 보문동2가 75-10,37.5851695046946,127.018287932064,5.0,17720.0,소형,1138.0860629415542,7.037981520681823,1.2658603349192126,False,서울 성북구 지봉로 175-2,156.7330223806902,보문역,,0,811.6415388512596,1080.421392750233,133.449606038057,2.745345985845907,0,0,0,0,1,0,test
2015,26.01~28.01,신규,19,12,2025,500,27.48,2,다세대,'6,동은빌,94,,,11290,안암동1가, ,성북구,202512,2025-12-19,2025-12,월세,10,20㎡ 초과~33㎡ 이하,안암동,서울특별시 성북구 안암동1가 6,37.5890312632611,127.019877185804,5.0,23060.0,중형,839.155749636099,6.733587290883345,0.058388824909825,False,서울 성북구 보문로30길 40-6,388.181701625532,보문역,,0,934.8834971736508,1073.7372462605574,386.2352745429992,3.3134584673541485,0,0,1,0,0,1,test
2016,26.01~28.01,신규,30,12,2025,20000,43.12,5,다세대,'232-4,주함해븐빌(B동),0,,,11290,보문동5가, ,성북구,202512,2025-12-30,2025-12,전세,9,33㎡ 초과,보문동,서울특별시 성북구 보문동5가 232-4,37.5808666584678,127.0203203903,5.0,20000.0,대형,463.821892393321,6.141654305102598,-0.0563960050358061,False,서울 성북구 보문로15길 22,520.5899309684828,보문역,,0,626.63756580377,974.8804036009914,524.5505746357342,3.7639869266007415,1,0,0,0,0,0,test
2014,26.01~28.01,신규,13,12,2025,1000,105.19,2,다세대,'35,해마루,55,,,11290,안암동1가, ,성북구,202512,2025-12-13,2025-12,월세,11,33㎡ 초과,안암동,서울특별시 성북구 안암동1가 35,37.5886156661735,127.019693653118,5.0,14200.0,대형,134.99382070539025,4.912609448714028,-2.111940625241067,False,서울 성북구 고려대로7마길 6,342.8985149839912,보문역,,0,912.505916991287,1066.2853451858073,339.78250688811045,4.655768238751183,0,0,1,0,0,0,test
2012,26.01~27.01,신규,2,12,2025,2000,12.0,4,다세대,'15-55,큰소나무,67,,,11290,안암동5가, ,성북구,202512,2025-12-02,2025-12,월세,13,20㎡ 이하,안암동,서울특별시 성북구 안암동5가 15-55,37.5876435799279,127.029636220866,5.0,18080.0,소형,1506.6666666666667,7.318318480809734,1.3701382384142398,False,서울 성북구 고려대로27길 27,152.75493553055347,안암역,,0,379.4999345617588,379.4999345617588,903.9568111992396,2.4849066497880004,0,0,1,1,1,0,test
2013,26.01~28.01,신규,25,12,2025,9000,14.02,5,다세대,'28,뉴스타안암,7,,,11290,안암동2가, ,성북구,202512,2025-12-25,2025-12,월세,12,20㎡ 이하,안암동,서울특별시 성북구 안암동2가 28,37.5872142206758,127.02148139002,5.0,10680.0,소형,761.7689015691869,6.636955104108077,-1.0017675210448955,False,서울 성북구 보문로26길 48,227.03527655410068,보문역,,0,690.9347463471147,858.20784474037,240.67128238702588,2.640484881606444,0,0,1,0,1,0,test
2001,26.02~28.02,신규,24,12,2025,10000,46.14,2,다세대,'110-4,(110-4),15,,,11290,안암동5가, ,성북구,202512,2025-12-24,2025-12,월세,24,33㎡ 초과,안암동,서울특별시 성북구 안암동5가 110-4,37.5815352331814,127.027284293462,5.0,13600.0,대형,294.75509319462503,5.689531723993813,-0.4499473564307457,False,서울 성북구 안암로9가길 54,557.7460079584192,안암역,,0,142.8495099353387,418.0996234993864,802.8552122552657,3.831680252745608,0,0,1,1,0,0,test
2013,26.01~28.01,신규,31,12,2025,1000,13.99,1,다세대,'102-91,(102-91),32,,,11290,안암동5가, ,성북구,202512,2025-12-31,2025-12,월세,12,20㎡ 이하,안암동,서울특별시 성북구 안암동5가 102-91,37.5847491130107,127.029020414455,5.0,8680.0,소형,620.4431736954967,6.432044472652144,-1.7150854414730563,False,서울 성북구 고려대로22길 31,174.28917605071155,안암역,,0,139.61355973925984,139.61355973925984,824.4621698790479,2.63834278867739,0,0,1,1,1,0,test
2019,26.01~28.01,신규,12,12,2025,1000,19.34,3,다세대,'105-3,E.SVill,50,,,11290,안암동1가, ,성북구,202512,2025-12-12,2025-12,월세,6,20㎡ 이하,안암동,서울특별시 성북구 안암동1가 105-3,37.5879341880433,127.020558833338,5.0,13000.0,소형,672.1820062047569,6.512015733208328,-1.43669611209254,False,서울 성북구 고려대로7다길 5,270.4954149793068,보문역,,0,805.0197178822772,964.6844828426848,274.14946234955704,2.962175490025148,0,0,1,0,1,0,test
1992,26.01~27.01,신규,2,12,2025,1000,37.44,4,다세대,'41-35,(41-35),93,,,11290,안암동5가, ,성북구,202512,2025-12-02,2025-12,월세,33,33㎡ 초과,안암동,서울특별시 성북구 안암동5가 41-35,37.5861200315564,127.031602810444,5.0,23320.0,대형,622.8632478632479,6.435931190286358,1.146751474704061,False,서울 성북구 고려대로 110-15,209.81578250042028,안암역,,0,224.4994784354904,224.4994784354904,1048.9082043734018,3.622739651609391,0,0,1,1,0,0,test
2012,26.02~27.02,신규,25,12,2025,1000,14.13,4,다세대,'12-166,(12-166),75,,,11290,안암동5가, ,성북구,202512,2025-12-25,2025-12,월세,13,20㎡ 이하,안암동,서울특별시 성북구 안암동5가 12-166,37.5889507168904,127.030083634518,5.0,19000.0,소형,1344.6567586694975,7.204637469266591,0.9744013155910648,False,서울 성북구 고려대로27길 52-9,303.318452126118,안암역,,0,518.4358833960425,518.4358833960425,987.9503941364452,2.6483001966964363,0,0,1,1,1,0,test
2018,26.01~28.01,신규,29,12,2025,2000,14.67,4,다세대,'153-1,밀로바니,66,,,11290,안암동2가, ,성북구,202512,2025-12-29,2025-12,월세,7,20㎡ 이하,안암동,서울특별시 성북구 안암동2가 153-1,37.5860392528644,127.022360316217,5.0,17840.0,소형,1216.0872528970688,7.104215785484994,0.6248216664922439,False,서울 성북구 고려대로 28,214.91379352192595,보문역,,0,544.8687416035631,742.8538092609206,238.67775790395103,2.6858045921548905,0,0,1,0,1,0,test
2013,26.02~28.02,신규,18,12,2025,8000,19.44,5,다세대,'10-1,(10-1),39,,,11290,안암동1가, ,성북구,202512,2025-12-18,2025-12,월세,12,20㎡ 이하,안암동,서울특별시 성북구 안암동1가 10-1,37.5891488973123,127.019550678014,5.0,17360.0,소형,893.0041152263374,6.795710378324371,-0.4491218078559126,False,서울 성북구 보문로30길 36-3,403.08215098858034,보문역,,0,963.973936083318,1105.2288070939644,399.34596808740486,2.967332799032293,0,0,1,0,1,0,test
2013,26.02~27.02,신규,2,12,2025,3000,14.57,3,다세대,'102-67,영산빌딩,50,,,11290,안암동5가, ,성북구,202512,2025-12-02,2025-12,월세,12,20㎡ 이하,안암동,서울특별시 성북구 안암동5가 102-67,37.5854959551678,127.028983795046,5.0,15000.0,소형,1029.512697323267,6.937811721771603,0.0455496207450316,False,서울 성북구 고려대로22길 15,92.87285163320595,안암역,,0,188.5058222135,188.5058222135,816.3170578685795,2.6789646202071133,0,0,1,1,1,0,test
2008,26.01~27.01,갱신,9,12,2025,1000,18.06,2,다세대,'139-31,우원빌,55,1000.0,50.0,11290,안암동2가, ,성북구,202512,2025-12-09,2025-12,월세,17,20㎡ 이하,안암동,서울특별시 성북구 안암동2가 139-31,37.5862872499882,127.02114440726,5.0,14200.0,소형,786.2679955703212,6.668568718494498,-0.8917168247432291,False,서울 성북구 고려대로7길 6,130.3033509043385,보문역,13000.0,0,645.4402935614074,853.4792259611521,149.30725502108598,2.8936995479888394,0,0,1,0,1,0,test
2017,25.12~26.12,신규,31,12,2025,1000,35.91,2,다세대,'134-24,제니하우스,85,,,11290,안암동5가, ,성북구,202512,2025-12-31,2025-12,월세,8,33㎡ 초과,안암동,서울특별시 성북구 안암동5가 134-24,37.5822804188352,127.02778259363,5.0,21400.0,대형,595.9342801448065,6.391807023823431,1.052360993202109,False,서울 성북구 안암로9가길 71,465.6741094900241,안암역,,0,89.96457393445408,328.28091666262696,798.5830152540294,3.5810158082379915,0,0,1,1,0,0,test
2021,26.01~28.01,신규,28,12,2025,20900,21.97,2,다세대,'41-7,신성프라임,0,,,11290,보문동6가, ,성북구,202512,2025-12-28,2025-12,전세,4,20㎡ 초과~33㎡ 이하,보문동,서울특별시 성북구 보문동6가 41-7,37.5826069999263,127.018796430637,5.0,20900.0,중형,951.2972234865726,6.858877195608827,0.6817069001138708,False,서울 성북구 보문로21길 31-3,343.2208423074522,보문역,,0,723.2093521131305,1048.3382721029172,338.293524717172,3.089677886396519,1,0,0,0,0,1,test
2012,26.02~28.02,신규,19,12,2025,1000,13.21,3,다세대,'28,루미에르,49,,,11290,안암동1가, ,성북구,202512,2025-12-19,2025-12,월세,13,20㎡ 이하,안암동,서울특별시 성북구 안암동1가 28,37.588910508004,127.020008946433,5.0,12760.0,소형,965.9348978046934,6.874131169303479,-0.1761298447640462,False,서울 성북구 고려대로7마길 14,374.5950016422433,보문역,,0,917.1378967236792,1057.0551604233938,373.4284316865992,2.580974118534234,0,0,1,0,1,0,test
2019,26.02~27.02,신규,6,12,2025,1000,24.24,4,다세대,'102-90,코윈,68,,,11290,안암동5가, ,성북구,202512,2025-12-06,2025-12,월세,6,20㎡ 초과~33㎡ 이하,안암동,서울특별시 성북구 안암동5가 102-90,37.5846008086626,127.029023979843,5.0,17320.0,중형,714.5214521452145,6.573011580580896,-0.3507248734911109,False,서울 성북구 고려대로22길 35,190.66157151314,안암역,,0,134.2946021779898,134.2946021779898,826.7405875393961,3.1880041612011136,0,0,1,1,0,1,test
1995,26.02~28.02,신규,27,12,2025,3000,37.72,4,연립,'133-59,(133-59),85,,,11290,안암동3가, ,성북구,202512,2025-12-27,2025-12,월세,30,33㎡ 초과,안암동,서울특별시 성북구 안암동3가 133-59,37.5840594839597,127.02291754252,5.0,23400.0,대형,620.3605514316013,6.431911511570122,1.1381525721088697,False,서울 성북구 보문로22길 46,305.1176216616871,보문역,,0,386.03825160308816,668.6808564359112,327.4531488079916,3.6301904577652566,0,1,1,0,0,0,test
2002,25.12~27.12,신규,10,12,2025,2000,31.115,3,다세대,'74-5,승화빌,80,,,11290,보문동2가, ,성북구,202512,2025-12-10,2025-12,월세,23,20㎡ 초과~33㎡ 이하,보문동,서울특별시 성북구 보문동2가 74-5,37.5855547382236,127.017903081971,5.0,21200.0,중형,681.3434035031336,6.525533055315834,-0.3061450946921895,False,서울 성북구 지봉로23길 13-11,185.0868867414957,보문역,,0,858.1280943493584,1118.7296200670005,160.10005084563207,3.4376900180211813,0,0,0,0,0,1,test
2011,26.02~28.02,신규,26,12,2025,9000,19.35,5,다세대,'2-2,(2-2),0,,,11290,보문동2가, ,성북구,202512,2025-12-26,2025-12,전세,14,20㎡ 이하,보문동,서울특별시 성북구 보문동2가 2-2,37.5872920463973,127.017812694376,5.0,9000.0,소형,465.1162790697674,6.1444351289000245,-2.158735135873816,False,서울 성북구 지봉로23길 50,274.1288529809032,보문역,,0,951.2446356577402,1166.4026777308086,255.61189878310088,2.962692419475791,1,0,0,0,1,0,test
2011,26.01~27.01,신규,20,12,2025,2000,12.21,2,다세대,'149-2,그린빌,72,,,11290,안암동5가, ,성북구,202512,2025-12-20,2025-12,월세,14,20㎡ 이하,안암동,서울특별시 성북구 안암동5가 149-2,37.58838710205,127.028815534165,5.0,19280.0,소형,1579.033579033579,7.365201378348078,1.5333430986895848,False,서울 성북구 개운사길 41-6,234.16346400024963,안암역,,0,478.0887089357085,478.0887089357085,860.8915850081194,2.502255288122613,0,0,1,1,1,0,test
2018,26.02~28.02,신규,1,12,2025,3000,59.89,1,다세대,'326,로하스빌11차,140,,,11290,보문동6가, ,성북구,202512,2025-12-01,2025-12,월세,7,33㎡ 초과,보문동,서울특별시 성북구 보문동6가 326,37.578673973504,127.019405069692,5.0,36600.0,대형,611.1203873768576,6.41692897456727,0.6581996285461152,False,서울 성북구 보문로13바길 13-10,765.4746705144934,보문역,,0,811.4316761821392,1160.7052952105246,766.19395789525,4.092509546276371,0,0,0,0,0,0,test
1994,25.12~26.12,갱신,13,12,2025,1000,26.09,-1,다세대,'119-7,(119-7),65,1000.0,60.0,11290,안암동2가, ,성북구,202512,2025-12-13,2025-12,월세,31,20㎡ 초과~33㎡ 이하,안암동,서울특별시 성북구 안암동2가 119-7,37.5865918501353,127.024535900058,5.0,16600.0,중형,636.2591031046378,6.457176328135973,-0.6458491388217062,False,서울 성북구 고려대로7가길 66,415.12681864229165,안암역,15400.0,1,474.25771502479415,584.0615678919718,439.5910187345864,3.261552099148637,0,0,1,1,0,1,test
2019,26.01~27.01,신규,15,12,2025,1000,12.12,2,다세대,'102-90,코윈,66,,,11290,안암동5가, ,성북구,202512,2025-12-15,2025-12,월세,6,20㎡ 이하,안암동,서울특별시 성북구 안암동5가 102-90,37.5846008086626,127.029023979843,5.0,16840.0,소형,1389.4389438943897,7.237374763248906,1.0883636722437613,False,서울 성북구 고려대로22길 35,190.66157151314,안암역,,0,134.2946021779898,134.2946021779898,826.7405875393961,2.494856980641168,0,0,1,1,1,0,test
2012,26.02~27.02,신규,20,12,2025,2000,12.0,4,다세대,'15-55,큰소나무,70,,,11290,안암동5가, ,성북구,202512,2025-12-20,2025-12,월세,13,20㎡ 이하,안암동,서울특별시 성북구 안암동5가 15-55,37.5876435799279,127.029636220866,5.0,18800.0,소형,1566.6666666666667,7.357343593276938,1.505989228047092,False,서울 성북구 고려대로27길 27,152.75493553055347,안암역,,0,379.4999345617588,379.4999345617588,903.9568111992396,2.4849066497880004,0,0,1,1,1,0,test
2011,26.01~28.01,신규,6,12,2025,2000,19.92,3,다세대,'2-2,(2-2),47,,,11290,보문동2가, ,성북구,202512,2025-12-06,2025-12,월세,14,20㎡ 이하,보문동,서울특별시 성북구 보문동2가 2-2,37.5872920463973,127.017812694376,5.0,13280.0,소형,666.6666666666666,6.503789046997708,-0.781479504104027,False,서울 성북구 지봉로23길 50,274.1288529809032,보문역,,0,951.2446356577402,1166.4026777308086,255.61189878310088,2.991724252156452,0,0,0,0,1,0,test
2013,26.01~28.01,신규,13,12,2025,9000,15.54,3,다세대,'28,뉴스타안암,0,,,11290,안암동2가, ,성북구,202512,2025-12-13,2025-12,전세,12,20㎡ 이하,안암동,서울특별시 성북구 안암동2가 28,37.5872142206758,127.02148139002,5.0,9000.0,소형,579.1505791505792,6.363287689070362,-1.9544358623438909,False,서울 성북구 보문로26길 48,227.03527655410068,보문역,,0,690.9347463471147,858.20784474037,240.67128238702588,2.7434173449395014,1,0,1,0,1,0,test
1997,26.01~28.01,신규,7,12,2025,5000,56.79,3,연립,'103-125,(103-125),110,,,11290,안암동5가, ,성북구,202512,2025-12-07,2025-12,월세,28,33㎡ 초과,안암동,서울특별시 성북구 안암동5가 103-125,37.5849276822978,127.030480316289,5.0,31400.0,대형,552.914245465751,6.317009883187764,0.8923548404399553,False,서울 성북구 고려대로24가길 14-21,188.70404179226668,안암역,,0,69.81663518882324,69.81663518882324,950.760026363707,4.039360253889341,0,1,1,1,0,0,test
2012,26.01~28.01,신규,11,12,2025,9000,15.56,4,다세대,'251,더에덴하우스,10,,,11290,안암동1가, ,성북구,202512,2025-12-11,2025-12,월세,13,20㎡ 이하,안암동,서울특별시 성북구 안암동1가 251,37.587470114433,127.02141636101,5.0,11400.0,소형,732.6478149100257,6.5980290972670135,-1.1372735123795197,False,서울 성북구 보문로26길 49,247.94887045818595,보문역,,0,715.3587141964363,874.5907531004768,259.71937808765875,2.7447035187502458,0,0,1,0,1,0,test
2011,26.02~27.02,신규,7,12,2025,2000,12.21,4,다세대,'149-2,그린빌,72,,,11290,안암동5가, ,성북구,202512,2025-12-07,2025-12,월세,14,20㎡ 이하,안암동,서울특별시 성북구 안암동5가 149-2,37.58838710205,127.028815534165,5.0,19280.0,소형,1579.033579033579,7.365201378348078,1.5333430986895848,False,서울 성북구 개운사길 41-6,234.16346400024963,안암역,,0,478.0887089357085,478.0887089357085,860.8915850081194,2.502255288122613,0,0,1,1,1,0,test
2001,26.02~28.02,갱신,8,12,2025,10000,29.85,3,다세대,'74-13,인성빌라,23,10000.0,20.0,11290,보문동2가, ,성북구,202512,2025-12-08,2025-12,월세,24,20㎡ 초과~33㎡ 이하,보문동,서울특별시 성북구 보문동2가 74-13,37.5855932163398,127.018451071054,5.0,15520.0,중형,519.9329983249581,6.255621431419993,-1.106017370390491,False,서울 성북구 지봉로23길 9,136.9146303223722,보문역,14800.0,0,814.8256272538686,1071.4022800372577,111.87350454731178,3.396184839838611,0,0,0,0,0,1,test
2013,25.12~26.12,갱신,9,12,2025,16800,36.22,2,다세대,'199,태영빌,0,16000.0,0.0,11290,보문동5가, ,성북구,202512,2025-12-09,2025-12,전세,12,33㎡ 초과,보문동,서울특별시 성북구 보문동5가 199,37.5816530339054,127.020389097902,5.0,16800.0,대형,463.8321369409167,6.141676344586692,-0.0563387919288739,False,서울 성북구 보문로17길 14,433.7324459743769,보문역,16000.0,0,596.3475761496918,938.3173047476604,438.4174188879834,3.589611452455267,1,0,0,0,0,0,test
2012,25.12~26.12,신규,8,12,2025,2000,13.92,3,다세대,'134-4,(134-4),36,,,11290,보문동7가, ,성북구,202512,2025-12-08,2025-12,월세,13,20㎡ 이하,보문동,서울특별시 성북구 보문동7가 134-4,37.5791821520309,127.021879050593,5.0,10640.0,소형,764.3678160919541,6.64035652362564,-0.2580725873293497,False,서울 성북구 보문로13나길 22,726.2055075485071,보문역,,0,604.5437846170768,949.191256896952,734.2609546483098,2.633326654906273,0,0,0,0,1,0,test
2001,25.12~27.12,신규,6,12,2025,5000,24.32,3,연립,'87-1,성종그린빌,60,,,11290,안암동1가, ,성북구,202512,2025-12-06,2025-12,월세,24,20㎡ 초과~33㎡ 이하,안암동,서울특별시 성북구 안암동1가 87-1,37.5885002460396,127.020243888353,5.0,19400.0,중형,797.6973684210526,6.682982111090136,-0.0705427066677018,False,서울 성북구 고려대로7길 56-10,329.65675434854785,보문역,,0,869.5720219062839,1017.2665265417684,330.18323887487173,3.1912990570979662,0,1,1,0,0,1,test
2011,26.01~27.01,신규,8,1,2026,1000,12.0,3,다세대,'102-93,theban,64,,,11290,안암동5가, ,성북구,202601,2026-01-08,2026-01,월세,15,20㎡ 이하,안암동,서울특별시 성북구 안암동5가 102-93,37.585020856236,127.02900534872,5.0,16360.0,소형,1363.3333333333333,7.218421187824293,1.0223840551272598,False,서울 성북구 고려대로22길 25,144.46380952790796,안암역,,0,154.17784345135172,154.17784345135172,820.3812049019632,2.4849066497880004,0,0,1,1,1,0,test
2013,26.02~27.02,신규,12,1,2026,2500,13.7,3,다세대,'110-6,E&I,62,,,11290,안암동5가, ,성북구,202601,2026-01-12,2026-01,월세,13,20㎡ 이하,안암동,서울특별시 성북구 안암동5가 110-6,37.5812859176473,127.026938112,5.0,17380.0,소형,1268.6131386861314,7.14646751784023,0.771904898064859,False,서울 성북구 안암로 45,593.8686310018182,안암역,,0,168.44658047772734,459.1734550356916,793.9927513365587,2.617395832834079,0,0,1,1,1,0,test
2014,26.03~28.02,신규,12,1,2026,1000,14.42,3,다세대,'35,해마루,50,,,11290,안암동1가, ,성북구,202601,2026-01-12,2026-01,월세,12,20㎡ 이하,안암동,서울특별시 성북구 안암동1가 35,37.5886156661735,127.019693653118,5.0,13000.0,소형,901.5256588072122,6.805197120614204,-0.4160973462467702,False,서울 성북구 고려대로7마길 6,342.8985149839912,보문역,,0,912.505916991287,1066.2853451858073,339.78250688811045,2.668616131856803,0,0,1,0,1,0,test
2013,26.01~28.01,갱신,5,1,2026,20000,31.88,2,다세대,'199,태영빌,0,20000.0,0.0,11290,보문동5가, ,성북구,202601,2026-01-05,2026-01,전세,13,20㎡ 초과~33㎡ 이하,보문동,서울특별시 성북구 보문동5가 199,37.5816530339054,127.020389097902,5.0,20000.0,중형,627.3525721455458,6.443101429544533,-0.5504279126883703,False,서울 성북구 보문로17길 14,433.7324459743769,보문역,20000.0,0,596.3475761496918,938.3173047476604,438.4174188879834,3.461978853922014,1,0,0,0,0,1,test
2011,26.02~27.02,신규,31,1,2026,1000,13.27,1,다세대,'102-93,theban,63,,,11290,안암동5가, ,성북구,202601,2026-01-31,2026-01,월세,15,20㎡ 이하,안암동,서울특별시 성북구 안암동5가 102-93,37.585020856236,127.02900534872,5.0,16120.0,소형,1214.7701582516956,7.103133030064957,0.6210524679930474,False,서울 성북구 고려대로22길 25,144.46380952790796,안암역,,0,154.17784345135172,154.17784345135172,820.3812049019632,2.585505848344116,0,0,1,1,1,0,test
2013,26.03~27.02,신규,5,1,2026,1000,13.7,3,다세대,'110-6,E&I,69,,,11290,안암동5가, ,성북구,202601,2026-01-05,2026-01,월세,13,20㎡ 이하,안암동,서울특별시 성북구 안암동5가 110-6,37.5812859176473,127.026938112,5.0,17560.0,소형,1281.7518248175184,7.156762912403419,0.8077443729989889,False,서울 성북구 안암로 45,593.8686310018182,안암역,,0,168.44658047772734,459.1734550356916,793.9927513365587,2.617395832834079,0,0,1,1,1,0,test
2011,26.02~27.02,신규,10,1,2026,1000,12.0,1,다세대,'102-93,theban,63,,,11290,안암동5가, ,성북구,202601,2026-01-10,2026-01,월세,15,20㎡ 이하,안암동,서울특별시 성북구 안암동5가 102-93,37.585020856236,127.02900534872,5.0,16120.0,소형,1343.3333333333333,7.203653506205258,0.9709760248694418,False,서울 성북구 고려대로22길 25,144.46380952790796,안암역,,0,154.17784345135172,154.17784345135172,820.3812049019632,2.4849066497880004,0,0,1,1,1,0,test
2018,26.02~28.02,신규,10,1,2026,12000,16.16,5,다세대,'114-1,(114-1),13,,,11290,보문동2가, ,성북구,202601,2026-01-10,2026-01,월세,8,20㎡ 이하,보문동,서울특별시 성북구 보문동2가 114-1,37.5846755232308,127.019214157549,5.0,15120.0,소형,935.6435643564356,6.842302808967363,0.5159043885562226,False,서울 성북구 지봉로24길 9-1,118.8038179392723,보문역,,0,717.0682193311576,995.3503098289827,107.9784038078537,2.782539053092949,0,0,0,0,1,0,test
2011,26.02~27.02,신규,10,1,2026,1000,12.0,2,다세대,'102-93,theban,63,,,11290,안암동5가, ,성북구,202601,2026-01-10,2026-01,월세,15,20㎡ 이하,안암동,서울특별시 성북구 안암동5가 102-93,37.585020856236,127.02900534872,5.0,16120.0,소형,1343.3333333333333,7.203653506205258,0.9709760248694418,False,서울 성북구 고려대로22길 25,144.46380952790796,안암역,,0,154.17784345135172,154.17784345135172,820.3812049019632,2.4849066497880004,0,0,1,1,1,0,test
2011,26.02~27.02,신규,31,1,2026,2000,14.11,4,다세대,'9-16,탑하우스,44,,,11290,안암동5가, ,성북구,202601,2026-01-31,2026-01,월세,15,20㎡ 이하,안암동,서울특별시 성북구 안암동5가 9-16,37.5899871735891,127.03025955142,5.0,12560.0,소형,890.1488306165841,6.792511451250612,-0.4602576478640259,False,서울 성북구 개운사길 60-42,419.0407000820607,안암역,,0,632.7396627279808,632.7396627279808,1051.0808025539754,2.646883765864722,0,0,1,1,1,0,test
2012,26.01~28.01,신규,30,1,2026,2000,12.36,5,다세대,'15-55,큰소나무,36,,,11290,안암동5가, ,성북구,202601,2026-01-30,2026-01,월세,14,20㎡ 이하,안암동,서울특별시 성북구 안암동5가 15-55,37.5876435799279,127.029636220866,5.0,10640.0,소형,860.8414239482202,6.759071290803337,-0.5766667650462376,False,서울 성북구 고려대로27길 27,152.75493553055347,안암역,,0,379.4999345617588,379.4999345617588,903.9568111992396,2.514465452029545,0,0,1,1,1,0,test
2011,26.02~27.02,신규,21,1,2026,2000,12.21,2,다세대,'149-2,그린빌,70,,,11290,안암동5가, ,성북구,202601,2026-01-21,2026-01,월세,15,20㎡ 이하,안암동,서울특별시 성북구 안암동5가 149-2,37.58838710205,127.028815534165,5.0,18800.0,소형,1539.7215397215396,7.340006117967409,1.445635444812924,False,서울 성북구 개운사길 41-6,234.16346400024963,안암역,,0,478.0887089357085,478.0887089357085,860.8915850081194,2.502255288122613,0,0,1,1,1,0,test
2012,26.02~28.02,신규,22,1,2026,1000,23.39,4,다세대,'30,해든,49,,,11290,안암동2가, ,성북구,202601,2026-01-22,2026-01,월세,14,20㎡ 초과~33㎡ 이하,안암동,서울특별시 성북구 안암동2가 30,37.5872677175131,127.021602665638,5.0,12760.0,중형,545.5322787516033,6.30359337037666,-1.0371467500352565,False,서울 성북구 고려대로11길 23,238.09730546595964,보문역,,0,687.7402911508373,850.612010612303,252.14614571032808,3.152308580596088,0,0,1,0,0,1,test
2012,26.02~28.02,신규,21,1,2026,500,12.25,5,다세대,'120-6,스타힐스,45,,,11290,안암동2가, ,성북구,202601,2026-01-21,2026-01,월세,14,20㎡ 이하,안암동,서울특별시 성북구 안암동2가 120-6,37.5865738225285,127.022304431991,5.0,11300.0,소형,922.4489795918367,6.828115551325736,-0.3363156032573018,False,서울 성북구 고려대로7가길 24,232.97468930305547,보문역,,0,589.3089061779211,765.1410601864793,254.1028821343781,2.505525936990736,0,0,1,0,1,0,test
2012,26.02~27.01,신규,28,1,2026,1000,30.95,4,다세대,'15-18,(15-18),98,,,11290,안암동5가, ,성북구,202601,2026-01-28,2026-01,월세,14,20㎡ 초과~33㎡ 이하,안암동,서울특별시 성북구 안암동5가 15-18,37.5885766181077,127.029394971863,5.0,24520.0,중형,792.2455573505655,6.676132829881048,-0.0879932585697304,False,서울 성북구 개운사길 50,252.72475498357505,안암역,,0,485.4043348835692,485.4043348835692,916.1170435028008,3.432372999130605,0,0,1,1,0,1,test
2011,26.02~27.02,신규,15,1,2026,1000,12.21,1,다세대,'149-2,그린빌,70,,,11290,안암동5가, ,성북구,202601,2026-01-15,2026-01,월세,15,20㎡ 이하,안암동,서울특별시 성북구 안암동5가 149-2,37.58838710205,127.028815534165,5.0,17800.0,소형,1457.8214578214577,7.285384168054106,1.2554900363241146,False,서울 성북구 개운사길 41-6,234.16346400024963,안암역,,0,478.0887089357085,478.0887089357085,860.8915850081194,2.502255288122613,0,0,1,1,1,0,test
2015,26.02~28.02,신규,20,1,2026,3000,20.08,4,다세대,'74-3,범진우주하우스,80,,,11290,보문동2가, ,성북구,202601,2026-01-20,2026-01,월세,11,20㎡ 초과~33㎡ 이하,보문동,서울특별시 성북구 보문동2가 74-3,37.5856640691289,127.018227480843,5.0,22200.0,중형,1105.577689243028,7.009027368723648,1.1266709180851486,False,서울 성북구 지봉로23길 13-5,157.08690650371963,보문역,,0,836.0431027826141,1091.9950963803549,132.0223830526954,2.9997242948235283,0,0,0,0,0,1,test
2016,26.02~28.02,신규,12,1,2026,3000,29.56,5,다세대,'79-4,더리치빌,92,,,11290,보문동4가, ,성북구,202601,2026-01-12,2026-01,월세,10,20㎡ 초과~33㎡ 이하,보문동,서울특별시 성북구 보문동4가 79-4,37.5823285816602,127.021501723257,5.0,25080.0,중형,848.4438430311232,6.7445818330188585,0.3429971755861125,False,서울 성북구 고려대로2길 76,380.8928772607329,보문역,,0,487.3313359325827,822.6573866301491,392.1202727493698,3.386422096080001,0,0,0,0,0,1,test
2013,26.02~27.02,신규,2,1,2026,1000,13.99,3,다세대,'102-91,(102-91),73,,,11290,안암동5가, ,성북구,202601,2026-01-02,2026-01,월세,13,20㎡ 이하,안암동,서울특별시 성북구 안암동5가 102-91,37.5847491130107,127.029020414455,5.0,18520.0,소형,1323.8027162258757,7.189018833920164,0.9200310156896908,False,서울 성북구 고려대로22길 31,174.28917605071155,안암역,,0,139.61355973925984,139.61355973925984,824.4621698790479,2.63834278867739,0,0,1,1,1,0,test
2012,26.02~28.02,신규,9,1,2026,1000,24.75,2,다세대,'30,해든,55,,,11290,안암동2가, ,성북구,202601,2026-01-09,2026-01,월세,14,20㎡ 초과~33㎡ 이하,안암동,서울특별시 성북구 안암동2가 30,37.5872677175131,127.021602665638,5.0,14200.0,중형,573.7373737373738,6.353913195132953,-0.908942244072564,False,서울 성북구 고려대로11길 23,238.09730546595964,보문역,,0,687.7402911508373,850.612010612303,252.14614571032808,3.2088254890146994,0,0,1,0,0,1,test
2019,26.02~28.02,신규,13,1,2026,10000,17.64,4,다세대,'1,(1-0),20,,,11290,안암동3가, ,성북구,202601,2026-01-13,2026-01,월세,7,20㎡ 이하,안암동,서울특별시 성북구 안암동3가 1,37.5848872840372,127.021657907378,5.0,14800.0,소형,839.0022675736961,6.733404591326211,-0.6660155536629714,False,서울 성북구 고려대로8길 23,162.9308706233914,보문역,,0,524.8407681045904,781.8690399407386,186.4260778309082,2.870169050578645,0,0,1,0,1,0,test
2013,26.02~27.02,신규,23,1,2026,1000,13.99,3,다세대,'102-91,(102-91),66,,,11290,안암동5가, ,성북구,202601,2026-01-23,2026-01,월세,13,20㎡ 이하,안암동,서울특별시 성북구 안암동5가 102-91,37.5847491130107,127.029020414455,5.0,16840.0,소형,1203.7169406719086,7.093999914323773,0.5892590218392681,False,서울 성북구 고려대로22길 31,174.28917605071155,안암역,,0,139.61355973925984,139.61355973925984,824.4621698790479,2.63834278867739,0,0,1,1,1,0,test
1995,26.02~28.02,신규,18,1,2026,5000,62.08,2,연립,'23-2,(23-2),100,,,11290,안암동4가, ,성북구,202601,2026-01-18,2026-01,월세,31,33㎡ 초과,안암동,서울특별시 성북구 안암동4가 23-2,37.5812321271456,127.026141869986,5.0,29000.0,대형,467.139175257732,6.14876563473742,0.5324464978199334,False,서울 성북구 안암로9가길 9-26,626.6578560096972,안암역,,0,190.0326104790797,513.6663332510332,742.8419388657383,4.128423875874963,0,1,1,1,0,0,test
2005,26.02~28.02,신규,24,1,2026,1000,72.52,3,다세대,'47,기원빌라,60,,,11290,안암동3가, ,성북구,202601,2026-01-24,2026-01,월세,21,33㎡ 초과,안암동,서울특별시 성북구 안암동3가 47,37.5847449790216,127.022346229739,5.0,15400.0,대형,212.3552123552124,5.362958440341963,-1.1485534029715012,False,서울 성북구 고려대로12길 32,224.6377446161844,보문역,,0,463.6152471243175,720.1867794485319,248.5261000462212,4.283862385886651,0,0,1,0,0,0,test
2013,26.02~27.02,신규,9,1,2026,1000,13.99,2,다세대,'102-91,(102-91),23,,,11290,안암동5가, ,성북구,202601,2026-01-09,2026-01,월세,13,20㎡ 이하,안암동,서울특별시 성북구 안암동5가 102-91,37.5847491130107,127.029020414455,5.0,6520.0,소형,466.0471765546819,6.146430273026379,-2.709341939899878,False,서울 성북구 고려대로22길 31,174.28917605071155,안암역,,0,139.61355973925984,139.61355973925984,824.4621698790479,2.63834278867739,0,0,1,1,1,0,test
2017,26.01~27.01,신규,4,1,2026,1000,19.72,4,다세대,'134-24,제니하우스,63,,,11290,안암동5가, ,성북구,202601,2026-01-04,2026-01,월세,9,20㎡ 이하,안암동,서울특별시 성북구 안암동5가 134-24,37.5822804188352,127.02778259363,5.0,16120.0,소형,817.4442190669372,6.707405244295747,-0.7565223273939838,False,서울 성북구 안암로9가길 71,465.6741094900241,안암역,,0,89.96457393445408,328.28091666262696,798.5830152540294,2.9816333491744893,0,0,1,1,1,0,test
2015,26.02~28.02,갱신,26,1,2026,15500,21.53,4,다세대,'74-3,범진우주하우스,6,15500.0,4.0,11290,보문동2가, ,성북구,202601,2026-01-26,2026-01,월세,11,20㎡ 초과~33㎡ 이하,보문동,서울특별시 성북구 보문동2가 74-3,37.5856640691289,127.018227480843,5.0,16940.0,중형,786.8091035764049,6.669255806164892,0.1197715150927188,False,서울 성북구 지봉로23길 13-5,157.08690650371963,보문역,16460.0,0,836.0431027826141,1091.9950963803549,132.0223830526954,3.069447311376272,0,0,0,0,0,1,test
2011,26.02~27.01,신규,11,1,2026,2000,18.83,2,다세대,'102-93,theban,73,,,11290,안암동5가, ,성북구,202601,2026-01-11,2026-01,월세,15,20㎡ 이하,안암동,서울특별시 성북구 안암동5가 102-93,37.585020856236,127.02900534872,5.0,19520.0,소형,1036.6436537440256,6.944707703959978,0.0695553428443198,False,서울 성북구 고려대로22길 25,144.46380952790796,안암역,,0,154.17784345135172,154.17784345135172,820.3812049019632,2.935451342669061,0,0,1,1,1,0,test
2003,26.01~28.01,신규,9,1,2026,3000,36.98,3,다세대,'136,안암동다세대주택,80,,,11290,안암동2가, ,성북구,202601,2026-01-09,2026-01,월세,23,33㎡ 초과,안암동,서울특별시 성북구 안암동2가 136,37.5866304835872,127.022835226842,5.0,22200.0,대형,600.3244997295836,6.399134721818151,1.068036415481273,False,서울 성북구 고려대로7가길 34,277.3369361298584,보문역,,0,562.223604934242,723.3953829471576,299.1956805906455,3.610377225958979,0,0,1,0,0,0,test
2021,26.01~28.01,신규,10,1,2026,5000,37.55,5,다세대,'41-7,신성프라임,150,,,11290,보문동6가, ,성북구,202601,2026-01-10,2026-01,월세,5,33㎡ 초과,보문동,서울특별시 성북구 보문동6가 41-7,37.5826069999263,127.018796430637,5.0,41000.0,대형,1091.8774966711053,6.996569401996769,2.1629095217382224,False,서울 성북구 보문로21길 31-3,343.2208423074522,보문역,,0,723.2093521131305,1048.3382721029172,338.293524717172,3.625673378210144,0,0,0,0,0,0,test
2014,26.01~28.01,신규,17,1,2026,5000,17.09,3,다세대,'75-10,(75-10),54,,,11290,보문동2가, ,성북구,202601,2026-01-17,2026-01,월세,12,20㎡ 이하,보문동,서울특별시 성북구 보문동2가 75-10,37.5851695046946,127.018287932064,5.0,17960.0,소형,1050.906963136337,6.958359951303447,0.9607036375407012,False,서울 성북구 지봉로 175-2,156.7330223806902,보문역,,0,811.6415388512596,1080.421392750233,133.449606038057,2.8384934971274998,0,0,0,0,1,0,test
2015,26.01~28.01,갱신,31,1,2026,2000,45.97,5,다세대,'74-3,범진우주하우스,125,2000.0,120.0,11290,보문동2가, ,성북구,202601,2026-01-31,2026-01,월세,11,33㎡ 초과,보문동,서울특별시 성북구 보문동2가 74-3,37.5856640691289,127.018227480843,5.0,32000.0,대형,696.1061561888188,6.546937703594972,0.9956940673602698,False,서울 성북구 지봉로23길 13-5,157.08690650371963,보문역,30800.0,0,836.0431027826141,1091.9950963803549,132.0223830526954,3.8279890098181366,0,0,0,0,0,0,test
2018,26.01~28.01,신규,9,1,2026,2000,15.51,4,다세대,'153-1,밀로바니,61,,,11290,안암동2가, ,성북구,202601,2026-01-09,2026-01,월세,8,20㎡ 이하,안암동,서울특별시 성북구 안암동2가 153-1,37.5860392528644,127.022360316217,5.0,16640.0,소형,1072.856221792392,6.979011394405511,0.1889705091427135,False,서울 성북구 고려대로 28,214.91379352192595,보문역,,0,544.8687416035631,742.8538092609206,238.67775790395103,2.7414849771884477,0,0,1,0,1,0,test
2012,26.03~27.03,신규,15,1,2026,3000,14.13,3,다세대,'12-166,(12-166),65,,,11290,안암동5가, ,성북구,202601,2026-01-15,2026-01,월세,14,20㎡ 이하,안암동,서울특별시 성북구 안암동5가 12-166,37.5889507168904,127.030083634518,5.0,18600.0,소형,1316.348195329087,7.183376052015377,0.9003878306330969,False,서울 성북구 고려대로27길 52-9,303.318452126118,안암역,,0,518.4358833960425,518.4358833960425,987.9503941364452,2.6483001966964363,0,0,1,1,1,0,test
2012,26.02~27.01,신규,11,1,2026,1000,19.08,3,다세대,'15-17,(15-17),63,,,11290,안암동5가, ,성북구,202601,2026-01-11,2026-01,월세,14,20㎡ 이하,안암동,서울특별시 성북구 안암동5가 15-17,37.588419662907,127.029404194445,5.0,16120.0,소형,844.8637316561845,6.74035827294001,-0.6418089731023088,False,서울 성북구 개운사길 42-3,235.35245330358865,안암역,,0,468.151269508039,468.151269508039,910.6340734988736,2.9486406660201405,0,0,1,1,1,0,test
2011,26.03~27.02,신규,24,1,2026,1000,13.66,3,다세대,'15-5,MAIBAUM안암,50,,,11290,안암동4가, ,성북구,202601,2026-01-24,2026-01,월세,15,20㎡ 이하,안암동,서울특별시 성북구 안암동4가 15-5,37.5814227391357,127.023313771075,5.0,13000.0,소형,951.683748169839,6.859282999860231,-0.2278180625698692,False,서울 성북구 안암로5길 54-4,543.0061961951634,보문역,,0,359.12045905585205,709.4755434538754,558.5006427801934,2.614471854142644,0,0,1,0,1,0,test
2003,26.01~28.01,신규,13,1,2026,3000,36.98,2,다세대,'136,안암동다세대주택,80,,,11290,안암동2가, ,성북구,202601,2026-01-13,2026-01,월세,23,33㎡ 초과,안암동,서울특별시 성북구 안암동2가 136,37.5866304835872,127.022835226842,5.0,22200.0,대형,600.3244997295836,6.399134721818151,1.068036415481273,False,서울 성북구 고려대로7가길 34,277.3369361298584,보문역,,0,562.223604934242,723.3953829471576,299.1956805906455,3.610377225958979,0,0,1,0,0,0,test
2017,26.02~28.02,신규,23,1,2026,10000,22.45,2,다세대,'74-4,(74-4),90,,,11290,보문동2가, ,성북구,202601,2026-01-23,2026-01,월세,9,20㎡ 초과~33㎡ 이하,보문동,서울특별시 성북구 보문동2가 74-4,37.5856076020013,127.018063978834,5.0,31600.0,중형,1407.572383073497,7.250331976179523,1.8417674475206496,False,서울 성북구 지봉로23길 13-9,171.06065159319274,보문역,,0,847.0480143176586,1105.4214813741974,146.01736067850436,3.1112906141882632,0,0,0,0,0,1,test
2012,26.02~28.02,신규,10,1,2026,2000,13.92,2,다세대,'134-4,(134-4),47,,,11290,보문동7가, ,성북구,202601,2026-01-10,2026-01,월세,14,20㎡ 이하,보문동,서울특별시 성북구 보문동7가 134-4,37.5791821520309,127.021879050593,5.0,13280.0,소형,954.0229885057472,6.861735411924777,0.5903815558144054,False,서울 성북구 보문로13나길 22,726.2055075485071,보문역,,0,604.5437846170768,949.191256896952,734.2609546483098,2.633326654906273,0,0,0,0,1,0,test
1985,26.04~27.04,신규,27,1,2026,35000,111.53,2,연립,'54-3,(54-3),0,,,11290,안암동3가, ,성북구,202601,2026-01-27,2026-01,전세,41,33㎡ 초과,안암동,서울특별시 성북구 안암동3가 54-3,37.585388607642,127.023027545657,5.0,35000.0,대형,313.8169102483637,5.751991232534965,-0.3163338843093392,False,서울 성북구 고려대로14길 24,267.0079737588122,보문역,,0,453.1904532749157,669.4808957237514,292.06942888916745,4.714293613006445,1,1,1,0,0,0,test
1991,26.03~28.03,신규,24,1,2026,14000,60.61,1,다세대,'245-1,세원빌라,100,,,11290,안암동1가, ,성북구,202601,2026-01-24,2026-01,월세,35,33㎡ 초과,안암동,서울특별시 성북구 안암동1가 245-1,37.5874571333305,127.020952261118,5.0,38000.0,대형,626.9592476489029,6.442475272083787,1.1607505840666457,False,서울 성북구 고려대로7나길 6,228.80570641483305,보문역,,0,743.0710623382517,911.6085403516356,237.2556149281667,4.104459895963194,0,0,1,0,0,0,test
2016,26.03~28.03,신규,15,1,2026,29000,49.35,5,다세대,'232-1,주함해븐빌(A동),20,,,11290,보문동5가, ,성북구,202601,2026-01-15,2026-01,월세,10,33㎡ 초과,보문동,서울특별시 성북구 보문동5가 232-1,37.580820283928,127.020165051172,5.0,33800.0,대형,684.903748733536,6.530737309913195,0.9536388698739932,False,서울 성북구 보문로15길 24,525.1901076345816,보문역,,0,641.2645793418986,989.4953288519656,528.4894722243123,3.8989377658794906,0,0,0,0,0,0,test
2011,26.01~27.01,신규,10,1,2026,1000,13.27,2,다세대,'102-93,theban,63,,,11290,안암동5가, ,성북구,202601,2026-01-10,2026-01,월세,15,20㎡ 이하,안암동,서울특별시 성북구 안암동5가 102-93,37.585020856236,127.02900534872,5.0,16120.0,소형,1214.7701582516956,7.103133030064957,0.6210524679930474,False,서울 성북구 고려대로22길 25,144.46380952790796,안암역,,0,154.17784345135172,154.17784345135172,820.3812049019632,2.585505848344116,0,0,1,1,1,0,test
2002,26.02~28.02,갱신,18,1,2026,18522,56.39,2,다세대,'1-5,재성주택,0,17640.0,0.0,11290,보문동2가, ,성북구,202601,2026-01-18,2026-01,전세,24,33㎡ 초과,보문동,서울특별시 성북구 보문동2가 1-5,37.587555071862,127.017641678685,5.0,18522.0,대형,328.4624933498847,5.797462518479893,-0.9498961164469334,False,서울 성북구 지봉로23길 56,305.66584382578367,보문역,17640.0,0,979.5726361121102,1189.423025025264,287.66387327886355,4.03229183781909,1,0,0,0,0,0,test
2002,26.03~28.03,신규,18,1,2026,1000,27.1,2,다세대,'1-5,재성주택,53,,,11290,보문동2가, ,성북구,202601,2026-01-18,2026-01,월세,24,20㎡ 초과~33㎡ 이하,보문동,서울특별시 성북구 보문동2가 1-5,37.587555071862,127.017641678685,5.0,13720.0,중형,506.27306273062726,6.229049443873703,-1.1847623901184283,False,서울 성북구 지봉로23길 56,305.66584382578367,보문역,,0,979.5726361121102,1189.423025025264,287.66387327886355,3.299533727885655,0,0,0,0,0,1,test
2003,26.01~28.01,신규,20,1,2026,21000,57.32,1,다세대,'313,(313-0),0,,,11290,보문동6가, ,성북구,202601,2026-01-20,2026-01,전세,23,33㎡ 초과,보문동,서울특별시 성북구 보문동6가 313,37.5791039092735,127.019517824379,5.0,21000.0,대형,366.364270760642,5.906353919169743,-0.6672209265396664,False,서울 성북구 보문로13바길 9,717.1276107861203,보문역,,0,776.9403569660021,1127.1080545668672,718.1055642378085,4.048649602959971,1,0,0,0,0,0,test
2022,26.01~28.01,갱신,20,1,2026,27000,26.55,4,다세대,'134-11,탑스하우징,0,26000.0,0.0,11290,보문동7가,사용,성북구,202601,2026-01-20,2026-01,전세,4,20㎡ 초과~33㎡ 이하,보문동,서울특별시 성북구 보문동7가 134-11,37.5796315517269,127.021476041454,5.0,27000.0,중형,1016.9491525423728,6.925545247476339,0.8792749988639182,False,서울 성북구 보문로13나길 8-5,669.8658248177488,보문역,26000.0,0,600.896659962064,949.632077083748,677.1314730927518,3.279029747687948,1,0,0,0,0,1,test
2012,26.02~28.02,갱신,10,1,2026,1000,13.92,3,다세대,'134-4,(134-4),50,1000.0,47.0,11290,보문동7가, ,성북구,202601,2026-01-10,2026-01,월세,14,20㎡ 이하,보문동,서울특별시 성북구 보문동7가 134-4,37.5791821520309,127.021879050593,5.0,13000.0,소형,933.9080459770116,6.840448177903697,0.5087963511906891,False,서울 성북구 보문로13나길 22,726.2055075485071,보문역,12280.0,0,604.5437846170768,949.191256896952,734.2609546483098,2.633326654906273,0,0,0,0,1,0,test
2012,26.02~28.02,갱신,17,1,2026,10000,18.58,2,다세대,'251,더에덴하우스,0,8000.0,10.0,11290,안암동1가, ,성북구,202601,2026-01-17,2026-01,전세,14,20㎡ 이하,안암동,서울특별시 성북구 안암동1가 251,37.587470114433,127.02141636101,5.0,10000.0,소형,538.2131324004306,6.290110914643556,-2.209172789300244,False,서울 성북구 보문로26길 49,247.94887045818595,보문역,10400.0,0,715.3587141964363,874.5907531004768,259.71937808765875,2.922085733385692,1,0,1,0,1,0,test
2004,26.02~28.02,신규,17,1,2026,15500,45.18,3,다세대,'135,(135-0),25,,,11290,보문동7가, ,성북구,202601,2026-01-17,2026-01,월세,22,33㎡ 초과,보문동,서울특별시 성북구 보문동7가 135,37.5787298016808,127.022154354723,5.0,21500.0,대형,475.8742806551572,6.167252893581819,0.0100563118035356,False,서울 성북구 보문로13나길 32,780.800809086526,보문역,,0,622.2272034332791,961.4960595106958,789.196795237089,3.810654511039857,0,0,0,0,0,0,test
2012,26.02~28.02,신규,15,1,2026,13000,14.13,3,다세대,'12-24,(12-24),0,,,11290,안암동5가, ,성북구,202601,2026-01-15,2026-01,전세,14,20㎡ 이하,안암동,서울특별시 성북구 안암동5가 12-24,37.5890048138564,127.029936464902,5.0,13000.0,소형,920.0283085633404,6.825490772550956,-0.3454527657554444,False,서울 성북구 고려대로27길 52-7,306.26710788830525,안암역,,0,525.5027062656495,525.5027062656495,978.315946177262,2.6483001966964363,1,0,1,1,1,0,test
2023,26.02~28.02,신규,17,1,2026,45000,46.28,12,다세대,'42,보문더루나,0,,,11290,보문동2가, ,성북구,202601,2026-01-17,2026-01,전세,3,33㎡ 초과,보문동,서울특별시 성북구 보문동2가 42,37.5868283986935,127.018379593917,5.0,45000.0,대형,972.342264477096,6.880735782384753,1.8622127705343885,False,서울 성북구 보문로 135,202.35027497898392,보문역,,0,881.8395904333689,1104.383046329785,183.96212592898652,3.834709902325476,1,0,0,0,0,0,test
2018,26.02~27.02,갱신,10,1,2026,3700,16.16,7,다세대,'114-1,(114-1),53,3700.0,50.0,11290,보문동2가, ,성북구,202601,2026-01-10,2026-01,월세,8,20㎡ 이하,보문동,서울특별시 성북구 보문동2가 114-1,37.5846755232308,127.019214157549,5.0,16420.0,소형,1016.0891089108912,6.9247000115916135,0.8316989455129576,False,서울 성북구 지봉로24길 9-1,118.8038179392723,보문역,15700.0,0,717.0682193311576,995.3503098289827,107.9784038078537,2.782539053092949,0,0,0,0,1,0,test
2001,26.01~28.01,신규,15,1,2026,5000,24.32,2,연립,'87-1,성종그린빌,60,,,11290,안암동1가, ,성북구,202601,2026-01-15,2026-01,월세,25,20㎡ 초과~33㎡ 이하,안암동,서울특별시 성북구 안암동1가 87-1,37.5885002460396,127.020243888353,5.0,19400.0,중형,797.6973684210526,6.682982111090136,-0.0705427066677018,False,서울 성북구 고려대로7길 56-10,329.65675434854785,보문역,,0,869.5720219062839,1017.2665265417684,330.18323887487173,3.1912990570979662,0,1,1,0,0,1,test
2022,26.02~28.02,신규,3,1,2026,25000,29.3,3,다세대,'134-11,탑스하우징,14,,,11290,보문동7가, ,성북구,202601,2026-01-03,2026-01,월세,4,20㎡ 초과~33㎡ 이하,보문동,서울특별시 성북구 보문동7가 134-11,37.5796315517269,127.021476041454,5.0,28360.0,중형,967.9180887372012,6.876180076570803,0.7329832941106466,False,서울 성북구 보문로13나길 8-5,669.8658248177488,보문역,,0,600.896659962064,949.632077083748,677.1314730927518,3.3775875160230218,0,0,0,0,0,1,test
2011,26.02~27.02,신규,3,1,2026,1000,12.21,1,다세대,'149-2,그린빌,70,,,11290,안암동5가, ,성북구,202601,2026-01-03,2026-01,월세,15,20㎡ 이하,안암동,서울특별시 성북구 안암동5가 149-2,37.58838710205,127.028815534165,5.0,17800.0,소형,1457.8214578214577,7.285384168054106,1.2554900363241146,False,서울 성북구 개운사길 41-6,234.16346400024963,안암역,,0,478.0887089357085,478.0887089357085,860.8915850081194,2.502255288122613,0,0,1,1,1,0,test
2012,26.02~27.02,신규,10,1,2026,1000,14.47,4,다세대,'12-166,(12-166),70,,,11290,안암동5가, ,성북구,202601,2026-01-10,2026-01,월세,14,20㎡ 이하,안암동,서울특별시 성북구 안암동5가 12-166,37.5889507168904,127.030083634518,5.0,17800.0,소형,1230.1313061506564,7.115688786743501,0.6647605283299112,False,서울 성북구 고려대로27길 52-9,303.318452126118,안암역,,0,518.4358833960425,518.4358833960425,987.9503941364452,2.6720775406433925,0,0,1,1,1,0,test
2011,26.01~27.01,신규,8,1,2026,1000,12.21,1,다세대,'149-2,그린빌,70,,,11290,안암동5가, ,성북구,202601,2026-01-08,2026-01,월세,15,20㎡ 이하,안암동,서울특별시 성북구 안암동5가 149-2,37.58838710205,127.028815534165,5.0,17800.0,소형,1457.8214578214577,7.285384168054106,1.2554900363241146,False,서울 성북구 개운사길 41-6,234.16346400024963,안암역,,0,478.0887089357085,478.0887089357085,860.8915850081194,2.502255288122613,0,0,1,1,1,0,test
2013,26.01~27.01,신규,3,1,2026,1000,13.99,2,다세대,'102-91,(102-91),40,,,11290,안암동5가, ,성북구,202601,2026-01-03,2026-01,월세,13,20㎡ 이하,안암동,서울특별시 성북구 안암동5가 102-91,37.5847491130107,127.029020414455,5.0,10600.0,소형,757.6840600428877,6.631585432558132,-1.0204599769520115,False,서울 성북구 고려대로22길 31,174.28917605071155,안암역,,0,139.61355973925984,139.61355973925984,824.4621698790479,2.63834278867739,0,0,1,1,1,0,test
2013,26.03~28.03,갱신,3,1,2026,1000,18.92,3,다세대,'1-12,(1-12),60,1000.0,60.0,11290,보문동1가, ,성북구,202601,2026-01-03,2026-01,월세,13,20㎡ 이하,보문동,서울특별시 성북구 보문동1가 1-12,37.5883104245132,127.018489105394,5.0,15400.0,소형,813.9534883720929,6.703131042130243,-0.0174837004743591,False,서울 성북구 보문로30길 12,335.543518554015,보문역,15400.0,0,968.428942176456,1148.451110243563,324.49554405556995,2.9402195636237325,0,0,0,0,1,0,test
2014,26.01~28.01,신규,3,1,2026,5000,15.13,6,다세대,'75-10,(75-10),53,,,11290,보문동2가, ,성북구,202601,2026-01-03,2026-01,월세,12,20㎡ 이하,보문동,서울특별시 성북구 보문동2가 75-10,37.5851695046946,127.018287932064,5.0,17720.0,소형,1171.1830799735624,7.066623169518737,1.3756319839181494,False,서울 성북구 지봉로 175-2,156.7330223806902,보문역,,0,811.6415388512596,1080.421392750233,133.449606038057,2.7166795278002644,0,0,0,0,1,0,test
2012,26.02~27.02,신규,6,2,2026,5000,14.13,5,다세대,'12-24,(12-24),55,,,11290,안암동5가, ,성북구,202602,2026-02-06,2026-02,월세,14,20㎡ 이하,안암동,서울특별시 성북구 안암동5가 12-24,37.5890048138564,127.029936464902,5.0,18200.0,소형,1288.0396319886763,7.161652748772718,0.8247664664130742,False,서울 성북구 고려대로27길 52-7,306.26710788830525,안암역,,0,525.5027062656495,525.5027062656495,978.315946177262,2.6483001966964363,0,0,1,1,1,0,test
2019,26.02~27.02,신규,25,2,2026,1000,16.41,5,다세대,'103-25,대륜빌딩,73,,,11290,안암동5가, ,성북구,202602,2026-02-25,2026-02,월세,7,20㎡ 이하,안암동,서울특별시 성북구 안암동5가 103-25,37.5855307947847,127.029822873704,5.0,18520.0,소형,1128.5801340645949,7.02960127988514,0.3650798288428396,False,서울 성북구 고려대로26길 14,100.77302502846884,안암역,,0,149.29895034913778,149.29895034913778,890.2277309393359,2.797890905102,0,0,1,1,1,0,test
2012,26.03~28.03,신규,21,2,2026,6000,17.25,4,다세대,'251,더에덴하우스,15,,,11290,안암동1가, ,성북구,202602,2026-02-21,2026-02,월세,14,20㎡ 이하,안암동,서울특별시 성북구 안암동1가 251,37.587470114433,127.02141636101,5.0,9600.0,소형,556.5217391304348,6.323501496529966,-2.09293626089824,False,서울 성북구 보문로26길 49,247.94887045818595,보문역,,0,715.3587141964363,874.5907531004768,259.71937808765875,2.847812143477369,0,0,1,0,1,0,test
2001,26.03~28.03,신규,7,2,2026,1000,26.1,1,다세대,'26,(26-0),60,,,11290,보문동2가, ,성북구,202602,2026-02-07,2026-02,월세,25,20㎡ 초과~33㎡ 이하,보문동,서울특별시 성북구 보문동2가 26,37.5869391329795,127.017776492773,5.0,15400.0,중형,590.0383141762452,6.381880844706194,-0.7318526613057927,False,서울 성북구 지봉로23길 41,250.306015024002,보문역,,0,934.0139717288376,1158.9097609435082,229.8787171893178,3.261935314328648,0,0,0,0,0,1,test
2011,26.02~27.02,신규,13,2,2026,1000,12.0,1,다세대,'102-93,theban,63,,,11290,안암동5가, ,성북구,202602,2026-02-13,2026-02,월세,15,20㎡ 이하,안암동,서울특별시 성북구 안암동5가 102-93,37.585020856236,127.02900534872,5.0,16120.0,소형,1343.3333333333333,7.203653506205258,0.9709760248694418,False,서울 성북구 고려대로22길 25,144.46380952790796,안암역,,0,154.17784345135172,154.17784345135172,820.3812049019632,2.4849066497880004,0,0,1,1,1,0,test
2018,26.05~28.05,신규,26,2,2026,32000,47.67,3,다세대,'133-63,안암비스타,0,,,11290,안암동3가, ,성북구,202602,2026-02-26,2026-02,전세,8,33㎡ 초과,안암동,서울특별시 성북구 안암동3가 133-63,37.58357712697,127.023200547685,5.0,32000.0,대형,671.281728550451,6.510677491581432,1.306648871874381,False,서울 성북구 고려대로12길 61,356.48617009341774,보문역,,0,345.77379528117683,648.2131884849758,377.7242368635669,3.864302269216734,1,0,1,0,0,0,test
2018,26.02~27.02,신규,7,2,2026,1000,14.52,7,다세대,'114-1,(114-1),57,,,11290,보문동2가, ,성북구,202602,2026-02-07,2026-02,월세,8,20㎡ 이하,보문동,서울특별시 성북구 보문동2가 114-1,37.5846755232308,127.019214157549,5.0,14680.0,소형,1011.0192837465564,6.919702904751396,0.8125470921682707,False,서울 성북구 지봉로24길 9-1,118.8038179392723,보문역,,0,717.0682193311576,995.3503098289827,107.9784038078537,2.67552700939665,0,0,0,0,1,0,test
1992,26.02~27.02,신규,27,2,2026,1000,60.62,-1,다세대,'41-35,(41-35),44,,,11290,안암동5가, ,성북구,202602,2026-02-27,2026-02,월세,34,33㎡ 초과,안암동,서울특별시 성북구 안암동5가 41-35,37.5861200315564,127.031602810444,5.0,11560.0,대형,190.6961398878258,5.255911513635121,-1.3775483453156798,False,서울 성북구 고려대로 110-15,209.81578250042028,안암역,,1,224.4994784354904,224.4994784354904,1048.9082043734018,4.104624871629657,0,0,1,1,0,0,test
2015,26.03~28.02,신규,28,2,2026,1000,27.48,2,다세대,'6,동은빌,92,,,11290,안암동1가, ,성북구,202602,2026-02-28,2026-02,월세,11,20㎡ 초과~33㎡ 이하,안암동,서울특별시 성북구 안암동1가 6,37.5890312632611,127.019877185804,5.0,23080.0,중형,839.8835516739447,6.734453186264557,0.0605949472503002,False,서울 성북구 보문로30길 40-6,388.181701625532,보문역,,0,934.8834971736508,1073.7372462605574,386.2352745429992,3.3134584673541485,0,0,1,0,0,1,test
1992,26.02~27.02,신규,27,2,2026,1000,60.62,-1,다세대,'41-35,(41-35),100,,,11290,안암동5가, ,성북구,202602,2026-02-27,2026-02,월세,34,33㎡ 초과,안암동,서울특별시 성북구 안암동5가 41-35,37.5861200315564,127.031602810444,5.0,25000.0,대형,412.4051468162323,6.024428097136864,0.2664634553358497,False,서울 성북구 고려대로 110-15,209.81578250042028,안암역,,1,224.4994784354904,224.4994784354904,1048.9082043734018,4.104624871629657,0,0,1,1,0,0,test
2011,26.03~27.03,신규,12,2,2026,2000,14.16,2,다세대,'9-16,탑하우스,38,,,11290,안암동5가, ,성북구,202602,2026-02-12,2026-02,월세,15,20㎡ 이하,안암동,서울특별시 성북구 안암동5가 9-16,37.5899871735891,127.03025955142,5.0,11120.0,소형,785.3107344632768,6.667352050771608,-0.8959521876610893,False,서울 성북구 개운사길 60-42,419.0407000820607,안암역,,0,632.7396627279808,632.7396627279808,1051.0808025539754,2.6504210882655737,0,0,1,1,1,0,test
2012,26.02~27.02,신규,5,2,2026,1000,20.45,3,다세대,'15-18,(15-18),69,,,11290,안암동5가, ,성북구,202602,2026-02-05,2026-02,월세,14,20㎡ 초과~33㎡ 이하,안암동,서울특별시 성북구 안암동5가 15-18,37.5885766181077,127.029394971863,5.0,17560.0,중형,858.679706601467,6.756559885692377,0.1169182451221801,False,서울 성북구 개운사길 50,252.72475498357505,안암역,,0,485.4043348835692,485.4043348835692,916.1170435028008,3.017982882488811,0,0,1,1,0,1,test
2011,26.02~27.02,신규,6,2,2026,2000,14.16,3,다세대,'9-16,탑하우스,40,,,11290,안암동5가, ,성북구,202602,2026-02-06,2026-02,월세,15,20㎡ 이하,안암동,서울특별시 성북구 안암동5가 9-16,37.5899871735891,127.03025955142,5.0,11600.0,소형,819.2090395480226,6.709559234048193,-0.7490240366517154,False,서울 성북구 개운사길 60-42,419.0407000820607,안암역,,0,632.7396627279808,632.7396627279808,1051.0808025539754,2.6504210882655737,0,0,1,1,1,0,test
2018,26.03~28.02,신규,2,2,2026,2000,14.67,4,다세대,'153-1,밀로바니,62,,,11290,안암동2가, ,성북구,202602,2026-02-02,2026-02,월세,8,20㎡ 이하,안암동,서울특별시 성북구 안암동2가 153-1,37.5860392528644,127.022360316217,5.0,16880.0,소형,1150.6475800954329,7.048948874396703,0.4324310725739079,False,서울 성북구 고려대로 28,214.91379352192595,보문역,,0,544.8687416035631,742.8538092609206,238.67775790395103,2.6858045921548905,0,0,1,0,1,0,test
2019,26.03~27.08,신규,8,2,2026,3000,12.12,3,다세대,'102-90,코윈,59,,,11290,안암동5가, ,성북구,202602,2026-02-08,2026-02,월세,7,20㎡ 이하,안암동,서울특별시 성북구 안암동5가 102-90,37.5846008086626,127.029023979843,5.0,17160.0,소형,1415.841584158416,7.256185436799062,1.1538458311894093,False,서울 성북구 고려대로22길 35,190.66157151314,안암역,,0,134.2946021779898,134.2946021779898,826.7405875393961,2.494856980641168,0,0,1,1,1,0,test
2002,26.03~28.03,신규,10,2,2026,30000,82.88,3,다세대,'133-62,타워아트빌,0,,,11290,안암동3가, ,성북구,202602,2026-02-10,2026-02,전세,24,33㎡ 초과,안암동,서울특별시 성북구 안암동3가 133-62,37.5836930979787,127.023133446526,5.0,30000.0,대형,361.969111969112,5.894317739650225,-0.0118688119008265,False,서울 성북구 고려대로12길 57,343.9740325250396,보문역,,0,354.8922469449731,652.6210342055366,365.4632716949092,4.4173937785111725,1,0,1,0,0,0,test
2018,26.02~28.02,신규,21,2,2026,2000,14.67,4,다세대,'153-1,밀로바니,66,,,11290,안암동2가, ,성북구,202602,2026-02-21,2026-02,월세,8,20㎡ 이하,안암동,서울특별시 성북구 안암동2가 153-1,37.5860392528644,127.022360316217,5.0,17840.0,소형,1216.0872528970688,7.104215785484994,0.6248216664922439,False,서울 성북구 고려대로 28,214.91379352192595,보문역,,0,544.8687416035631,742.8538092609206,238.67775790395103,2.6858045921548905,0,0,1,0,1,0,test
2011,26.02~27.02,신규,2,2,2026,1000,12.21,1,다세대,'149-2,그린빌,70,,,11290,안암동5가, ,성북구,202602,2026-02-02,2026-02,월세,15,20㎡ 이하,안암동,서울특별시 성북구 안암동5가 149-2,37.58838710205,127.028815534165,5.0,17800.0,소형,1457.8214578214577,7.285384168054106,1.2554900363241146,False,서울 성북구 개운사길 41-6,234.16346400024963,안암역,,0,478.0887089357085,478.0887089357085,860.8915850081194,2.502255288122613,0,0,1,1,1,0,test
2011,26.04~27.04,갱신,27,2,2026,4000,15.69,4,다세대,'15-5,MAIBAUM안암,48,4000.0,46.0,11290,안암동4가, ,성북구,202602,2026-02-27,2026-02,월세,15,20㎡ 이하,안암동,서울특별시 성북구 안암동4가 15-5,37.5814227391357,127.023313771075,5.0,15520.0,소형,989.1650732950924,6.897871669931064,-0.0934863800630254,False,서울 성북구 안암로5길 54-4,543.0061961951634,보문역,15040.0,0,359.12045905585205,709.4755434538754,558.5006427801934,2.753023566744941,0,0,1,0,1,0,test
2001,26.02~28.02,신규,27,2,2026,5000,48.84,3,연립,'87-1,성종그린빌,60,,,11290,안암동1가, ,성북구,202602,2026-02-27,2026-02,월세,25,33㎡ 초과,안암동,서울특별시 성북구 안암동1가 87-1,37.5885002460396,127.020243888353,5.0,19400.0,대형,397.2153972153972,5.986993057922719,0.1863823646383867,False,서울 성북구 고려대로7길 56-10,329.65675434854785,보문역,,0,869.5720219062839,1017.2665265417684,330.18323887487173,3.888549649242504,0,1,1,0,0,0,test
2012,26.03~28.02,신규,5,2,2026,1000,13.92,3,다세대,'134-4,(134-4),53,,,11290,보문동7가, ,성북구,202602,2026-02-05,2026-02,월세,14,20㎡ 이하,보문동,서울특별시 성북구 보문동7가 134-4,37.5791821520309,127.021879050593,5.0,13720.0,소형,985.632183908046,6.894297309297429,0.7151779035904281,False,서울 성북구 보문로13나길 22,726.2055075485071,보문역,,0,604.5437846170768,949.191256896952,734.2609546483098,2.633326654906273,0,0,0,0,1,0,test
2018,26.02~27.02,신규,18,2,2026,3000,14.52,8,다세대,'114-1,(114-1),40,,,11290,보문동2가, ,성북구,202602,2026-02-18,2026-02,월세,8,20㎡ 이하,보문동,서울특별시 성북구 보문동2가 114-1,37.5846755232308,127.019214157549,5.0,12600.0,소형,867.7685950413223,6.767076801014044,0.227594068586078,False,서울 성북구 지봉로24길 9-1,118.8038179392723,보문역,,0,717.0682193311576,995.3503098289827,107.9784038078537,2.67552700939665,0,0,0,0,1,0,test
2013,26.02~28.02,신규,25,2,2026,7000,14.57,3,다세대,'3-15,해마루,20,,,11290,보문동1가, ,성북구,202602,2026-02-25,2026-02,월세,13,20㎡ 이하,보문동,서울특별시 성북구 보문동1가 3-15,37.5880247363267,127.018952681536,5.0,11800.0,소형,809.8833218943033,6.698124174337721,-0.0366729635309077,False,서울 성북구 보문로30길 12-11,291.21387759176537,보문역,,0,916.6989953998028,1098.5570071510106,282.2828484896454,2.6789646202071133,0,0,0,0,1,0,test
2012,26.02~28.02,갱신,24,2,2026,2000,14.45,3,다세대,'251,더에덴하우스,50,2000.0,42.0,11290,안암동1가, ,성북구,202602,2026-02-24,2026-02,월세,14,20㎡ 이하,안암동,서울특별시 성북구 안암동1가 251,37.587470114433,127.02141636101,5.0,14000.0,소형,968.8581314878892,6.877149804602896,-0.1656216215498009,False,서울 성북구 보문로26길 49,247.94887045818595,보문역,12080.0,0,715.3587141964363,874.5907531004768,259.71937808765875,2.670694414558441,0,0,1,0,1,0,test
2019,26.02~27.02,신규,23,2,2026,1000,16.07,3,다세대,'102-90,코윈,67,,,11290,안암동5가, ,성북구,202602,2026-02-23,2026-02,월세,7,20㎡ 이하,안암동,서울특별시 성북구 안암동5가 102-90,37.5846008086626,127.029023979843,5.0,17080.0,소형,1062.8500311138769,6.969649711766215,0.1563813948321328,False,서울 성북구 고려대로22길 35,190.66157151314,안암역,,0,134.2946021779898,134.2946021779898,826.7405875393961,2.776954179749421,0,0,1,1,1,0,test
2001,26.02~27.02,신규,11,2,2026,2000,46.14,2,다세대,'110-4,(110-4),65,,,11290,안암동5가, ,성북구,202602,2026-02-11,2026-02,월세,25,33㎡ 초과,안암동,서울특별시 성북구 안암동5가 110-4,37.5815352331814,127.027284293462,5.0,17600.0,대형,381.4477676636324,5.946592088814332,0.0999565523685907,False,서울 성북구 안암로9가길 54,557.7460079584192,안암역,,0,142.8495099353387,418.0996234993864,802.8552122552657,3.831680252745608,0,0,1,1,0,0,test
2022,26.02~27.02,신규,15,2,2026,3000,29.91,2,다세대,'12-4,하우재,130,,,11290,안암동5가, ,성북구,202602,2026-02-15,2026-02,월세,4,20㎡ 초과~33㎡ 이하,안암동,서울특별시 성북구 안암동5가 12-4,37.5896006964245,127.029713763445,5.0,34200.0,중형,1143.430290872618,7.04266222960635,0.8458478436234609,False,서울 성북구 개운사길 60-21,368.6336399961572,안암역,,0,593.4680312416383,593.4680312416383,988.5858924255604,3.398192872641857,0,0,1,1,0,1,test
2012,26.02~28.02,신규,10,2,2026,1000,16.56,2,다세대,'74-11,베데스타2,50,,,11290,보문동2가, ,성북구,202602,2026-02-10,2026-02,월세,14,20㎡ 이하,보문동,서울특별시 성북구 보문동2가 74-11,37.5854865875137,127.018136522855,5.0,13000.0,소형,785.0241545893721,6.666987522986753,-0.1560069300410932,False,서울 성북구 지봉로23길 5-8,164.62556409820291,보문역,,0,836.2084060729292,1097.3868311308154,139.76782674161174,2.8069901489571136,0,0,0,0,1,0,test
2012,26.02~27.02,신규,7,2,2026,3000,14.13,4,다세대,'12-24,(12-24),60,,,11290,안암동5가, ,성북구,202602,2026-02-07,2026-02,월세,14,20㎡ 이하,안암동,서울특별시 성북구 안암동5가 12-24,37.5890048138564,127.029936464902,5.0,17400.0,소형,1231.4225053078555,7.116737027922098,0.6684095787101244,False,서울 성북구 고려대로27길 52-7,306.26710788830525,안암역,,0,525.5027062656495,525.5027062656495,978.315946177262,2.6483001966964363,0,0,1,1,1,0,test
2019,26.02~28.02,신규,18,2,2026,1000,29.96,5,다세대,'105-3,E.SVill,50,,,11290,안암동1가, ,성북구,202602,2026-02-18,2026-02,월세,7,20㎡ 초과~33㎡ 이하,안암동,서울특별시 성북구 안암동1가 105-3,37.5879341880433,127.020558833338,5.0,13000.0,중형,433.91188251001336,6.075143441626326,-1.6191899187962184,False,서울 성북구 고려대로7다길 5,270.4954149793068,보문역,,0,805.0197178822772,964.6844828426848,274.14946234955704,3.3998631586490187,0,0,1,0,0,1,test
1995,26.02~28.02,신규,12,2,2026,3000,37.71,4,연립,'133-59,(133-59),120,,,11290,안암동3가, ,성북구,202602,2026-02-12,2026-02,월세,31,33㎡ 초과,안암동,서울특별시 성북구 안암동3가 133-59,37.5840594839597,127.02291754252,5.0,31800.0,대형,843.277645186953,6.738481403990981,1.7939673348402974,False,서울 성북구 보문로22길 46,305.1176216616871,보문역,,0,386.03825160308816,668.6808564359112,327.4531488079916,3.6299253112702656,0,1,1,0,0,0,test
2019,26.02~27.02,신규,14,2,2026,2000,14.43,6,다세대,'1,(1-0),55,,,11290,안암동3가, ,성북구,202602,2026-02-14,2026-02,월세,7,20㎡ 이하,안암동,서울특별시 성북구 안암동3가 1,37.5848872840372,127.021657907378,5.0,15200.0,소형,1053.361053361053,6.960690225813631,0.1251923743191708,False,서울 성북구 고려대로8길 23,162.9308706233914,보문역,,0,524.8407681045904,781.8690399407386,186.4260778309082,2.6693093727857797,0,0,1,0,1,0,test
2003,26.02~28.02,신규,9,2,2026,2000,59.02,1,다세대,'8,옥인호주택,115,,,11290,안암동2가, ,성북구,202602,2026-02-09,2026-02,월세,23,33㎡ 초과,안암동,서울특별시 성북구 안암동2가 8,37.5869089314205,127.021164736446,5.0,29600.0,대형,501.5249068112504,6.219645204498421,0.6840721772310846,False,서울 성북구 고려대로11길 19-16,183.25537056601888,보문역,,0,687.8480037620799,872.238606229052,196.73408162401688,4.077876369514794,0,0,1,0,0,0,test
2011,26.02~27.02,신규,11,2,2026,2000,12.21,2,다세대,'149-2,그린빌,70,,,11290,안암동5가, ,성북구,202602,2026-02-11,2026-02,월세,15,20㎡ 이하,안암동,서울특별시 성북구 안암동5가 149-2,37.58838710205,127.028815534165,5.0,18800.0,소형,1539.7215397215396,7.340006117967409,1.445635444812924,False,서울 성북구 개운사길 41-6,234.16346400024963,안암역,,0,478.0887089357085,478.0887089357085,860.8915850081194,2.502255288122613,0,0,1,1,1,0,test
2017,26.02~28.02,신규,9,2,2026,5500,22.45,3,다세대,'74-4,(74-4),120,,,11290,보문동2가, ,성북구,202602,2026-02-09,2026-02,월세,9,20㎡ 초과~33㎡ 이하,보문동,서울특별시 성북구 보문동2가 74-4,37.5856076020013,127.018063978834,5.0,34300.0,중형,1527.839643652561,7.332264323812096,2.084570674770545,False,서울 성북구 지봉로23길 13-9,171.06065159319274,보문역,,0,847.0480143176586,1105.4214813741974,146.01736067850436,3.1112906141882632,0,0,0,0,0,1,test
2013,26.03~29.03,신규,3,2,2026,1000,13.65,3,다세대,'132,그린빌,45,,,11290,안암동2가, ,성북구,202602,2026-02-03,2026-02,월세,13,20㎡ 이하,안암동,서울특별시 성북구 안암동2가 132,37.5866939630274,127.023043911887,5.0,11800.0,소형,864.4688644688645,6.763271399929742,-0.562045692989938,False,서울 성북구 고려대로7가길 38,296.9666022587233,보문역,,0,555.8771787619684,708.8780628975502,318.87528882000805,2.613739521630969,0,0,1,0,1,0,test
2015,26.05~28.05,신규,30,3,2026,2000,23.26,3,다세대,'64-11,금산빌딩,70,,,11290,보문동2가, ,성북구,202603,2026-03-30,2026-03,월세,11,20㎡ 초과~33㎡ 이하,보문동,서울특별시 성북구 보문동2가 64-11,37.5858252054743,127.017372714174,4.9,19142.85714285714,중형,822.9947180936002,6.714164119808345,0.2528555020410676,False,서울 성북구 보문로25길 25,233.94823352532688,보문역,,0,912.5890679211318,1169.094104682548,208.9240129948573,3.1467351470905185,0,0,0,0,0,1,test
2016,26.04~28.04,신규,21,3,2026,1000,18.16,4,다세대,'79-4,더리치빌,58,,,11290,보문동4가, ,성북구,202603,2026-03-21,2026-03,월세,10,20㎡ 이하,보문동,서울특별시 성북구 보문동4가 79-4,37.5823285816602,127.021501723257,4.9,15204.08163265306,소형,837.2291647936707,6.731291529437875,0.0904438544640404,False,서울 성북구 고려대로2길 76,380.8928772607329,보문역,,0,487.3313359325827,822.6573866301491,392.1202727493698,2.8992213731731478,0,0,0,0,1,0,test
2012,26.05~27.02,신규,8,3,2026,5000,12.25,3,다세대,'134-27,(134-27),50,,,11290,안암동5가, ,성북구,202603,2026-03-08,2026-03,월세,14,20㎡ 이하,안암동,서울특별시 성북구 안암동5가 134-27,37.5827951469634,127.028202358742,4.9,17244.897959183672,소형,1407.7467721782589,7.250455774084819,1.1339002038540231,False,서울 성북구 안암로9가길 85,400.9752776271348,안암역,,0,105.95196955041544,262.6624413342047,808.2007971721492,2.505525936990736,0,0,1,1,1,0,test
2016,26.04~28.04,신규,30,3,2026,1000,47.72,6,다세대,'79-4,더리치빌,58,,,11290,보문동4가, ,성북구,202603,2026-03-30,2026-03,월세,10,33㎡ 초과,보문동,서울특별시 성북구 보문동4가 79-4,37.5823285816602,127.021501723257,4.9,15204.08163265306,대형,318.6102605333835,5.767102317673983,-1.0287092777623748,False,서울 성북구 고려대로2길 76,380.8928772607329,보문역,,0,487.3313359325827,822.6573866301491,392.1202727493698,3.8653505972297153,0,0,0,0,0,0,test
2012,26.04~28.04,갱신,2,3,2026,500,13.92,3,다세대,'134-4,(134-4),55,500.0,52.0,11290,보문동7가, ,성북구,202603,2026-03-02,2026-03,월세,14,20㎡ 이하,보문동,서울특별시 성북구 보문동7가 134-4,37.5791821520309,127.021879050593,4.9,13969.38775510204,소형,1003.5479709125028,6.912292939125163,0.7841477444055593,False,서울 성북구 보문로13나길 22,726.2055075485071,보문역,13234.69387755102,0,604.5437846170768,949.191256896952,734.2609546483098,2.633326654906273,0,0,0,0,1,0,test
2017,26.06~28.06,신규,30,3,2026,27000,26.29,3,다세대,'74-4,(74-4),0,,,11290,보문동2가, ,성북구,202603,2026-03-30,2026-03,전세,9,20㎡ 초과~33㎡ 이하,보문동,서울특별시 성북구 보문동2가 74-4,37.5856076020013,127.018063978834,4.9,27000.0,중형,1027.0064663370104,6.935376736206426,0.9084102215361812,False,서울 성북구 지봉로23길 13-9,171.06065159319274,보문역,,0,847.0480143176586,1105.4214813741974,146.01736067850436,3.26918863874179,1,0,0,0,0,1,test
2005,26.05~28.05,신규,22,3,2026,2000,75.77,5,다세대,'116,(116-0),60,,,11290,보문동2가, ,성북구,202603,2026-03-22,2026-03,월세,21,33㎡ 초과,보문동,서울특별시 성북구 보문동2가 116,37.584557564932,127.019326212469,4.9,16693.877551020407,대형,220.3230506931557,5.399623402017485,-1.9826613034690248,False,서울 성북구 지봉로24길 11,124.64714045124067,보문역,,0,703.8733525238173,985.017348674884,116.74171430870986,4.327702435943282,0,0,0,0,0,0,test
2012,26.04~27.07,신규,16,3,2026,1000,18.99,3,다세대,'15-17,(15-17),75,,,11290,안암동5가, ,성북구,202603,2026-03-16,2026-03,월세,14,20㎡ 이하,안암동,서울특별시 성북구 안암동5가 15-17,37.588419662907,127.029404194445,4.9,19367.34693877551,소형,1019.8708235268832,6.928411290598082,0.0128256182460874,False,서울 성북구 개운사길 42-3,235.35245330358865,안암역,,0,468.151269508039,468.151269508039,910.6340734988736,2.9439125248241944,0,0,1,1,1,0,test
2015,26.04~28.03,신규,31,3,2026,16500,28.7,5,다세대,'133-1,자이로빌,0,,,11290,안암동3가, ,성북구,202603,2026-03-31,2026-03,전세,11,20㎡ 초과~33㎡ 이하,안암동,서울특별시 성북구 안암동3가 133-1,37.5834309773966,127.023243524297,4.9,16500.0,중형,574.9128919860627,6.355956420068741,-0.9037365295309892,False,서울 성북구 고려대로12길 65,369.5872931044184,보문역,,0,338.36926807338773,646.6841807924044,390.4399698593068,3.3568971227655755,1,0,1,0,0,1,test
2013,26.04~28.02,신규,24,3,2026,3000,30.09,4,다세대,'161-13,(161-13),95,,,11290,안암동2가, ,성북구,202603,2026-03-24,2026-03,월세,13,20㎡ 초과~33㎡ 이하,안암동,서울특별시 성북구 안암동2가 161-13,37.5876132803393,127.025505415992,4.9,26265.30612244898,중형,872.8915294931531,6.77295625982208,0.1586928151859426,False,서울 성북구 고려대로17길 27,359.15164045714914,안암역,,0,551.1772332037186,573.9514463275236,558.571330901939,3.4041928906419536,0,0,1,1,0,1,test
2012,26.03~28.02,신규,21,3,2026,9000,12.25,3,다세대,'134-27,(134-27),15,,,11290,안암동5가, ,성북구,202603,2026-03-21,2026-03,월세,14,20㎡ 이하,안암동,서울특별시 성북구 안암동5가 134-27,37.5827951469634,127.028202358742,4.9,12673.469387755102,소형,1034.5689296126611,6.942706245122033,0.0625880300896757,False,서울 성북구 안암로9가길 85,400.9752776271348,안암역,,0,105.95196955041544,262.6624413342047,808.2007971721492,2.505525936990736,0,0,1,1,1,0,test
2012,26.03~28.03,신규,7,3,2026,1000,20.56,4,다세대,'30,해든,45,,,11290,안암동2가, ,성북구,202603,2026-03-07,2026-03,월세,14,20㎡ 초과~33㎡ 이하,안암동,서울특별시 성북구 안암동2가 30,37.5872677175131,127.021602665638,4.9,12020.408163265303,중형,584.6502024934488,6.372722687274296,-0.8610195484139619,False,서울 성북구 고려대로11길 23,238.09730546595964,보문역,,0,687.7402911508373,850.612010612303,252.14614571032808,3.0233474405869645,0,0,1,0,0,1,test
2005,26.03~28.03,신규,24,3,2026,1000,80.28,4,다세대,'47,기원빌라,60,,,11290,안암동3가, ,성북구,202603,2026-03-24,2026-03,월세,21,33㎡ 초과,안암동,서울특별시 성북구 안암동3가 47,37.5847449790216,127.022346229739,4.9,15693.877551020409,대형,195.48925698829603,5.28060775799947,-1.3247181032124251,False,서울 성북구 고려대로12길 32,224.6377446161844,보문역,,0,463.6152471243175,720.1867794485319,248.5261000462212,4.385520523928138,0,0,1,0,0,0,test
2018,26.03~27.03,신규,11,3,2026,1000,36.16,8,다세대,'104-23,(104-23),145,,,11290,안암동5가, ,성북구,202603,2026-03-11,2026-03,월세,8,33㎡ 초과,안암동,서울특별시 성북구 안암동5가 104-23,37.5840193002156,127.030132370974,4.9,36510.204081632655,대형,1009.6848473902836,6.9183834467749845,2.178814048167658,False,서울 성북구 고려대로26길 49,266.47269242866594,안암역,,0,44.98462591261373,44.98462591261373,933.3600838099724,3.587953535523976,0,0,1,1,0,0,test
1997,26.06~28.02,신규,23,3,2026,2000,53.6,3,연립,'103-125,(103-125),130,,,11290,안암동5가, ,성북구,202603,2026-03-23,2026-03,월세,29,33㎡ 초과,안암동,서울특별시 성북구 안암동5가 103-125,37.5849276822978,127.030480316289,4.9,33836.734693877544,대형,631.2823636917452,6.449336072364555,1.1754272180725156,False,서울 성북구 고려대로24가길 14-21,188.70404179226668,안암역,,0,69.81663518882324,69.81663518882324,950.760026363707,3.981549068076757,0,1,1,1,0,0,test
2013,26.05~27.05,신규,21,3,2026,16000,24.97,2,다세대,'199,태영빌,0,,,11290,보문동5가, ,성북구,202603,2026-03-21,2026-03,전세,13,20㎡ 초과~33㎡ 이하,보문동,서울특별시 성북구 보문동5가 199,37.5816530339054,127.020389097902,4.9,16000.0,중형,640.7689227072487,6.464228305420554,-0.4878192630813793,False,서울 성북구 보문로17길 14,433.7324459743769,보문역,,0,596.3475761496918,938.3173047476604,438.4174188879834,3.217675104291682,1,0,0,0,0,1,test
2002,26.04~28.04,신규,23,3,2026,10000,47.31,3,다세대,'62,보문새마을금고,75,,,11290,보문동7가, ,성북구,202603,2026-03-23,2026-03,월세,24,33㎡ 초과,보문동,서울특별시 성북구 보문동7가 62,37.580082326301,127.020933665567,4.9,28367.34693877551,대형,599.6057268817482,6.397938690771415,0.6089020527561241,False,서울 성북구 보문로13길 20,612.5626600804584,보문역,,0,614.0712562542534,964.65796860807,618.4073823433527,3.8567216896430567,0,0,0,0,0,0,test
2013,26.04~28.04,신규,19,3,2026,5000,12.15,4,다세대,'28,뉴스타안암,25,,,11290,안암동2가, ,성북구,202603,2026-03-19,2026-03,월세,13,20㎡ 이하,안암동,서울특별시 성북구 안암동2가 28,37.5872142206758,127.02148139002,4.9,11122.448979591836,소형,915.4278995548837,6.820483394850614,-0.3628840343169027,False,서울 성북구 보문로26길 48,227.03527655410068,보문역,,0,690.9347463471147,858.20784474037,240.67128238702588,2.4973291697865574,0,0,1,0,1,0,test
2003,26.07~28.07,신규,21,3,2026,3000,40.8,3,다세대,'76-1,복성로즈빌,65,,,11290,보문동6가, ,성북구,202603,2026-03-21,2026-03,월세,23,33㎡ 초과,보문동,서울특별시 성북구 보문동6가 76-1,37.5815767043558,127.019411483711,4.9,18918.36734693877,대형,463.6854741896758,6.14136077713385,-0.0571579850799901,False,서울 성북구 지봉로20길 74-3,443.9628115803976,보문역,,0,682.3921700339046,1022.9541849936576,443.7557944225809,3.708682081410116,0,0,0,0,0,0,test
2014,26.03~28.02,신규,1,3,2026,1000,14.99,4,다세대,'35,해마루,54,,,11290,안암동1가, ,성북구,202603,2026-03-01,2026-03,월세,12,20㎡ 이하,안암동,서울특별시 성북구 안암동1가 35,37.5886156661735,127.019693653118,4.9,14224.489795918367,소형,948.9319410219056,6.856390340998672,-0.2378877470414561,False,서울 성북구 고려대로7마길 6,342.8985149839912,보문역,,0,912.505916991287,1066.2853451858073,339.78250688811045,2.7073833121145063,0,0,1,0,1,0,test
2012,26.03~27.02,신규,14,3,2026,2000,12.0,5,다세대,'15-55,큰소나무,70,,,11290,안암동5가, ,성북구,202603,2026-03-14,2026-03,월세,14,20㎡ 이하,안암동,서울특별시 성북구 안암동5가 15-55,37.5876435799279,127.029636220866,4.9,19142.85714285714,소형,1595.2380952380952,7.375404949363164,1.568862925092478,False,서울 성북구 고려대로27길 27,152.75493553055347,안암역,,0,379.4999345617588,379.4999345617588,903.9568111992396,2.4849066497880004,0,0,1,1,1,0,test
2003,26.04~28.02,신규,8,3,2026,2000,67.25,2,다세대,'26,대월빌라,65,,,11290,안암동1가, ,성북구,202603,2026-03-08,2026-03,월세,23,33㎡ 초과,안암동,서울특별시 성북구 안암동1가 26,37.5887546003207,127.020220067027,4.9,17918.367346938772,대형,266.44412411804865,5.588910662715532,-0.6651960780417091,False,서울 성북구 고려대로7길 56-13,357.76775057790053,보문역,,0,891.8023207815323,1032.3978676530032,357.9457469940714,4.208417018481948,0,0,1,0,0,0,test
2013,26.04~27.04,신규,16,3,2026,16800,36.22,2,다세대,'199,태영빌,0,,,11290,보문동5가, ,성북구,202603,2026-03-16,2026-03,전세,13,33㎡ 초과,보문동,서울특별시 성북구 보문동5가 199,37.5816530339054,127.020389097902,4.9,16800.0,대형,463.8321369409167,6.141676344586692,-0.0563387919288739,False,서울 성북구 보문로17길 14,433.7324459743769,보문역,,0,596.3475761496918,938.3173047476604,438.4174188879834,3.589611452455267,1,0,0,0,0,0,test
2002,26.03~28.03,갱신,16,3,2026,21500,63.44,4,다세대,'74-7,(74-7),0,21000.0,0.0,11290,보문동2가,사용,성북구,202603,2026-03-16,2026-03,전세,24,33㎡ 초과,보문동,서울특별시 성북구 보문동2가 74-7,37.5854413505225,127.017588306687,4.9,21500.0,대형,338.9029003783102,5.828659989699822,-0.868909454085616,False,서울 성북구 지봉로21길 16,213.1103178560811,보문역,21000.0,0,879.8051521405645,1144.789788154712,188.29852850404424,4.150094577326593,1,0,0,0,0,0,test
1992,26.05~28.05,신규,14,3,2026,12000,69.18,1,다세대,'133-54,(133-54),60,,,11290,안암동3가, ,성북구,202603,2026-03-14,2026-03,월세,34,33㎡ 초과,안암동,서울특별시 성북구 안암동3가 133-54,37.583292902821,127.023906924177,4.9,26693.877551020407,대형,385.8611961697081,5.958065962465522,0.1245014796827044,False,서울 성북구 보문로18길 53,425.2452380877933,보문역,,0,278.0137531976159,591.6614497515246,446.8393809900576,4.236711803509023,0,0,1,0,0,0,test
1993,26.04~28.04,신규,16,3,2026,1000,39.75,1,다세대,'119-2,일광빌라(1동),80,,,11290,안암동2가, ,성북구,202603,2026-03-16,2026-03,월세,33,33㎡ 초과,안암동,서울특별시 성북구 안암동2가 119-2,37.5865718241046,127.024651038695,4.9,20591.83673469388,대형,518.0336285457579,6.251968675952644,0.7532185946924134,False,서울 성북구 고려대로7가길 66-1,404.84389544982827,안암역,,0,467.7014937623162,573.9663037459477,448.8292840255174,3.6826098411003407,0,0,1,1,0,0,test
2016,26.03~28.03,갱신,14,3,2026,27000,47.73,5,다세대,'232-1,주함해븐빌(A동),20,27000.0,20.0,11290,보문동5가,사용,성북구,202603,2026-03-14,2026-03,월세,10,33㎡ 초과,보문동,서울특별시 성북구 보문동5가 232-1,37.580820283928,127.020165051172,4.9,31897.95918367347,대형,668.3000038481766,6.50623239585615,0.890025662670736,False,서울 성북구 보문로15길 24,525.1901076345816,보문역,31897.95918367347,0,641.2645793418986,989.4953288519656,528.4894722243123,3.865560131017805,0,0,0,0,0,0,test
2014,26.04~28.04,갱신,11,3,2026,5000,15.57,6,다세대,'75-10,(75-10),51,4000.0,48.0,11290,보문동2가, ,성북구,202603,2026-03-11,2026-03,월세,12,20㎡ 이하,보문동,서울특별시 성북구 보문동2가 75-10,37.5851695046946,127.018287932064,4.9,17489.795918367345,소형,1123.3009581481915,7.024916750972901,1.215788451037603,False,서울 성북구 지봉로 175-2,156.7330223806902,보문역,15755.102040816326,0,811.6415388512596,1080.421392750233,133.449606038057,2.745345985845907,0,0,0,0,1,0,test
2012,26.03~27.03,신규,3,3,2026,5000,12.14,2,다세대,'134-27,(134-27),50,,,11290,안암동5가, ,성북구,202603,2026-03-03,2026-03,월세,14,20㎡ 이하,안암동,서울특별시 성북구 안암동5가 134-27,37.5827951469634,127.028202358742,4.9,17244.897959183672,소형,1420.5023030629054,7.259469551253587,1.1652782184526027,False,서울 성북구 안암로9가길 85,400.9752776271348,안암역,,0,105.95196955041544,262.6624413342047,808.2007971721492,2.4965057856313524,0,0,1,1,1,0,test
2014,26.03~28.03,신규,2,3,2026,500,14.14,4,다세대,'367,동호빌,50,,,11290,보문동6가, ,성북구,202603,2026-03-02,2026-03,월세,12,20㎡ 이하,보문동,서울특별시 성북구 보문동6가 367,37.5790715833329,127.020978553021,4.9,12744.897959183672,소형,901.3364893340644,6.804987498539703,0.3728901653920758,False,서울 성북구 보문로13라길 10-13,724.5561482026494,보문역,,0,673.3733698394662,1020.7695847422764,729.9530572750207,2.6490076604684267,0,0,0,0,1,0,test
2012,26.04~27.02,신규,7,3,2026,1000,14.47,3,다세대,'12-166,(12-166),70,,,11290,안암동5가, ,성북구,202603,2026-03-07,2026-03,월세,14,20㎡ 이하,안암동,서울특별시 성북구 안암동5가 12-166,37.5889507168904,127.030083634518,4.9,18142.85714285714,소형,1253.825649126271,7.134751916915925,0.7311215183616517,False,서울 성북구 고려대로27길 52-9,303.318452126118,안암역,,0,518.4358833960425,518.4358833960425,987.9503941364452,2.6720775406433925,0,0,1,1,1,0,test
2022,26.03~27.02,신규,8,3,2026,1000,29.99,5,다세대,'12-4,하우재,120,,,11290,안암동5가, ,성북구,202603,2026-03-08,2026-03,월세,4,20㎡ 초과~33㎡ 이하,안암동,서울특별시 성북구 안암동5가 12-4,37.5896006964245,127.029713763445,4.9,30387.755102040814,중형,1013.2629243761526,6.921917444796743,0.5382151052532533,False,서울 성북구 개운사길 60-21,368.6336399961572,안암역,,0,593.4680312416383,593.4680312416383,988.5858924255604,3.4008639927609177,0,0,1,1,0,1,test
2012,26.03~27.03,갱신,4,3,2026,7000,12.79,2,다세대,'74-11,베데스타2,11,9000.0,0.0,11290,보문동2가, ,성북구,202603,2026-03-04,2026-03,월세,14,20㎡ 이하,보문동,서울특별시 성북구 보문동2가 74-11,37.5854865875137,127.018136522855,4.9,9693.877551020409,소형,757.9263136059741,6.6319046891596285,-0.290464989445685,False,서울 성북구 지봉로23길 5-8,164.62556409820291,보문역,9000.0,0,836.2084060729292,1097.3868311308154,139.76782674161174,2.548663615590751,0,0,0,0,1,0,test
2004,26.03~27.05,신규,2,3,2026,5000,84.96,5,다세대,'135,(135-0),120,,,11290,보문동7가, ,성북구,202603,2026-03-02,2026-03,월세,22,33㎡ 초과,보문동,서울특별시 성북구 보문동7가 135,37.5787298016808,127.022154354723,4.9,34387.755102040814,대형,404.7522963987855,6.005742866018329,-0.409213505869891,False,서울 성북구 보문로13나길 32,780.800809086526,보문역,,0,622.2272034332791,961.4960595106958,789.196795237089,4.442180557493629,0,0,0,0,0,0,test
2018,26.07~28.07,신규,20,4,2026,2000,14.67,3,다세대,'153-1,밀로바니,60,,,11290,안암동2가, ,성북구,202604,2026-04-20,2026-04,월세,8,20㎡ 이하,안암동,서울특별시 성북구 안암동2가 153-1,37.5860392528644,127.022360316217,5.0,16400.0,소형,1117.927743694615,7.02012613401491,0.3320957357292555,False,서울 성북구 고려대로 28,214.91379352192595,보문역,,0,544.8687416035631,742.8538092609206,238.67775790395103,2.6858045921548905,0,0,1,0,1,0,test
2003,26.07~28.07,신규,5,4,2026,26500,54.21,4,다세대,'46,청기와빌라(46-0),0,,,11290,보문동6가, ,성북구,202604,2026-04-05,2026-04,전세,23,33㎡ 초과,보문동,서울특별시 성북구 보문동6가 46,37.5816179646149,127.018888450546,5.0,26500.0,대형,488.839697472791,6.194078189565374,0.0796930837472454,False,서울 성북구 지봉로20길 74-12,447.2263871549597,보문역,,0,726.770827311255,1065.771625550109,444.4166293830477,3.992865393272247,1,0,0,0,0,0,test
2014,26.06~28.06,갱신,16,4,2026,5000,13.11,6,다세대,'75-10,(75-10),52,5000.0,50.0,11290,보문동2가, ,성북구,202604,2026-04-16,2026-04,월세,12,20㎡ 이하,보문동,서울특별시 성북구 보문동2가 75-10,37.5851695046946,127.018287932064,5.0,17480.0,소형,1333.3333333333337,7.196187070324464,1.8721970777492496,False,서울 성북구 지봉로 175-2,156.7330223806902,보문역,17000.0,0,811.6415388512596,1080.421392750233,133.449606038057,2.5733752977756086,0,0,0,0,1,0,test
2003,26.05~28.05,신규,22,4,2026,3000,48.18,2,다세대,'138,에스엠빌라(138-0),130,,,11290,안암동2가, ,성북구,202604,2026-04-22,2026-04,월세,23,33㎡ 초과,안암동,서울특별시 성북구 안암동2가 138,37.5866404160299,127.022723707618,5.0,34200.0,대형,709.8381070983811,6.566444706405605,1.4259461794778954,False,서울 성북구 고려대로7가길 32,269.0301372317622,보문역,,0,569.5142662004934,732.9696700185459,290.6613581284848,3.874943997186725,0,0,1,0,0,0,test
2018,26.05~27.05,신규,4,4,2026,1000,17.78,7,다세대,'104-23,(104-23),79,,,11290,안암동5가, ,성북구,202604,2026-04-04,2026-04,월세,8,20㎡ 이하,안암동,서울특별시 성북구 안암동5가 104-23,37.5840193002156,127.030132370974,5.0,19960.0,소형,1122.609673790776,7.024301704832378,0.346631387056636,False,서울 성북구 고려대로26길 49,266.47269242866594,안암역,,0,44.98462591261373,44.98462591261373,933.3600838099724,2.8780742300857587,0,0,1,1,1,0,test
2008,26.05~28.05,신규,27,4,2026,1000,20.13,2,다세대,'171,승민아트빌,49,,,11290,보문동5가, ,성북구,202604,2026-04-27,2026-04,월세,18,20㎡ 초과~33㎡ 이하,보문동,서울특별시 성북구 보문동5가 171,37.5820315128318,127.020029181913,5.0,12760.0,중형,633.8797814207651,6.453435660372065,-0.5198028339670485,False,서울 성북구 지봉로24길 70-10,390.32121984232265,보문역,,0,620.1795847194261,956.5315442239414,393.2946483718082,3.0022112396517,0,0,0,0,0,1,test
2002,26.04~28.04,신규,3,4,2026,2000,31.115,4,다세대,'74-5,승화빌,85,,,11290,보문동2가, ,성북구,202604,2026-04-03,2026-04,월세,24,20㎡ 초과~33㎡ 이하,보문동,서울특별시 성북구 보문동2가 74-5,37.5855547382236,127.017903081971,5.0,22400.0,중형,719.910011248594,6.580514318467102,-0.1432103257378025,False,서울 성북구 지봉로23길 13-11,185.0868867414957,보문역,,0,858.1280943493584,1118.7296200670005,160.10005084563207,3.4376900180211813,0,0,0,0,0,1,test
2019,26.05~28.05,신규,23,4,2026,20000,22.93,6,다세대,'1,(1-0),0,,,11290,안암동3가, ,성북구,202604,2026-04-23,2026-04,전세,7,20㎡ 초과~33㎡ 이하,안암동,서울특별시 성북구 안암동3가 1,37.5848872840372,127.021657907378,5.0,20000.0,중형,872.2197993894462,6.772187298937102,0.1567336618931667,False,서울 성북구 고려대로8길 23,162.9308706233914,보문역,,0,524.8407681045904,781.8690399407386,186.4260778309082,3.132446096869813,1,0,1,0,0,1,test
2015,26.07~28.06,갱신,23,4,2026,13000,20.08,2,다세대,'74-3,범진우주하우스,25,13000.0,20.0,11290,보문동2가, ,성북구,202604,2026-04-23,2026-04,월세,11,20㎡ 초과~33㎡ 이하,보문동,서울특별시 성북구 보문동2가 74-3,37.5856640691289,127.018227480843,5.0,19000.0,중형,946.2151394422312,6.853526247365851,0.6658495795343597,False,서울 성북구 지봉로23길 13-5,157.08690650371963,보문역,17800.0,0,836.0431027826141,1091.9950963803549,132.0223830526954,2.9997242948235283,0,0,0,0,0,1,test
2012,26.06~28.06,신규,6,4,2026,10000,17.06,4,다세대,'251,더에덴하우스,0,,,11290,안암동1가, ,성북구,202604,2026-04-06,2026-04,전세,14,20㎡ 이하,안암동,서울특별시 성북구 안암동1가 251,37.587470114433,127.02141636101,5.0,10000.0,소형,586.1664712778429,6.375308376347602,-1.9125904412947528,False,서울 성북구 보문로26길 49,247.94887045818595,보문역,,0,715.3587141964363,874.5907531004768,259.71937808765875,2.836736542063533,1,0,1,0,1,0,test
2012,26.06~28.06,갱신,20,4,2026,500,13.92,3,다세대,'134-4,(134-4),52,500.0,49.0,11290,보문동7가, ,성북구,202604,2026-04-20,2026-04,월세,14,20㎡ 이하,보문동,서울특별시 성북구 보문동7가 134-4,37.5791821520309,127.021879050593,5.0,12980.0,소형,932.471264367816,6.838910179827548,0.5029018377170601,False,서울 성북구 보문로13나길 22,726.2055075485071,보문역,12260.0,0,604.5437846170768,949.191256896952,734.2609546483098,2.633326654906273,0,0,0,0,1,0,test
2011,26.04~28.04,신규,9,4,2026,1000,15.36,4,다세대,'2-2,(2-2),57,,,11290,보문동2가, ,성북구,202604,2026-04-09,2026-04,월세,15,20㎡ 이하,보문동,서울특별시 성북구 보문동2가 2-2,37.5872920463973,127.017812694376,5.0,14680.0,소형,955.7291666666669,6.863520348962033,0.5972224846678553,False,서울 성북구 지봉로23길 50,274.1288529809032,보문역,,0,951.2446356577402,1166.4026777308086,255.61189878310088,2.731766727719526,0,0,0,0,1,0,test
2017,26.06~28.06,신규,22,4,2026,3000,29.91,4,다세대,'105-1,가람JS빌,130,,,11290,안암동1가, ,성북구,202604,2026-04-22,2026-04,월세,9,20㎡ 초과~33㎡ 이하,안암동,서울특별시 성북구 안암동1가 105-1,37.5881584721337,127.020403100362,5.0,34200.0,중형,1143.430290872618,7.04266222960635,0.8458478436234609,False,서울 성북구 고려대로7라길 8,293.094614415516,보문역,,0,832.4172181240705,987.7352110292402,295.1397564184218,3.398192872641857,0,0,1,0,0,1,test
2012,26.04~28.04,갱신,3,4,2026,9000,14.45,4,다세대,'251,더에덴하우스,15,9000.0,10.0,11290,안암동1가,사용,성북구,202604,2026-04-03,2026-04,월세,14,20㎡ 이하,안암동,서울특별시 성북구 안암동1가 251,37.587470114433,127.02141636101,5.0,12600.0,소형,871.9723183391004,6.771903846676048,-0.5319951342779292,False,서울 성북구 보문로26길 49,247.94887045818595,보문역,11400.0,0,715.3587141964363,874.5907531004768,259.71937808765875,2.670694414558441,0,0,1,0,1,0,test
2015,26.06~28.06,갱신,17,4,2026,14500,21.53,2,다세대,'74-3,범진우주하우스,18,14500.0,15.0,11290,보문동2가, ,성북구,202604,2026-04-17,2026-04,월세,11,20㎡ 초과~33㎡ 이하,보문동,서울특별시 성북구 보문동2가 74-3,37.5856640691289,127.018227480843,5.0,18820.0,중형,874.1291221551323,6.774371443647796,0.4312774923135236,False,서울 성북구 지봉로23길 13-5,157.08690650371963,보문역,18100.0,0,836.0431027826141,1091.9950963803549,132.0223830526954,3.069447311376272,0,0,0,0,0,1,test
2001,26.04~28.04,갱신,16,4,2026,10000,31.68,2,다세대,'74-13,인성빌라,26,10000.0,23.0,11290,보문동2가, ,성북구,202604,2026-04-16,2026-04,월세,25,20㎡ 초과~33㎡ 이하,보문동,서울특별시 성북구 보문동2가 74-13,37.5855932163398,127.018451071054,5.0,16240.0,중형,512.6262626262626,6.241495885465361,-1.1478778594836627,False,서울 성북구 지봉로23길 9,136.9146303223722,보문역,15520.0,0,814.8256272538686,1071.4022800372577,111.87350454731178,3.455685566946225,0,0,0,0,0,1,test
2008,26.07~28.07,신규,15,4,2026,7100,13.16,3,다세대,'171,승민아트빌,0,,,11290,보문동5가, ,성북구,202604,2026-04-15,2026-04,전세,18,20㎡ 이하,보문동,서울특별시 성북구 보문동5가 171,37.5820315128318,127.020029181913,5.0,7100.0,소형,539.5136778115501,6.292519942608382,-1.591187007446355,False,서울 성북구 지봉로24길 70-10,390.32121984232265,보문역,,0,620.1795847194261,956.5315442239414,393.2946483718082,2.5771819258971718,1,0,0,0,1,0,test
2013,26.04~28.04,신규,10,4,2026,9000,14.57,2,다세대,'3-15,해마루,0,,,11290,보문동1가, ,성북구,202604,2026-04-10,2026-04,전세,13,20㎡ 이하,보문동,서울특별시 성북구 보문동1가 3-15,37.5880247363267,127.018952681536,5.0,9000.0,소형,617.7076183939602,6.4276328160120615,-1.073354986009393,False,서울 성북구 보문로30길 12-11,291.21387759176537,보문역,,0,916.6989953998028,1098.5570071510106,282.2828484896454,2.6789646202071133,1,0,0,0,1,0,test
2012,26.04~28.04,갱신,3,4,2026,9000,14.45,4,다세대,'251,더에덴하우스,15,9000.0,10.0,11290,안암동1가, ,성북구,202604,2026-04-03,2026-04,월세,14,20㎡ 이하,안암동,서울특별시 성북구 안암동1가 251,37.587470114433,127.02141636101,5.0,12600.0,소형,871.9723183391004,6.771903846676048,-0.5319951342779292,False,서울 성북구 보문로26길 49,247.94887045818595,보문역,11400.0,0,715.3587141964363,874.5907531004768,259.71937808765875,2.670694414558441,0,0,1,0,1,0,test
2001,26.04~28.04,신규,5,4,2026,1000,26.1,1,다세대,'26,(26-0),60,,,11290,보문동2가, ,성북구,202604,2026-04-05,2026-04,월세,25,20㎡ 초과~33㎡ 이하,보문동,서울특별시 성북구 보문동2가 26,37.5869391329795,127.017776492773,5.0,15400.0,중형,590.0383141762452,6.381880844706194,-0.7318526613057927,False,서울 성북구 지봉로23길 41,250.306015024002,보문역,,0,934.0139717288376,1158.9097609435082,229.8787171893178,3.261935314328648,0,0,0,0,0,1,test
2011,26.06~27.06,신규,7,5,2026,3000,13.66,4,다세대,'15-5,MAIBAUM안암,37,,,11290,안암동4가, ,성북구,202605,2026-05-07,2026-05,월세,15,20㎡ 이하,안암동,서울특별시 성북구 안암동4가 15-5,37.5814227391357,127.023313771075,4.9,12061.224489795915,소형,882.9593330743717,6.784411058269924,-0.4884560650695172,False,서울 성북구 안암로5길 54-4,543.0061961951634,보문역,,0,359.12045905585205,709.4755434538754,558.5006427801934,2.614471854142644,0,0,1,0,1,0,test
2011,26.06~27.06,신규,25,5,2026,2000,22.53,5,다세대,'9-16,탑하우스,38,,,11290,안암동5가, ,성북구,202605,2026-05-25,2026-05,월세,15,20㎡ 초과~33㎡ 이하,안암동,서울특별시 성북구 안암동5가 9-16,37.5899871735891,127.03025955142,4.9,11306.122448979591,중형,501.82523075808217,6.220242655962427,-1.2495071311547854,False,서울 성북구 개운사길 60-42,419.0407000820607,안암역,,0,632.7396627279808,632.7396627279808,1051.0808025539754,3.114847754444153,0,0,1,1,0,1,test
2002,26.06~28.06,갱신,19,5,2026,20200,63.44,2,다세대,'74-7,(74-7),0,19200.0,0.0,11290,보문동2가, ,성북구,202605,2026-05-19,2026-05,전세,24,33㎡ 초과,보문동,서울특별시 성북구 보문동2가 74-7,37.5854413505225,127.017588306687,4.9,20200.0,대형,318.4110970996217,5.766478978757899,-1.0303274261686242,False,서울 성북구 지봉로21길 16,213.1103178560811,보문역,19200.0,0,879.8051521405645,1144.789788154712,188.29852850404424,4.150094577326593,1,0,0,0,0,0,test
2019,26.06~29.06,갱신,17,5,2026,24000,29.98,7,다세대,'100,보문엘타워,25,26500.0,21.0,11290,보문동7가, ,성북구,202605,2026-05-17,2026-05,월세,7,20㎡ 초과~33㎡ 이하,보문동,서울특별시 성북구 보문동7가 100,37.57981163882,127.022081428254,4.9,30122.448979591834,중형,1004.7514669643708,6.913490269406384,0.8435505546805552,False,서울 성북구 보문로 49,662.941502463666,보문역,31642.85714285714,0,546.14736911873,894.1001424405406,672.20698034622,3.400530492674452,0,0,0,0,0,1,test
2016,26.08~27.08,신규,16,5,2026,1000,17.91,5,다세대,'134-18,구겸빌딩,65,,,11290,안암동5가, ,성북구,202605,2026-05-16,2026-05,월세,10,20㎡ 이하,안암동,서울특별시 성북구 안암동5가 134-18,37.5821226988368,127.028355509673,4.9,16918.367346938772,소형,944.6324593488984,6.851853972785293,-0.2536793763838295,False,서울 성북구 안암로 61-1,471.7061588626256,안암역,,0,141.207167454645,307.1223076007429,851.5378236064181,2.8853592160726205,0,0,1,1,1,0,test
2004,26.06~28.06,신규,4,5,2026,26000,74.75,2,다세대,'192,고은,0,,,11290,보문동6가, ,성북구,202605,2026-05-04,2026-05,전세,22,33㎡ 초과,보문동,서울특별시 성북구 보문동6가 192,37.580519438879,127.017350310758,4.9,26000.0,대형,347.8260869565217,5.854573479824507,-0.8016396724890039,False,서울 성북구 보문사길 120,605.4147209243924,보문역,,0,887.3406220415599,1232.64098688812,598.1191067237007,4.314149212270796,1,0,0,0,0,0,test
2011,26.06~28.06,신규,15,5,2026,1000,26.83,3,다세대,'56-15,동성,80,,,11290,보문동2가, ,성북구,202605,2026-05-15,2026-05,월세,15,20㎡ 초과~33㎡ 이하,보문동,서울특별시 성북구 보문동2가 56-15,37.5860490128533,127.017367784522,4.9,20591.83673469388,중형,767.4929830299619,6.644431432201717,0.0462054781502977,False,서울 성북구 보문로25길 24,239.00121664412583,보문역,,0,922.45108520453,1173.3893680685403,214.28037970967125,3.2895206644375325,0,0,0,0,0,1,test
2009,26.05~28.05,신규,25,5,2026,500,23.98,4,다세대,'64-14,브라운힐,60,,,11290,보문동2가, ,성북구,202605,2026-05-25,2026-05,월세,17,20㎡ 초과~33㎡ 이하,보문동,서울특별시 성북구 보문동2가 64-14,37.5856569512716,127.017634437579,4.9,15193.877551020409,중형,633.6062364895917,6.453004706534768,-0.5210799483854082,False,서울 성북구 지봉로23길 13-22,209.1458695848564,보문역,,0,884.2999533409775,1143.6637587480527,184.0865759102006,3.177220149599368,0,0,0,0,0,1,test
2022,26.06~28.06,신규,9,5,2026,25000,29.3,2,다세대,'134-11,탑스하우징,20,,,11290,보문동7가, ,성북구,202605,2026-05-09,2026-05,월세,4,20㎡ 초과~33㎡ 이하,보문동,서울특별시 성북구 보문동7가 134-11,37.5796315517269,127.021476041454,4.9,29897.95918367347,중형,1020.408163265306,6.928937506413157,0.8893278222154535,False,서울 성북구 보문로13나길 8-5,669.8658248177488,보문역,,0,600.896659962064,949.632077083748,677.1314730927518,3.3775875160230218,0,0,0,0,0,1,test
2001,26.06~27.06,신규,9,5,2026,2000,46.14,2,다세대,'110-4,(110-4),63,,,11290,안암동5가, ,성북구,202605,2026-05-09,2026-05,월세,25,33㎡ 초과,안암동,서울특별시 성북구 안암동5가 110-4,37.5815352331814,127.027284293462,4.9,17428.571428571428,대형,377.7323673292464,5.936829800833586,0.0790730516267113,False,서울 성북구 안암로9가길 54,557.7460079584192,안암역,,0,142.8495099353387,418.0996234993864,802.8552122552657,3.831680252745608,0,0,1,1,0,0,test
2022,26.06~28.06,갱신,30,5,2026,23800,28.08,3,다세대,'134-11,탑스하우징,35,23800.0,35.0,11290,보문동7가,사용,성북구,202605,2026-05-30,2026-05,월세,4,20㎡ 초과~33㎡ 이하,보문동,서울특별시 성북구 보문동7가 134-11,37.5796315517269,127.021476041454,4.9,32371.42857142857,중형,1152.828652828653,7.050840954959281,1.2505838044390545,False,서울 성북구 보문로13나길 8-5,669.8658248177488,보문역,32371.42857142857,0,600.896659962064,949.632077083748,677.1314730927518,3.3350575791576103,0,0,0,0,0,1,test
2017,26.06~27.12,신규,7,5,2026,1000,40.96,2,다세대,'257,예담,60,,,11290,안암동1가, ,성북구,202605,2026-05-07,2026-05,월세,9,33㎡ 초과,안암동,서울특별시 성북구 안암동1가 257,37.5875713021913,127.021381744077,4.9,15693.877551020409,대형,383.1513073979592,5.951036504660603,0.1094640532542323,False,서울 성북구 고려대로7나길 14,256.28189450343564,보문역,,0,725.6451886923893,881.9633294670743,267.3157549089593,3.712595980731253,0,0,1,0,0,0,test
2012,26.06~27.06,신규,26,5,2026,1000,14.13,4,다세대,'12-166,(12-166),70,,,11290,안암동5가, ,성북구,202605,2026-05-26,2026-05,월세,14,20㎡ 이하,안암동,서울특별시 성북구 안암동5가 12-166,37.5889507168904,127.030083634518,4.9,18142.85714285714,소형,1283.9955515114748,7.158510535464553,0.8138280536689625,False,서울 성북구 고려대로27길 52-9,303.318452126118,안암역,,0,518.4358833960425,518.4358833960425,987.9503941364452,2.6483001966964363,0,0,1,1,1,0,test
2014,26.07~28.07,신규,25,5,2026,1000,22.39,2,다세대,'367,동호빌,68,,,11290,보문동6가, ,성북구,202605,2026-05-25,2026-05,월세,12,20㎡ 초과~33㎡ 이하,보문동,서울특별시 성북구 보문동6가 367,37.5790715833329,127.020978553021,4.9,17653.061224489797,중형,788.4350703211164,6.671317588795143,0.1258815252532677,False,서울 성북구 보문로13라길 10-13,724.5561482026494,보문역,,0,673.3733698394662,1020.7695847422764,729.9530572750207,3.108614430610664,0,0,0,0,0,1,test
2022,26.08~28.08,갱신,23,5,2026,26140,29.3,5,다세대,'134-11,탑스하우징,20,24800.0,20.0,11290,보문동7가, ,성북구,202605,2026-05-23,2026-05,월세,4,20㎡ 초과~33㎡ 이하,보문동,서울특별시 성북구 보문동7가 134-11,37.5796315517269,127.021476041454,4.9,31037.95918367347,중형,1059.3160130946576,6.966322268236516,1.0001160649909049,False,서울 성북구 보문로13나길 8-5,669.8658248177488,보문역,29697.95918367347,0,600.896659962064,949.632077083748,677.1314730927518,3.3775875160230218,0,0,0,0,0,1,test
2002,26.08~28.08,신규,11,5,2026,20500,49.4,2,다세대,'74-7,(74-7),0,,,11290,보문동2가, ,성북구,202605,2026-05-11,2026-05,전세,24,33㎡ 초과,보문동,서울특별시 성북구 보문동2가 74-7,37.5854413505225,127.017588306687,4.9,20500.0,대형,414.97975708502025,6.0306365982239685,-0.3445909513417098,False,서울 성북구 지봉로21길 16,213.1103178560811,보문역,,0,879.8051521405645,1144.789788154712,188.29852850404424,3.899950424193877,1,0,0,0,0,0,test
1992,26.05~28.05,갱신,21,5,2026,31500,118.87,2,연립,'131-4,(131-4),0,30000.0,0.0,11290,안암동3가,사용,성북구,202605,2026-05-21,2026-05,전세,34,33㎡ 초과,안암동,서울특별시 성북구 안암동3가 131-4,37.5825592444035,127.023354316585,4.9,31500.0,대형,264.9953730966602,5.583478914256958,-0.6768156822971924,False,서울 성북구 안암로9길 67,444.0289610044487,보문역,30000.0,0,322.3678239671748,658.7446216102884,462.4855101091024,4.778030458992533,1,1,1,0,0,0,test
2002,26.05~28.05,갱신,6,5,2026,37500,103.19,5,다세대,'74-7,(74-7),0,37000.0,0.0,11290,보문동2가, ,성북구,202605,2026-05-06,2026-05,전세,24,33㎡ 초과,보문동,서울특별시 성북구 보문동2가 74-7,37.5854413505225,127.017588306687,4.9,37500.0,대형,363.4073069095843,5.8982722170771495,-0.688200514085837,False,서울 성북구 지봉로21길 16,213.1103178560811,보문역,37000.0,0,879.8051521405645,1144.789788154712,188.29852850404424,4.636571949127623,1,0,0,0,0,0,test
1997,26.05~28.05,신규,7,5,2026,8800,27.8,3,다세대,'207-2,BESSOHOUSE,40,,,11290,보문동3가, ,성북구,202605,2026-05-07,2026-05,월세,29,20㎡ 초과~33㎡ 이하,보문동,서울특별시 성북구 보문동3가 207-2,37.5838886300916,127.017847546579,4.9,18595.91836734693,중형,668.9179268829834,6.507155207692041,-0.3606071092920212,False,서울 성북구 보문사길 39,264.34504371609194,보문역,,0,815.5325228088915,1115.8395096003146,248.52075618483056,3.3250360206965914,0,0,0,0,0,1,test
2016,26.07~28.07,갱신,19,5,2026,32500,54.86,5,다세대,'130-5,타임스카이뷰,0,31000.0,0.0,11290,안암동3가,사용,성북구,202605,2026-05-19,2026-05,전세,10,33㎡ 초과,안암동,서울특별시 성북구 안암동3가 130-5,37.5818786283616,127.023832770039,4.9,32500.0,대형,592.4170616113744,6.385897459737576,1.039719245057151,False,서울 성북구 안암로9길 55,528.9247059467262,보문역,31000.0,0,297.30496053763864,646.2638574110889,546.7240860511288,4.004784485509457,1,0,1,0,0,0,test
2022,26.07~28.07,신규,1,5,2026,28000,28.08,2,다세대,'134-11,탑스하우징,0,,,11290,보문동7가, ,성북구,202605,2026-05-01,2026-05,전세,4,20㎡ 초과~33㎡ 이하,보문동,서울특별시 성북구 보문동7가 134-11,37.5796315517269,127.021476041454,4.9,28000.0,중형,997.1509971509972,6.905904564617309,0.8210706226760177,False,서울 성북구 보문로13나길 8-5,669.8658248177488,보문역,,0,600.896659962064,949.632077083748,677.1314730927518,3.3350575791576103,1,0,0,0,0,1,test
2014,26.05~28.05,신규,18,5,2026,5000,15.57,3,다세대,'75-10,(75-10),53,,,11290,보문동2가, ,성북구,202605,2026-05-18,2026-05,월세,12,20㎡ 이하,보문동,서울특별시 성북구 보문동2가 75-10,37.5851695046946,127.018287932064,4.9,17979.591836734693,소형,1154.7586279213033,7.052512228054663,1.3215505543796906,False,서울 성북구 지봉로 175-2,156.7330223806902,보문역,,0,811.6415388512596,1080.421392750233,133.449606038057,2.745345985845907,0,0,0,0,1,0,test
2014,26.07~28.07,신규,18,5,2026,4000,24.57,4,다세대,'68,화이트빌,100,,,11290,안암동2가, ,성북구,202605,2026-05-18,2026-05,월세,12,20㎡ 초과~33㎡ 이하,안암동,서울특별시 성북구 안암동2가 68,37.5866164807319,127.021598175052,4.9,28489.795918367345,중형,1159.5358534134043,7.056637120035537,0.8814529740473835,False,서울 성북구 고려대로7가길 11,184.4635567688856,보문역,,0,637.6990495430598,825.6015405613455,202.9512455942593,3.201526186533088,0,0,1,0,0,1,test
2023,26.05~28.05,신규,11,5,2026,50000,53.39,12,다세대,'42,보문더루나,0,,,11290,보문동2가, ,성북구,202605,2026-05-11,2026-05,전세,3,33㎡ 초과,보문동,서울특별시 성북구 보문동2가 42,37.5868283986935,127.018379593917,4.9,50000.0,대형,936.5049634763064,6.843222052205277,1.7648294993538045,False,서울 성북구 보문로 135,202.35027497898392,보문역,,0,881.8395904333689,1104.383046329785,183.96212592898652,3.977623462512095,1,0,0,0,0,0,test
2004,26.07~28.07,신규,8,5,2026,14000,41.78,3,다세대,'135,(135-0),30,,,11290,보문동7가, ,성북구,202605,2026-05-08,2026-05,월세,22,33㎡ 초과,보문동,서울특별시 성북구 보문동7가 135,37.5787298016808,127.022154354723,4.9,21346.938775510203,대형,510.93678256367167,6.238201145860939,0.1942334879582596,False,서울 성북구 보문로13나길 32,780.800809086526,보문역,,0,622.2272034332791,961.4960595106958,789.196795237089,3.73241775612842,0,0,0,0,0,0,test
2017,26.06~28.05,신규,7,5,2026,20000,33.25,3,다세대,'257,예담,4,,,11290,안암동1가, ,성북구,202605,2026-05-07,2026-05,월세,9,33㎡ 초과,안암동,서울특별시 성북구 안암동1가 257,37.5875713021913,127.021381744077,4.9,20979.591836734693,대형,630.965168022096,6.448834278738943,1.174353780413904,False,서울 성북구 고려대로7나길 14,256.28189450343564,보문역,,0,725.6451886923893,881.9633294670743,267.3157549089593,3.504054767101864,0,0,1,0,0,0,test
2002,26.07~28.07,신규,30,6,2026,2000,41.4,4,다세대,'74-8,대원빌2,83,,,11290,보문동2가, ,성북구,202606,2026-06-30,2026-06,월세,24,33㎡ 초과,보문동,서울특별시 성북구 보문동2가 74-8,37.5853213287708,127.017651794066,4.9,22326.530612244896,대형,539.2881790397319,6.292102662098248,0.334158415382681,False,서울 성북구 지봉로21길 10,208.66767556109943,보문역,,0,870.143089712503,1137.8216141985497,184.1639157483819,3.7232808808312687,0,0,0,0,0,0,test
2018,26.07~28.07,신규,27,6,2026,1000,14.67,4,다세대,'153-1,밀로바니,65,,,11290,안암동2가, ,성북구,202606,2026-06-27,2026-06,월세,8,20㎡ 이하,안암동,서울특별시 성북구 안암동2가 153-1,37.5860392528644,127.022360316217,4.9,16918.367346938772,소형,1153.2629411682872,7.051217273079315,0.4403276342090268,False,서울 성북구 고려대로 28,214.91379352192595,보문역,,0,544.8687416035631,742.8538092609206,238.67775790395103,2.6858045921548905,0,0,1,0,1,0,test
2013,26.08~28.08,신규,25,6,2026,19800,31.62,3,다세대,'199,태영빌,0,,,11290,보문동5가, ,성북구,202606,2026-06-25,2026-06,전세,13,20㎡ 초과~33㎡ 이하,보문동,서울특별시 성북구 보문동5가 199,37.5816530339054,127.020389097902,4.9,19800.0,중형,626.1859582542694,6.44124308079813,-0.555935054690524,False,서울 성북구 보문로17길 14,433.7324459743769,보문역,,0,596.3475761496918,938.3173047476604,438.4174188879834,3.453789831781326,1,0,0,0,0,1,test
2012,26.07~27.07,신규,15,6,2026,1000,14.13,4,다세대,'12-24,(12-24),75,,,11290,안암동5가, ,성북구,202606,2026-06-15,2026-06,월세,14,20㎡ 이하,안암동,서울특별시 성북구 안암동5가 12-24,37.5890048138564,127.029936464902,4.9,19367.34693877551,소형,1370.6544188800783,7.223772895275671,1.041013975902149,False,서울 성북구 고려대로27길 52-7,306.26710788830525,안암역,,0,525.5027062656495,525.5027062656495,978.315946177262,2.6483001966964363,0,0,1,1,1,0,test
1997,26.07~28.07,신규,9,6,2026,9000,29.46,4,다세대,'207-2,BESSOHOUSE,50,,,11290,보문동3가, ,성북구,202606,2026-06-09,2026-06,월세,29,20㎡ 초과~33㎡ 이하,보문동,서울특별시 성북구 보문동3가 207-2,37.5838886300916,127.017847546579,4.9,21244.897959183672,중형,721.1438546905523,6.582224363769989,-0.1381426750444957,False,서울 성북구 보문사길 39,264.34504371609194,보문역,,0,815.5325228088915,1115.8395096003146,248.52075618483056,3.3830334110344844,0,0,0,0,0,1,test
2011,26.08~27.08,신규,21,6,2026,2000,12.21,3,다세대,'149-2,그린빌,72,,,11290,안암동5가, ,성북구,202606,2026-06-21,2026-06,월세,15,20㎡ 이하,안암동,서울특별시 성북구 안암동5가 149-2,37.58838710205,127.028815534165,4.9,19632.65306122449,소형,1607.9158936301792,7.383315873177517,1.5964017779271262,False,서울 성북구 개운사길 41-6,234.16346400024963,안암역,,0,478.0887089357085,478.0887089357085,860.8915850081194,2.502255288122613,0,0,1,1,1,0,test
2012,26.07~28.07,신규,12,6,2026,1000,16.76,1,다세대,'74-11,베데스타2,42,,,11290,보문동2가, ,성북구,202606,2026-06-12,2026-06,월세,14,20㎡ 이하,보문동,서울특별시 성북구 보문동2가 74-11,37.5854865875137,127.018136522855,4.9,11285.714285714284,소형,673.3719740879644,6.51378184901507,-0.743181207738074,False,서울 성북구 지봉로23길 5-8,164.62556409820291,보문역,,0,836.2084060729292,1097.3868311308154,139.76782674161174,2.818995095053937,0,0,0,0,1,0,test
2012,26.07~27.07,신규,20,6,2026,9000,12.41,2,다세대,'134-27,(134-27),15,,,11290,안암동5가, ,성북구,202606,2026-06-20,2026-06,월세,14,20㎡ 이하,안암동,서울특별시 성북구 안암동5가 134-27,37.5827951469634,127.028202358742,4.9,12673.469387755102,소형,1021.230409972208,6.929742195424256,0.0174586539072847,False,서울 성북구 안암로9가길 85,400.9752776271348,안암역,,0,105.95196955041544,262.6624413342047,808.2007971721492,2.518502599216516,0,0,1,1,1,0,test
2015,26.08~28.08,갱신,16,6,2026,13500,21.53,2,다세대,'74-3,범진우주하우스,20,13500.0,2.0,11290,보문동2가, ,성북구,202606,2026-06-16,2026-06,월세,11,20㎡ 초과~33㎡ 이하,보문동,서울특별시 성북구 보문동2가 74-3,37.5856640691289,127.018227480843,4.9,18397.95918367347,중형,854.5266690048057,6.75171726643468,0.3641427464289941,False,서울 성북구 지봉로23길 13-5,157.08690650371963,보문역,13989.795918367348,0,836.0431027826141,1091.9950963803549,132.0223830526954,3.069447311376272,0,0,0,0,0,1,test
2016,26.08~27.08,신규,27,6,2026,1000,10.8,7,다세대,'134-18,구겸빌딩,51,,,11290,안암동5가, ,성북구,202606,2026-06-27,2026-06,월세,10,20㎡ 이하,안암동,서울특별시 성북구 안암동5가 134-18,37.5821226988368,127.028355509673,4.9,13489.795918367348,소형,1249.055177626606,7.130942971423398,0.7178621327531602,False,서울 성북구 안암로 61-1,471.7061588626256,안암역,,0,141.207167454645,307.1223076007429,851.5378236064181,2.379546134130174,0,0,1,1,1,0,test
2019,26.08~28.08,신규,24,6,2026,24600,29.91,8,다세대,'100,보문엘타워,25,,,11290,보문동7가, ,성북구,202606,2026-06-24,2026-06,월세,7,20㎡ 초과~33㎡ 이하,보문동,서울특별시 성북구 보문동7가 100,37.57981163882,127.022081428254,4.9,30722.448979591834,중형,1027.1631220191184,6.935529112433853,0.908861782376856,False,서울 성북구 보문로 49,662.941502463666,보문역,,0,546.14736911873,894.1001424405406,672.20698034622,3.398192872641857,0,0,0,0,0,1,test
2012,26.06~27.06,신규,13,6,2026,1000,14.13,4,다세대,'12-166,(12-166),70,,,11290,안암동5가, ,성북구,202606,2026-06-13,2026-06,월세,14,20㎡ 이하,안암동,서울특별시 성북구 안암동5가 12-166,37.5889507168904,127.030083634518,4.9,18142.85714285714,소형,1283.9955515114748,7.158510535464553,0.8138280536689625,False,서울 성북구 고려대로27길 52-9,303.318452126118,안암역,,0,518.4358833960425,518.4358833960425,987.9503941364452,2.6483001966964363,0,0,1,1,1,0,test
1992,26.06~27.06,신규,27,6,2026,100,79.12,1,다세대,'153-1,(153-1),45,,,11290,안암동5가, ,성북구,202606,2026-06-27,2026-06,월세,34,33㎡ 초과,안암동,서울특별시 성북구 안암동5가 153-1,37.589047039617,127.028233136796,4.9,11120.408163265303,대형,140.55116485421266,4.952661240801425,-2.0262617729658223,False,서울 성북구 개운사2길 21,317.1261684026841,안암역,,0,564.3753306861358,564.3753306861358,844.4099400348924,4.370965687314457,0,0,1,1,0,0,test
2004,26.06~28.06,갱신,19,6,2026,50000,97.13,3,다세대,'101-16,왕림(汪林)빌딩,0,45000.0,0.0,11290,안암동5가, ,성북구,202606,2026-06-19,2026-06,전세,22,33㎡ 초과,안암동,서울특별시 성북구 안암동5가 101-16,37.5871301438217,127.029114859628,4.9,50000.0,대형,514.7740142077628,6.245668712588702,0.7397417038401691,False,서울 성북구 개운사길 15,92.07749933644044,안암역,45000.0,0,337.5372193522893,337.5372193522893,846.0365595521703,4.57605028741424,1,0,1,1,0,0,test
2013,26.08~28.07,신규,27,6,2026,7000,12.15,3,다세대,'28,뉴스타안암,15,,,11290,안암동2가, ,성북구,202606,2026-06-27,2026-06,월세,13,20㎡ 이하,안암동,서울특별시 성북구 안암동2가 28,37.5872142206758,127.02148139002,4.9,10673.469387755102,소형,878.4748467288149,6.7793249642562055,-0.5061613543421646,False,서울 성북구 보문로26길 48,227.03527655410068,보문역,,0,690.9347463471147,858.20784474037,240.67128238702588,2.4973291697865574,0,0,1,0,1,0,test
2012,26.06~27.06,신규,24,6,2026,1000,14.13,4,다세대,'12-166,(12-166),75,,,11290,안암동5가, ,성북구,202606,2026-06-24,2026-06,월세,14,20㎡ 이하,안암동,서울특별시 성북구 안암동5가 12-166,37.5889507168904,127.030083634518,4.9,19367.34693877551,소형,1370.6544188800783,7.223772895275671,1.041013975902149,False,서울 성북구 고려대로27길 52-9,303.318452126118,안암역,,0,518.4358833960425,518.4358833960425,987.9503941364452,2.6483001966964363,0,0,1,1,1,0,test
2013,26.06~27.06,신규,22,6,2026,1000,13.94,3,다세대,'102-91,(102-91),69,,,11290,안암동5가, ,성북구,202606,2026-06-22,2026-06,월세,13,20㎡ 이하,안암동,서울특별시 성북구 안암동5가 102-91,37.5847491130107,127.029020414455,4.9,17897.95918367347,소형,1283.928205428513,7.1584581245066055,0.8136456049825992,False,서울 성북구 고려대로22길 31,174.28917605071155,안암역,,0,139.61355973925984,139.61355973925984,824.4621698790479,2.6347624053323777,0,0,1,1,1,0,test
2016,26.08~27.08,신규,22,6,2026,1000,9.3,7,다세대,'134-18,구겸빌딩,47,,,11290,안암동5가, ,성북구,202606,2026-06-22,2026-06,월세,10,20㎡ 이하,안암동,서울특별시 성북구 안암동5가 134-18,37.5821226988368,127.028355509673,4.9,12510.204081632652,소형,1345.1832345841565,7.2050286336171405,0.9757630045336892,False,서울 성북구 안암로 61-1,471.7061588626256,안암역,,0,141.207167454645,307.1223076007429,851.5378236064181,2.2300144001592104,0,0,1,1,1,0,test
2019,26.06~27.06,신규,13,6,2026,1000,14.0,4,다세대,'103-25,대륜빌딩,65,,,11290,안암동5가, ,성북구,202606,2026-06-13,2026-06,월세,7,20㎡ 이하,안암동,서울특별시 성북구 안암동5가 103-25,37.5855307947847,127.029822873704,4.9,16918.367346938772,소형,1208.4548104956266,7.097924967215371,0.6029225909098997,False,서울 성북구 고려대로26길 14,100.77302502846884,안암역,,0,149.29895034913778,149.29895034913778,890.2277309393359,2.6390573296152584,0,0,1,1,1,0,test
2012,26.08~28.08,갱신,18,6,2026,30000,60.24,5,다세대,'251,더에덴하우스,10,29000.0,9.0,11290,안암동1가, ,성북구,202606,2026-06-18,2026-06,월세,14,33㎡ 초과,안암동,서울특별시 성북구 안암동1가 251,37.587470114433,127.02141636101,4.9,32448.97959183673,대형,538.6616798113668,6.290942424345522,0.8365912943179243,False,서울 성북구 보문로26길 49,247.94887045818595,보문역,31204.081632653066,0,715.3587141964363,874.5907531004768,259.71937808765875,4.098336583491638,0,0,1,0,0,0,test
2012,26.08~27.08,신규,10,6,2026,1000,14.13,3,다세대,'12-24,(12-24),75,,,11290,안암동5가, ,성북구,202606,2026-06-10,2026-06,월세,14,20㎡ 이하,안암동,서울특별시 성북구 안암동5가 12-24,37.5890048138564,127.029936464902,4.9,19367.34693877551,소형,1370.6544188800783,7.223772895275671,1.041013975902149,False,서울 성북구 고려대로27길 52-7,306.26710788830525,안암역,,0,525.5027062656495,525.5027062656495,978.315946177262,2.6483001966964363,0,0,1,1,1,0,test
2002,26.07~28.07,신규,8,6,2026,2000,27.72,3,다세대,'74-5,승화빌,80,,,11290,보문동2가, ,성북구,202606,2026-06-08,2026-06,월세,24,20㎡ 초과~33㎡ 이하,보문동,서울특별시 성북구 보문동2가 74-5,37.5855547382236,127.017903081971,4.9,21591.83673469388,중형,778.9262891303707,6.659199414103217,0.0899698004144707,False,서울 성북구 지봉로23길 13-11,185.0868867414957,보문역,,0,858.1280943493584,1118.7296200670005,160.10005084563207,3.3221541743217022,0,0,0,0,0,1,test
2016,26.06~28.06,신규,22,6,2026,34000,43.63,5,다세대,'232-1,주함해븐빌(A동),0,,,11290,보문동5가, ,성북구,202606,2026-06-22,2026-06,전세,10,33㎡ 초과,보문동,서울특별시 성북구 보문동5가 232-1,37.580820283928,127.020165051172,4.9,34000.0,대형,779.2803117121247,6.659653229114175,1.2882964434871846,False,서울 성북구 보문로15길 24,525.1901076345816,보문역,,0,641.2645793418986,989.4953288519656,528.4894722243123,3.775744987135518,1,0,0,0,0,0,test
2008,26.06~28.06,신규,13,6,2026,750,13.16,3,다세대,'171,승민아트빌,38,,,11290,보문동5가, ,성북구,202606,2026-06-13,2026-06,월세,18,20㎡ 이하,보문동,서울특별시 성북구 보문동5가 171,37.5820315128318,127.020029181913,4.9,10056.122448979591,소형,764.1430432355312,6.6400628009687,-0.2591983053557213,False,서울 성북구 지봉로24길 70-10,390.32121984232265,보문역,,0,620.1795847194261,956.5315442239414,393.2946483718082,2.5771819258971718,0,0,0,0,1,0,test
2013,26.08~27.07,신규,12,6,2026,1000,13.99,3,다세대,'102-91,(102-91),73,,,11290,안암동5가, ,성북구,202606,2026-06-12,2026-06,월세,13,20㎡ 이하,안암동,서울특별시 성북구 안암동5가 102-91,37.5847491130107,127.029020414455,4.9,18877.55102040816,소형,1349.360330265058,7.20812674712544,0.9865479007066614,False,서울 성북구 고려대로22길 31,174.28917605071155,안암역,,0,139.61355973925984,139.61355973925984,824.4621698790479,2.63834278867739,0,0,1,1,1,0,test
2001,26.07~28.07,갱신,16,6,2026,9000,27.0,3,다세대,'74-13,인성빌라,37,9000.0,34.0,11290,보문동2가,사용,성북구,202606,2026-06-16,2026-06,월세,25,20㎡ 초과~33㎡ 이하,보문동,서울특별시 성북구 보문동2가 74-13,37.5855932163398,127.018451071054,4.9,18061.22448979592,중형,668.9342403628117,6.50717955885589,-0.3605349455942797,False,서울 성북구 지봉로23길 9,136.9146303223722,보문역,17326.530612244896,0,814.8256272538686,1071.4022800372577,111.87350454731178,3.295836866004329,0,0,0,0,0,1,test
2012,26.06~28.06,갱신,13,6,2026,6900,28.62,6,다세대,'251,더에덴하우스,60,5900.0,60.0,11290,안암동1가, ,성북구,202606,2026-06-13,2026-06,월세,14,20㎡ 초과~33㎡ 이하,안암동,서울특별시 성북구 안암동1가 251,37.587470114433,127.02141636101,4.9,21593.877551020407,중형,754.5030590852692,6.627383830791651,-0.212195625622895,False,서울 성북구 보문로26길 49,247.94887045818595,보문역,20593.877551020407,0,715.3587141964363,874.5907531004768,259.71937808765875,3.3541057741283047,0,0,1,0,0,1,test
2008,26.07~28.07,신규,13,6,2026,7500,12.04,4,다세대,'171,승민아트빌,0,,,11290,보문동5가, ,성북구,202606,2026-06-13,2026-06,전세,18,20㎡ 이하,보문동,서울특별시 성북구 보문동5가 171,37.5820315128318,127.020029181913,4.9,7500.0,소형,622.9235880398671,6.436027905806879,-1.0411800628574992,False,서울 성북구 지봉로24길 70-10,390.32121984232265,보문역,,0,620.1795847194261,956.5315442239414,393.2946483718082,2.488234439880675,1,0,0,0,1,0,test
2012,26.06~27.06,신규,5,6,2026,1000,14.13,4,다세대,'12-24,(12-24),70,,,11290,안암동5가, ,성북구,202606,2026-06-05,2026-06,월세,14,20㎡ 이하,안암동,서울특별시 성북구 안암동5가 12-24,37.5890048138564,127.029936464902,4.9,18142.85714285714,소형,1283.9955515114748,7.158510535464553,0.8138280536689625,False,서울 성북구 고려대로27길 52-7,306.26710788830525,안암역,,0,525.5027062656495,525.5027062656495,978.315946177262,2.6483001966964363,0,0,1,1,1,0,test
2002,26.07~28.07,신규,5,6,2026,1000,77.85,3,다세대,'133-48,(133-48),45,,,11290,안암동3가, ,성북구,202606,2026-06-05,2026-06,월세,24,33㎡ 초과,안암동,서울특별시 성북구 안암동3가 133-48,37.5839910570083,127.023585952075,4.9,12020.408163265303,대형,154.40472913635588,5.046032869493384,-1.826521048157786,False,서울 성북구 보문로22길 58,359.69253213035967,보문역,,0,328.70180438659696,610.2153814031233,382.7287912100176,4.354783898280007,0,0,1,0,0,0,test
2013,26.07~27.07,신규,6,6,2026,1000,13.99,2,다세대,'102-91,(102-91),31,,,11290,안암동5가, ,성북구,202606,2026-06-06,2026-06,월세,13,20㎡ 이하,안암동,서울특별시 성북구 안암동5가 102-91,37.5847491130107,127.029020414455,4.9,8591.836734693878,소형,614.1412962611778,6.421851991436199,-1.7505666629855905,False,서울 성북구 고려대로22길 31,174.28917605071155,안암역,,0,139.61355973925984,139.61355973925984,824.4621698790479,2.63834278867739,0,0,1,1,1,0,test
2016,26.07~27.07,신규,1,6,2026,1000,15.48,4,다세대,'134-18,구겸빌딩,56,,,11290,안암동5가, ,성북구,202606,2026-06-01,2026-06,월세,10,20㎡ 이하,안암동,서울특별시 성북구 안암동5가 134-18,37.5821226988368,127.028355509673,4.9,14714.285714285714,소형,950.5352528608342,6.858076735824796,-0.2320172090325469,False,서울 성북구 안암로 61-1,471.7061588626256,안암역,,0,141.207167454645,307.1223076007429,851.5378236064181,2.739548868161581,0,0,1,1,1,0,test
2022,26.08~28.08,신규,1,6,2026,25800,29.3,4,다세대,'134-11,탑스하우징,0,,,11290,보문동7가, ,성북구,202606,2026-06-01,2026-06,전세,4,20㎡ 초과~33㎡ 이하,보문동,서울특별시 성북구 보문동7가 134-11,37.5796315517269,127.021476041454,4.9,25800.0,중형,880.5460750853242,6.781677269428643,0.4529280140985225,False,서울 성북구 보문로13나길 8-5,669.8658248177488,보문역,,0,600.896659962064,949.632077083748,677.1314730927518,3.3775875160230218,1,0,0,0,0,1,test
2021,26.07~28.09,신규,21,7,2026,22727,39.39,6,다세대,'3-1,송학누리안,23,,,11290,보문동1가, ,성북구,202607,2026-07-21,2026-07,월세,5,33㎡ 초과,보문동,서울특별시 성북구 보문동1가 3-1,37.5880944309572,127.018651979532,4.9,28359.65306122449,대형,719.9708824885628,6.580598751571486,1.0830760191852828,False,서울 성북구 고려대로1길 58,307.820967980453,보문역,,0,942.168011468278,1126.022922909528,297.113531364612,3.673511976982815,0,0,0,0,0,0,test
2011,26.07~28.01,신규,2,7,2026,1000,12.0,4,다세대,'102-93,theban,63,,,11290,안암동5가, ,성북구,202607,2026-07-02,2026-07,월세,15,20㎡ 이하,안암동,서울특별시 성북구 안암동5가 102-93,37.585020856236,127.02900534872,4.9,16428.571428571428,소형,1369.047619047619,7.222600776647029,1.036933693601826,False,서울 성북구 고려대로22길 25,144.46380952790796,안암역,,0,154.17784345135172,154.17784345135172,820.3812049019632,2.4849066497880004,0,0,1,1,1,0,test
2002,26.10~28.10,신규,11,7,2026,10000,37.81,4,다세대,'87-2,파인힐하우스(B),30,,,11290,안암동1가, ,성북구,202607,2026-07-11,2026-07,월세,24,33㎡ 초과,안암동,서울특별시 성북구 안암동1가 87-2,37.5884060596609,127.02043339855,4.9,17346.938775510203,대형,458.79235058212646,6.130774975788186,0.4939608538546842,False,서울 성북구 고려대로7라길 11,320.7470972941204,보문역,,0,850.5209013440259,997.6253509874527,322.6500303970788,3.6325736179028416,0,0,1,0,0,0,test
2011,26.07~28.01,신규,4,7,2026,1000,12.21,1,다세대,'149-2,그린빌,70,,,11290,안암동5가, ,성북구,202607,2026-07-04,2026-07,월세,15,20㎡ 이하,안암동,서울특별시 성북구 안암동5가 149-2,37.58838710205,127.028815534165,4.9,18142.85714285714,소형,1485.9014859014856,7.304449694031137,1.3218593664324436,False,서울 성북구 개운사길 41-6,234.16346400024963,안암역,,0,478.0887089357085,478.0887089357085,860.8915850081194,2.502255288122613,0,0,1,1,1,0,test
2008,26.08~28.08,신규,8,7,2026,7100,13.16,2,다세대,'171,승민아트빌,15,,,11290,보문동5가, ,성북구,202607,2026-07-08,2026-07,월세,18,20㎡ 이하,보문동,서울특별시 성북구 보문동5가 171,37.5820315128318,127.020029181913,4.9,10773.469387755102,소형,818.6526890391415,6.708880700583416,0.0045523733976175,False,서울 성북구 지봉로24길 70-10,390.32121984232265,보문역,,0,620.1795847194261,956.5315442239414,393.2946483718082,2.5771819258971718,0,0,0,0,1,0,test
2012,26.07~27.07,신규,2,7,2026,1000,18.54,3,다세대,'15-18,(15-18),63,,,11290,안암동5가, ,성북구,202607,2026-07-02,2026-07,월세,14,20㎡ 이하,안암동,서울특별시 성북구 안암동5가 15-18,37.5885766181077,127.029394971863,4.9,16428.571428571428,소형,886.1149637848666,6.787974583589513,-0.4760510158424418,False,서울 성북구 개운사길 50,252.72475498357505,안암역,,0,485.4043348835692,485.4043348835692,916.1170435028008,2.919930560137709,0,0,1,1,1,0,test
1997,26.07~28.07,신규,2,7,2026,8000,17.36,4,다세대,'207-2,BESSOHOUSE,35,,,11290,보문동3가, ,성북구,202607,2026-07-02,2026-07,월세,29,20㎡ 이하,보문동,서울특별시 성북구 보문동3가 207-2,37.5838886300916,127.017847546579,4.9,16571.428571428572,소형,954.5753785385124,6.86231364967237,0.5925977030560694,False,서울 성북구 보문사길 39,264.34504371609194,보문역,,0,815.5325228088915,1115.8395096003146,248.52075618483056,2.854168709232204,0,0,0,0,1,0,test
2019,26.07~27.07,신규,4,7,2026,1000,23.27,4,다세대,'103-25,대륜빌딩,73,,,11290,안암동5가, ,성북구,202607,2026-07-04,2026-07,월세,7,20㎡ 초과~33㎡ 이하,안암동,서울특별시 성북구 안암동5가 103-25,37.5855307947847,127.029822873704,4.9,18877.55102040816,중형,811.2398375766293,6.69979566302327,-0.0277052538445789,False,서울 성북구 고려대로26길 14,100.77302502846884,안암역,,0,149.29895034913778,149.29895034913778,890.2277309393359,3.1471649773142003,0,0,1,1,0,1,test
