app_id,train_positive_count
10,343
20,62
30,54
40,18
50,188
60,44
70,795
80,137
130,140
220,1239
240,918
280,86
300,132
320,116
340,122
380,295
400,821
420,343
440,2855
500,325
550,1705
570,686
620,1632
630,144
730,848
1002,2
1200,20
1250,460
1300,5
1313,3
1500,8
1510,28
1520,26
1530,7
1600,2
1610,2
1630,5
1640,3
1670,2
1700,11
1900,5
1930,27
2100,61
2200,22
2210,18
2270,42
2280,121
2300,57
2310,81
2320,23
2360,3
2370,1
2390,9
2400,56
2420,11
2450,8
2500,11
2520,1
2540,7
2590,9
2600,81
2610,10
2620,34
2630,44
2640,10
2700,34
2710,3
2780,2
2800,2
2820,16
2840,2
2870,25
2900,1
2990,128
3010,3
3020,23
3050,2
3130,9
3170,4
3260,3
3270,9
3300,4
3310,4
3320,40
3330,19
3350,1
3380,1
3390,11
3400,1
3430,4
3450,1
3460,1
3480,32
3483,6
3510,1
3540,10
3560,4
3590,647
3600,2
3620,14
3700,16
3710,9
3720,22
3730,11
3800,1
3810,10
3820,3
3830,134
3900,30
3910,20
3920,33
3960,2
3980,2
3990,3
4000,1455
4500,270
4530,2
4560,37
4570,82
4580,47
4700,157
4720,40
4760,62
4800,3
4850,11
4870,2
4880,3
4890,3
4900,1
4920,70
6000,100
6010,7
6020,88
6030,31
6040,3
6060,366
6080,4
6090,3
6120,36
6200,12
6210,1
6220,43
6250,4
6270,2
6300,8
6310,14
6370,8
6400,1
6420,4
6510,9
6550,18
6800,21
6810,3
6830,9
6840,11
6850,30
6860,85
6870,6
6880,34
6900,20
6910,117
6920,9
6980,13
7000,45
7010,4
7020,2
7110,7
7200,17
7210,4
7220,2
7510,19
7520,38
7530,7
7600,9
7610,5
7620,4
7650,5
7660,8
7670,107
7730,1
7760,19
7770,3
7800,13
7830,21
7860,6
7940,133
8000,47
8080,20
8100,4
8140,36
8170,11
8190,430
8260,1
8330,2
8400,7
8500,176
8600,12
8690,1
8790,1
8800,16
8850,116
8870,1018
8880,5
8890,3
8930,810
8980,275
9010,61
9060,2
9180,13
9200,107
9310,8
9340,6
9350,10
9420,78
9450,85
9460,7
9480,121
9710,1
9760,3
9800,3
9880,17
9900,104
9940,7
9980,1
10090,329
10110,5
10130,11
10140,1
10150,83
10180,315
10220,1
10230,1
10270,5
10460,2
10500,136
10680,133
11040,1
11050,2
11130,2
11140,4
11150,3
11190,4
11200,6
11230,3
11240,1
11260,2
11280,17
11340,5
11360,9
11370,1
11390,19
11450,47
11480,1
11550,2
11560,1
11590,1
11610,3
12130,26
12140,106
12150,64
12180,2
12200,184
12210,768
12220,77
12320,16
12330,7
12360,29
12390,4
12460,1
12480,1
12500,10
12520,2
12560,1
12640,1
12690,1
12710,14
12770,3
12790,2
12810,27
12830,12
12900,116
13500,22
13520,52
13530,13
13540,9
13560,16
13570,35
13580,8
13600,21
15000,2
15080,12
15100,116
15120,34
15130,29
15170,18
15190,7
15200,4
15210,11
15270,14
15300,16
15320,17
15370,9
15390,9
15500,8
15520,6
15560,13
15620,67
15710,10
15740,7
15750,10
15900,4
15970,1
16030,1
16120,1
16300,1
16450,59
16600,1
16620,1
16710,3
16720,10
16730,17
16810,2
16900,69
17100,1
17120,1
17140,2
17330,43
17390,283
17410,274
17440,8
17460,101
17470,204
17480,65
17500,31
17510,12
17530,7
17570,40
17580,9
17700,22
17710,18
17740,6
18000,7
18020,2
18040,5
18050,2
18070,1
18120,2
18300,3
18420,4
18500,38
18600,1
18700,11
18820,5
19000,6
19030,1
19200,3
19680,73
19800,1
19830,14
19900,91
19980,22
20500,60
20510,120
20530,20
20540,14
20550,8
20570,19
20710,1
20820,11
20900,430
20920,570
21000,47
21010,4
21030,2
21090,115
21100,71
21130,59
21300,1
21600,1
21640,2
21660,1
21670,11
21680,4
21690,276
21780,8
21800,3
21980,32
22000,42
22100,54
22120,18
22130,4
22180,47
22200,32
22230,39
22300,129
22310,8
22320,215
22330,325
22340,13
22350,47
22370,273
22380,1191
22450,8
22500,2
22600,34
22610,13
22650,6
22670,5
23300,1
23380,3
23400,2
23420,4
23450,4
23490,12
23530,8
23700,2
24010,63
24200,87
24240,298
24400,2
24420,11
24480,1
24670,1
24720,37
24780,35
24790,33
24800,21
24810,9
25000,44
25010,4
25600,3
25620,2
25700,3
25800,8
25830,15
25850,1
25890,20
25900,21
25930,2
25980,5
25990,7
26500,4
26800,82
26900,14
27000,6
27020,7
27050,2
27400,1
27800,2
27920,1
27940,2
28000,58
29130,3
29160,1
29180,11
29800,29
29900,4
31100,4
31170,3
31220,6
31270,32
31500,2
31700,2
31810,1
31820,1
31830,2
31860,2
31880,1
31890,1
31910,3
31920,1
32140,1
32150,2
32160,2
32200,1
32330,18
32340,1
32350,2
32360,28
32370,151
32380,21
32390,3
32400,26
32420,5
32430,49
32440,148
32450,12
32460,14
32470,135
32500,35
32510,51
32610,1
32620,3
32630,5
32640,2
32650,1
32660,3
32680,2
32710,1
32720,1
32750,2
32760,1
32900,1
33100,30
33110,3
33120,24
33130,9
33180,7
33220,33
33230,273
33320,8
33390,1
33460,14
33520,5
33570,3
33600,8
33610,4
33620,4
33650,4
33670,1
33680,17
33730,4
33770,2
33900,15
33930,159
33950,1
33990,1
34030,95
34190,14
34270,82
34330,197
34410,1
34420,1
34600,6
34640,1
34810,1
34820,5
34830,40
34870,126
34900,102
34920,1
35000,36
35070,3
35130,38
35140,366
35310,2
35320,10
35450,250
35460,6
35480,6
35600,1
35700,136
35720,131
35800,2
36000,2
37000,5
37260,1
37400,5
37500,1
37600,13
38210,3
38400,122
38410,104
38420,13
38430,3
38440,1
38450,1
38460,1
38490,1
38600,17
38700,17
38720,14
38740,21
39000,104
39120,53
39140,129
39150,41
39160,15
39190,17
39200,9
39210,308
39500,56
39510,62
39520,1
39530,22
39540,10
39550,5
39560,1
39630,3
39650,5
39660,1
39670,3
39680,33
39690,15
39800,20
40100,56
40300,61
40330,1
40350,2
40380,11
40390,35
40400,20
40420,4
40700,85
40720,17
40800,295
40930,4
40950,56
40960,14
40970,94
40980,11
40990,70
41000,58
41050,27
41060,12
41070,213
41100,4
41300,15
41500,58
41700,185
41730,1
41740,4
41800,4
41900,5
42120,20
42140,1
42170,4
42210,3
42220,2
42500,5
42670,48
42680,209
42700,271
42810,1
42890,6
42910,217
42960,77
42980,2
42990,2
43000,6
43190,12
44100,1
44690,1
45000,2
45100,11
45300,6
45400,7
45410,1
45450,5
45700,21
45720,1
45740,52
45750,16
45760,87
45770,33
46000,2
46200,1
46250,1
46260,2
46280,1
46340,4
46360,1
46370,2
46400,2
46410,5
46450,2
46460,1
46480,3
46490,1
46500,37
46510,18
46520,4
46540,5
46550,1
46560,7
46570,2
46600,1
46740,1
47110,1
47400,5
47410,25
47780,153
47790,40
47810,113
47870,121
47890,162
47920,6
48000,359
48110,7
48190,125
48220,19
48240,52
48700,947
48720,88
48800,5
48950,6
49000,1
49300,1
49520,1602
49600,81
49800,3
49810,1
49900,3
50130,371
50300,459
50620,124
55000,2
55040,17
55100,86
55110,34
55140,23
55150,210
55230,558
56400,80
57000,2
57200,3
57300,279
57600,4
57620,1
57640,18
57650,1
57680,10
57690,98
57700,4
57740,4
57800,1
57900,53
58200,8
58230,1
58520,5
58550,1
58560,6
58570,4
58610,16
60340,1
60600,1
61100,5
61310,3
61500,5
61510,2
61520,2
61600,6
61730,3
62000,3
62100,7
63000,9
63110,4
63200,9
63500,16
63610,5
63660,4
63700,14
63710,25
63800,3
63900,1
63910,5
63940,7
63950,3
63960,1
64000,36
65070,1
65080,1
65270,1
65300,15
65400,4
65500,2
65530,1
65540,63
65560,5
65600,2
65610,2
65700,2
65720,2
65730,4
65740,9
65780,9
65790,54
65800,98
65930,96
65980,63
67000,5
67370,163
70000,121
70100,9
70110,3
70120,1
70200,1
70210,2
70300,91
70400,64
70420,7
70600,42
70620,2
70640,8
70660,3
70900,3
71230,30
71240,10
71250,74
71260,17
71340,161
71390,5
72000,8
72400,3
72900,5
73010,7
73020,11
73170,10
73190,1
73210,3
73220,1
78000,47
80000,1
80200,3
80310,16
80330,16
80340,7
80350,4
80360,6
90200,4
90400,1
91100,11
91200,36
91330,4
91600,34
91700,60
91800,3
91810,1
91900,13
92000,24
92100,12
92300,12
92400,1
92600,2
92800,44
93200,8
94000,6
94200,27
94300,12
94400,41
94590,13
94620,3
95300,8
95400,41
95700,10
95900,2
96000,33
96100,65
96200,2
96800,1
96900,1
97000,19
97120,1
98100,7
98200,24
98300,13
98400,42
98500,4
98600,4
98800,51
98900,3
99400,3
99700,14
99900,139
99910,6
102200,1
102600,66
102810,1
102840,21
102850,2
104000,2
104200,38
104600,7
104900,172
105000,10
105300,5
105450,158
105600,1188
105700,3
105800,9
107100,315
107200,19
107300,11
107310,36
107410,1082
107600,10
108200,16
108500,6
108600,641
108700,4
108710,350
108800,97
109500,2
109600,126
109700,2
110500,2
110600,1
110610,1
110800,211
111010,1
111100,2
111400,1
111600,10
111800,5
112100,8
113020,86
113200,415
113400,143
113420,22
115100,27
115110,18
115120,9
115200,1
115210,2
115320,105
115800,44
116100,3
116120,2
200010,18
200020,1
200130,2
200170,46
200190,1
200210,243
200230,2
200260,416
200370,7
200390,1
200490,1
200510,489
200550,1
200710,280
200900,72
200910,12
200960,5
200980,1
201000,1
201070,1
201210,2
201230,5
201290,2
201310,9
201420,7
201480,1
201510,5
201570,13
201790,120
201810,402
201870,117
202130,1
202200,4
202310,10
202370,1
202530,8
202670,1
202690,1
202710,5
202730,6
202750,56
202970,269
203140,336
203160,1324
203210,11
203290,50
203350,8
203510,6
203560,2
203630,20
203650,17
203750,63
203770,498
203830,17
203990,2
204030,45
204060,24
204100,323
204120,23
204180,18
204220,2
204240,38
204300,193
204340,89
204360,748
204390,1
204440,1
204450,262
204530,25
204630,25
204860,5
204880,93
204940,2
205020,7
205100,715
205230,36
205550,2
205610,3
205650,18
205690,5
205710,6
205730,9
205830,3
205840,9
205870,2
205910,43
205950,66
205990,3
206020,1
206060,1
206190,165
206250,2
206370,12
206420,572
206440,504
206480,25
206500,55
206610,3
206690,5
206760,1
207000,2
207020,3
207040,12
207080,29
207140,232
207170,41
207190,1
207230,32
207250,4
207320,12
207350,19
207420,7
207430,6
207490,33
207530,5
207570,5
207610,528
207650,6
207670,2
207690,40
207710,1
207750,9
207930,5
208140,51
208200,65
208400,10
208580,101
208600,8
208620,1
208650,566
208670,20
208710,1
208730,17
208750,27
209000,331
209060,8
209080,95
209120,18
209160,87
209190,7
209230,2
209330,5
209360,1
209370,14
209540,9
209630,5
209650,110
209670,48
209690,3
209730,1
209750,1
209790,9
209830,15
209950,6
210170,3
210230,2
210770,111
210950,3
210970,129
211010,2
211160,19
211180,4
211340,3
211360,6
211400,84
211440,11
211500,53
211580,2
211600,38
211740,15
211780,6
211800,1
211820,447
212010,9
212030,6
212050,4
212070,58
212110,6
212160,53
212200,18
212390,6
212410,3
212480,138
212500,70
212630,34
212680,361
212780,2
212800,44
213030,9
213330,41
213610,136
213650,11
213670,432
214100,1
214150,2
214170,23
214250,18
214340,71
214360,9
214420,61
214490,386
214510,86
214550,8
214570,2
214590,8
214700,10
214730,27
214770,57
214790,15
214830,15
214870,39
214910,2
214950,254
214970,20
215080,40
215100,8
215160,7
215280,37
215470,39
215510,13
215530,86
215630,5
215670,13
215690,10
215710,3
215770,2
215790,3
215830,26
215870,1
215930,2
216090,8
216130,1
216150,40
216260,2
216290,2
216670,1
216890,10
216910,6
217100,6
217120,1
217140,23
217200,74
217270,3
217290,3
217690,9
217750,11
217790,10
217920,22
218020,3
218060,27
218090,4
218230,379
218410,29
218510,8
218620,1285
218640,80
218660,1
218680,98
218700,1
218740,24
218760,3
218820,8
219150,690
219190,8
219200,2
219640,382
219680,16
219700,2
219740,525
219760,4
219780,31
219830,33
219890,136
219910,33
219950,18
219990,479
220090,4
220160,8
220200,658
220240,579
220260,24
220420,1
220440,221
220460,9
220660,4
220700,24
220740,21
220780,75
220820,28
220860,38
220900,4
221020,6
221040,317
221100,628
221180,7
221260,86
221380,474
221540,25
221640,192
221680,100
221810,13
221830,3
221910,388
222140,7
222160,3
222420,23
222440,25
222480,90
222500,1
222520,2
222640,5
222660,6
222730,25
222750,24
222880,350
222940,61
222980,25
223000,3
223100,85
223220,21
223330,3
223410,4
223450,1
223470,762
223490,3
223510,10
223710,306
223730,4
223750,106
223810,18
223830,30
223850,87
224000,3
224040,3
224260,430
224460,33
224480,66
224500,18
224580,5
224760,97
224820,13
224860,1
224900,3
224940,6
224960,40
224980,5
225000,2
225020,6
225080,302
225160,29
225260,142
225280,10
225300,20
225320,7
225360,2
225420,11
225540,874
225600,28
225640,18
225840,252
226100,6
226120,3
226560,5
226620,10
226720,21
226740,9
226780,1
226840,66
226860,21
226960,3
227000,18
227020,1
227060,1
227080,25
227100,33
227160,3
227180,4
227200,12
227220,12
227300,1065
227380,7
227560,2
227580,27
227600,29
227760,1
227780,34
227860,39
227940,53
228180,12
228200,77
228260,11
228280,67
228300,137
228320,1
228360,24
228380,189
228760,14
228960,4
229480,13
229520,5
229580,3
229600,2
229810,3
229870,7
229890,1
230050,57
230070,27
230150,6
230190,40
230230,58
230270,35
230290,137
230330,1
230410,1171
230700,21
230820,17
230840,11
230860,5
230980,3
231020,1
231040,5
231060,5
231140,5
231160,64
231200,13
231310,2
231330,9
231430,393
231740,23
232010,56
232050,7
232090,931
232430,134
232750,13
232770,84
232790,31
232890,68
232910,27
232950,4
232970,6
233130,254
233150,42
233190,9
233230,13
233270,132
233290,114
233310,1
233350,2
233410,2
233450,431
233470,55
233510,2
233550,20
233610,71
233680,2
233700,14
233720,105
233740,40
233840,15
233860,465
233980,53
234080,75
234140,506
234160,6
234190,38
234270,41
234290,1
234330,16
234390,17
234490,9
234650,72
234670,70
234820,2
234900,12
234920,2
234940,19
235070,2
235210,23
235250,15
235320,12
235360,6
235380,18
235460,495
235520,2
235540,130
235600,105
235620,3
235660,4
235720,5
235780,16
235800,63
235820,4
235900,6
235980,2
236090,151
236110,114
236150,14
236370,36
236390,442
236430,214
236450,51
236510,17
236690,31
236730,8
236790,2
236850,281
236930,4
237310,27
237370,3
237430,9
237550,1
237570,7
237630,51
237740,35
237760,3
237850,49
237870,22
237890,13
237930,204
237950,1
237990,131
238010,232
238050,1
238090,134
238210,56
238240,9
238260,19
238280,8
238320,803
238370,80
238430,94
238460,549
238530,3
238630,4
238750,11
238870,1
238890,1
238910,14
238930,2
238960,879
239030,533
239070,69
239090,3
239120,32
239140,942
239160,138
239200,63
239250,32
239350,111
239430,13
239700,3
239800,15
239820,294
239840,14
240320,14
240340,1
240360,1
240440,12
240600,9
240620,4
240660,1
240720,281
240760,49
240970,7
241000,2
241240,6
241260,46
241300,2
241320,16
241410,12
241540,95
241560,71
241600,122
241620,4
241660,1
241720,8
241760,4
241910,15
241930,547
242050,343
242110,4
242130,3
242530,1
242550,43
242640,69
242680,127
242700,122
242720,32
242760,1451
242780,7
242820,30
242840,8
242860,195
242880,25
242920,212
242940,3
242960,3
242980,5
243000,5
243040,2
243060,1
243160,3
243200,4
243220,6
243360,3
243450,7
243470,213
243780,11
243800,36
243930,17
243950,22
243970,30
244030,14
244050,8
244070,4
244090,2
244160,55
244210,283
244430,6
244450,265
244590,2
244630,17
244690,1
244710,23
244730,18
244750,2
244770,18
244810,3
244850,826
244870,23
244890,3
244910,13
244930,69
244950,1
245010,1
245050,2
245150,2
245170,220
245280,49
245300,5
245370,4
245390,14
245430,1
245450,9
245470,37
245490,9
245550,72
245620,61
245730,3
246070,1
246090,6
246110,10
246300,3
246420,88
246580,28
246620,409
246680,3
246740,2
246760,10
246840,13
246900,169
246960,1
247000,26
247020,34
247080,192
247140,10
247240,22
247350,5
247370,4
247430,23
247660,31
247870,1
247910,29
247950,12
248170,8
248190,2
248310,67
248330,7
248350,3
248370,1
248390,66
248470,4
248490,6
248530,7
248550,9
248570,128
248610,115
248650,8
248710,4
248730,3
248800,3
248820,208
248860,44
248970,4
249050,68
249130,137
249190,2
249230,37
249330,10
249360,1
249550,3
249590,18
249630,35
249650,11
249680,21
249870,11
249950,4
249990,18
250030,7
250050,19
250110,8
250180,83
250260,43
250320,250
250340,39
250380,11
250400,121
250420,24
250460,21
250500,12
250520,34
250560,15
250580,5
250600,182
250620,44
250680,7
250700,10
250760,117
250900,902
251060,97
251110,11
251130,35
251150,48
251170,22
251210,1
251230,5
251270,9
251290,24
251310,4
251370,8
251430,2
251450,1
251470,20
251490,2
251510,1
251530,10
251570,566
251630,6
251690,3
251730,14
251810,1
251830,6
251850,1
251870,33
251890,2
251910,3
251950,18
251990,73
252010,8
252030,7
252070,3
252090,2
252110,26
252130,22
252170,6
252230,4
252250,2
252270,5
252310,6
252330,72
252350,14
252370,7
252390,2
252410,50
252450,5
252470,12
252490,1088
252530,24
252550,2
252610,58
252630,21
252670,20
252710,2
252750,4
252830,3
252870,45
252890,1
252910,1
252970,4
253030,65
253050,1
253110,31
253150,4
253230,442
253250,57
253290,9
253310,1
253330,19
253350,1
253390,2
253410,6
253430,80
253510,2
253530,18
253610,4
253630,1
253650,15
253690,1
253710,136
253750,14
253770,2
253840,17
253860,1
253880,3
253900,25
253920,15
253940,6
253960,3
253980,42
254060,3
254100,4
254200,15
254320,15
254370,1
254440,23
254460,15
254480,5
254590,2
254700,444
254820,2
254840,4
254880,3
254960,8
255070,11
255260,2
255280,11
255300,13
255320,10
255340,4
255370,6
255390,8
255520,45
255710,1079
255870,4
255940,3
255960,1
256010,3
256030,3
256070,5
256190,29
256290,82
256330,8
256370,10
256390,3
256460,2
257030,10
257050,1
257120,8
257170,15
257350,26
257400,11
257420,51
257510,171
257650,1
257670,1
257690,5
257710,8
257730,15
257750,32
257790,3
257830,5
257850,99
257870,1
257970,4
257990,4
258010,11
258050,4
258070,1
258090,2
258180,15
258220,4
258520,93
258590,1
258760,7
258890,19
258910,2
258950,2
258970,43
259060,8
259080,112
259130,1
259170,7
259190,2
259320,5
259340,5
259390,8
259410,2
259510,11
259530,29
259550,35
259570,10
259600,11
259620,3
259640,1
259660,1
259680,41
259700,1
259760,1
259780,8
259810,1
259870,1
259890,1
259940,1
259960,1
259980,1
260130,2
260160,2
260190,14
260210,15
260230,172
260250,5
260330,1
260410,15
260430,12
260510,1
260570,5
260650,1
260690,3
260730,12
260750,31
260790,3
260930,2
261030,220
261110,68
261180,38
261470,14
261510,11
261530,25
261550,798
261570,316
261640,335
261680,4
261700,11
261720,1
261760,10
261820,55
261940,1
261980,12
262000,5
262060,766
262100,1
262120,6
262150,22
262210,1
262240,2
262260,16
262280,3
262390,10
262410,117
262450,2
262470,6
262490,4
262550,7
262590,1
262650,1
262690,12
262750,2
262770,3
262790,8
262830,19
262850,2
262940,15
262960,6
263020,4
263040,2
263060,58
263100,13
263200,7
263300,16
263320,3
263340,4
263360,3
263380,4
263400,6
263420,3
263460,2
263520,1
263540,11
263560,5
263620,22
263680,3
263700,5
263720,3
263740,8
263760,31
263820,3
263860,1
263880,6
263920,2
263940,1
263960,2
263980,68
264000,1
264020,1
264060,2
264080,5
264120,9
264140,44
264160,3
264200,122
264220,1
264280,8
264300,8
264340,5
264380,31
264400,1
264520,2
264690,7
264710,541
264730,10
265000,3
265170,2
265210,27
265300,96
265330,12
265380,3
265470,1
265550,113
265590,18
265610,20
265630,257
265670,3
265690,21
265750,8
265810,4
265830,6
265870,2
265890,56
265930,307
265970,3
265990,4
266010,82
266030,2
266050,1
266090,1
266110,9
266130,12
266170,4
266210,30
266230,2
266250,4
266310,12
266390,6
266410,13
266430,21
266490,14
266510,89
266840,146
267060,1
267340,1
267360,2
267490,7
267530,35
267600,2
267610,4
267900,3
267920,9
267960,1
267980,3
268050,194
268130,73
268200,1
268220,8
268240,2
268320,2
268360,3
268400,16
268500,364
268540,9
268650,57
268670,1
268750,50
268770,3
268850,21
268870,20
268890,1
268910,532
268990,17
269010,1
269030,4
269050,12
269110,12
269150,1
269170,4
269190,16
269210,185
269230,1
269250,5
269270,8
269310,6
269330,8
269350,1
269370,2
269470,2
269490,11
269550,1
269590,1
269650,23
269670,26
269690,1
269710,6
269730,5
269770,44
269790,44
269890,3
269950,54
269990,2
270010,3
270050,5
270090,4
270110,7
270130,8
270150,94
270170,15
270210,53
270230,2
270270,4
270310,5
270370,60
270450,30
270490,1
270550,102
270570,11
270590,1
270630,12
270770,1
270790,2
270810,2
270830,1
270850,43
270880,612
270950,1
271260,14
271360,3
271370,2
271500,3
271550,4
271570,16
271590,1028
271640,2
271670,6
271760,1
271820,6
271860,3
271900,30
271920,2
271970,2
272040,20
272060,39
272230,18
272270,18
272330,3
272470,10
272510,44
272600,7
272620,2
272890,5
272990,2
273070,2
273110,75
273500,13
273570,4
273580,2
273600,1
273730,1
273770,1
273840,3
273940,1
274170,455
274190,405
274230,8
274250,6
274270,17
274290,16
274310,21
274350,12
274480,5
274500,35
274520,99
274560,14
274700,1
274900,58
274940,253
274980,5
275060,1
275080,2
275100,27
275180,4
275200,12
275290,3
275350,1
275390,66
275470,13
275490,8
275530,10
275570,1
275670,7
275810,1
275850,1296
276340,1
276810,28
276870,3
276890,6
277110,2
277270,1
277430,21
277450,4
277460,2
277490,1
277500,1
277520,2
277540,1
277560,1
277590,14
277630,1
277680,10
277700,3
277870,6
277890,16
278080,55
278100,8
278360,250
278420,2
278440,6
278460,18
278510,1
278530,2
278570,5
278590,1
278620,3
278640,3
278890,15
278910,11
278930,3
278970,48
279070,1
279140,1
279160,5
279260,1
279420,1
279540,2
279560,1
279640,1
279720,4
279800,6
279900,3
279920,2
279940,6
279990,2
280140,7
280160,82
280180,27
280220,41
280320,3
280360,4
280460,1
280520,12
280560,6
280600,4
280640,2
280680,12
280720,4
280790,133
280830,1
280890,1
280930,5
281050,1
281060,4
281080,1
281200,2
281220,6
281280,3
281370,3
281410,6
281580,3
281610,36
281640,24
281750,9
281840,1
281920,16
281940,5
281990,179
282010,6
282030,7
282050,2
282070,514
282100,15
282140,265
282210,12
282400,16
282440,91
282530,14
282560,6
282590,2
282620,3
282760,20
282780,1
282800,173
282860,1
282880,4
282900,126
283060,2
283080,2
283160,8
283230,16
283270,2
283290,23
283330,1
283370,1
283390,2
283410,2
283430,3
283580,1
283600,1
283640,126
283660,3
283680,14
283820,1
283840,1
283880,15
283920,1
283940,3
283960,7
283980,4
284000,1
284050,6
284100,1
284140,1
284160,748
284180,2
284220,1
284240,11
284260,1
284390,21
284460,18
284710,14
284730,6
284750,7
284770,8
284830,6
284850,17
284870,14
284890,9
284930,4
284950,34
284990,4
285010,9
285070,6
285090,2
285130,2
285160,59
285190,56
285310,37
285330,24
285380,5
285480,4
285500,19
285740,4
285800,25
285820,5
285840,13
285900,232
285920,116
285980,1
286000,30
286040,34
286100,46
286120,3
286140,3
286160,395
286200,3
286240,6
286260,38
286320,6
286360,9
286380,6
286460,5
286480,3
286540,5
286660,2
286690,592
286770,3
286810,5
287020,14
287070,2
287100,5
287120,6
287200,1
287220,3
287260,16
287290,185
287310,1
287390,466
287450,65
287580,6
287630,41
287700,612
287840,1
287920,8
287980,84
288020,1
288040,3
288060,16
288120,11
288140,2
288160,154
288370,2
288470,87
288650,1
288860,1
288880,4
288930,5
289070,851
289090,22
289130,97
289180,2
289200,3
289260,1
289280,1
289300,7
289320,1
289340,3
289420,4
289440,2
289460,1
289520,4
289580,2
289600,7
289620,8
289650,218
289690,19
289760,1
289780,2
289800,2
289840,1
289890,3
289930,6
289950,34
290020,1
290040,2
290060,4
290080,56
290180,1
290260,3
290280,4
290300,35
290320,2
290340,76
290380,1
290460,1
290470,2
290510,7
290530,3
290690,5
290730,7
290770,23
290790,18
290870,1
290890,12
290970,2
291010,27
291070,2
291130,1
291170,4
291190,1
291250,1
291290,3
291330,2
291390,4
291480,314
291550,889
291630,1
291650,198
291690,1
291710,1
291860,66
291910,1
292030,1892
292120,87
292140,25
292160,1
292180,2
292200,3
292260,1
292370,1
292380,9
292390,2
292400,3
292410,27
292480,1
292500,14
292570,6
292600,11
292620,1
292630,6
292660,1
292730,127
292800,1
292840,1
292910,40
292930,11
292990,5
293180,19
293240,5
293260,56
293320,6
293340,1
293420,1
293480,2
293540,9
293600,1
293660,3
293680,4
293720,1
293740,3
293760,63
293780,58
293840,4
293860,5
293880,1
293900,2
293920,1
293940,3
293960,1
294000,4
294020,5
294040,9
294060,2
294100,895
294140,4
294160,7
294230,7
294370,1
294440,2
294460,1
294530,2
294540,3
294550,1
294590,3
294650,1
294660,1
294750,5
294810,16
294860,76
295250,2
295590,2
295610,2
295670,3
295690,15
295730,3
295750,3
295770,1
295790,54
295930,5
295990,2
296050,5
296070,4
296150,1
296180,1
296210,1
296220,2
296240,4
296280,1
296470,50
296490,27
296510,1
296550,1
296570,3
296630,14
296710,23
296730,2
296770,6
296830,13
296870,23
296910,16
296930,1
296970,26
297000,51
297020,25
297060,2
297110,11
297120,13
297130,80
297210,5
297310,1
297330,3
297350,5
297370,3
297410,1
297450,1
297490,1
297860,17
297920,1
298030,19
298050,25
298110,295
298140,1
298160,4
298180,12
298240,41
298260,29
298280,1
298340,2
298360,1
298400,4
298480,1
298520,13
298560,2
298600,33
298610,29
298630,121
298820,1
298830,1
298840,2
298850,1
298930,7
298950,1
299050,3
299180,1
299250,3
299260,4
299340,1
299360,72
299420,1
299440,2
299460,40
299480,13
299500,2
299660,4
299680,14
299720,7
299740,149
299800,1
299910,1
299950,14
300060,12
300220,2
300260,2
300300,5
300320,1
300340,2
300360,1
300380,101
300400,1
300540,3
300550,35
300570,19
300580,1
300820,3
300840,1
300970,1
301050,2
301120,5
301150,3
301190,14
301200,8
301300,2
301320,6
301360,1
301380,2
301460,3
301520,196
301640,122
301650,9
301690,2
301700,3
301730,2
301750,7
301760,3
301830,1
301840,3
301860,30
301910,94
301920,3
301970,1
301980,4
302010,2
302060,5
302080,12
302110,1
302130,5
302180,4
302190,3
302210,1
302380,44
302470,1
302490,1
302510,244
302590,30
302610,16
302650,1
302670,94
302690,7
302710,17
302730,1
302790,10
302830,98
303210,136
303260,1
303290,2
303310,26
303390,51
303430,2
303510,1
303530,1
303550,1
303590,8
303680,1
303690,1
303720,3
303790,3
303800,13
303840,1
303940,2
304030,19
304050,478
304150,1
304170,2
304240,136
304350,1
304390,635
304410,41
304430,279
304460,2
304500,1
304530,36
304540,1
304580,1
304650,49
304670,1
304730,10
304910,1
304930,1568
304950,2
305050,30
305070,3
305260,19
305380,10
305500,1
305620,593
305640,6
305780,1
305800,2
305920,3
305940,5
305960,1
305980,4
306000,1
306020,68
306040,14
306130,491
306200,5
306260,1
306290,4
306350,6
306370,1
306410,6
306490,1
306550,1
306620,1
306660,14
306670,1
306680,3
306700,3
306760,15
307010,3
307050,21
307070,12
307090,3
307110,32
307130,2
307170,2
307210,1
307230,17
307290,13
307340,3
307350,2
307410,2
307570,3
307580,8
307590,5
307640,9
307670,19
307690,432
307760,4
307780,349
307880,26
307940,6
307960,35
308000,1
308040,26
308060,22
308080,2
308173,5
308270,3
308420,35
308440,2
308460,4
308580,6
308600,14
310060,10
310070,1
310080,31
310360,35
310370,43
310390,1
310470,7
310490,1
310510,9
310700,12
310740,3
310790,7
310850,1
310890,3
310950,167
311010,9
311060,1
311100,1
311140,3
311190,5
311210,639
311240,33
311250,4
311260,26
311290,33
311310,22
311340,128
311400,3
311480,8
311560,100
311690,560
311720,3
311730,56
311770,18
311800,5
311820,1
311850,2
311860,1
311870,8
311910,2
311930,1
312010,7
312150,9
312200,11
312210,2
312230,4
312280,24
312360,1
312370,2
312450,6
312510,1
312520,72
312530,265
312540,8
312560,4
312600,3
312610,38
312630,3
312640,2
312660,277
312670,29
312720,2
312750,11
312780,9
312790,2
312840,41
312900,1
312980,3
312990,135
313010,4
313020,25
313040,1
313080,2
313120,173
313130,1
313140,8
313160,68
313210,2
313240,12
313330,1
313340,121
313390,1
313400,4
313470,1
313480,8
313500,4
313590,1
313630,15
313650,2
313660,1
313690,45
313730,18
313740,65
313780,12
313810,1
313830,6
313960,1
313980,1
314000,15
314010,6
314020,39
314030,9
314070,8
314150,3
314160,106
314180,6
314200,3
314230,10
314240,1
314250,5
314280,7
314320,1
314330,1
314360,3
314410,18
314420,6
314430,3
314450,9
314460,1
314500,2
314520,6
314560,1
314590,2
314650,47
314660,20
314790,11
314810,11
314830,8
314970,14
314980,6
315130,1
315260,1
315330,1
315340,1
315430,48
315450,1
315460,28
315550,2
315660,4
315810,28
315830,1
315840,5
315850,1
315860,2
315920,2
316030,2
316080,2
316160,1
316180,1
316260,2
316370,1
316430,12
316600,3
316610,6
316660,1
316700,1
316740,1
316790,52
316810,2
316840,1
316890,1
316930,1
317030,4
317040,3
317100,2
317250,22
317280,2
317300,1
317320,1
317360,98
317380,1
317400,173
317410,9
317440,3
317470,14
317510,9
317530,1
317710,7
317720,1
317790,13
317820,16
317840,1
317940,1
317970,3
318020,14
318090,4
318100,13
318130,8
318220,9
318230,8
318310,2
318430,28
318480,1
318530,9
318570,1
318600,39
318860,2
318970,4
319050,8
319080,1
319140,4
319170,7
319180,3
319230,2
319250,3
319280,5
319320,4
319400,1
319450,1
319470,2
319480,11
319510,211
319540,3
319560,2
319570,3
319630,1177
319740,3
319760,3
319830,11
319850,4
319870,7
319910,45
319970,9
320040,29
320120,1
320140,18
320150,2
320240,66
320320,3
320330,1
320340,3
320400,1
320430,7
320520,1
320540,10
320690,1
320760,3
320820,5
320840,2
320970,1
321150,2
321190,2
321260,7
321270,11
321290,4
321360,36
321370,1
321400,23
321450,1
321480,15
321540,1
321560,1
321800,4
321830,1
321840,3
321870,4
321920,4
321950,4
321960,16
321980,5
322080,2
322110,49
322170,256
322190,30
322210,18
322290,12
322330,768
322450,22
322500,306
322520,2
322630,1
322680,5
322750,3
322770,16
322850,1
322900,3
322980,1
323040,1
323060,7
323190,564
323220,17
323320,62
323380,19
323450,1
323470,88
323490,4
323580,59
323630,5
323670,1
323700,1
323720,14
323780,1
323850,136
324070,1
324080,17
324120,4
324140,3
324160,44
324170,1
324190,1
324260,6
324310,10
324470,1
324510,28
324570,8
324650,1
324680,9
324710,1
324730,1
324740,1
324800,197
324810,49
324830,1
325090,6
325120,7
325150,2
325180,3
325210,5
325260,8
325370,2
325420,6
325520,5
325610,160
325730,5
325870,1
325880,1
325930,1
326060,1
326120,6
326150,3
326160,8
326180,14
326190,12
326340,2
326360,10
326380,2
326410,39
326420,1
326460,230
326480,38
326520,2
326590,1
326670,8
326720,2
326730,1
326840,1
326960,1
326990,1
327010,2
327030,54
327060,2
327070,31
327090,11
327140,9
327150,1
327210,1
327220,14
327260,6
327310,1
327370,2
327400,4
327410,94
327440,1
327510,12
327560,5
327640,5
327670,6
327740,8
327860,13
327880,5
327890,31
328060,1
328070,12
328080,40
328100,1
328270,8
328460,1
328470,1
328500,4
328510,3
328680,1
328710,1
328730,5
328760,20
328890,1
328930,1
328940,3
329050,117
329070,9
329110,44
329130,41
329200,2
329240,2
329320,1
329380,8
329430,65
329440,18
329460,4
329490,29
329640,1
329650,1
329660,1
329690,1
329830,4
329860,6
329970,5
329980,2
330020,99
330100,3
330180,6
330270,2
330350,7
330370,1
330390,15
330420,1
330450,1
330460,3
330470,1
330580,15
330660,1
330720,1
330820,13
330830,147
330990,1
331160,17
331190,3
331200,4
331220,1
331340,1
331390,3
331440,22
331450,1
331460,1
331470,321
331480,9
331500,14
331510,2
331580,2
331600,18
331650,1
331670,14
331690,10
331720,1
331750,2
331790,1
331870,44
331920,1
332200,34
332250,3
332260,1
332310,87
332330,2
332390,2
332480,12
332500,36
332570,20
332580,1
332610,2
332620,2
332630,1
332700,1
332710,1
332790,4
332800,84
332830,1
332950,68
333210,2
333250,15
333260,1
333300,10
333390,2
333420,44
333510,1
333600,276
333640,45
333660,1
333870,1
333880,1
333930,271
333950,28
333980,26
334030,1
334040,6
334070,7
334120,8
334190,1
334210,11
334230,294
334310,20
334370,1
334420,14
334540,6
334560,4
334690,2
334920,16
334940,38
335000,14
335100,2
335120,1
335190,10
335210,1
335240,152
335300,665
335320,2
335430,5
335460,2
335620,11
335670,104
335790,2
335820,2
335830,3
335840,1
335920,2
336030,1
336060,1
336080,3
336090,1
336110,3
336130,3
336140,13
336150,3
336210,1
336240,5
336300,3
336420,3
336440,5
336530,1
336610,3
336670,2
336680,1
336760,3
336770,1
336780,1
337000,231
337070,2
337150,7
337270,1
337280,1
337290,1
337320,165
337340,134
337350,3
337360,2
337420,2
337480,1
337490,3
337680,1
337820,1
337850,1
337890,1
337930,1
337940,1
337960,3
338000,5
338050,2
338060,3
338120,3
338140,2
338170,41
338190,5
338320,1
338390,18
338420,1
338540,3
338550,3
338710,2
338760,3
338800,5
338810,2
338840,1
338960,1
338980,1
339000,6
339040,4
339090,1
339110,1
339120,6
339130,4
339160,3
339190,13
339200,19
339210,1
339230,19
339240,1
339290,6
339340,72
339350,17
339400,26
339440,1
339470,4
339570,2
339580,5
339600,9
339610,50
339700,1
339790,4
339830,2
339910,1
340000,12
340050,15
340070,5
340150,6
340170,11
340200,2
340270,5
340280,3
340320,1
340340,4
340350,2
340360,3
340450,1
340460,2
340490,7
340520,4
340580,1
340630,2
340730,9
340750,1
340800,1
340810,7
340830,4
340860,2
340950,1
340990,4
341000,40
341020,2
341030,2
341070,2
341090,1
341120,2
341150,2
341170,1
341300,1
341310,16
341390,1
341470,1
341500,10
341510,1
341550,6
341680,1
341690,1
341700,2
341710,2
341720,10
341800,121
341820,1
341870,3
341930,1
341940,114
341950,2
342180,81
342190,1
342200,43
342260,2
342280,2
342300,7
342310,7
342350,2
342370,4
342380,23
342450,1
342480,6
342490,1
342520,1
342560,26
342580,41
342610,3
342620,1
342630,2
342640,5
342860,1
342920,2
342940,4
342970,1
342980,10
343070,3
343090,1
343100,8
343270,6
343360,17
343370,1
343390,1
343440,11
343560,6
343630,4
343710,45
343730,2
343740,4
343780,36
343810,1
343820,1
343840,1
343860,33
343930,3
344030,1
344130,3
344190,1
344230,2
344300,4
344340,1
344410,5
344440,3
344480,4
344500,1
344740,2
344760,45
344770,35
344800,1
344820,1
344850,10
344860,2
344900,1
344910,5
345010,2
345060,3
345090,10
345120,4
345130,2
345180,47
345200,3
345220,7
345230,2
345240,4
345260,5
345330,6
345350,25
345370,3
345390,11
345430,5
345460,3
345480,1
345540,1
345580,2
345610,10
345620,1
345650,17
345660,12
345750,2
345820,41
345860,5
345890,3
346010,338
346060,2
346110,1090
346120,38
346180,7
346210,1
346240,1
346250,18
346330,36
346420,2
346460,2
346470,1
346500,3
346550,1
346560,18
346630,5
346670,2
346730,6
346750,2
346810,7
346820,1
346830,2
346850,8
346900,359
346940,26
346950,1
346970,2
347000,3
347160,4
347170,1
347290,4
347400,3
347430,18
347440,3
347560,5
347590,1
347600,3
347610,2
347620,58
347670,4
347690,1
347710,1
347720,4
347790,1
347830,22
348200,2
348240,3
348250,21
348270,1
348360,10
348380,1
348430,2
348440,5
348460,1
348470,6
348510,9
348550,39
348620,10
348790,1
348860,2
348910,2
348950,4
348960,1
349040,349
349100,1
349210,2
349220,7
349250,3
349270,4
349320,2
349440,1
349480,9
349500,6
349510,2
349520,4
349680,3
349720,3
349730,4
349760,1
349790,3
350010,3
350070,11
350080,133
350110,1
350210,1
350310,1
350380,1
350530,1
350600,1
350610,1
350630,1
350640,72
350700,1
350740,11
350780,2
350810,6
350910,2
350970,3
351030,17
351090,5
351100,9
351140,2
351150,5
351230,2
351240,1
351250,3
351290,31
351340,7
351410,1
351450,4
351470,5
351480,3
351490,9
351510,16
351630,1
351640,103
351700,8
351710,46
351730,2
351800,16
351860,3
351870,1
351910,8
351920,48
351940,22
351970,50
352010,1
352070,1
352140,1
352170,1
352400,48
352430,2
352520,76
352550,8
352610,1
352700,3
352720,31
352780,1
352890,6
352950,1
353070,1
353190,4
353270,39
353280,1
353330,10
353340,1
353360,20
353540,13
353550,6
353560,36
353640,17
353700,10
353940,1
353980,1
354140,42
354160,6
354200,7
354240,48
354290,5
354310,1
354380,25
354400,3
354430,3
354680,2
354730,1
354860,4
354900,5
354920,1
355020,1
355050,13
355060,2
355070,1
355130,4
355150,7
355170,6
355180,135
355190,1
355240,2
355250,4
355270,2
355400,2
355430,1
355520,1
355530,5
355570,1
355630,1
355680,1
355760,5
355790,23
355800,3
355860,5
355910,1
355920,4
355970,8
355980,14
356000,3
356040,47
356070,18
356130,5
356160,2
356190,476
356250,2
356260,3
356310,8
356380,1
356390,1
356400,27
356420,3
356430,1
356450,3
356500,13
356510,7
356520,15
356530,1
356570,85
356580,1
356650,23
356670,113
356880,5
357070,25
357120,1
357190,55
357280,5
357290,4
357300,7
357310,13
357330,14
357340,5
357490,1
357600,7
357650,3
357670,2
357720,3
357780,9
357890,3
357900,11
358070,3
358080,1
358090,17
358130,24
358190,1
358200,1
358210,1
358220,2
358270,1
358290,1
358340,1
358390,2
358650,4
358750,5
358770,2
358830,1
358960,3
359040,4
359050,83
359100,12
359140,4
359190,4
359220,4
359230,12
359250,2
359310,31
359320,543
359390,13
359400,2
359510,21
359550,1455
359580,5
359600,8
359610,3
359630,1
359650,1
359800,23
359810,1
359840,10
359870,98
359900,3
359920,1
359940,2
359960,5
360010,1
360150,6
360170,62
360380,7
360390,1
360430,221
360450,3
360510,4
360530,1
360550,1
360620,13
360640,23
360650,11
360730,7
360740,83
360830,29
360870,14
360880,1
360890,1
360940,81
360970,3
361020,1
361040,3
361190,3
361200,1
361230,6
361280,63
361300,45
361330,1
361350,1
361380,2
361420,629
361430,2
361550,10
361600,3
361630,8
361700,3
361850,4
361890,2
361990,24
362090,2
362160,1
362290,2
362410,2
362490,50
362610,2
362620,37
362680,79
362810,2
362870,11
362890,695
362930,122
362940,1
362960,70
363110,1
363130,2
363240,1
363330,5
363360,9
363420,5
363440,30
363460,8
363490,2
363600,9
363610,1
363620,4
363650,1
363680,28
363890,54
363930,20
363950,3
363970,362
363980,5
364050,20
364060,1
364210,4
364230,6
364300,1
364350,2
364360,235
364390,12
364420,18
364450,1
364470,42
364630,1
364690,3
364710,1
364720,1
364750,2
364820,1
364880,1
364890,1
364930,11
364940,2
365020,7
365050,3
365070,8
365110,1
365120,2
365160,31
365300,98
365320,1
365330,1
365360,146
365400,1
365450,183
365590,484
365660,2
365670,248
365720,6
365770,4
365810,6
365870,2
365880,2
365890,3
365900,3
365960,16
366060,1
366090,56
366220,20
366240,8
366250,19
366260,9
366270,2
366280,2
366320,22
366590,1
366610,1
366620,1
366640,3
366690,3
366760,2
366800,3
366870,8
366910,6
366970,4
367000,9
367080,1
367110,2
367120,13
367240,1
367270,31
367300,1
367430,1
367450,122
367500,187
367520,553
367550,1
367570,5
367580,70
367670,14
367780,1
368040,1
368050,2
368070,75
368080,2
368160,2
368180,10
368230,143
368250,1
368340,87
368360,97
368370,69
368390,21
368430,13
368450,2
368500,156
368570,6
368590,3
368610,2
368620,14
368640,1
368650,3
368680,1
368730,22
368740,2
368860,3
368890,4
368950,24
368990,7
369000,3
369030,2
369070,12
369080,1
369100,1
369110,4
369290,2
369310,1
369420,11
369440,3
369530,1
369830,1
369990,53
370020,2
370050,2
370060,4
370070,1
370080,1
370090,2
370150,4
370280,23
370300,1
370350,2
370360,42
370440,1
370460,6
370480,2
370510,5
370540,4
370590,1
370700,2
370710,1
370770,10
370780,1
370800,1
370870,1
370910,22
370920,2
370940,1
371000,2
371100,1
371140,15
371180,5
371200,9
371220,1
371330,6
371450,2
371460,2
371510,2
371520,8
371550,3
371570,7
371650,1
371660,176
371670,5
371880,1
371970,46
372000,69
372210,5
372320,1
372330,1
372360,19
372380,3
372540,14
372670,1
372690,4
372800,24
372930,2
372940,2
372960,1
373140,1
373180,12
373240,4
373290,1
373360,2
373390,17
373420,156
373460,1
373480,3
373610,1
373720,1
373750,1
373770,32
373860,1
373930,28
373970,3
373990,4
374030,16
374040,119
374050,1
374060,3
374190,3
374280,45
374320,1959
374400,3
374410,6
374460,1
374570,71
374830,5
374900,12
374950,1
375010,2
375030,3
375120,3
375170,2
375180,1
375200,8
375290,1
375310,1
375320,3
375330,2
375440,1
375450,2
375460,12
375480,57
375510,8
375520,1
375530,22
375580,1
375600,18
375680,1
375710,1
375750,3
375820,28
375840,2
375900,10
375910,22
375950,50
376140,2
376210,163
376300,20
376410,1
376520,2
376680,1
376730,4
376920,2
377060,1
377080,5
377140,4
377160,1685
377260,1
377290,3
377300,11
377310,1
377320,1
377330,3
377360,2
377430,1
377450,1
377460,1
377520,1
377530,22
377550,1
377600,10
377660,2
377670,5
377680,5
377690,1
377760,1
377840,74
377860,8
377870,8
377880,1
377900,5
377950,1
377970,1
378030,1
378100,4
378110,2
378270,8
378300,1
378360,10
378370,20
378490,1
378540,73
378580,1
378610,52
378630,1
378660,6
378720,23
378760,7
378770,1
378790,1
378800,6
378850,1
379210,5
379290,1
379420,1
379430,533
379530,3
379600,3
379640,2
379720,1335
379870,1
380020,8
380120,1
380140,5
380150,8
380220,2
380360,4
380550,1
380580,2
380600,178
380660,1
380670,1
380750,3
380810,2
380840,32
381020,13
381050,1
381100,1
381120,15
381140,3
381210,497
381220,1
381260,1
381320,2
381560,3
381590,1
381610,1
381640,2
381750,1
381780,14
381850,2
381870,4
381880,2
381900,1
381940,7
381990,4
382050,4
382080,1
382090,4
382110,8
382140,30
382260,2
382300,2
382310,70
382350,1
382380,1
382420,2
382490,72
382560,43
383080,132
383120,201
383150,138
383180,31
383230,12
383270,17
383460,4
383560,2
383580,14
383630,1
383670,1
383690,4
383700,2
383720,1
383730,2
383740,3
383750,3
383790,5
383800,1
383840,10
383870,381
383930,4
383960,2
383980,219
384000,2
384030,1
384080,1
384090,3
384110,22
384150,10
384180,28
384190,176
384200,1
384250,2
384280,1
384300,82
384310,10
384360,6
384490,33
384500,4
384550,1
384570,2
384630,25
384680,5
384690,1
384740,7
384750,2
384890,2
384980,3
385070,1
385150,1
385240,15
385250,7
385260,1
385270,14
385330,2
385350,1
385370,25
385380,7
385390,1
385400,7
385530,3
385560,14
385590,1
385690,1
385710,15
385770,48
385800,229
385830,5
385950,1
386050,1
386070,78
386090,1
386160,2
386180,271
386200,1
386260,3
386280,1
386290,2
386340,1
386360,303
386420,3
386480,12
386490,2
386520,1
386540,1
386590,5
386620,19
386650,1
386700,3
386740,1
386870,2
386880,19
386900,1
386940,237
386970,4
387240,2
387290,368
387340,43
387370,3
387430,1
387840,5
387850,1
387860,37
387870,1
387930,6
387970,5
387990,454
388050,2
388060,8
388080,43
388090,53
388210,30
388320,7
388340,2
388370,1
388410,92
388420,5
388440,1
388450,1
388490,4
388620,4
388720,1
388750,30
388800,11
388880,73
388900,1
388960,1
388970,2
388980,1
389050,1
389140,31
389160,1
389170,16
389220,1
389250,1
389270,4
389400,1
389430,13
389470,1
389510,20
389570,59
389650,2
389670,5
389700,2
389730,364
389870,2
389900,5
390030,5
390040,1
390200,4
390210,1
390290,10
390310,1
390340,10
390520,13
390560,5
390570,2
390610,3
390660,6
390710,11
390720,4
390730,4
390890,4
391050,3
391070,3
391120,1
391140,6
391160,2
391170,5
391220,630
391250,1
391260,9
391280,1
391310,1
391420,7
391460,79
391490,2
391510,1
391540,574
391580,3
391590,1
391720,165
391730,26
391740,2
392000,2
392020,2
392030,1
392070,5
392080,1
392110,174
392160,78
392280,2
392330,1
392410,6
392450,7
392470,5
392580,5
392780,1
392820,2
392940,1
392950,12
392970,2
393080,43
393190,12
393200,4
393380,475
393390,2
393420,135
393430,8
393520,33
393530,17
393610,4
393750,1
393790,1
393920,1
393930,2
393980,3
394030,1
394120,2
394140,3
394160,11
394220,1
394260,2
394280,3
394290,2
394310,78
394360,954
394430,1
394510,213
394540,6
394550,1
394600,2
394680,4
394690,131
394700,3
394760,12
394770,1
394850,2
394870,8
394970,42
395140,1
395160,4
395170,114
395200,20
395250,1
395270,3
395380,1
395420,2
395500,4
395520,28
395570,4
395620,6
395760,2
395850,5
395860,3
395900,2
396030,1
396060,1
396090,2
396160,5
396280,1
396310,2
396350,7
396360,3
396480,6
396640,1
396650,6
396660,2
396680,1
396710,13
396750,62
396790,8
396800,3
396820,1
396850,1
396860,2
396890,1
396900,32
397060,67
397100,3
397160,2
397270,15
397310,2
397340,65
397350,5
397430,5
397440,1
397460,20
397500,3
397540,622
397550,6
397570,1
397690,5
397720,4
397740,22
397750,1
397770,2
397820,1
397840,1
397900,56
397950,118
397970,1
398000,3
398030,11
398100,4
398140,1
398170,1
398180,2
398210,1
398450,1
398460,2
398620,1
398680,6
398710,11
398840,3
398850,64
398930,1
398980,4
399040,3
399120,8
399140,1
399240,1
399260,1
399420,2
399430,1
399600,6
399640,3
399670,27
399780,3
399790,7
399810,56
399820,21
399890,3
400030,1
400040,48
400080,11
400110,4
400160,7
400170,20
400180,3
400200,2
400250,11
400360,2
400370,3
400450,5
400510,2
400580,1
400630,38
400660,4
400740,2
400750,22
400790,3
400800,2
400910,103
400940,12
401120,1
401190,28
401360,2
401680,43
401690,1
401710,8
401800,1
401810,6
401890,1
402020,13
402030,1
402040,2
402060,3
402120,1
402130,11
402150,1
402160,2
402170,1
402180,17
402210,1
402260,8
402310,2
402330,30
402390,2
402530,8
402560,6
402620,8
402750,3
402840,21
402850,1
402880,3
402890,1
403040,4
403120,6
403180,12
403190,37
403200,2
403290,6
403400,6
403410,2
403430,8
403510,2
403590,1
403640,496
403670,1
403690,2
403700,3
403740,7
403830,4
403850,2
403860,2
403900,2
403940,6
403950,2
403970,6
404040,2
404050,1
404080,3
404200,6
404410,29
404480,7
404510,1
404530,4
404540,16
404590,9
404680,35
404690,1
404700,1
404790,26
404820,4
404850,1
405010,7
405180,1
405290,11
405310,31
405500,5
405550,2
405610,1
405640,130
405650,2
405670,1
405710,32
405720,1
405760,1
405780,1
405820,23
405830,12
405900,38
405950,4
405970,2
406080,2
406130,2
406150,167
406170,1
406290,14
406310,2
406350,11
406440,1
406550,8
406720,1
406850,1
406870,3
406940,3
406970,41
407020,3
407050,1
407130,41
407230,5
407300,9
407310,12
407320,1
407330,11
407340,3
407420,3
407530,42
407560,3
407720,1
407810,16
407900,22
407940,1
407980,3
408000,6
408030,1
408060,1
408110,2
408120,4
408170,1
408250,3
408280,4
408410,26
408520,10
408640,4
408650,5
408740,1
408770,2
408900,61
408920,2
408930,3
408960,2
408990,4
409000,2
409070,1
409090,1
409100,12
409160,87
409170,1
409360,1
409380,3
409450,7
409510,3
409590,13
409600,2
409630,1
409660,5
409670,12
409690,11
409710,312
409720,124
409730,1
409850,3
409870,6
409890,1
409910,1
409920,1
410110,48
410150,1
410210,6
410320,86
410340,14
410390,3
410430,7
410670,11
410710,17
410820,5
410830,1
410840,1
410850,13
410890,8
410900,64
410970,1
410980,4
411000,4
411080,3
411120,3
411180,6
411300,86
411310,3
411320,4
411330,2
411370,26
411480,1
411550,1
411560,5
411570,1
411590,1
411620,1
411680,2
411740,1
411750,1
411760,1
411820,1
411830,36
411880,2
411960,13
411980,1
412020,569
412050,3
412170,1
412230,1
412290,2
412400,3
412470,2
412520,2
412600,2
412660,1
412670,5
412730,2
412740,21
412770,7
412830,113
412880,18
413150,762
413410,209
413420,180
413480,1
413680,3
413700,1
413710,4
413870,1
414080,4
414120,1
414160,4
414190,1
414340,353
414370,1
414510,2
414530,12
414550,4
414580,1
414660,3
414700,294
414720,2
414730,3
414740,14
414870,7
414920,4
414950,2
415030,6
415150,6
415170,1
415200,54
415270,5
415300,3
415350,10
415400,4
415420,19
415480,14
415590,10
415610,5
415670,1
415740,3
415830,1
415840,5
415850,3
415860,5
415880,11
415910,1
415920,2
415950,1
415960,5
416040,1
416080,4
416110,4
416190,3
416210,10
416240,1
416310,1
416360,2
416370,2
416380,2
416450,3
416530,1
416590,12
416600,24
416680,24
416770,16
416790,4
417110,4
417200,1
417290,27
417430,6
417750,4
417860,259
417880,15
417910,6
417980,2
418030,31
418040,7
418060,2
418070,23
418150,2
418180,17
418190,8
418240,196
418270,6
418280,1
418300,2
418340,66
418370,503
418440,1
418460,469
418520,2
418530,97
418620,8
418650,38
418670,2
418950,9
419130,1
419460,8
419480,18
419810,1
419990,1
420000,11
420060,3
420070,1
420100,2
420110,133
420180,1
420210,1
420270,1
420290,209
420360,1
420440,4
420520,6
420530,225
420550,1
420560,19
420660,1
420740,25
420770,2
420790,9
420840,1
420850,3
420880,1
420930,8
420970,1
420980,2
421040,39
421050,19
421060,1
421120,39
421170,15
421260,2
421630,1
421660,9
421670,7
421700,8
421740,1
421790,1
421810,2
421880,1
422100,5
422110,2
422140,1
422250,6
422500,1
422510,4
422610,1
422630,2
422640,1
422810,13
422900,13
422910,11
422920,4
422970,59
422980,1
423230,86
423270,2
423440,1
423490,4
423580,27
423590,3
423610,4
423720,1
423740,2
423760,1
423800,1
423810,7
423870,1
423880,87
423890,6
423950,9
424000,1
424010,1
424030,67
424250,3
424260,2
424280,159
424320,1
424370,75
424640,1
424780,2
424830,1
424840,398
424850,1
425160,1
425210,11
425220,16
425240,1
425260,1
425340,1
425410,3
425580,89
425650,2
425670,6
425770,1
425820,1
426000,42
426010,1
426050,1
426170,1
426190,2
426310,4
426330,1
426630,3
426690,5
426790,18
426930,2
427030,15
427100,28
427190,46
427240,3
427250,19
427290,109
427470,5
427490,2
427510,3
427520,895
427550,2
427570,2
427660,1
427680,1
427700,4
427730,211
427760,5
427770,2
427780,4
427810,1
427820,20
427860,1
427880,1
427910,2
427940,9
427950,2
427980,3
428080,3
428180,2
428190,1
428220,2
428280,1
428340,1
428370,3
428430,11
428540,2
428550,92
428630,1
428660,35
428690,67
428750,12
428830,1
428860,4
428870,1
428880,3
428900,5
428950,2
429040,1
429050,30
429300,12
429330,3
429390,1
429470,3
429530,1
429540,3
429570,56
429580,1
429600,2
429610,2
429620,3
429660,107
429680,6
429700,5
429720,12
429780,2
429790,37
429940,3
429950,1
430020,2
430070,4
430080,2
430170,1
430210,12
430290,1
430410,3
430960,66
431120,1
431180,2
431230,1
431240,376
431250,1
431260,6
431280,1
431450,5
431460,1
431500,3
431510,1
431540,11
431590,7
431600,13
431640,1
431650,6
431710,3
431730,66
431740,2
431750,1
431810,5
431830,1
431910,1
431930,19
431940,7
431960,1612
432010,3
432170,1
432260,1
432290,1
432350,27
432470,1
432500,1
432770,1
432780,1
432870,1
432940,1
432980,5
433000,3
433100,9
433170,6
433290,1
433340,582
433350,4
433380,1
433450,5
433530,12
433550,26
433600,1
433850,116
433900,1
433910,16
433920,1
433950,61
434000,4
434020,4
434030,7
434050,21
434130,1
434160,1
434170,35
434190,2
434210,8
434250,16
434260,29
434370,1
434420,7
434430,2
434460,21
434480,1
434520,4
434570,299
434610,2
434650,121
434680,5
434700,1
434730,26
434880,1
434920,1
434980,1
435030,10
435040,1
435100,4
435120,41
435150,800
435300,6
435360,1
435400,68
435440,2
435480,3
435490,1
435530,58
435790,26
435970,2
436110,9
436140,1
436150,40
436180,16
436230,2
436280,1
436290,4
436320,20
436390,8
436400,1
436470,1
436480,1
436490,1
436500,4
436520,42
436530,4
436670,12
436690,2
436870,1
437000,5
437020,2
437030,1
437160,11
437250,4
437390,2
437420,2
437520,1
437530,4
437570,8
437630,15
437690,5
437720,1
437900,7
437920,77
438000,3
438010,1
438020,5
438030,1
438040,84
438080,5
438100,447
438130,2
438140,3
438180,3
438270,19
438340,1
438420,1
438450,1
438480,29
438490,27
438640,39
438660,1
438680,10
438720,1
438740,411
438920,4
439190,52
439250,3
439260,1
439340,7
439370,6
439460,1
439490,4
439550,2
439700,5
439720,1
439800,1
439910,3
439920,1
439940,3
440090,3
440310,4
440420,3
440540,12
440550,3
440630,5
440650,13
440730,1
440740,2
440760,6
440790,2
440810,1
440880,21
440900,374
441010,3
441050,8
441230,1
441250,2
441280,1
441350,2
441380,16
441550,6
441670,2
441680,1
441790,11
441830,6
441870,44
442070,29
442080,31
442120,26
442210,2
442220,2
442290,3
442500,6
442710,6
442780,19
442810,4
443000,1
443020,1
443110,11
443360,3
443370,1
443450,1
443460,1
443580,20
443810,80
443860,1
444000,1
444090,1422
444130,1
444140,5
444170,1
444200,293
444220,6
444250,4
444260,1
444270,1
444280,3
444480,1
444490,5
444520,1
444530,2
444590,4
444620,1
444640,141
444690,1
444720,2
444770,6
444800,2
444880,2
444930,8
444940,3
444970,2
445020,1
445070,1
445110,4
445130,4
445190,13
445220,59
445230,8
445310,6
445600,2
445720,3
445750,2
445770,2
445800,1
445870,1
445980,114
446000,1
446020,56
446040,1
446100,1
446120,1
446150,24
446250,1
446380,2
446390,2
446460,1
446470,1
446560,19
446600,2
446620,2
446640,3
446760,1
446770,2
446790,9
446800,65
446810,3
446840,7
446850,1
446990,1
447020,105
447040,420
447120,11
447150,22
447190,1
447240,1
447270,7
447290,13
447310,1
447530,259
447570,3
447690,1
447780,1
447800,1
447820,158
447850,13
447860,1
447890,9
447950,4
447960,1
448000,3
448020,1
448060,1
448070,5
448080,1
448150,1
448160,1
448240,3
448280,40
448290,2
448310,2
448320,4
448370,15
448440,3
448470,3
448480,1
448510,75
448540,1
448560,2
448570,1
448580,3
448610,1
448630,3
448780,10
448830,1
448850,18
448910,1
449000,2
449040,12
449050,4
449060,1
449090,1
449140,20
449170,1
449200,1
449210,8
449220,10
449250,5
449450,1
449510,2
449530,5
449540,39
449610,18
449640,1
449680,38
449690,1
449710,3
449730,3
449760,5
449780,1
449800,26
449820,1
449960,59
450140,1
450170,2
450220,4
450290,1
450390,41
450440,2
450500,7
450540,169
450670,3
450850,2
450860,6
450950,2
451000,3
451020,65
451080,1
451340,47
451400,1
451570,1
451600,4
451760,26
451780,2
451840,2
451880,4
451920,2
451980,2
451990,2
452060,21
452230,1
452320,2
452410,1
452420,3
452440,22
452450,1
452510,13
452570,21
452710,2
452860,3
453090,45
453100,6
453270,9
453290,4
453310,3
453340,2
453390,1
453480,71
453510,2
453650,1
453670,1
453690,5
453710,2
453720,2
453820,2
453850,2
453890,5
453980,3
454030,1
454060,7
454070,2
454100,4
454120,19
454140,1
454160,2
454180,2
454190,1
454200,3
454320,3
454350,3
454410,4
454530,1
454540,1
454580,1
454610,1
454650,224
454870,1
454890,4
454900,1
454950,4
454970,2
455020,3
455100,1
455120,9
455300,4
455400,22
455440,1
455490,3
455690,1
455700,1
455710,2
455820,13
455910,5
455940,3
455980,16
456170,1
456180,2
456440,1
456540,3
456670,48
456750,51
456780,1
456810,1
457010,2
457140,409
457210,46
457320,2
457330,16
457420,5
457480,5
457490,1
457520,3
457530,2
457550,15
457570,5
457590,1
457600,1
457680,12
457710,1
457730,2
457760,6
457860,2
457890,2
457960,3
458000,6
458030,1
458170,1
458380,1
458470,3
458480,2
458560,2
458580,4
458590,1
458600,1
458630,3
458710,41
458730,7
458760,2
458770,8
458830,1
458920,1
458990,1
459010,1
459080,3
459090,3
459220,57
459370,1
459540,1
459820,135
459830,2
460060,9
460120,34
460160,3
460230,1
460340,1
460430,7
460510,1
460630,1
460700,2
460780,1
460790,213
460810,66
460850,3
460910,2
460920,160
460930,449
460950,444
460960,5
460970,1
460990,1
461010,4
461040,1
461170,1
461180,1
461220,1
461230,1
461360,2
461390,1
461430,14
461490,1
461500,1
461520,1
461560,37
461620,5
461640,5
461700,2
461730,5
461750,1
461820,2
461840,24
461850,1
461870,12
461880,1
461890,2
461950,28
461970,1
462480,1
462530,1
462620,1
462640,1
462680,7
462700,1
462770,65
462780,94
462930,22
462940,2
462960,4
462990,3
463000,1
463030,4
463060,2
463070,2
463110,2
463150,23
463170,4
463180,2
463210,7
463220,4
463250,1
463270,18
463290,1
463350,2
463390,13
463460,1
463530,18
463760,1
463800,2
463850,1
463880,1
463930,5
463980,1
464060,108
464100,1
464150,3
464230,2
464340,13
464350,6
464360,7
464400,1
464440,2
464450,2
464490,1
464620,3
464650,1
464700,3
464780,4
464800,2
464880,2
464920,154
464960,1
465000,1
465020,2
465100,7
465190,1
465200,16
465240,9
465280,3
465440,2
465450,1
465490,7
465520,41
465720,1
465760,11
465780,6
466110,6
466130,7
466160,1
466170,9
466240,194
466270,4
466300,23
466350,3
466420,1
466500,37
466560,251
466630,22
466720,1
466730,2
466740,3
466780,1
466810,7
466820,1
466860,10
466890,1
466910,30
466940,6
466980,5
467210,3
467310,3
467330,1
467360,12
467370,4
467380,14
467390,1
467430,2
467520,3
467660,4
467760,4
467780,1
467810,1
467820,10
467850,1
467900,1
467930,2
467950,2
467960,46
468050,1
468240,1
468310,1
468490,8
468530,10
468560,10
468670,2
468700,6
468740,1
468800,1
468820,1
468920,30
468930,3
469600,35
469610,8
469720,1
469730,13
469790,6
469800,1
469820,95
469890,4
469920,3
469930,1
469990,13
470090,1
470210,3
470220,246
470260,14
470270,4
470310,40
470440,2
470450,1
470490,1
470740,7
470780,6
471010,13
471170,1
471330,3
471550,21
471630,2
471660,7
471710,195
471770,1
471810,3
471920,2
472060,1
472680,7
472830,1
472870,3
473450,2
473460,9
473470,2
473520,1
473560,2
473610,1
473670,1
473690,65
473770,16
473950,27
473970,3
474010,2
474020,1
474030,2
474210,8
474220,2
474750,64
474810,1
474830,1
474910,2
474960,238
474980,1
475150,140
475190,25
475240,4
475490,4
475550,209
475630,2
475960,1
476240,9
476420,4
476460,11
476480,3
476510,1
476530,5
476540,3
476600,143
476650,4
477130,3
477160,919
477270,4
477290,3
477730,1
477740,44
477770,9
477800,1
477870,10
478010,2
478950,1
478980,4
479000,1
479040,1
480410,1
480430,29
480450,3
480480,1
480490,440
480640,1
480650,23
481110,10
481180,2
481190,1
481510,93
481600,1
481870,2
482300,5
482390,1
482450,6
482890,1
482920,21
483420,4
483680,1
483770,3
483950,1
483970,1
483980,22
484350,3
484390,1
484830,1
484870,2
484900,17
484950,9
485030,4
485040,11
485240,1
485260,1
485310,9
485350,7
485370,5
485380,12
485400,2
485440,1
485450,7
485460,18
485490,3
485510,247
485600,2
485610,50
485650,1
485670,2
485690,2
485730,2
485760,1
485820,1
485830,1
485860,4
485870,3
485890,4
485900,1
485950,2
485980,32
486020,1
486290,1
486310,41
486360,5
486380,1
486440,1
486510,5
486650,5
486690,4
486780,5
486860,12
487000,15
487040,1
487120,25
487160,2
487180,2
487220,10
487350,3
487370,5
487380,1
487430,21
487580,2
487600,3
487700,6
487720,7
488040,1
488210,2
488280,7
488310,17
488440,9
488550,8
488580,1
488660,2
488690,1
488730,2
488760,1
488770,4
488790,130
488860,46
488890,1
488910,4
488920,1
489000,1
489020,1
489120,1
489140,12
489220,5
489360,28
489370,1
489380,3
489520,338
489560,1
489600,1
489610,7
489630,42
489830,578
489930,1
489940,61
490160,1
490220,10
490230,4
490280,2
490370,1
490390,5
490450,4
490820,6
490840,1
490870,2
490910,3
490920,16
490950,2
491000,3
491040,5
491060,1
491130,26
491160,2
491220,2
491260,2
491280,2
491330,3
491420,3
491510,1
491540,12
491620,1
491720,1
491790,1
491950,149
492080,1
492090,1
492150,5
492170,1
492180,2
492220,1
492230,5
492270,5
492290,1
492500,2
492610,1
492630,3
492720,69
492840,1
493060,2
493080,4
493200,28
493320,2
493340,338
493490,71
493520,282
493540,9
493700,1
493710,2
493720,1
493810,1
493820,1
493840,19
493900,70
494150,30
494220,1
494230,7
494310,1
494430,17
494490,1
494580,3
494600,2
494670,1
494700,1
494720,5
494840,67
495030,1
495050,9
495110,2
495140,21
495280,14
495290,1
495350,3
495420,189
495450,1
495480,1
495560,8
495570,5
495720,2
495780,1
495890,98
495910,41
495980,1
495990,13
496120,1
496240,43
496260,2
496300,72
496350,5
496460,19
496550,3
496620,11
496640,3
496650,2
496680,3
496810,19
496890,35
496930,2
497040,1
497050,2
497080,1
497100,1
497180,16
497360,1
497400,3
497640,15
497710,2
497720,1
497730,2
497780,4
497800,3
497820,2
497850,1
497860,1
497880,1
497940,1
498190,2
498240,92
498330,4
498340,1
498450,1
498470,1
498500,3
498510,1
498600,2
498620,1
498660,5
498830,2
498980,1
499140,1
499230,2
499330,1
499340,2
499440,40
499460,1
499520,62
499610,1
499660,8
499890,18
499910,1
500150,1
500170,1
500260,8
500360,2
500380,1
500580,2
500590,1
500670,4
500710,2
500810,13
500870,1
501050,1
501080,8
501110,1
501190,1
501300,252
501320,10
501380,1
501470,1
501590,55
501760,5
501790,3
501840,5
501940,1
501970,2
501990,1
502090,1
502100,2
502140,1
502240,1
502280,12
502320,1
502370,5
502400,1
502500,217
502520,22
502550,9
502570,1
502710,4
502720,2
502740,2
502750,2
502770,1
502800,34
502820,8
502880,1
502940,14
503160,1
503180,3
503210,1
503350,28
503390,1
503400,3
503480,1
503560,110
503580,12
503620,4
503630,1
503680,1
503820,7
503860,1
503940,26
504000,1
504050,4
504090,2
504110,1
504130,21
504210,30
504230,518
504300,5
504370,340
504390,2
504400,2
504420,1
504490,2
504690,3
504700,1
504770,5
504800,2
504880,1
504920,2
504980,1
505040,9
505060,5
505070,1
505170,19
505210,2
505230,48
505330,1
505400,1
505460,138
505630,5
505640,7
505680,1
505700,1
505730,6
505740,5
505750,4
506090,1
506140,14
506260,1
506500,23
506510,2
506610,54
506670,1
506730,6
506870,4
506900,2
507010,29
507210,1
507380,1
507390,1
507490,23
507520,2
508170,2
508180,1
508200,1
508290,4
508390,6
508440,325
508530,3
508550,8
508600,2
508710,2
508740,1
508790,1
508840,7
508900,65
508950,1
508980,11
508990,2
509110,1
509190,1
509220,19
509250,7
509360,1
509400,1
509420,4
509560,3
509570,6
509580,3
509600,1
509770,2
509780,1
509800,2
509850,4
509880,2
509920,1
509960,2
509980,84
510050,22
510250,1
510290,1
510420,23
510490,5
510500,5
510540,1
510570,1
510620,7
510650,1
510750,1
510790,1
510840,6
511090,1
511140,2
511160,1
511330,1
511350,1
511470,47
511660,1
511680,33
511740,15
511800,11
512000,1
512020,2
512060,5
512120,1
512160,5
512230,1
512250,34
512300,4
512460,1
512470,34
512490,2
512550,2
512560,1
512790,16
512890,2
512900,121
512920,1
513000,14
513210,1
513230,8
513250,1
513290,3
513340,2
513360,2
513370,1
513440,2
513450,7
513480,2
513510,33
513560,14
513620,2
513690,1
513710,272
513780,15
513860,1
513890,3
513930,1
513990,1
514090,1
514170,1
514180,1
514240,1
514290,1
514310,9
514360,1
514390,2
514460,1
514480,1
514490,1
514500,6
514580,1
514620,2
514670,1
514750,1
514890,1
514920,11
515000,1
515020,4
515040,21
515180,44
515260,3
515470,5
515570,1
515650,2
515690,1
515960,10
516110,7
516130,2
516470,1
516480,4
516510,5
516590,1
516600,7
516750,176
516940,1
517000,2
517060,1
517130,3
517160,3
517210,1
517280,1
517320,1
517360,1
517370,2
517470,1
517630,111
517710,47
517720,1
517790,7
517810,6
517910,9
518030,35
518060,9
518150,55
518580,17
518620,1
518660,4
518690,2
518730,6
518790,547
519080,1
519140,11
519170,1
519190,46
519860,169
519870,1
519940,1
520010,5
520440,70
520720,38
520850,4
520860,4
520910,1
520940,4
520950,4
521100,1
521150,11
521200,15
521210,1
521230,1
521350,5
521430,3
521570,6
521630,3
521690,1
521790,1
521860,1
521880,3
521890,52
521920,1
521980,1
522020,3
522040,9
522210,19
522230,2
522240,1
522470,23
522490,1
522570,6
522660,2
522880,1
522940,2
523000,9
523030,1
523060,1
523150,1
523160,2
523210,16
523600,1
523640,3
523660,18
523680,1
523710,1
523740,2
523780,55
524010,1
524120,1
524220,866
524380,1
524390,3
524520,1
524580,20
524640,5
524850,7
524910,10
525040,6
525150,2
525190,1
525350,1
525360,14
525370,3
525380,1
525480,26
525510,25
525540,1
525620,3
525640,4
525680,1
525700,4
525780,6
525920,1
526130,1
526140,1
526160,33
526180,2
526310,1
526430,1
526490,3
526540,4
526740,17
526790,3
526870,619
527100,13
527150,1
527160,1
527190,2
527230,217
527280,7
527290,8
527340,4
527350,1
527430,68
527440,4
527450,26
527700,3
527710,2
527740,1
527770,1
527800,1
527990,1
528010,1
528060,2
528160,1
528230,120
528260,1
528430,1
528460,1
528510,1
528550,9
528580,1
528610,3
528660,4
528720,1
528740,2
528820,3
529110,29
529130,1
529160,1
529180,37
529240,3
529280,1
529340,12
529420,2
529490,3
529520,5
529590,5
529660,10
529760,2
529770,1
529780,10
529790,1
529890,2
529900,2
529910,1
529950,5
529970,1
530020,2
530040,1
530120,2
530320,27
530330,40
530350,2
530370,1
530390,11
530520,1
530620,43
530630,5
530890,49
530920,2
530950,7
530960,1
531050,1
531110,2
531180,1
531200,1
531510,122
531640,26
531660,2
531680,2
531730,3
531740,1
531890,1
531930,2
531960,6
532030,1
532110,42
532170,1
532190,8
532210,173
532290,1
532320,2
532470,1
532750,1
532770,3
532800,1
532840,18
532920,4
532980,1
533170,2
533180,1
533300,93
533330,1
533340,1
533480,1
533850,2
533860,1
533950,4
534000,1
534110,6
534190,2
534220,2
534230,1
534290,5
534370,9
534380,309
534550,21
534570,2
534680,1
535150,1
535410,1
535440,1
535480,39
535520,2
535630,1
535760,2
535930,128
535980,1
536040,2
536210,1
536220,115
536270,51
536280,1
536420,1
536450,1
536560,2
536630,1
536640,1
536690,2
536750,1
536770,1
536780,2
536890,5
537110,29
537130,1
537180,18
537340,22
537430,4
537450,11
537520,1
537800,82
537990,1
538060,2
538070,11
538100,15
538590,1
538680,31
538710,1
538810,6
538840,3
539270,1
539290,1
539320,1
539330,2
539400,5
539440,3
539450,1
539460,1
539470,37
539640,3
539650,1
539660,2
539670,4
539720,19
539730,2
539750,1
540100,5
540190,1
540510,1
540610,16
540780,2
540840,31
541190,1
541200,25
541210,11
541230,2
541240,1
541300,14
541370,1
541380,3
541570,64
541640,4
541660,2
541670,5
541920,1
542030,1
542050,7
542200,2
542260,5
542280,2
542290,1
542340,3
542350,1
542400,1
542480,3
542520,1
542550,1
542650,1
542770,4
542780,1
543100,1
543140,7
543240,2
543260,17
543390,1
543460,20
543600,1
543870,21
543900,26
543930,3
544180,4
544310,5
544330,17
544390,11
544550,39
544580,1
544600,2
544610,13
544630,1
544650,1
544730,7
544750,101
544810,77
544870,1
544920,106
544970,3
545030,2
545040,4
545110,6
545150,2
545180,2
545340,2
545410,3
545430,1
545540,2
545580,3
545590,1
545600,6
545690,8
545800,1
545820,2
545960,1
545980,1
546050,36
546070,2
546080,9
546170,1
546230,1
546340,1
546350,1
546390,12
546400,2
546430,11
546550,2
546560,454
546600,1
546780,1
546930,4
547050,1
547180,3
547310,3
547340,3
547360,4
547410,1
547680,13
547850,2
547870,1
547900,3
547910,5
547930,1
547960,5
547980,1
548020,1
548050,1
548090,3
548290,1
548340,4
548370,1
548430,880
548480,1
548560,1
548570,95
548680,1
548720,1
548840,2
548890,1
548900,1
549040,1
549080,1
549100,3
549160,1
549240,2
549260,4
549670,1
549740,1
549760,2
549860,5
550010,14
550080,10
550310,5
550320,19
550340,4
550450,1
550470,9
550590,1
550650,64
550670,2
550810,4
550840,3
551050,2
551110,9
551170,7
551190,1
551450,7
551500,1
551550,1
551620,2
551700,1
551730,5
551750,1
551770,8
551860,7
552030,1
552080,5
552100,186
552110,3
552130,1
552140,1
552160,7
552280,20
552390,2
552400,1
552410,1
552440,3
552450,5
552500,550
552520,709
552590,26
552620,35
552700,32
552880,4
552960,1
552970,4
552990,288
553110,2
553130,1
553210,7
553260,4
553290,1
553310,65
553340,3
553420,23
553480,2
553520,2
553640,151
553660,7
553790,4
553800,1
553880,2
553960,4
554150,2
554290,1
554310,14
554330,1
554530,9
554600,5
554620,197
554640,3
554660,2
554820,1
555000,34
555050,1
555150,25
555160,263
555220,79
555260,1
555320,1
555400,3
555450,1
555510,2
555570,113
555580,2
555610,1
555640,3
555660,1
555670,1
555750,1
555880,21
555930,1
555950,32
556050,1
556060,1
556160,1
556180,2
556230,1
556260,1
556280,2
556640,1
556740,1
556820,4
556860,2
556870,2
557040,2
557190,2
557260,2
557330,2
557340,237
557400,7
557410,3
557580,2
557600,86
557630,8
557670,1
557680,1
557750,1
557810,3
557880,2
557890,1
557970,1
558100,40
558110,2
558260,8
558340,1
558420,29
558450,3
558660,3
558680,1
558990,52
559010,2
559070,1
559100,33
559210,36
559260,1
559310,1
559330,6
559610,8
559620,7
559650,98
559680,5
559870,1
559910,2
559920,1
559960,1
560130,145
560170,9
560430,3
560740,1
560970,1
561190,1
561600,4
561740,3
561770,3
561930,1
561970,2
562010,20
562050,1
562220,76
562230,3
562260,1
562270,2
562280,1
562340,1
562360,25
562410,4
562430,1
562470,1
562500,19
562520,2
562570,4
562600,1
562700,1
562810,27
562840,1
562860,35
563150,1
563260,1
563400,1
563560,142
563840,22
563910,1
564050,7
564150,3
564160,2
564210,1
564230,23
564310,31
564530,5
564710,30
564810,2
564940,1
565020,4
565110,1
565120,4
565170,1
565180,2
565720,2
565860,8
566050,3
566160,25
566190,6
566440,4
566490,1
566530,1
566540,6
566560,2
566860,18
566910,1
567010,1
567030,4
567060,1
567130,2
567150,2
567160,2
567280,12
567290,10
567370,3
567380,9
567580,5
567630,26
567640,127
567670,1
567750,1
568040,1
568090,25
568200,1
568220,100
568320,5
568400,1
568460,1
568570,28
568580,1
568720,1
568770,12
568780,1
568830,1
568930,4
569290,2
569370,1
569480,122
569530,4
569610,2
569640,1
569720,2
569770,3
569800,3
569810,2
569860,15
570000,2
570050,1
570350,1
570420,1
570490,1
570770,8
570780,21
570840,22
570900,1
570940,520
570980,1
571260,26
571310,39
571340,1
571350,6
571430,1
571530,13
571720,1
571740,114
571880,18
572000,1
572160,1
572220,2
572330,1
572410,27
572430,16
572520,4
572890,47
573040,2
573060,1
573080,3
573090,182
573100,38
573110,1
573120,8
573130,2
573170,2
573210,1
573320,7
573410,14
573490,3
573770,2
574030,3
574050,9
574070,2
574080,3
574090,14
574140,2
574160,1
574180,1
574200,1
574260,1
574310,3
574560,9
574580,1
574640,2
574720,11
574740,3
574760,8
574820,3
574940,2
574980,33
575050,3
575330,5
575340,1
575400,1
575450,1
575480,7
575490,6
575510,7
575580,2
575590,1
575640,48
575650,3
575690,1
575700,4
575710,1
575720,3
575760,2
575780,1
575810,1
575820,1
575830,1
575840,1
575920,1
575940,2
575950,4
576030,1
576050,1
576100,1
576120,1
576130,3
576310,1
576410,1
576470,7
576480,1
576500,2
576540,1
576620,1
576650,1
576670,1
576740,2
576770,18
576810,3
576840,1
576860,2
576960,3
577080,1
577180,2
577230,15
577390,1
577410,1
577460,2
577480,3
577530,1
577580,2
577670,19
577690,18
577710,1
577730,1
577890,1
577940,30
577990,1
578080,393
578210,3
578310,87
578330,38
578390,1
578420,1
578440,1
578540,7
578590,1
578620,76
578650,84
578660,1
578690,1
578720,7
578800,1
578850,14
578900,6
578930,2
579020,2
579110,5
579120,1
579150,1
579180,34
579760,2
579820,1
579840,9
579980,1
580040,3
580170,10
580200,16
580520,2
580570,1
580720,4
580890,1
581030,2
581060,1
581100,2
581130,9
581230,1
581270,24
581320,715
581370,2
581380,2
581520,4
581630,33
581660,2
581670,1
581730,1
581910,1
581970,3
582010,539
582160,515
582260,1
582270,25
582370,1
582500,125
582550,36
582560,1
582610,1
582620,2
582660,294
582810,5
582890,20
582990,1
583010,6
583030,1
583040,2
583090,1
583270,2
583470,17
583490,1
583620,2
583760,12
583950,87
584220,1
584370,2
584400,149
584640,12
584800,2
584930,1
584940,1
584980,66
584990,6
585020,8
585180,3
585190,1
585260,1
585420,65
585450,8
585550,7
585690,8
585710,11
585830,5
585840,9
585880,2
585890,1
585900,3
585910,3
585950,6
586030,9
586060,2
586110,2
586140,59
586200,9
586210,6
586240,2
586310,2
586350,4
586380,6
586620,1
586660,1
586750,2
586790,1
586880,6
586950,3
586960,8
586970,4
586980,21
587000,9
587100,6
587110,6
587180,1
587220,19
587260,12
587420,7
587430,23
587450,5
587470,7
587580,1
587620,41
587650,29
587810,2
587860,5
587970,1
588030,19
588040,41
588110,4
588120,1
588190,5
588240,1
588430,402
588440,1
588560,1
588620,1
588650,430
588690,24
588730,10
588950,19
588970,15
588990,1
589040,2
589200,1
589290,188
589320,1
589360,66
589420,2
589500,4
589510,4
589530,10
589590,30
589670,5
589690,1
589760,5
589770,4
589780,68
589860,2
589870,49
589940,3
590280,2
590380,100
590590,6
590690,6
590850,2
590970,1
591000,1
591350,1
591370,20
591380,2
591420,33
591460,13
591630,5
591680,2
591740,8
591760,2
591790,2
591960,22
592030,2
592060,1
592100,2
592260,7
592300,2
592480,5
592620,1
592660,2
593200,11
593280,66
593600,43
593620,3
593640,2
593700,1
593960,9
594040,2
594050,1
594130,4
594220,2
594320,1
594330,52
594350,2
594550,3
594570,457
594650,669
594680,6
594750,2
595060,3
595100,1
595120,2
595140,38
595260,1
595280,15
595320,1
595430,1
595440,4
595460,1
595500,1
595520,69
595560,1
595660,1
595690,11
595740,4
595780,1
595790,5
595960,1
596000,1
596080,1
596380,1
596560,1
596590,1
596620,1
596650,7
596740,1
596870,5
596940,2
596970,21
597030,2
597040,1
597120,1
597150,2
597170,137
597180,6
597200,1
597220,71
597230,5
597590,1
597700,5
597760,51
597770,2
597810,1
597820,51
597840,5
597970,1
598060,6
598070,1
598330,12
598340,1
598350,1
598430,1
598440,4
598450,3
598480,1
598490,3
598530,1
598550,14
598700,59
598730,3
598780,2
598810,4
598940,1
598960,14
598980,31
599000,1
599040,1
599080,24
599140,175
599160,1
599460,8
599590,1
599610,2
599750,5
599900,1
600090,16
600120,4
600130,10
600210,1
600280,2
600370,11
600420,1
600430,1
600460,1
600480,9
600630,2
600660,2
600750,3
600990,17
601010,1
601050,30
601150,250
601170,2
601220,60
601400,1
601430,191
601510,136
601530,6
601590,1
601810,6
601840,66
602070,1
602080,1
602320,13
602430,1
602480,2
602520,117
602590,1
602700,1
602770,5
602890,10
602910,3
602960,307
603010,2
603020,2
603030,4
603060,3
603090,1
603100,2
603110,2
603130,2
603140,3
603190,1
603230,1
603260,12
603320,4
603330,1
603350,2
603360,3
603390,4
603530,5
603700,4
603750,1
603800,2
603810,1
603850,86
603880,6
603930,1
603960,24
604000,1
604010,2
604140,1
604230,1
604240,48
604300,1
604330,12
604450,44
604490,11
604500,6
604510,1
604540,5
604740,1
604780,5
605100,1
605190,1
605230,3
605310,1
605450,5
605740,48
605770,1
605830,1
605850,1
605990,4
606150,81
606230,17
606280,76
606330,4
606370,1
606480,2
606500,13
606510,2
606710,3
606730,3
606800,25
606860,4
606870,1
606880,91
606890,3
606920,1
606980,6
607020,1
607040,1
607050,29
607080,52
607210,3
607260,38
607400,1
607440,1
607460,4
607560,1
607660,1
607880,11
607890,47
608110,2
608120,3
608370,1
608530,2
608630,1
608760,1
608800,17
608990,3
609110,10
609150,8
609320,69
609490,17
609920,11
609940,3
610080,33
610120,1
610180,15
610190,6
610360,30
610370,37
610380,4
610410,4
610570,1
610660,2
610670,1
610730,2
610810,4
610840,1
610900,1
610960,7
611020,3
611040,5
611060,1
611120,3
611160,10
611300,1
611350,1
611360,4
611500,191
611660,55
611670,61
611750,1
611760,17
611770,1
611790,98
611830,2
611860,1
611980,15
612020,12
612100,2
612110,4
612140,1
612300,1
612370,2
612390,10
612470,13
612510,1
612540,1
612570,5
612620,2
612820,2
612880,263
612930,3
613010,1
613100,341
613190,5
613240,1
613450,2
613470,1
613670,1
613730,8
613830,43
613880,3
614030,2
614570,91
614630,2
614890,1
614900,1
614910,5
614950,7
614960,1
615010,1
615020,1
615090,1
615120,17
615340,1
615530,2
615610,23
615630,1
615670,1
615730,1
615780,1
616000,1
616040,1
616110,21
616220,4
616250,5
616520,3
616560,72
616700,4
616720,20
616740,1
616830,3
616920,1
617030,3
617160,16
617290,321
617440,2
617450,1
617480,22
617590,1
617610,1
617660,5
617670,120
617700,13
617710,1
617820,1
617830,82
618080,10
618140,30
618360,1
618470,2
618510,5
618590,1
618610,2
618720,2
618740,23
618750,1
618850,3
618920,1
618950,4
618970,10
619150,30
619210,2
619280,3
619310,2
619320,5
619340,1
619390,1
619490,1
619500,5
619700,4
619780,12
619880,14
619910,29
620190,1
620210,9
620220,4
620590,42
620650,1
620700,1
620710,2
620900,1
620940,1
620980,596
621000,9
621020,1
621060,319
621070,2
621080,1
621220,7
621830,35
621880,3
622010,1
622170,2
622220,39
622370,1
622420,3
622460,3
622650,115
622670,3
622680,2
622720,7
622770,2
622830,2
622870,3
622890,1
622920,1
623080,30
623090,3
623160,1
623280,17
623340,4
623580,2
623810,3
623840,3
623940,29
624270,12
624320,2
624410,1
624970,3
625000,1
625340,21
625430,1
625680,2
625740,1
625910,1
625960,70
625980,1
626510,2
626550,2
626600,1
626610,3
626630,1
626660,2
626680,4
626690,115
627270,93
627670,1
627690,58
627890,1
628060,1
628070,11
628200,1
628290,3
628320,2
628350,1
628440,2
628550,1
628580,1
628670,13
628700,2
628710,1
628730,4
628750,9
628760,2
628770,3
628890,4
628900,2
628920,2
628950,11
629000,4
629030,1
629040,1
629090,9
629220,5
629440,2
629520,355
629540,2
629550,1
629690,6
629730,363
629760,619
629770,4
629820,40
629840,6
629910,13
629960,3
630030,4
630060,9
630310,2
630490,1
630610,4
630630,1
630720,3
630900,1
631510,76
631540,1
631570,12
631980,3
631990,1
632000,6
632020,2
632070,6
632200,2
632300,17
632350,42
632360,676
632470,301
632510,1
632750,1
632900,1
633030,30
633060,10
633110,1
633230,163
633360,9
633440,1
633460,44
633950,1
634120,1
634160,8
634410,3
635200,11
635250,7
635260,208
635310,2
635320,28
635390,2
635410,1
635670,1
635880,1
635900,1
635940,3
636040,25
636070,3
636100,10
636150,16
636170,1
636450,9
636480,329
636570,5
636960,1
636970,5
637040,1
637050,2
637060,1
637090,102
637100,29
637120,1
637410,2
637650,299
637670,14
637850,39
637860,2
637880,1
638000,8
638070,15
638110,14
638160,1
638200,2
638230,161
638360,2
638490,14
638650,16
638800,1
638850,3
638930,2
638970,455
638990,4
639130,1
639270,1
639300,1
639460,1
639470,2
639490,2
639720,1
639770,1
639840,1
640050,1
640090,1
640120,4
640150,1
640210,5
640290,1
640310,1
640340,2
640380,3
640590,42
640820,116
640890,13
641080,10
641320,87
641780,4
641960,7
641980,1
641990,163
642520,1
642560,9
642610,2
642770,1
642830,1
642890,1
643200,2
643270,44
643590,1
643620,3
643700,1
643810,4
643820,3
643870,5
643880,4
643900,1
643960,1
643980,1
644000,1
644010,1
644200,4
644290,2
644320,3
644370,1
644380,1
644390,3
644480,1
644540,3
644580,1
644640,3
644710,2
644830,37
644930,222
645090,35
645260,5
645270,1
645290,1
645450,1
645630,184
645690,3
645730,5
645750,1
645790,4
646100,1
646200,6
646270,22
646500,8
646570,728
646600,1
646820,1
646910,250
647040,1
647570,3
647740,2
647830,33
647960,19
648060,1
648100,28
648120,6
648350,224
648390,34
648410,1
648580,3
648800,340
648890,3
649120,1
649170,1
649190,3
649240,1
649360,1
649450,1
649580,3
649600,2
649790,1
649810,1
649870,1
649890,1
649950,15
650000,17
650070,1
650220,3
650330,1
650350,1
650440,1
650510,10
650570,1
650670,1
650700,34
650750,1
650760,10
650780,4
650940,2
651090,1
651150,2
651340,1
651380,1
651470,1
651500,10
651660,10
651670,11
652030,2
652190,3
652340,1
652410,1
652660,1
652890,1
653530,120
653930,1
653940,1
653950,11
654050,5
654220,2
654260,8
654440,3
654550,1
654610,1
654710,2
654810,1
654820,1
654850,3
654880,24
654890,2
654900,15
654990,10
655030,1
655080,1
655100,11
655270,2
655290,4
655370,2
655480,2
655500,18
655730,5
655740,5
655760,1
655770,3
655790,2
655910,1
656030,1
656040,1
656140,3
656200,7
656210,2
656240,4
656350,40
656450,1
656490,1
656510,1
656580,1
656600,6
656610,3
656700,1
656740,1
656880,5
656900,1
656970,4
657010,2
657040,2
657050,1
657070,1
657090,2
657120,1
657200,264
657240,6
657440,2
657470,1
657480,1
657590,1
657630,8
657690,3
657990,1
658060,1
658150,2
658160,3
658260,9
658400,1
658470,4
658500,1
658550,12
658560,22
658570,4
658590,1
658600,4
658620,8
658630,2
658690,3
658700,8
658850,65
658890,1
658920,8
658970,2
658980,6
659110,1
659190,9
659540,7
659840,2
660160,3
660520,1
660920,1
661000,4
661040,2
661130,5
661230,2
661290,7
661430,3
661790,25
661920,2
661940,2
661960,1
661990,2
662190,1
662210,2
662540,1
662700,1
662830,4
662870,1
662960,17
663110,1
663240,2
663300,2
663390,4
663830,1
663920,1
664000,3
664090,1
664180,8
664290,1
664320,1
664450,1
664750,5
664830,5
664850,1
665040,1
665090,15
665120,1
665270,3
665300,10
665330,4
665360,55
665370,6
665490,7
665650,1
665840,1
665890,2
665920,1
665960,1
666020,4
666140,226
666150,6
666220,63
666330,6
666570,6
666610,1
666730,1
666800,1
666820,1
666860,13
666870,3
666940,5
667300,2
667530,64
667600,11
667720,28
667770,1
667800,1
667810,2
667870,25
667890,18
667970,69
668170,1
668210,17
668320,2
668350,3
668360,2
668430,1
668550,5
668590,3
668600,1
668630,172
668680,4
668770,1
669050,1
669290,1
669320,1
669390,1
669440,1
669500,2
669580,3
669630,2
669660,1
669950,6
670100,2
670160,8
670260,2
670290,41
670750,1
670900,1
670930,1
671090,2
671170,1
671240,1
671270,1
671390,4
671440,18
671510,38
671550,1
671610,17
671620,7
671700,2
671720,2
671800,5
671920,1
671970,3
671980,2
672160,2
672630,16
672640,4
672680,17
673000,11
673060,1
673070,1
673130,74
673190,2
673210,2
673220,2
673260,4
673450,4
673560,3
673610,26
673660,1
673750,12
673800,11
673850,1
673880,47
673940,1
673950,96
674020,111
674090,3
674140,10
674310,2
674400,3
674440,2
674500,33
674520,31
674570,1
674750,12
674930,8
674940,827
675010,128
675030,1
675170,8
675240,2
675260,48
675490,1
675690,2
675730,1
675810,1
675910,1
675940,2
675960,1
676090,3
676130,2
676420,2
676430,4
676440,1
676450,1
676500,11
676630,3
676700,1
676770,1
676820,11
676830,1
676840,2
677120,34
677160,38
677280,2
677330,2
677340,7
677450,1
677480,3
677620,179
677790,1
677910,1
678190,1
678520,3
678560,2
678800,39
678900,13
678950,306
678960,334
678970,1
679190,1
679400,1
679490,3
679500,1
679750,2
679770,2
679900,29
679990,31
680030,1
680310,2
680340,1
680360,29
680380,5
680390,1
680400,1
680420,201
680480,2
680590,4
680620,1
680690,1
680750,1
680980,5
681060,2
681100,1
681110,2
681280,72
681290,1
681330,2
681390,5
681480,1
681590,3
681620,1
681730,3
681950,1
682080,1
682130,20
682140,2
682170,2
682230,1
682290,3
682450,2
682470,1
682480,1
682530,4
682570,3
682590,1
682910,1
682990,52
683220,1
683260,1
683320,348
683530,2
683690,1
683830,3
683890,2
683900,2
683940,1
684050,4
684200,2
684210,1
684230,1
684270,2
684320,1
684380,1
684400,1
684410,37
684450,10
684530,1
684580,12
684680,16
685200,1
685240,3
685310,4
685340,3
685400,4
685670,1
685680,4
685690,3
685790,2
686200,63
686260,5
686680,8
686720,2
686770,2
686810,407
686900,1
687260,8
687540,1
687590,1
687600,1
687750,1
687830,3
687850,2
687920,7
687980,1
688020,1
688060,10
688130,21
688140,2
688260,1
688420,40
688470,8
688500,1
688690,2
688740,1
688770,1
689070,2
689090,8
689700,3
689900,1
689910,5
689980,3
690040,75
690060,2
690420,2
690530,23
690620,1
690640,66
690740,1
690790,179
690810,3
690830,40
690850,1
690930,5
690980,1
691020,7
691080,1
691150,3
691160,9
691190,1
691240,1
691260,12
691280,6
691320,6
691390,1
691450,8
691540,2
691630,3
691690,26
691770,6
691830,1
692100,5
692200,2
692690,1
692790,1
692840,1
692850,197
692890,33
692930,1
692950,1
693700,2
693800,4
693880,1
693960,1
694060,2
694130,2
694280,35
694500,8
694680,2
694720,4
694770,2
694980,2
695110,2
695290,10
695360,1
695450,1
695510,1
695600,1
695630,2
695720,1
695920,18
695970,3
696060,1
696150,1
696170,25
696180,4
696220,8
696360,1
696370,20
696480,12
696560,1
696990,2
697250,1
697650,3
697900,1
698050,2
698260,1
698330,1
698540,9
698590,1
698640,13
698670,10
698700,2
698770,1
698780,400
698790,1
698870,4
698910,1
699130,48
699150,3
699170,27
699180,8
699240,4
699480,1
699540,1
699670,4
699700,1
699920,13
699940,1
700100,2
700160,3
700200,1
700330,726
700480,1
700570,1
700600,34
701160,110
701380,4
701440,1
701470,1
701720,1
701730,3
701810,2
701870,1
701930,10
702030,1
702050,34
702110,2
702120,4
702320,2
702670,56
702680,2
702700,2
702810,9
702890,23
703080,190
703180,3
703320,4
703500,2
703510,3
703630,1
703700,30
703840,8
703860,29
703880,1
703940,2
703980,2
704030,1
704040,7
704190,2
704200,2
704210,2
704270,133
704300,1
704360,1
704450,47
704640,1
704690,2
704850,127
704910,3
704920,3
705120,33
705210,6
705220,16
705280,6
705290,1
705300,1
705340,1
705500,3
705740,1
705770,1
705810,1
705870,1
706020,8
706130,1
706490,2
706560,4
706880,1
706960,1
706990,66
707010,55
707030,45
707060,1
707300,4
707340,1
707400,1
707590,1
707870,1
708150,1
708340,2
708450,1
708680,1
708720,8
708820,1
708930,1
709510,1
709800,1
709920,6
710030,6
710170,1
710190,1
710250,1
710470,12
710600,1
710610,1
710710,3
710780,2
710920,61
711010,1
711210,1
711230,1
711320,1
711440,2
711540,12
711560,1
711660,19
711690,1
711750,8
711770,2
711810,30
711920,1
711930,1
711980,3
712000,1
712080,1
712100,34
712190,11
712390,1
712730,23
712870,2
713050,1
713160,2
713220,1
713260,3
713530,2
713650,5
713680,2
714010,290
714020,5
714080,2
714120,57
714240,1
714250,2
714280,2
714370,4
714580,1
714590,1
714800,3
715010,3
715090,1
715210,1
715310,1
715370,1
715380,5
715400,2
715510,9
715560,26
715580,2
715650,3
715670,1
715690,1
715810,1
715980,1
716330,1
716340,1
716380,1
716490,9
716500,9
716560,1
716640,7
716650,2
716680,2
716710,8
716770,1
717310,2
717560,3
717610,5
717640,8
717790,1
717850,1
717950,2
717990,1
718120,1
718330,2
718370,1
718560,11
718590,12
718650,3
718670,43
718850,26
718940,1
719040,54
719080,1
719110,1
719180,1
719640,4
719750,10
719800,1
719890,19
719950,1
720030,5
720150,1
720250,18
720280,33
720300,4
720350,4
720380,3
720560,20
720620,14
721030,2
721090,4
721390,1
721940,2
722060,3
722180,6
722230,7
722250,1
722290,1
722540,2
722560,4
722620,1
722670,3
722730,7
722870,4
722960,16
722990,1
723100,1
723110,1
723270,3
723350,4
723390,10
723780,38
723790,1
724250,1
724300,5
724470,1
724680,1
724740,7
724970,31
725080,3
725100,3
725120,1
725270,2
725280,2
725330,3
725340,14
725480,20
725780,2
725960,2
726110,7
726200,1
726250,1
726340,1
726390,7
726590,10
726620,1
726720,1
726760,2
726800,1
726830,4
726840,2
726880,1
726910,4
727020,7
727130,11
727280,1
727450,1
727540,2
727570,1
727640,2
727730,2
727760,1
727830,1
727850,10
727910,2
728240,4
728530,28
728540,19
728730,2
728740,8
728880,222
729000,5
729030,1
729040,98
729090,1
729300,1
729370,1
729530,3
729660,16
729670,2
729720,4
730030,1
730050,2
730310,13
730390,10
730410,1
730620,6
730820,11
730830,1
730870,2
731490,132
731720,1
731770,1
731880,1
732030,1
732050,2
732070,1
732230,1
732240,3
732370,22
732400,1
732430,82
732670,1
732690,85
732730,2
732810,15
732950,1
733050,2
733070,18
733090,1
733180,1
733210,6
733250,2
733300,3
733340,4
733460,1
733480,1
733690,1
733740,2
733790,19
733820,1
733990,18
734120,1
734330,2
734510,1
734580,24
734730,1
734750,43
734820,1
734910,6
734980,1
735060,1
735260,1
735280,2
735290,9
735350,7
735570,13
735580,11
735850,11
736190,86
736220,88
736260,172
736570,3
736710,1
736840,1
736850,9
736860,1
737710,3
737870,2
738000,1
738020,2
738060,128
738270,1
738470,1
738510,6
738520,49
738530,7
738540,19
738560,1
738610,1
738650,1
738760,1
738840,2
738920,1
739080,3
739130,1
739190,1
739290,1
739360,1
739410,2
739540,3
739630,558
739650,8
739980,2
739990,1
740040,2
740080,6
740130,135
740200,4
740240,1
740250,8
740260,18
740280,1
740290,3
740410,2
740470,6
740570,1
740600,5
740790,1
740810,1
741140,13
741250,1
741260,5
741400,1
741430,2
741450,1
741500,1
741510,6
741590,2
741670,10
741820,2
741990,3
742170,2
742250,12
742300,23
742480,1
742490,4
742500,2
742510,1
742520,1
742970,1
743130,5
743190,1
743350,1
743390,26
743450,68
743580,1
743640,36
743670,1
743890,11
743900,7
744050,1
744060,10
744190,29
744220,1
744270,1
744400,1
744420,1
744520,4
744800,5
744810,18
744900,77
745000,2
745010,1
745330,4
745560,4
745740,9
745760,1
745810,1
745850,9
745880,40
745890,2
745920,128
745960,12
746140,1
746400,1
746510,5
746560,2
746580,17
746710,4
746850,77
746910,2
746920,2
746930,12
746940,2
747200,11
747250,12
747310,1
747320,1
747340,9
747350,5
747360,6
747610,16
747620,1
747650,1
747660,121
747690,1
747850,1
747910,1
747920,1
748040,2
748300,8
748360,11
748370,11
748480,2
748490,21
748940,10
748970,3
749050,3
749140,1
749250,5
749340,1
749410,1
749520,13
749540,1
749800,1
749840,1
749860,2
749890,1
749920,1
749990,2
750050,7
750070,1
750130,5
750170,2
750210,1
750330,1
750450,2
750460,1
750520,2
750800,1
750850,2
750920,454
750960,1
750990,3
751060,1
751250,1
751280,1
751300,2
751440,11
751450,1
751500,1
751630,7
751640,2
751690,7
751730,1
751780,211
751820,7
752170,1
752380,1
752470,1
752480,4
752570,1
752580,3
752590,344
752800,1
752910,1
753220,8
753230,2
753360,5
753420,34
753590,5
753610,2
753640,214
753650,52
753660,1
753930,2
753990,1
754040,4
754050,8
754120,5
754150,7
754350,1
754500,1
754530,3
754620,3
754850,1
755150,1
755500,11
755560,1
755790,190
755800,5
755890,1
755980,4
756020,1
756440,2
756500,1
756530,1
756590,5
756880,3
757040,1
757130,3
757180,1
757200,2
757210,11
757240,20
757300,8
757310,13
757320,26
757330,5
757480,7
757630,1
757910,1
758090,9
758120,1
758190,49
758330,23
758370,10
758410,1
758480,3
758500,3
758530,7
758560,2
758570,2
758660,1
758730,1
758870,10
758880,1
758930,1
758990,5
759160,1
759220,1
759260,1
759440,2
759640,1
759740,18
759940,9
760060,93
760160,98
760330,3
760350,1
760410,3
760460,1
760550,3
760650,4
760660,1
760810,1
760930,1
761000,1
761030,2
761070,1
761170,2
761350,5
761460,2
761600,14
761620,42
761700,2
761790,1
761830,11
761890,208
761910,1
762180,1
762190,2
762220,5
762490,1
762560,1
762590,2
762610,1
762650,6
762830,5
762840,3
762930,2
763030,1
763230,1
763250,3
763340,2
763360,1
763410,23
763430,2
763760,1
763890,53
763910,1
763970,2
764010,2
764030,2
764050,9
764230,5
764300,8
764500,3
764510,1
764560,1
764570,1
764790,73
764920,6
765030,3
765100,2
765160,1
765180,1
765250,1
765260,1
765410,68
765640,7
765710,7
765810,9
765870,10
765900,2
765940,1
766000,2
766280,19
766560,1
766570,76
766730,2
767030,1
767390,2
767420,2
767490,2
767560,30
767930,6
767970,2
768090,1
768100,3
768180,1
768270,1
768450,3
768460,1
768520,10
768590,1
768840,1
769360,1
769550,3
769560,30
769680,1
769920,3
769940,1
769950,2
769970,2
769980,1
770070,1
770100,6
770110,1
770200,1
770390,17
770460,3
770490,2
770500,1
770810,3
771060,4
771240,3
771350,7
771420,2
771530,1
771810,3
771840,1
771950,1
772160,1
772290,4
772430,3
772480,3
772500,1
772540,2
772610,1
772680,2
773090,2
773130,1
773370,24
773390,2
773430,1
773540,1
773580,3
773590,1
773670,14
773790,9
773840,2
773951,90
774091,1
774171,484
774181,93
774191,1
774201,17
774221,1
774241,17
774261,1
774321,1
774331,1
774351,4
774361,202
774461,18
774511,6
774541,4
774791,1
774811,2
774861,105
775490,1
775500,49
775580,2
775940,18
776180,1
776340,4
776490,26
776550,1
776580,3
776600,1
776670,1
776820,1
776890,1
776960,9
777020,1
777130,25
777160,1
777200,4
777240,4
777400,1
777410,1
777650,5
777770,2
777880,2
778330,3
778390,3
778590,1
778830,1
778840,1
778850,1
779050,1
779130,1
779290,9
779330,4
779340,349
779360,1
779590,4
779640,15
779650,1
779960,2
779990,8
780100,1
780210,7
780290,36
780310,52
780350,3
780390,1
780500,3
780670,3
780750,3
780800,4
780840,1
781030,2
781130,1
781220,1
781320,1
781440,15
781480,1
781810,2
781820,1
781880,1
782140,2
782180,1
782250,1
782330,836
782570,1
782670,2
782690,7
783120,14
783170,2
783200,1
783210,1
783450,1
783590,1
783720,1
783770,67
783810,3
783840,3
783940,2
784080,26
784150,40
784940,1
784950,11
785110,2
785130,1
785260,14
785740,37
785770,6
785790,20
785840,3
785850,1
785880,2
785890,6
785920,1
786180,1
786450,1
786520,27
786820,1
787070,6
787110,5
787220,1
787370,2
787400,3
787450,13
787480,129
787740,2
787810,9
787840,1
787850,3
787860,208
787980,1
788100,98
788150,1
788210,1
788270,8
788380,1
788420,1
788470,2
788630,1
788640,1
788690,9
788740,1
788770,34
788930,1
789380,2
789570,1
789660,1
789730,2
789760,28
789770,1
789830,1
789910,3
789950,3
790060,4
790080,1
790120,1
790130,1
790290,1
790350,1
790540,2
790600,5
790710,13
790740,43
790820,33
790850,8
790860,2
791180,2
791330,11
791470,4
791590,1
791700,1
791770,2
791930,13
792030,6
792040,6
792050,2
792100,11
792120,1
792220,65
792300,58
792570,1
792660,1
792710,7
792860,1
792880,1
792990,4
793240,1
793350,21
793370,15
793450,1
793460,20
793630,1
793690,3
793830,1
793880,1
793970,1
794260,133
794390,1
794490,3
794540,12
794550,1
794580,3
794600,26
794760,2
794800,11
794820,1
794860,2
794940,1
795040,3
795160,1
795420,4
795510,2
795570,1
796290,2
796380,1
796510,1
796600,1
796620,2
796640,1
796790,5
796910,2
797070,1
797390,5
797400,1
797410,12
797430,13
797570,1
798290,2
798330,1
798380,1
798420,9
798460,23
798490,27
798510,12
798650,1
798810,8
798840,3
798940,1
799070,36
799240,2
799510,3
799600,5
799640,36
799670,1
799810,1
799860,2
799960,33
800190,1
800200,1
800240,1
800270,7
800600,1
800620,1
801040,1
801210,1
801290,1
801480,14
801600,1
801630,14
801880,1
801910,1
802130,1
802200,12
802450,5
802650,1
802690,1
802720,1
802730,3
802870,20
802880,9
802890,11
802920,1
803030,1
803050,12
803150,2
803330,60
803600,17
803830,1
803850,1
803980,5
804010,4
804270,16
804320,122
804410,1
804490,8
804700,1
804730,1
804850,3
805400,1
805500,1
805550,84
805590,3
805610,3
805660,3
805760,1
805820,3
805850,9
805870,2
805940,26
806140,11
806470,1
806510,8
806720,1
806950,2
807120,33
808010,2
808080,3
808090,1
808290,1
808770,1
808910,7
809000,1
809020,11
809050,1
809140,10
809210,1
809230,8
809240,1
809250,3
809310,1
809320,1
809440,5
809500,1
809540,2
809680,1
809720,3
809870,3
809880,1
809890,3
810040,2
810500,3
810660,4
810670,7
810760,1
810780,1
811070,1
811270,2
811320,14
811870,7
811910,1
812040,15
812070,2
812140,669
812550,3
812560,3
812810,91
812840,1
812980,1
813300,1
813440,1
813450,1
813540,1
813630,73
813650,1
813700,3
813780,278
813820,61
814200,7
814210,1
814300,3
814370,51
814380,761
814480,9
814530,3
814540,48
814570,1
814610,1
814680,5
814740,3
815000,2
815150,2
815210,2
815290,1
815370,277
815390,1
815450,2
815780,16
815950,1
816060,1
816080,1
816090,36
816180,1
816250,1
816270,2
816340,27
816350,9
816380,1
816430,2
816490,5
816590,1
816630,1
816650,1
816670,1
816710,2
816720,1
816760,1
817220,1
817230,3
817250,1
817370,1
817510,10
817540,12
817680,1
817770,2
817840,9
818060,1
818210,4
818320,6
818440,1
818500,3
818570,1
818730,2
818760,1
818860,1
818960,2
819020,6
819030,14
819060,1
819630,2
819650,1
820020,1
820030,1
820240,1
820320,1
820540,1
820610,2
820620,1
820630,2
820730,6
820900,2
821060,3
821230,1
821250,7
821320,3
821500,4
821560,4
821610,1
821640,2
821680,1
821880,18
821890,5
822040,2
822240,9
822530,1
822540,4
822710,1
822760,5
822800,2
822830,3
822930,4
822940,1
823130,504
823370,1
823470,1
823500,370
823530,1
823600,1
823610,2
823700,1
823830,4
823840,2
823940,2
823950,6
824000,7
824070,2
824170,2
824190,9
824270,88
824280,2
824550,4
824600,17
824720,1
824830,1
824850,1
825310,11
825550,1
825630,49
825730,1
825930,1
826010,2
826040,1
826230,3
826480,1
826540,4
826600,15
826630,41
826740,1
826940,11
827050,2
827290,1
827330,1
827450,1
827640,4
827860,3
828030,1
828050,8
828070,13
828170,1
828380,1
828440,1
828580,5
828660,1
828740,14
828900,1
828910,2
828960,3
829110,26
829260,1
829280,6
829300,1
829420,1
829590,20
829660,5
830370,1
830820,4
830980,3
831050,1
831560,37
831570,2
831660,3
832540,1
832710,1
833010,1
833040,6
833090,5
833140,2
833270,1
833360,4
834150,2
834180,1
834280,1
834530,167
834740,22
834760,1
834910,82
835040,1
835110,1
835430,5
835520,1
835530,1
835650,1
835860,32
836080,1
836440,2
836450,1
836480,5
836490,7
836610,1
836640,15
836760,1
837200,1
837310,1
837400,4
837440,1
837460,3
837470,76
837510,1
837590,2
837600,2
837610,5
838010,1
838110,2
838270,1
838310,44
838350,53
838380,41
838390,1
838410,2
838630,5
838940,1
838990,1
839020,1
839080,2
839200,3
839310,11
839340,2
839420,2
839450,1
839630,3
839770,17
839850,1
839870,2
839910,6
839930,4
840010,12
840060,2
840100,2
840130,3
840140,6
840210,1
840260,18
840390,2
840440,1
840580,1
840610,4
840720,8
840800,18
840930,4
841030,1
841190,4
841210,2
841270,2
841350,1
841500,1
841770,8
842100,19
842120,1
842140,2
842150,5
842170,1
842180,8
842420,1
842780,4
842810,7
842910,14
843190,1
843260,3
843380,173
843440,1
843720,2
843810,7
843860,1
843890,3
843900,1
844040,1
844050,1
844160,2
844260,2
844330,1
844380,2
844420,1
844590,14
844660,1
844750,1
844850,11
844870,120
844920,3
844930,44
845030,2
845150,1
845250,1
845290,1
845840,2
845880,11
845970,1
846030,7
846110,12
846470,16
846670,4
846770,34
846800,3
846870,12
846880,1
847360,7
847370,68
847450,1
848010,3
848050,1
848060,1
848280,1
848350,37
848450,350
848480,18
848500,1
848530,1
848550,1
848700,1
849210,1
849670,1
849740,3
850000,18
850050,5
850060,1
850320,1
850450,2
850630,2
850980,5
851050,1
851100,107
851110,4
851150,1
851180,2
851280,1
851530,2
851640,1
851670,4
851730,2
851800,19
851840,1
851850,217
851890,18
851930,1
851950,4
852110,11
852180,1
852220,10
852300,1
852500,1
852780,1
852900,1
853050,1
853200,1
853220,1
853250,1
853310,1
853380,1
853450,1
853480,3
853500,2
853550,18
853770,33
853860,2
854120,1
854550,2
854570,6
854860,4
854940,9
855010,3
855050,1
855190,1
855530,1
855630,3
855640,10
855740,5
855850,1
855860,11
856130,4
856210,2
856370,6
856440,2
856610,1
857050,1
857060,3
857080,1
857350,2
857450,15
857470,1
857500,1
857940,2
857950,2
857980,22
858040,3
858100,2
858210,49
858260,20
858360,1
858590,7
858630,1
858680,1
858760,8
858810,40
858820,77
858860,2
858880,1
858940,13
859090,2
859150,1
859340,7
859350,1
859370,1
859440,2
859570,68
859580,66
859700,1
860340,1
860440,2
860510,139
860590,2
860620,1
860650,5
860890,17
860910,7
860950,32
861050,2
861250,7
861270,2
861330,1
861540,64
861650,40
861930,2
862130,1
862160,1
862440,2
862480,6
862570,14
862580,4
862690,36
862770,1
862800,5
863400,1
863430,1
863560,1
863570,13
863590,13
863900,2
864060,1
864100,1
864160,1
864300,2
864450,1
864540,1
864550,2
864570,2
864610,2
864680,2
864700,2
864810,1
864860,2
864940,4
865040,7
865270,3
865310,1
865360,67
865540,6
865610,4
865680,1
865820,1
865830,1
865850,1
865880,2
865930,1
865980,1
866190,2
866420,5
866440,33
866510,3
866540,6
866800,124
867120,1
867180,2
867210,7
867290,11
867380,5
867400,2
867490,5
868020,6
868100,1
868260,1
868270,54
868360,34
868520,20
868580,1
868890,1
868920,1
869130,1
869170,2
869480,2
869540,1
869690,1
869760,20
869840,4
869880,3
870140,1
870160,1
870200,8
870290,3
870690,1
870780,203
870800,2
870820,2
871170,2
871190,1
871200,3
871420,4
871530,11
871570,3
871720,215
871850,1
871930,6
871950,2
871980,3
871990,3
872060,1
872200,98
872240,2
872380,1
872410,17
872490,1
872600,2
872630,1
872670,8
872680,1
872720,1
872730,1
872750,1
872990,1
873070,2
873190,9
873200,2
873230,1
873270,2
873390,1
873410,1
873490,3
873790,1
873840,7
873890,2
873940,37
873980,1
874010,1
874040,3
874240,9
874260,28
874390,13
874400,2
875210,20
875240,1
875310,5
875610,4
875740,2
875760,2
875930,4
876160,7
876200,2
876220,1
876310,1
876330,3
876500,1
876650,5
876850,10
876890,1
876900,3
877080,2
877190,1
877200,25
877280,1
877360,6
877810,2
877850,1
878080,1
878150,1
878170,1
878250,1
878270,1
878320,3
878330,1
878350,1
878380,19
878420,1
878580,2
878670,7
879000,1
879060,1
879160,29
879250,1
879470,1
879620,1
879670,1
880220,1
880400,9
880490,1
880580,5
880610,1
880730,1
880830,1
880850,3
880940,207
880950,41
881040,5
881100,292
881130,1
881320,6
881420,1
881560,3
881680,1
881690,5
881750,1
882020,1
882040,1
882100,75
882110,4
882150,1
882210,1
882220,1
882250,2
882410,1
882680,1
882710,11
882790,61
882940,2
882960,7
883070,3
883080,1
883100,3
883130,3
883590,2
883710,677
883860,7
883870,4
883880,1
884260,28
884660,178
884990,1
885000,13
885140,11
885150,6
885290,1
885470,2
885570,3
885630,1
885640,8
885650,1
885730,1
885810,7
885950,1
885970,24
886070,1
886250,19
886460,1
886470,1
886730,1
886820,2
886900,4
886960,5
886970,3
887060,6
887160,1
887400,4
887450,3
887530,3
887570,8
887720,5
887740,1
887900,3
887970,3
888090,16
888130,1
888530,3
888790,23
888800,1
888990,1
889400,1
889480,3
889510,14
889600,3
889700,2
889730,1
889740,1
889770,2
889910,1
890070,1
890310,1
890400,1
890550,2
890570,3
890720,12
890880,3
890920,2
890970,2
891040,26
891120,1
891130,1
891170,1
891220,12
891360,1
891370,2
891430,2
891480,1
891510,12
891790,1
892380,1
892420,7
892510,3
892860,3
892930,1
892970,241
893010,1
893020,2
893030,42
893050,2
893070,1
893180,62
893500,1
893610,2
893680,32
893690,4
893720,3
893730,1
893850,39
893950,1
894020,70
894390,1
894830,1
894940,33
895060,1
895110,5
895140,3
895220,13
895400,121
895480,1
895620,14
895670,4
895750,1
895850,1
895860,1
895870,63
895990,1
896040,2
896160,15
896180,1
896440,2
896460,1
896520,1
896750,4
896960,1
897030,10
897120,1
897220,9
897300,1
897330,41
897410,1
897440,2
897450,18
897640,1
897690,2
897730,3
897830,1
897930,1
898000,1
898080,3
898160,1
898450,1
898580,1
898650,8
898720,6
898750,21
898780,1
898800,2
898890,2
898920,2
899160,1
899190,1
899200,1
899310,5
899390,5
899440,39
899460,1
899610,1
899770,50
899960,1
899970,45
900010,1
900040,5
900270,64
900400,2
900790,2
903710,3
903730,3
903830,1
903850,2
903950,87
904310,1
904360,5
904380,7
904540,2
904570,1
904740,6
904750,1
904860,1
905150,1
905340,14
905370,99
905450,2
905490,1
905640,15
905660,3
905690,4
906100,30
906110,1
906280,2
906300,3
906390,10
906470,1
906510,1
906680,1
906740,1
906870,2
907000,2
907160,1
907210,2
907270,10
907310,3
907330,1
907380,1
907410,1
907470,16
907650,7
907710,1
907760,5
907770,1
908050,4
908070,1
908100,7
908520,14
908740,1
908790,2
909080,49
909090,2
909110,1
909190,4
909320,9
909380,1
909660,4
909670,2
909820,4
910450,1
910460,1
910490,10
910630,1
910830,5
910880,3
911120,1
911220,7
911230,1
911310,1
911400,27
911430,5
911510,1
912110,1
912370,3
912380,4
912570,3
912650,1
913010,5
913060,6
913110,1
913160,1
913550,9
913590,1
913600,1
913710,1
913720,1
913740,47
913850,1
913890,2
914000,1
914010,25
914020,14
914110,2
914260,23
914290,1
914320,2
914400,1
914430,1
914620,38
914710,21
914750,5
914800,43
915130,1
915230,1
915310,23
915320,58
915460,16
915490,3
915600,6
915670,1
915810,18
916030,1
916050,3
916060,1
916100,3
916130,1
916160,1
916440,38
916730,43
916840,66
916900,4
916930,1
916950,1
917150,4
917290,2
917680,12
917720,8
917840,4
918170,1
918500,1
918530,1
918570,33
918820,8
918900,1
919170,1
919220,2
919260,2
919280,2
919320,1
919330,6
919370,15
919410,4
919640,47
920190,5
920210,108
920320,5
920490,37
920520,3
920680,7
920690,13
921060,19
921390,8
921430,1
921570,71
921590,17
921710,1
921730,1
921780,3
921800,14
922100,2
922320,4
922400,2
922410,1
922460,16
922500,4
922630,2
922700,1
922710,2
923260,1
923370,1
923470,3
923570,1
923590,2
923810,5
923840,1
923880,1
923890,1
923910,2
924070,3
924140,77
924650,1
924670,1
924970,101
924980,25
925440,5
925460,2
925470,3
925490,1
925570,7
925950,6
926140,11
926340,5
926370,1
926390,3
926410,1
926520,4
926540,1
926580,6
926810,1
926860,2
926990,6
927250,26
927270,5
927350,34
927380,139
927840,1
927990,5
928440,3
928840,4
928950,5
928960,5
928990,1
929010,13
929060,2
929170,1
929200,3
929270,2
929320,1
929490,3
929670,2
930320,1
930620,4
930640,1
930780,7
930840,1
930910,6
931000,3
931220,1
931260,1
931270,3
931280,12
931310,2
931500,18
931560,2
931650,1
931690,54
931700,3
932190,1
932210,1
932420,1
932570,2
932850,11
933110,121
933140,2
933820,35
933860,4
933940,6
933970,1
934060,1
934540,1
934580,7
934780,16
934810,1
934840,30
934850,1
934860,1
934930,5
934990,1
935070,4
935400,2
935580,3
935840,1
935880,21
935930,3
936160,6
936180,2
936190,3
936490,2
936500,4
936620,1
936720,5
936780,8
936790,48
936820,1
936980,1
937050,1
937170,50
937310,8
937580,7
937850,1
937950,2
937960,1
937980,1
938220,6
938270,2
938300,3
938380,6
938560,23
938600,1
938640,1
938860,1
939000,3
939100,13
939230,1
939330,1
939350,1
939360,1
939400,32
939510,24
939520,6
939620,16
939850,69
939960,148
939990,2
940310,1
940580,1
940680,7
940710,8
940910,15
941160,1
941300,1
941460,15
941480,2
941570,2
941890,1
942050,2
942060,1
942200,1
942760,1
942900,2
942930,4
942970,71
943140,2
943170,2
943260,2
943380,15
943390,3
943510,2
943980,6
944010,4
944020,19
944220,19
944250,3
944430,1
944590,1
944710,1
944920,2
945100,1
945140,1
945340,1
945360,1458
945440,1
945460,2
945680,1
945710,5
946010,1
946040,1
946050,44
946560,1
946650,1
946660,1
946720,3
946780,1
946860,1
947120,2
947300,8
947890,1
947940,4
948080,1
948100,2
948320,1
948460,1
948740,54
948830,19
948840,1
948900,3
948960,2
948990,1
949030,1
949050,1
949060,5
949200,2
949290,1
949380,1
949770,1
949790,1
949890,1
949970,2
950140,1
950180,3
950300,2
950370,1
950400,1
950530,8
950670,53
950700,2
950740,6
950850,1
951000,18
951240,1
951370,1
951430,5
951440,31
951570,2
951750,2
951820,2
951940,4
952040,48
952060,317
952130,1
952250,20
952290,6
952400,1
952420,7
952540,4
952860,51
952950,5
953370,1
953490,123
953580,11
953820,1
953870,1
953880,22
953950,1
954070,2
954530,1
954650,7
954740,49
954860,1
954870,6
955050,104
955060,3
955170,1
955320,2
955640,1
955740,12
955870,2
955900,82
956030,11
956140,1
956450,6
956500,1
956680,10
957050,1
957440,1
957570,1
957720,4
957790,16
958050,1
958130,1
958400,6
958740,1
958850,5
958880,1
959080,4
959280,1
959520,3
959880,1
959890,2
960090,1087
960170,87
960190,1
960220,1
960320,1
960330,1
960420,2
960690,32
960710,2
960900,1
960910,59
960980,13
960990,103
961010,1
961200,1
961420,1
961490,2
961510,2
961620,1
961660,1
962130,126
962400,6
962580,4
962630,1
962730,53
962970,2
963000,26
963210,2
963280,1
963330,1
963400,1
963450,3
963710,26
963870,1
963930,22
964020,1
964080,1
964350,11
964440,1
964570,1
964650,2
964800,30
965010,1
965120,2
965200,75
965230,11
965300,2
965580,12
965590,1
965640,1
965670,7
965680,8
965820,5
965830,1
965860,6
965890,5
966000,1
966320,9
966330,22
966400,1
966430,10
966530,2
966610,9
966630,3
966680,10
967050,209
967130,1
967240,1
967250,24
967330,1
967390,1
967490,1
968250,7
968290,1
968350,1
968370,2
968420,1
968440,2
968500,2
968550,2
968700,5
968760,1
968790,7
968870,8
968950,1
968970,7
969130,1
969760,4
969990,100
970220,1
970300,1
970400,1
970500,9
970510,8
970560,10
970570,23
970600,2
970800,2
970830,18
970960,9
971030,8
971160,6
971210,3
971620,7
971680,9
971690,4
972010,1
972160,2
972660,134
972740,2
972910,2
973000,1
973090,2
973220,2
973230,5
973450,3
973580,45
973600,3
973760,80
973810,37
974090,3
974950,1
975120,3
975270,3
975370,4
975410,1
975470,4
975510,3
975640,2
975680,4
976010,16
976030,2
976120,1
976310,406
976390,16
976410,1
976420,2
976500,1
976590,12
976620,19
976700,3
976730,808
976780,1
976800,4
976890,7
976900,1
976920,1
976940,12
977050,2
977160,1
977230,4
977390,3
977400,70
977460,1
977500,2
977630,1
977650,2
977720,1
977810,1
977880,56
977900,2
977950,145
978190,1
978250,2
978270,7
978300,12
978460,20
978470,2
978520,20
978700,1
978780,15
979060,12
979070,12
979080,4
979110,24
979120,31
979160,2
979260,1
979560,3
979600,2
979640,6
979690,95
979710,5
979920,8
979970,2
980210,1
980300,62
980490,2
980610,61
980640,1
980830,2
980850,2
980940,4
981020,3
981310,3
981420,1
981430,17
981550,1
981590,1
981600,6
981750,8
981770,4
981890,6
982040,1
982060,1
982100,1
982220,3
982270,9
982290,5
982400,2
982520,1
982540,1
982580,9
982670,1
982720,5
983150,8
983350,3
983450,1
983670,2
983970,25
984110,21
984470,1
984560,7
984570,2
984680,5
984780,4
984800,5
985080,5
985430,4
985510,1
985710,1
985760,4
985780,1
985810,38
985830,14
985890,80
985940,1
985950,1
986020,8
986040,1
986280,1
986310,1
986350,1
986680,1
986800,34
987000,1
987020,6
987150,2
987210,1
987230,4
987290,1
987400,4
987840,8
987850,2
987950,1
988100,2
988340,1
988490,1
988910,2
988930,2
988980,1
989040,1
989440,13
989450,2
989550,2
989690,9
990050,11
990180,1
990500,1
990630,18
990640,1
990920,1
991070,1
991170,27
991260,3
991270,16
991560,5
991780,26
991790,1
991810,7
992050,1
992070,7
992120,2
992260,2
992300,119
992310,20
992490,1
992610,1
992620,1
992640,9
992700,1
992730,3
992740,4
992860,1
992910,7
993090,5
993110,6
993170,1
993690,1
993790,3
993990,3
994020,3
994040,2
994140,16
994190,3
994200,2
994220,22
994280,216
994500,3
994730,45
994790,2
995050,1
995230,3
995430,1
995460,8
995660,1
995980,2
996000,1
996080,2
996370,1
996380,2
996580,168
996770,9
997010,53
997070,110
997180,1
997380,1
997480,1
997560,1
997700,2
998220,5
998470,1
998660,2
998740,32
998790,1
998850,1
998930,39
999020,10
999220,36
999270,1
999350,1
999660,1
999830,2
999860,7
1000010,24
1000030,6
1000080,8
1000360,22
1000380,2
1000410,6
1000510,2
1000640,1
1000700,1
1000760,7
1000770,1
1000830,2
1001070,4
1001140,3
1001800,4
1001860,2
1001970,1
1002290,1
1002560,29
1002830,1
1002850,2
1003090,4
1003360,1
1003400,1
1003480,3
1003590,24
1003750,2
1003890,23
1004000,2
1004210,1
1004270,1
1004330,5
1004490,4
1004610,2
1004750,5
1004770,3
1005120,4
1005240,3
1005300,24
1005310,1
1005340,1
1005400,2
1005410,1
1005450,2
1005460,1
1005730,1
1005870,3
1005910,5
1005930,4
1006400,1
1006710,1
1007040,83
1007350,5
1007390,1
1007400,3
1007430,1
1007630,1
1007740,4
1007800,2
1007810,3
1008280,1
1008510,1
1008580,3
1008710,47
1008740,1
1008800,2
1008920,2
1009290,17
1009560,15
1009850,14
1009950,3
1009990,4
1010070,1
1010170,2
1010230,1
1010240,1
1010270,1
1010600,4
1010660,1
1010750,47
1010800,8
1010830,2
1010850,1
1010860,5
1010870,4
1010890,22
1010950,1
1011190,9
1011270,1
1011290,2
1011300,3
1011390,4
1011510,2
1011670,3
1011700,1
1011940,10
1012240,8
1012560,10
1012790,35
1012800,1
1012830,1
1012840,29
1012880,58
1013320,22
1013450,1
1013540,1
1013650,1
1013680,4
1013750,2
1013870,6
1013910,1
1014050,1
1014140,1
1014370,2
1014420,1
1014810,2
1014940,1
1014990,1
1015020,2
1015090,2
1015140,4
1015350,1
1015470,1
1015700,1
1015710,3
1015720,1
1015770,3
1015930,1
1016000,1
1016110,5
1016120,10
1016180,2
1016250,1
1016600,7
1016730,2
1016790,3
1016800,61
1016860,3
1016920,77
1016930,5
1016960,11
1017060,4
1017100,7
1017160,2
1017180,86
1017410,5
1017900,35
1018000,1
1018010,9
1018020,7
1018060,1
1018130,1
1018160,5
1018170,3
1018680,1
1018800,12
1018830,11
1018850,10
1018930,1
1019310,6
1019550,15
1019580,1
1019590,1
1019920,1
1019940,2
1020030,2
1020340,8
1020470,16
1020520,1
1020540,1
1020590,1
1020640,1
1020730,1
1020780,2
1020800,1
1020820,6
1020840,1
1021070,1
1021670,4
1021690,2
1021770,14
1021850,1
1021950,56
1022010,1
1022310,3
1022450,71
1022480,2
1022710,2
1022780,2
1022980,2
1023550,2
1023690,1
1023980,3
1024010,1
1024380,25
1024400,1
1024650,1
1024890,23
1025070,6
1025140,9
1025240,2
1025250,5
1025410,5
1025440,7
1025460,1
1025600,8
1025960,3
1026110,1
1026130,1
1026160,2
1026400,2
1026420,7
1026680,9
1026820,29
1026840,11
1027120,1
1027130,1
1027820,2
1027990,2
1028350,2
1028470,8
1028570,10
1028590,1
1028630,1
1028730,1
1029110,1
1029170,1
1029210,5
1029380,1
1029500,4
1029550,11
1029630,6
1029690,18
1029760,1
1029780,62
1029860,1
1029890,21
1029980,2
1030210,32
1030830,96
1030840,357
1031110,2
1031120,1
1031140,6
1031440,2
1031480,15
1031920,5
1032120,1
1032170,1
1032430,26
1032520,5
1032590,8
1032670,6
1032730,1
1032790,15
1032830,1
1033100,1
1033220,1
1033410,2
1033420,14
1033450,2
1033880,1
1033950,3
1034060,1
1034200,1
1034250,1
1034750,1
1034810,2
1034860,4
1034880,1
1034900,8
1034910,2
1034940,3
1035050,2
1035510,8
1035560,6
1035850,1
1035890,1
1035930,3
1035990,1
1036340,1
1036440,2
1036580,1
1036700,4
1036740,1
1036850,4
1036870,1
1036890,10
1036910,2
1036920,1
1036950,6
1036960,3
1037020,21
1037080,2
1037100,1
1037130,7
1037190,3
1037410,1
1037560,3
1037590,5
1037750,1
1037760,1
1037940,1
1037960,1
1038250,19
1038280,2
1038300,1
1038370,20
1038450,1
1038740,23
1039360,1
1039370,2
1039590,1
1039830,2
1039880,27
1039890,6
1039970,1
1040070,5
1040080,1
1040230,12
1040420,18
1040460,1
1040550,3
1040590,1
1040730,1
1041210,1
1041320,14
1041710,1
1041720,22
1041840,6
1041920,1
1042020,2
1042170,1
1042380,6
1042490,10
1042530,1
1042550,24
1042780,8
1042800,8
1043000,1
1043180,13
1043230,2
1043240,1
1043260,5
1043340,11
1043390,10
1043430,1
1043500,5
1043860,1
1043870,1
1044220,2
1044340,3
1044490,4
1044620,43
1044720,10
1044980,2
1045010,2
1045080,2
1045110,1
1045180,4
1045510,1
1045580,1
1045620,3
1045650,2
1045720,22
1045840,1
1046030,96
1046230,2
1046300,4
1046400,7
1046470,7
1046660,1
1046770,1
1046790,2
1046820,8
1046930,388
1047010,3
1047120,1
1047220,10
1047440,24
1047680,3
1047870,1
1047960,1
1048000,1
1048100,25
1048300,2
1048350,1
1048370,3
1048540,60
1048660,3
1048740,2
1048950,1
1049070,1
1049100,41
1049280,16
1049320,20
1049400,5
1049410,136
1049590,88
1049660,3
1049710,2
1049800,37
1049820,1
1049880,1
1049890,58
1050000,1
1050670,1
1051200,17
1051290,1
1051310,12
1051690,19
1051950,2
1051960,1
1052070,24
1052990,7
1053000,3
1053680,19
1053710,1
1053750,1
1054090,1
1054110,2
1054290,1
1054340,1
1054430,3
1054490,17
1054510,8
1054550,6
1054560,1
1054650,1
1054660,1
1054690,1
1054700,1
1054710,2
1054800,5
1055090,1
1055210,4
1055430,15
1055490,1
1055540,81
1055610,1
1055760,1
1055990,3
1056180,1
1056280,1
1056490,3
1056570,2
1056590,2
1056600,24
1056610,4
1056640,113
1056690,1
1056720,3
1056840,4
1056860,1
1056960,43
1056970,1
1057090,543
1057180,2
1057220,1
1057430,7
1057540,1
1057640,1
1057680,21
1057700,19
1057720,2
1057750,26
1057780,3
1057850,16
1058000,4
1058020,33
1058060,3
1058140,2
1058200,5
1058270,1
1058280,1
1058370,3
1058380,6
1058430,5
1058450,15
1058530,6
1058640,27
1058650,21
1058690,1
1058770,11
1058830,23
1059120,5
1059280,1
1059740,1
1059850,1
1059880,2
1059890,1
1059980,2
1059990,10
1060160,1
1060180,1
1060210,1
1060220,2
1060230,2
1060300,1
1060310,2
1060670,13
1061010,2
1061090,43
1061100,6
1061180,5
1061270,1
1061730,2
1061820,1
1061910,11
1062000,1
1062040,3
1062060,3
1062090,52
1062110,5
1062140,2
1062160,36
1062340,1
1062520,16
1062830,8
1062960,9
1063040,2
1063190,1
1063310,4
1063440,1
1063490,3
1063530,2
1063560,1
1063580,2
1063660,9
1063730,381
1063770,3
1063950,1
1064010,4
1064130,1
1064310,1
1064340,2
1064420,2
1064460,12
1064610,50
1064660,1
1064820,1
1064860,1
1064950,1
1064990,2
1065020,3
1065100,4
1065180,5
1065200,1
1065260,8
1065310,1
1065320,1
1065940,2
1065950,1
1065970,15
1066130,2
1066180,2
1066240,1
1066260,6
1066430,1
1066460,1
1066630,2
1066780,80
1066810,1
1066860,1
1066890,28
1066900,1
1067310,57
1067440,1
1067540,11
1067580,1
1067600,9
1067720,1
1067850,17
1067860,3
1067900,26
1067930,1
1068070,3
1068360,2
1068520,1
1068820,25
1069030,3
1069050,2
1069230,29
1069360,2
1069530,5
1069640,14
1069650,7
1069660,10
1069690,2
1069740,73
1069760,3
1070020,4
1070110,1
1070190,1
1070220,1
1070330,45
1070550,2
1070580,23
1070690,1
1070710,51
1070790,1
1070860,5
1070890,1
1071100,2
1071120,7
1071130,5
1071140,1
1071190,1
1071240,1
1071290,3
1071490,1
1071510,2
1071870,30
1071940,1
1072040,16
1072150,10
1072190,1
1072270,1
1072310,2
1072390,34
1072420,30
1072480,1
1072500,2
1072620,2
1072640,3
1072710,7
1072800,1
1072860,1
1072870,1
1072920,6
1073220,4
1073320,5
1073390,9
1073820,3
1073900,2
1073910,3
1074070,8
1074080,1
1074170,2
1074310,1
1074610,3
1074620,2
1074630,1
1074640,1
1075080,2
1075140,1
1075170,1
1075190,2
1075200,4
1075400,1
1075740,4
1076160,4
1076200,11
1076230,1
1076500,8
1076550,1
1076750,4
1076880,9
1076920,6
1077160,2
1077230,3
1077290,3
1077430,3
1077440,2
1077450,3
1077520,9
1077530,2
1077550,1
1077600,1
1077970,3
1078200,1
1078280,8
1078320,2
1078330,1
1078350,9
1078420,5
1078490,2
1078730,4
1078760,4
1078920,3
1078970,3
1079000,3
1079160,8
1079200,1
1079210,3
1079230,2
1079260,10
1079310,3
1079450,2
1079510,2
1079570,2
1079620,3
1079800,26
1079810,1
1079830,3
1079970,1
1080010,1
1080020,1
1080130,1
1080410,1
1080750,2
1081470,1
1081510,22
1081560,2
1081650,1
1081670,1
1081710,1
1081810,1
1081870,1
1082180,4
1082430,56
1082450,1
1082680,4
1082710,20
1082890,1
1082930,1
1083190,2
1083210,10
1083310,4
1083600,2
1083800,1
1083820,1
1083870,2
1084020,8
1084080,1
1084520,1
1084570,6
1084600,18
1084640,12
1084790,1
1085160,8
1085180,7
1085510,86
1085660,1321
1086010,10
1086410,5
1086450,1
1086460,1
1086640,22
1086680,3
1086750,1
1086850,3
1086940,252
1086970,1
1087500,1
1087700,1
1087760,1
1088090,11
1088150,43
1088600,2
1088710,53
1088770,1
1088790,26
1088850,127
1088870,3
1088880,1
1088950,1
1089090,42
1089110,1
1089130,26
1089310,1
1089630,10
1089650,4
1089710,4
1089790,1
1089830,3
1089840,2
1089980,246
1090250,7
1090440,3
1090630,46
1090760,2
1090790,1
1090800,2
1090920,1
1091250,1
1091460,3
1091500,1443
1091570,1
1091910,1
1091980,6
1092040,6
1092140,3
1092150,1
1092260,1
1092400,3
1092430,6
1092590,5
1092630,6
1092660,37
1092700,4
1092710,6
1092720,11
1092730,5
1092790,384
1092950,1
1092980,1
1093170,2
1093320,4
1093330,1
1093520,2
1093720,7
1093910,47
1094000,3
1094030,6
1094060,2
1094250,1
1094320,1
1094390,1
1094420,2
1094520,73
1094530,6
1094690,1
1094730,3
1094780,8
1094820,4
1094870,1
1094880,1
1094920,1
1094930,1
1095120,1
1095260,3
1095520,1
1095700,1
1096060,2
1096100,1
1096140,1
1096180,3
1096200,2
1096300,1
1096410,4
1096530,57
1096550,2
1096570,11
1096590,3
1096710,6
1096720,10
1096900,3
1096930,2
1097000,2
1097120,2
1097130,5
1097200,30
1097330,1
1097350,5
1097420,10
1097430,3
1097580,9
1097620,2
1097750,1
1097770,2
1097780,1
1097790,1
1097820,1
1097840,107
1098080,2
1098100,1
1098130,1
1098170,1
1098210,2
1098220,1
1098340,16
1098940,2
1099410,14
1099440,1
1099500,1
1099640,2
1099960,1
1100140,7
1100150,2
1100160,3
1100260,7
1100270,1
1100300,1
1100410,1
1100420,4
1100430,2
1100510,1
1100930,3
1100990,7
1101050,1
1101140,5
1101180,3
1101190,12
1101270,1
1101360,7
1101420,2
1101450,38
1101790,9
1101930,3
1102130,59
1102190,90
1102780,4
1102880,1
1103100,1
1103210,19
1103780,1
1103800,2
1103860,3
1103880,4
1103920,1
1104220,1
1104280,9
1104330,7
1104380,12
1104450,34
1104660,32
1105040,2
1105110,3
1105130,1
1105410,1
1105420,3
1105500,40
1105510,27
1105620,3
1105670,38
1105810,2
1105890,1
1106140,3
1106150,1
1106200,1
1106530,10
1106710,1
1106770,5
1106840,57
1106940,2
1107300,1
1107440,2
1107620,1
1107750,1
1107790,22
1107820,2
1108090,1
1108240,1
1108320,10
1108370,24
1108560,7
1108590,5
1108640,1
1109160,3
1109410,6
1109460,17
1109490,1
1109570,17
1109680,3
1109690,1
1109840,1
1110050,6
1110100,6
1110690,7
1110720,2
1110890,1
1110910,8
1111210,17
1111370,5
1111380,2
1111390,2
1111450,8
1111460,33
1111620,1
1111650,1
1111880,1
1111940,4
1111970,1
1112150,1
1112340,1
1112380,1
1112400,6
1112580,1
1112620,2
1112790,7
1112830,2
1112890,11
1113000,281
1113310,1
1113560,140
1113570,5
1113690,1
1113940,4
1113970,1
1114070,2
1114130,4
1114220,7
1114260,4
1114290,4
1114430,1
1114830,1
1114860,9
1114870,1
1114940,20
1115050,14
1115110,1
1115690,38
1115780,2
1115980,2
1116100,1
1116210,3
1116230,5
1116550,4
1116580,6
1116590,1
1116780,1
1116880,4
1116960,34
1116990,1
1117390,9
1117670,1
1117890,1
1118070,1
1118200,481
1118240,9
1118310,20
1118350,1
1118380,3
1118410,1
1118740,1
1118840,6
1118920,7
1119060,4
1119600,2
1119700,14
1119730,31
1119800,1
1119980,8
1120320,1
1120360,3
1120370,3
1120400,1
1120480,4
1120560,3
1120690,1
1120810,26
1120940,1
1121420,4
1121560,58
1121590,1
1121640,6
1121680,1
1121710,4
1121780,1
1121910,76
1122050,27
1122100,2
1122120,1
1122290,1
1122680,9
1122690,2
1122720,56
1122750,12
1122780,1
1123050,13
1123080,1
1123300,1
1123400,3
1123450,14
1123770,32
1123830,4
1124060,2
1124090,1
1124180,3
1124260,3
1124300,86
1124530,1
1124560,1
1124660,4
1124830,3
1125110,7
1125240,7
1125330,4
1125390,2
1125420,1
1125480,10
1125870,1
1125910,1
1126290,46
1126310,17
1126420,1
1126470,1
1126600,1
1126750,2
1126770,1
1127110,2
1127130,1
1127360,2
1127400,90
1127460,8
1127470,1
1127500,69
1127610,5
1127840,6
1127850,3
1127920,1
1127970,1
1127980,13
1128000,7
1128140,2
1128260,3
1128480,2
1128570,2
1128690,1
1128810,131
1128920,29
1129190,15
1129220,17
1129250,4
1129310,26
1129580,77
1129920,1
1130410,17
1130620,2
1131080,12
1131140,1
1131190,9
1131240,3
1131400,1
1131530,1
1131550,2
1131720,16
1131740,2
1131800,1
1131810,3
1131900,1
1131920,1
1131960,1
1132090,1
1132190,11
1132490,1
1132670,2
1132720,1
1132760,2
1132880,1
1132910,2
1132970,2
1133050,2
1133060,2
1133070,1
1133120,1
1133320,2
1133330,1
1133580,1
1133590,3
1133730,1
1133760,3
1133930,1
1133990,1
1134020,1
1134030,1
1134100,7
1134480,2
1134520,1
1134700,4
1134710,6
1135180,1
1135230,7
1135260,2
1135300,16
1135370,1
1135690,41
1135810,9
1135830,4
1135910,2
1136020,1
1136080,1
1136160,51
1136370,1
1137020,1
1137300,8
1137350,7
1137450,4
1137460,41
1137490,1
1137860,1
1138100,10
1138190,2
1138260,1
1138410,1
1138650,1
1138660,11
1138850,8
1138910,1
1139000,1
1139280,4
1139800,5
1139870,1
1139890,49
1139900,248
1139940,5
1139980,26
1140030,1
1140130,1
1140150,1
1140270,23
1140290,13
1140440,25
1140500,1
1140610,4
1140620,1
1140630,1
1140740,1
1140890,3
1141030,1
1141100,2
1141130,1
1141170,1
1141220,6
1141360,1
1141530,1
1141550,8
1141580,1
1141650,2
1142070,1
1142080,1
1142100,2
1142130,13
1142180,1
1142220,2
1142390,4
1142500,20
1142710,108
1142830,2
1143810,5
1144020,5
1144030,6
1144110,14
1144150,1
1144170,3
1144200,326
1144270,1
1144280,1
1144400,94
1144440,8
1144770,5
1144800,5
1144860,1
1144910,2
1144970,5
1145030,1
1145290,1
1145330,1
1145340,2
1145360,1022
1145530,1
1145660,4
1145780,1
1145960,26
1146170,1
1146230,1
1146310,3
1146510,3
1146560,1
1146600,3
1146630,57
1146970,15
1147030,2
1147130,2
1147450,2
1147500,1
1147550,60
1147560,147
1147660,16
1147690,57
1147750,8
1147940,3
1147960,2
1148360,1
1148450,2
1148470,1
1148480,1
1148510,39
1148560,1
1148590,49
1148650,36
1148760,2
1149440,4
1149460,73
1149510,1
1149550,8
1149620,56
1149660,26
1149710,1
1149940,2
1150080,44
1150090,2
1150460,1
1150590,10
1150620,3
1150640,11
1150690,173
1150730,1
1150760,14
1150910,1
1150950,13
1150990,1
1151050,1
1151080,15
1151120,1
1151180,1
1151200,1
1151250,3
1151340,436
1151390,2
1151440,5
1151450,5
1151640,401
1151720,1
1151740,3
1151920,1
1152020,1
1152090,3
1152160,2
1152300,4
1152310,3
1152320,2
1152340,2
1152410,1
1152950,1
1153130,3
1153430,16
1153640,12
1153840,1
1154040,4
1154130,3
1154790,3
1154810,14
1154840,7
1154850,7
1155120,1
1155300,1
1155420,1
1155460,1
1155470,1
1155580,1
1155590,1
1155660,2
1155830,1
1155870,2
1155880,1
1155970,1
1156000,1
1156250,1
1156360,1
1156590,1
1156670,1
1156990,13
1157020,1
1157220,9
1157250,2
1157390,10
1157640,1
1157700,1
1157750,4
1157790,1
1157940,1
1158160,4
1158280,1
1158290,1
1158310,271
1158370,4
1158420,2
1158470,5
1158500,2
1158690,3
1158720,2
1158770,1
1158850,24
1158890,3
1158940,21
1158980,6
1159000,1
1159560,7
1159660,24
1159680,2
1159860,1
1160220,13
1160330,2
1160440,1
1160490,15
1160750,15
1160920,1
1161160,3
1161170,19
1161190,3
1161270,3
1161490,7
1161580,88
1161650,1
1161840,1
1161870,13
1161880,5
1161930,1
1162050,1
1162070,4
1162130,1
1162280,1
1162470,1
1162480,1
1162520,25
1162560,3
1162650,2
1162680,2
1162700,2
1162750,12
1162930,11
1162960,5
1163040,1
1163070,3
1163090,1
1163130,8
1163140,4
1163460,1
1163550,7
1163590,3
1163600,1
1163660,1
1163690,2
1163740,2
1163870,3
1163910,6
1164000,1
1164010,1
1164050,16
1164100,1
1164250,3
1164390,4
1164690,1
1164850,24
1165400,1
1165860,1
1165870,7
1165960,1
1166230,1
1166290,13
1166580,1
1166730,1
1166860,3
1166990,2
1167140,6
1167320,1
1167450,45
1167570,1
1167630,340
1167680,3
1167700,1
1167770,1
1167850,1
1167900,1
1167950,1
1168280,14
1168470,21
1168610,1
1168630,1
1168660,20
1168870,1
1168880,6
1169040,19
1169200,4
1169490,1
1169740,1
1170050,1
1170060,9
1170080,1
1170370,1
1170640,6
1170760,26
1170880,45
1170950,17
1170970,7
1171120,1
1171140,1
1171260,1
1171310,11
1171320,1
1171370,22
1171660,1
1172050,8
1172090,1
1172380,495
1172430,2
1172450,33
1172470,439
1172510,2
1172530,1
1172620,914
1172650,10
1172730,1
1172800,1
1172980,3
1173010,7
1173200,13
1173310,1
1173330,2
1173370,21
1173380,2
1173510,2
1173690,77
1173770,16
1173780,6
1173790,4
1173800,9
1173810,8
1173820,10
1173830,1
1173940,6
1174180,1093
1174390,7
1174400,1
1174500,1
1174940,12
1175080,1
1175120,1
1175140,28
1175190,1
1175200,3
1175360,7
1175460,3
1175640,1
1175800,1
1175830,3
1175880,2
1175890,3
1175930,1
1176020,1
1176050,1
1176460,2
1176470,7
1176710,8
1177080,1
1177130,1
1177400,1
1177660,1
1177970,1
1178030,51
1178050,7
1178140,1
1178160,5
1178180,1
1178210,1
1178220,8
1178400,1
1178490,45
1178780,1
1178790,1
1178830,145
1178880,3
1179060,1
1179080,3
1179210,14
1179220,1
1179680,5
1180320,1
1180370,1
1180380,30
1180540,1
1180660,31
1181000,2
1181330,1
1181400,6
1181640,2
1181790,10
1181830,9
1181840,6
1182020,5
1182110,16
1182370,7
1182620,36
1182760,1
1182790,1
1182900,11
1182920,6
1183030,4
1183260,4
1183470,1
1183500,2
1183720,3
1184050,29
1184160,27
1184210,1
1184320,1
1184370,103
1184420,3
1184480,3
1184500,1
1184760,1
1184770,3
1184810,6
1184820,1
1184840,4
1185160,4
1185600,1
1185700,1
1185820,1
1185870,1
1186030,1
1186040,9
1186050,1
1186160,1
1186400,23
1186460,4
1186640,24
1186740,14
1186860,1
1186880,2
1187030,3
1187510,5
1187940,2
1188080,3
1188250,3
1188270,1
1188330,1
1188540,1
1188680,3
1188720,3
1188930,27
1188970,1
1189060,3
1189440,5
1189490,37
1189630,92
1189800,9
1189850,2
1190000,74
1190130,1
1190150,2
1190170,5
1190340,1
1190400,7
1190750,1
1190990,1
1191120,5
1191210,23
1191330,3
1191440,2
1191580,8
1191630,11
1191840,20
1191900,10
1192010,2
1192380,1
1192900,2
1192940,3
1193040,3
1193090,1
1193590,1
1193760,3
1193990,1
1194590,1
1194630,46
1194680,3
1194700,1
1194740,5
1194830,2
1194840,13
1194930,13
1195270,1
1195290,21
1195360,2
1195460,28
1196080,1
1196130,1
1196310,2
1196470,1
1196590,432
1196630,9
1197030,1
1197220,3
1197230,1
1197260,10
1197320,1
1197370,6
1197570,8
1197580,1
1197730,1
1198040,4
1198050,1
1198090,9
1198210,1
1198320,1
1198400,1
1198450,1
1198510,2
1198760,1
1198860,1
1199030,20
1199050,1
1199140,1
1199180,1
1199660,1
1199910,1
1200110,2
1200230,3
1200330,3
1200720,3
1200860,12
1200900,1
1201230,3
1201240,36
1201280,13
1201330,3
1201370,1
1201400,6
1201630,8
1201810,2
1201830,1
1201840,2
1201870,3
1201930,1
1201940,1
1202070,2
1202130,14
1202280,1
1202310,3
1202480,3
1202540,43
1202900,23
1202970,3
1203180,4
1203220,77
1203360,2
1203370,1
1203420,13
1203470,2
1203560,1
1203630,24
1203680,1
1203710,9
1203930,6
1204050,13
1204220,1
1204270,2
1204410,1
1204470,1
1204920,2
1204930,1
1204990,1
1205040,1
1205170,1
1205240,5
1205260,4
1205450,51
1205520,1
1205960,8
1206060,7
1206240,6
1206430,8
1206480,1
1206560,63
1206600,2
1206610,3
1206620,1
1206670,2
1207010,1
1207310,1
1207390,3
1207590,7
1207650,12
1207710,1
1207800,1
1207850,1
1208260,18
1208520,1
1208590,1
1208600,3
1208830,1
1209000,3
1209040,43
1209140,1
1209360,1
1209410,2
1209490,26
1209740,1
1209750,1
1210030,3
1210150,1
1210220,1
1210230,2
1210250,17
1210320,69
1210490,1
1210610,1
1210620,1
1210660,1
1210800,1
1211020,41
1211110,2
1211350,1
1211360,4
1211630,37
1211640,1
1211740,1
1211830,1
1212100,2
1212400,1
1212620,24
1212830,16
1213000,1
1213210,126
1213230,2
1213370,1
1213670,1
1213680,1
1213700,10
1213750,4
1214200,1
1214280,71
1214360,10
1214450,1
1215090,10
1215180,1
1215200,1
1215270,2
1215390,10
1215430,3
1215870,1
1216050,1
1216060,5
1216080,3
1216200,25
1216220,1
1216230,1
1216300,1
1216320,10
1216470,3
1216490,4
1216710,63
1216880,6
1217060,463
1217100,1
1217190,1
1217390,12
1217580,1
1218010,1
1218210,8
1218250,24
1218280,11
1218500,5
1218670,1
1218740,2
1218810,1
1218900,24
1219590,1
1219940,1
1219950,8
1220010,37
1220080,1
1220140,7
1220150,8
1220930,4
1221230,1
1221250,7
1221540,2
1221650,1
1221990,1
1222040,4
1222050,2
1222140,261
1222180,1
1222270,1
1222300,2
1222370,24
1222570,1
1222670,212
1222680,125
1222690,47
1222700,253
1222730,143
1222800,2
1223020,2
1223500,6
1223870,4
1224020,13
1224290,1
1224380,1
1224450,1
1225060,2
1225130,1
1225560,25
1225570,17
1225580,7
1225590,12
1225780,5
1225810,4
1226020,1
1226070,1
1226470,23
1226510,1
1226530,8
1226990,2
1227280,11
1227360,1
1227530,25
1227650,11
1227690,20
1227750,6
1227780,6
1227890,49
1228520,14
1228560,3
1228600,1
1228790,1
1229030,2
1229060,2
1229090,1
1229240,1
1229260,2
1229380,52
1229420,1
1229460,1
1229490,297
1229500,1
1229580,4
1229880,1
1229900,5
1230140,72
1230200,1
1230340,1
1230410,24
1230800,1
1231460,2
1231520,1
1231590,1
1231670,1
1231880,3
1231900,1
1231940,1
1231950,1
1231970,1
1232010,1
1232130,6
1232180,16
1232330,3
1232420,2
1232460,5
1232570,4
1232580,2
1232810,1
1232940,1
1233170,1
1233270,27
1233540,1
1233550,9
1233570,85
1233590,4
1233690,4
1233800,2
1233820,1
1233880,3
1234190,4
1234260,1
1234520,2
1234620,1
1234840,1
1234940,4
1235110,1
1235120,2
1235140,175
1235360,3
1235830,6
1236070,1
1236240,4
1236300,2
1236560,1
1236720,5
1236780,1
1236990,13
1237320,16
1237570,2
1237610,3
1237730,1
1237880,1
1237950,216
1237970,550
1237980,21
1238000,59
1238020,7
1238040,22
1238060,40
1238080,21
1238280,2
1238520,2
1238680,9
1238730,6
1238810,407
1238820,46
1238840,386
1238860,263
1238880,20
1239020,8
1239050,8
1239080,22
1239260,14
1239300,2
1239320,2
1239690,78
1240210,99
1240230,1
1240290,1
1240440,374
1240460,1
1240480,3
1240590,1
1240630,3
1240840,1
1241040,1
1241100,74
1241380,1
1241510,33
1241520,2
1241700,47
1241950,6
1242700,2
1242910,1
1242980,3
1243140,2
1243220,4
1243520,1
1243670,4
1243790,1
1243830,6
1243880,2
1243960,3
1244460,43
1244630,5
1244950,10
1245370,1
1245430,19
1245500,1
1245540,13
1245620,404
1245950,1
1246020,12
1247100,1
1247160,1
1247170,3
1247640,1
1247720,1
1247860,1
1248130,87
1248270,2
1248650,1
1248800,2
1248820,3
1248840,1
1249010,1
1249060,3
1249130,3
1249260,1
1249500,1
1249800,21
1249880,13
1250100,1
1250280,1
1250410,160
1250440,3
1250560,1
1250650,8
1250760,30
1250790,2
1250870,9
1250900,1
1251210,2
1251300,1
1251460,2
1251690,2
1251850,1
1251930,1
1251970,2
1252010,2
1252100,1
1252170,1
1252320,1
1252330,168
1252560,3
1252600,2
1252710,1
1252780,21
1252830,3
1252850,1
1253190,2
1253390,1
1253520,1
1253710,5
1253860,3
1253920,42
1254120,49
1254130,1
1254150,1
1254370,9
1254400,2
1254620,1
1254900,2
1255380,2
1255560,9
1255630,19
1255650,16
1255980,104
1256060,4
1256230,4
1256380,1
1256530,2
1256610,17
1256670,64
1256830,3
1257170,2
1257200,4
1257280,2
1257290,22
1257360,2
1257410,7
1257660,2
1257810,1
1257850,1
1258040,22
1258080,64
1258220,2
1258310,5
1258460,2
1258590,2
1258710,2
1258770,1
1258780,3
1259000,1
1259130,2
1259230,1
1259240,1
1259420,224
1259430,2
1259460,1
1259510,2
1259560,3
1259640,2
1259790,11
1259800,1
1259840,5
1259980,18
1260130,5
1260520,6
1260590,4
1260810,12
1261010,1
1261040,29
1261180,2
1261520,2
1261570,1
1261760,1
1261880,2
1261970,1
1262040,1
1262060,3
1262190,2
1262240,32
1262350,3
1262460,1
1262540,55
1262560,59
1262580,78
1262600,22
1262780,1
1262910,1
1263070,7
1263230,3
1263370,31
1263550,4
1263610,1
1264160,1
1264250,7
1264280,10
1264520,4
1264670,29
1264740,6
1264770,1
1264970,2
1265030,1
1265230,1
1265390,1
1265510,1
1265650,1
1265820,16
1265860,5
1265920,9
1265930,7
1266220,2
1266560,2
1266600,6
1266630,2
1266690,13
1266700,1
1266840,20
1266980,2
1267170,1
1267470,15
1267770,2
1267810,1
1267910,29
1267950,1
1268040,1
1268140,1
1268350,1
1268810,1
1268960,5
1269150,3
1269550,2
1269640,1
1269690,1
1269710,1
1269810,1
1269820,1
1269950,18
1270100,1
1270980,1
1271050,6
1271100,1
1271280,6
1271300,2
1271380,1
1271400,2
1271580,2
1271690,1
1271700,17
1272110,1
1272120,2
1272160,22
1272320,16
1272860,1
1272970,1
1273250,2
1273260,3
1273400,5
1273590,1
1273690,1
1273710,42
1274140,3
1274290,35
1274300,2
1274360,2
1274490,4
1274540,1
1274570,239
1274800,2
1274840,1
1275250,1
1275290,1
1275350,43
1275540,1
1275590,1
1275630,6
1275640,12
1275670,1
1275810,1
1275890,9
1276390,51
1276470,2
1276550,2
1276660,3
1276750,1
1276760,1
1276790,34
1277210,1
1277390,1
1277400,77
1277510,3
1277930,34
1277940,9
1277970,1
1278060,1
1278210,3
1278390,6
1278480,3
1278960,1
1279610,3
1279630,3
1279920,2
1280370,1
1280770,31
1280780,4
1280930,5
1281080,4
1281150,1
1281200,3
1281270,6
1281510,1
1281590,28
1281630,2
1281800,46
1281930,107
1282090,1
1282200,13
1282210,16
1282410,1
1282690,43
1282730,158
1282760,1
1283130,8
1283140,2
1283190,27
1283220,53
1283400,5
1283410,10
1283500,1
1283960,6
1283970,8
1284190,26
1284210,11
1284410,39
1284510,1
1284820,9
1284870,1
1284950,2
1285010,1
1285020,1
1285040,1
1285080,2
1285160,1
1285630,1
1285670,66
1285870,1
1285920,2
1286140,1
1286280,3
1286330,2
1286340,6
1286350,67
1286680,17
1286710,14
1286830,281
1286880,1
1287040,2
1287230,1
1287260,4
1287310,1
1287530,3
1287800,1
1287840,7
1288170,5
1288310,124
1288320,2
1288420,2
1289310,240
1289330,1
1289340,4
1289380,2
1289640,1
1289810,7
1290000,148
1290170,4
1290220,2
1290260,7
1290270,1
1290490,54
1290710,2
1291010,11
1291210,1
1291220,1
1291330,1
1291340,86
1291500,11
1291530,5
1292020,3
1292040,19
1292540,1
1292630,8
1292750,1
1292860,1
1292880,2
1292910,2
1292940,31
1292960,1
1293040,2
1293120,1
1293160,36
1293180,15
1293650,2
1293820,14
1293830,549
1293860,20
1294220,1
1294230,1
1294380,1
1294420,3
1294760,26
1294780,1
1295270,6
1295500,8
1295510,32
1295760,1
1295790,1
1295920,9
1296260,1
1296280,3
1296360,5
1296510,2
1296540,2
1296560,2
1296610,14
1296700,1
1296830,3
1296840,1
1297160,8
1297300,4
1297330,2
1297390,1
1297720,2
1297790,3
1298080,3
1298140,3
1298480,4
1298530,1
1299120,17
1299360,5
1299400,3
1299480,1
1299580,1
1299620,1
1299750,1
1300190,1
1300330,1
1300430,1
1300560,1
1300610,1
1300670,1
1300920,1
1301220,1
1301230,2
1301390,5
1301620,3
1301720,37
1301950,2
1301990,2
1302050,2
1302110,4
1302220,1
1302240,51
1302440,1
1302460,2
1302570,1
1302730,1
1302750,3
1302780,2
1302800,6
1302990,2
1303660,5
1303740,4
1303950,4
1303990,2
1304090,2
1304320,1
1304390,1
1304400,1
1304420,1
1304510,5
1304550,17
1304660,2
1304680,8
1305310,1
1305420,10
1305540,1
1306180,1
1306570,1
1306580,28
1306630,22
1306720,1
1306750,2
1306790,1
1307070,1
1307090,3
1307550,91
1307580,10
1307670,2
1307710,2
1307870,2
1307890,23
1308500,2
1308700,1
1309130,2
1309610,1
1310510,6
1310520,5
1310590,2
1310650,1
1310990,23
1311070,2
1311160,1
1311640,2
1311660,3
1311740,1
1313140,102
1313310,1
1313470,1
1313580,2
1313810,1
1313940,1
1314000,1
1314140,8
1314460,3
1314620,1
1314770,1
1314880,1
1314980,1
1315070,3
1315120,1
1315160,4
1315210,1
1315610,5
1315630,1
1315980,3
1316230,5
1316800,2
1316910,10
1318090,6
1318280,1
1318420,11
1318560,1
1318690,54
1318940,3
1319420,2
1319550,1
1320030,1
1320100,8
1320550,3
1320950,5
1321070,10
1321230,2
1321270,1
1321450,2
1321680,2
1322170,5
1322650,3
1323000,1
1323420,4
1323470,4
1323900,3
1324030,2
1324070,2
1324130,3
1324350,1
1324530,3
1324780,19
1325200,188
1325310,1
1325400,3
1325470,3
1325800,1
1325860,19
1325870,1
1325890,1
1325900,2
1326000,4
1326270,1
1326700,2
1327020,1
1327440,2
1327820,1
1328350,7
1328490,1
1328510,1
1328530,1
1328660,36
1328670,177
1328750,1
1328890,1
1328900,1
1328920,1
1329110,1
1329500,3
1329600,5
1329790,1
1329990,1
1330000,3
1330120,2
1330460,15
1330470,21
1330550,1
1330660,1
1330890,1
1330930,1
1331910,3
1332010,178
1332090,1
1332470,4
1332890,1
1332970,1
1332990,1
1333350,5
1333410,3
1333470,1
1333530,2
1333800,3
1333910,3
1333920,2
1334000,4
1334010,4
1334040,11
1334650,1
1334700,2
1334730,3
1334780,1
1334840,2
1335200,27
1335230,1
1335240,1
1335290,3
1335530,3
1335560,3
1335790,25
1335830,3
1336160,2
1336210,1
1336430,1
1336490,4
1336560,2
1336840,1
1336980,2
1337010,21
1337030,1
1337100,1
1337530,3
1337710,2
1337760,4
1337890,2
1338220,1
1338250,4
1338330,7
1338390,1
1338420,1
1338460,1
1338640,2
1338770,26
1338790,1
1339330,1
1339410,1
1339580,4
1339860,1
1340120,1
1340130,11
1340180,2
1340470,1
1340570,1
1340640,3
1340810,4
1341050,2
1341060,5
1341200,3
1341210,1
1341290,29
1341400,1
1341460,1
1341820,4
1341960,1
1342040,1
1342050,1
1342060,1
1342120,2
1342220,1
1342260,2
1342330,14
1342480,1
1342620,6
1342790,7
1342890,6
1343240,14
1343260,1
1343370,82
1343400,99
1343520,2
1343620,2
1343670,8
1343750,1
1344350,27
1344440,1
1344530,3
1345080,2
1345400,1
1345440,1
1345470,1
1345740,12
1345820,10
1345860,3
1346010,4
1346070,7
1346260,1
1346390,1
1346600,1
1346740,1
1346770,2
1346830,4
1346890,1
1346960,3
1346980,2
1347030,15
1347420,1
1347450,2
1347550,5
1347780,8
1347970,1
1348160,2
1348180,2
1348300,5
1348390,1
1348400,1
1348680,1
1348700,5
1349060,7
1349230,50
1349830,1
1349920,2
1349960,1
1350200,2
1350340,1
1350350,3
1351300,1
1351450,2
1351500,1
1351630,6
1352080,19
1352230,1
1352330,3
1352740,1
1352850,1
1352930,3
1353120,2
1353270,12
1353300,18
1353370,1
1354230,5
1354370,1
1354750,1
1354830,2
1354910,2
1355140,1
1355570,1
1355650,2
1355760,2
1355880,1
1355930,3
1356160,1
1356180,1
1356280,5
1356670,24
1357220,1
1357610,2
1357860,2
1357870,4
1358090,1
1358140,6
1358610,1
1358710,4
1358830,1
1359090,122
1359120,1
1359300,1
1359650,14
1359900,1
1359980,27
1360000,12
1360040,1
1360270,1
1360390,1
1360430,2
1361000,68
1361010,2
1361020,1
1361210,16
1361320,46
1361400,1
1361510,22
1361670,1
1361680,4
1361700,13
1361810,2
1361860,1
1362560,2
1362830,2
1363360,1
1363430,25
1363490,2
1363770,1
1363850,3
1364010,2
1364100,7
1364130,2
1364390,6
1364800,2
1364950,1
1364960,17
1365010,3
1365390,1
1365750,2
1365760,1
1366290,6
1366320,1
1366420,1
1366540,167
1366610,1
1366720,2
1366800,19
1366950,1
1367020,7
1367300,12
1367530,3
1367550,29
1367590,22
1367690,3
1367750,1
1367760,3
1368030,8
1368120,1
1368340,2
1368410,2
1368780,1
1368820,2
1368860,13
1368870,2
1368910,17
1368950,6
1369320,38
1369340,13
1369370,1
1369400,1
1369470,4
1369520,1
1369630,105
1369670,13
1369760,2
1369770,1
1370050,3
1370140,1
1370170,2
1370410,2
1370600,1
1371050,1
1371630,4
1371690,4
1371720,4
1372110,4
1372220,2
1372280,37
1372300,3
1372320,13
1372530,4
1372810,19
1372830,2
1373180,1
1373260,2
1373320,1
1373430,2
1373510,8
1373550,4
1373700,1
1373780,5
1373880,2
1373920,2
1374290,1
1374480,1
1374840,5
1374930,2
1374990,1
1375400,4
1375530,1
1375540,1
1375740,23
1375760,1
1375870,11
1375930,1
1376070,2
1376270,1
1376420,4
1376890,2
1377150,5
1377260,1
1377350,1
1377360,30
1377380,21
1377430,1
1377450,4
1377540,1
1377550,1
1377580,39
1377920,2
1378040,1
1378060,2
1378070,4
1378290,3
1378350,2
1378370,1
1378990,4
1379130,1
1379380,2
1379560,2
1379830,4
1379870,2
1379930,1
1379970,2
1380220,1
1380390,2
1380410,1
1380420,1
1380430,1
1380910,2
1381440,1
1381650,1
1381980,3
1382200,8
1382320,1
1382330,91
1382790,1
1382910,1
1383170,1
1383510,1
1383630,2
1383700,1
1383740,5
1383770,2
1383960,3
1384160,196
1384290,2
1384320,2
1384380,2
1384620,2
1384700,1
1384770,8
1384890,1
1385100,8
1385210,2
1385380,14
1385460,1
1385730,13
1385780,2
1385880,3
1385950,2
1385960,1
1386040,1
1386710,1
1386730,1
1386780,3
1386900,10
1387150,2
1387480,1
1388280,1
1388320,4
1388430,1
1388590,35
1388650,1
1388770,58
1388870,1
1388880,103
1389160,10
1389260,1
1389270,1
1389550,2
1389560,9
1389630,7
1389950,7
1390010,1
1390190,3
1390300,1
1390350,47
1390410,1
1390600,1
1390670,1
1390700,1
1391000,1
1391250,1
1391450,2
1391530,2
1391540,2
1392060,14
1392170,1
1392340,1
1392820,122
1392960,1
1393350,26
1393370,4
1393380,1
1393410,8
1393420,5
1393500,2
1393750,3
1393820,1
1394160,1
1394270,17
1395030,2
1395180,1
1395270,1
1395560,24
1395760,2
1396240,18
1396260,1
1396490,1
1396890,3
1397010,2
1397030,1
1397110,2
1397290,1
1397650,1
1397790,4
1397920,38
1397980,1
1398100,1
1398390,4
1398440,1
1398500,1
1398570,1
1398740,10
1399080,1
1399090,1
1399300,1
1399590,5
1399750,1
1399840,2
1400080,1
1400290,4
1400320,1
1400520,1
1401560,1
1401590,10
1402020,10
1402320,9
1402420,1
1402580,1
1403020,4
1403190,1
1403280,1
1403370,20
1403830,1
1404150,1
1404190,3
1404210,272
1404500,1
1404530,1
1404660,2
1404850,35
1405440,2
1405470,5
1406000,1
1406020,1
1406040,1
1406690,2
1406780,3
1406850,5
1406990,61
1407090,1
1407200,61
1407420,10
1407450,3
1408110,5
1408230,14
1408570,2
1408610,5
1408720,87
1409000,1
1409710,2
1409740,1
1410100,1
1410260,2
1410370,2
1410640,4
1410710,10
1410830,3
1410870,4
1411030,1
1411180,1
1411200,1
1411670,5
1411800,1
1412170,7
1412190,7
1412470,4
1412510,6
1412570,5
1412580,2
1412840,1
1413020,5
1413370,1
1413480,21
1413580,1
1413680,1
1413870,3
1413960,1
1413990,1
1414020,1
1414180,6
1414250,1
1414430,3
1414700,1
1414770,2
1414800,1
1414850,13
1415140,7
1415250,1
1415410,4
1415660,8
1416130,19
1416210,1
1416230,7
1416240,12
1416260,4
1416450,2
1416460,2
1416730,2
1416760,1
1417010,6
1417420,4
1417490,1
1417540,1
1417720,3
1418100,21
1418160,5
1418540,1
1418630,17
1418800,2
1418830,2
1418970,2
1419160,1
1419170,104
1419290,3
1419480,3
1419730,8
1419740,1
1419860,15
1420050,3
1420060,1
1420290,9
1420300,2
1420510,1
1420540,2
1420580,1
1420650,2
1420740,3
1420770,4
1420810,1
1420950,1
1421250,32
1421410,1
1421760,5
1421790,7
1422190,1
1422200,2
1422220,1
1422380,1
1422540,3
1422610,1
1422750,2
1422820,1
1423270,1
1423370,4
1423600,3
1424050,1
1424250,1
1424330,13
1424520,1
1424630,1
1424660,10
1424710,2
1424720,9
1424770,1
1424790,1
1424870,2
1424910,2
1424980,4
1425270,1
1425390,1
1425760,1
1426050,1
1426110,1
1426210,405
1426280,1
1426310,2
1426450,12
1426480,1
1426490,7
1426500,4
1426730,4
1427210,4
1427680,1
1427880,1
1427890,3
1428100,1
1428310,11
1428320,1
1428470,4
1428580,1
1428610,2
1428780,1
1428820,1
1428870,1
1428900,8
1429100,1
1429640,2
1429670,1
1429740,1
1430010,1
1430030,1
1430420,7
1430640,1
1430760,2
1431230,2
1431240,2
1431350,1
1431610,13
1431780,1
1431950,1
1432050,23
1432200,1
1432220,1
1432320,1
1432390,1
1432750,4
1432860,8
1433010,1
1433190,1
1433320,1
1433340,6
1433420,7
1433860,2
1433990,8
1434310,1
1434480,29
1434950,17
1435090,1
1435310,4
1435670,1
1435780,3
1435790,54
1436590,10
1436650,1
1436680,2
1436920,2
1436990,11
1437050,2
1437340,2
1437420,1
1437500,2
1437820,5
1437830,9
1437850,1
1437880,11
1438190,1
1438440,11
1439300,1
1440350,1
1440440,11
1440500,2
1440670,1
1441180,2
1441570,1
1441680,1
1441840,4
1442480,1
1442820,4
1443200,2
1443360,1
1443430,3
1443490,4
1444020,2
1444110,5
1444150,1
1444300,1
1444350,8
1444650,8
1444670,1
1444730,1
1444750,1
1445040,2
1445440,1
1445720,1
1446160,2
1446320,1
1446330,3
1446650,6
1446720,2
1446780,149
1446930,2
1446980,1
1447000,2
1447430,14
1448030,27
1448220,1
1448260,2
1448520,1
1448530,4
1448600,2
1448800,2
1449000,1
1449070,1
1449100,1
1449200,2
1449280,8
1449690,62
1449750,2
1449850,95
1450080,1
1450100,1
1450120,2
1450180,4
1450650,3
1450800,1
1450830,5
1451090,1
1451110,1
1451120,2
1451230,1
1451480,2
1451940,80
1452410,1
1452700,1
1452790,1
1452830,2
1452850,4
1453250,1
1453490,9
1453600,1
1453790,1
1453840,1
1453850,1
1454010,1
1454090,1
1454100,2
1454400,232
1454430,2
1454520,3
1454730,1
1455220,3
1455630,5
1455680,2
1455780,1
1455840,102
1455920,1
1456200,6
1456230,1
1456650,8
1456820,6
1456880,1
1457370,1
1457510,1
1457550,2
1457620,1
1457740,1
1458000,1
1458100,17
1458350,2
1458390,2
1458560,1
1458900,1
1459360,1
1459500,1
1459710,1
1459910,2
1459960,2
1460040,3
1460050,1
1460090,9
1460220,1
1460490,1
1460510,1
1460540,2
1460610,1
1460750,3
1460830,3
1461200,1
1461600,2
1461680,1
1461740,3
1461770,3
1461800,1
1462040,33
1462060,1
1462220,1
1462470,3
1462570,11
1462650,1
1462810,5
1462860,1
1463450,1
1463470,3
1463530,1
1463730,6
1463890,2
1463920,6
1464190,1
1464290,1
1464380,2
1464550,1
1464610,1
1464910,1
1464930,9
1465070,12
1465360,58
1465380,1
1465500,2
1465510,4
1465860,46
1465890,1
1466640,70
1466680,2
1466690,1
1466860,109
1466930,1
1467020,1
1467260,1
1467740,1
1468040,1
1468260,115
1468720,12
1468810,210
1469280,37
1469370,3
1469550,1
1469910,1
1471080,1
1471180,2
1471410,10
1471910,1
1471960,1
1472250,4
1472540,2
1472560,4
1472660,6
1473050,1
1473250,1
1473480,3
1474200,1
1475160,1
1475180,1
1475380,19
1475400,1
1475430,2
1475460,3
1475810,52
1476170,2
1476230,2
1476340,13
1476430,2
1476970,41
1477050,1
1477330,3
1477570,1
1477590,8
1477630,2
1477770,2
1477790,10
1477830,2
1477870,1
1477920,2
1478050,3
1478070,2
1478160,1
1478180,1
1478220,21
1478320,2
1479030,1
1479500,2
1479990,1
1480030,2
1480120,2
1480370,1
1480480,1
1480560,9
1480830,1
1481060,1
1481080,4
1481400,23
1481680,2
1481780,1
1482320,1
1482340,3
1482430,1
1482610,1
1482620,20
1482640,1
1482840,3
1482860,2
1482870,1
1482910,2
1483310,2
1483350,1
1483570,1
1483780,1
1483870,92
1483980,1
1484280,6
1484720,17
1484730,1
1484800,7
1484900,2
1484960,1
1485080,4
1485120,1
1485250,3
1485340,4
1485870,3
1486050,1
1486350,12
1486630,8
1486750,1
1486840,1
1487320,1
1487360,1
1487390,1
1487460,2
1488100,2
1488200,14
1488640,1
1488650,1
1488750,1
1489010,2
1489290,1
1489300,1
1489630,4
1489660,1
1489970,1
1490130,2
1490190,2
1490410,3
1490460,2
1490490,1
1490610,4
1490680,1
1490790,1
1490840,6
1490860,2
1490890,45
1490980,1
1491340,4
1491490,1
1491510,1
1491640,2
1491790,1
1492070,1
1492160,3
1492360,3
1492450,1
1492480,1
1492680,6
1492990,1
1493020,1
1493760,8
1494110,1
1494190,10
1494260,1
1494440,6
1494460,4
1494680,1
1494840,3
1494920,1
1495420,2
1495640,1
1495860,3
1495870,1
1496320,1
1496430,1
1496790,5
1497000,1
1497450,1
1497640,1
1497650,1
1497950,3
1498250,2
1498570,15
1499120,4
1499180,1
1500380,4
1500390,1
1500600,2
1500820,1
1500970,1
1501420,1
1501900,1
1502040,3
1502120,4
1502160,1
1502190,1
1502230,3
1502260,1
1502380,1
1502560,1
1502620,1
1502660,8
1502760,1
1502790,1
1502970,1
1502980,1
1503280,1
1503370,1
1503530,2
1503670,2
1503920,1
1504020,26
1504150,1
1504220,1
1504340,1
1504490,1
1504500,26
1504570,1
1504740,6
1505390,1
1505440,1
1505450,1
1505470,1
1505560,4
1505770,1
1506410,1
1506510,7
1506620,3
1506830,95
1506980,13
1507190,1
1507410,1
1507640,1
1507780,4
1507970,18
1508030,6
1508260,1
1508270,2
1508430,2
1508460,4
1508640,1
1508670,1
1508680,10
1508740,1
1508750,1
1508900,1
1508920,4
1508960,1
1509000,1
1509090,4
1509420,1
1509510,14
1509820,25
1509960,69
1510030,3
1510380,1
1510460,13
1510570,1
1510860,2
1510930,1
1510950,2
1511270,8
1511450,1
1511630,1
1511670,5
1511830,2
1511860,10
1512200,1
1513120,2
1513310,1
1513840,1
1514360,1
1514370,1
1514480,1
1514660,2
1514690,1
1514930,5
1515180,2
1515200,1
1515210,4
1515280,1
1515290,1
1515340,1
1515460,1
1515740,1
1515900,3
1515950,16
1515990,1
1516080,3
1516240,17
1516320,1
1516440,1
1516490,1
1516750,2
1516820,1
1517150,2
1517290,177
1517340,8
1517490,1
1517890,1
1517960,5
1517970,6
1518190,1
1518440,2
1518770,7
1519350,8
1519470,1
1519900,1
1520260,1
1520270,4
1520370,13
1520380,2
1520470,12
1520680,1
1520710,1
1521190,1
1521580,6
1521600,1
1521810,1
1521930,3
1522180,1
1522630,1
1522660,7
1522820,61
1522870,11
1522930,3
1522950,1
1523390,3
1523400,4
1523510,1
1524350,1
1524380,3
1524400,1
1524630,1
1524650,1
1524690,1
1524710,1
1524750,3
1525320,1
1525330,1
1525410,1
1525420,1
1525620,3
1525660,3
1525700,18
1526120,1
1526180,1
1526380,2
1526490,13
1526520,1
1527260,1
1527290,1
1527500,1
1527910,12
1527930,1
1527950,22
1528080,14
1528130,7
1528240,1
1528570,1
1528860,3
1529470,2
1529560,2
1529770,1
1529810,1
1530140,12
1530150,1
1530340,2
1530720,3
1530750,2
1530760,2
1530920,1
1531010,1
1531250,1
1531430,4
1531540,7
1531720,6
1531840,2
1532170,3
1532180,3
1532260,1
1532510,5
1533280,2
1533390,106
1533420,46
1533590,1
1533600,1
1533940,1
1534180,2
1534200,2
1534550,1
1534980,1
1535060,1
1535210,1
1535490,1
1535500,1
1535560,1
1536070,3
1536210,1
1536610,40
1536770,1
1537480,2
1538460,3
1538570,4
1538620,1
1538670,1
1538920,1
1539580,7
1539620,1
1539750,1
1540060,2
1540150,16
1540220,2
1540960,2
1541220,1
1541250,9
1541790,1
1541830,1
1542710,1
1542810,2
1542840,1
1543030,35
1543080,4
1543150,1
1543210,1
1543240,1
1543270,1
1543460,1
1543760,1
1544020,5
1544360,6
1544460,1
1544510,1
1544570,1
1545450,8
1545700,1
1545820,6
1545990,1
1546010,4
1546280,3
1546320,6
1546440,2
1546500,3
1546570,17
1546790,2
1546920,1
1546930,1
1547160,4
1547380,1
1547490,1
1547860,2
1547890,2
1548130,1
1548320,3
1548750,1
1548820,4
1548940,1
1549030,1
1549180,32
1549220,1
1549240,1
1549250,2
1549550,1
1549660,1
1549750,7
1549970,82
1550280,1
1550510,4
1550710,15
1550840,3
1551030,1
1551160,2
1551360,255
1551510,1
1551520,1
1551920,1
1552350,7
1552550,3
1552620,2
1552730,2
1552810,1
1553230,1
1553320,1
1553910,3
1554220,2
1554550,2
1554700,1
1554790,11
1554840,8
1554860,4
1554970,1
1555110,1
1555650,1
1555710,18
1556200,11
1556790,8
1556860,1
1556870,1
1556980,1
1557230,1
1557700,1
1557740,97
1557780,2
1557990,4
1558490,1
1558510,3
1558970,1
1559390,34
1559430,2
1559450,1
1560110,1
1560640,1
1560890,1
1560940,1
1561750,2
1561850,1
1561910,2
1561980,1
1562020,1
1562260,3
1562420,28
1562700,6
1562920,2
1562940,3
1563180,15
1563340,2
1563490,2
1563700,2
1563710,1
1564090,2
1564560,1
1564920,1
1565670,1
1566090,1
1566250,1
1566390,14
1566410,7
1566570,1
1566910,2
1567020,2
1567200,1
1567260,1
1567370,1
1567420,4
1567740,1
1567800,15
1568180,2
1568330,1
1568540,6
1568590,53
1568620,1
1568720,1
1568730,1
1569090,3
1569140,1
1569150,1
1569180,1
1569200,1
1569440,1
1569470,1
1569550,2
1569620,1
1569700,1
1569820,1
1570010,6
1570070,7
1570160,1
1570330,1
1570700,2
1570730,3
1570750,1
1570850,1
1570960,3
1571010,1
1571330,1
1571440,45
1571940,1
1572040,1
1572080,2
1572120,2
1572270,3
1572340,1
1572420,1
1572440,3
1572830,1
1572920,5
1573580,2
1573720,3
1573970,1
1574000,4
1574240,2
1574250,1
1574270,5
1574330,1
1574470,1
1574580,14
1574620,2
1574700,9
1574750,1
1575300,2
1575470,2
1575730,1
1575870,5
1576060,1
1576130,3
1576350,1
1576970,1
1577120,31
1577240,2
1577250,1
1577280,1
1577970,2
1578060,1
1578390,3
1578570,1
1578650,13
1578860,17
1579120,1
1579260,1
1579380,10
1580240,4
1580520,1
1580570,1
1580790,4
1580970,19
1581040,1
1581220,2
1581800,1
1582570,4
1582620,2
1582680,4
1583170,1
1583230,3
1583280,9
1583300,1
1583320,16
1583390,2
1583410,1
1583570,1
1583720,37
1584040,1
1584090,46
1584190,2
1584300,1
1584810,2
1584830,1
1584980,1
1585020,2
1585230,1
1585360,1
1585440,2
1585540,2
1585700,1
1585910,1
1586290,1
1586300,1
1586750,1
1586820,2
1586830,3
1587130,10
1587180,2
1587540,1
1587560,8
1587710,1
1588040,1
1588140,1
1588160,2
1588190,1
1588410,2
1588530,1
1589380,3
1589540,1
1589770,3
1590030,2
1590160,1
1590320,48
1590360,3
1590640,2
1590660,3
1590910,13
1591290,9
1591340,1
1591420,2
1591470,1
1591520,32
1591530,4
1591860,1
1592110,3
1592180,3
1592190,22
1592260,1
1592340,1
1592520,2
1592530,1
1592600,1
1592610,1
1592670,9
1592880,1
1593280,1
1593310,19
1593350,1
1593490,4
1593500,272
1593750,3
1594320,2
1594400,1
1594410,3
1594940,9
1595280,1
1595380,2
1595710,3
1596310,2
1596370,3
1596380,1
1596850,5
1596950,4
1597220,1
1597270,2
1597480,1
1597730,4
1598010,1
1598160,7
1598560,3
1598730,3
1598920,1
1599020,1
1599080,1
1599210,1
1599250,5
1599340,347
1599410,1
1599520,1
1599560,2
1599600,20
1599660,3
1599690,1
1599860,2
1599880,4
1600370,1
1600530,10
1600900,1
1601680,2
1601970,2
1602010,9
1602080,1
1602700,1
1602900,1
1603410,1
1603980,7
1604000,53
1604020,1
1604030,142
1604240,3
1604350,1
1604380,3
1604540,1
1604640,2
1604690,1
1605010,14
1605220,23
1605290,1
1605580,1
1605690,2
1605960,3
1606300,1
1606580,2
1606760,1
1606940,1
1607040,1
1607200,2
1607280,3
1608040,2
1608290,13
1608400,1
1608450,3
1608470,1
1608560,1
1608700,3
1609080,9
1609230,1
1609870,1
1610320,1
1610460,2
1610470,2
1610820,2
1610870,20
1610900,1
1611300,3
1611410,2
1611430,2
1611490,6
1611600,13
1611830,1
1611910,29
1612030,1
1612110,1
1612140,1
1612200,1
1612420,3
1612480,2
1612620,6
1612770,2
1612780,3
1612810,2
1612910,1
1612920,1
1612960,1
1614270,2
1614340,1
1614550,1
1614730,1
1615100,7
1615290,12
1615930,2
1616690,1
1617030,2
1617480,1
1618230,11
1618310,1
1618540,29
1619790,1
1620110,2
1620160,1
1620340,6
1621070,3
1621140,3
1621200,1
1621310,7
1621560,2
1621690,62
1622470,1
1622770,1
1622800,1
1623000,1
1623080,1
1623210,2
1623660,15
1623700,1
1625080,7
1625110,2
1625230,1
1625450,364
1625720,1
1625960,2
1626460,1
1626890,5
1627360,1
1627420,1
1627630,1
1628130,2
1628480,1
1629100,1
1629200,1
1629520,1
1629530,1
1630360,1
1630500,1
1630570,2
1630590,1
1630650,1
1630910,1
1630920,2
1631210,4
1631640,3
1631850,1
1631860,1
1632140,1
1632160,1
1632330,1
1632770,2
1634150,33
1634450,1
1634680,7
1635250,1
1635450,4
1635590,4
1635620,1
1635920,1
1636700,1
1637140,1
1637320,10
1637370,8
1637670,3
1637730,4
1638140,1
1638220,9
1638340,1
1638390,4
1638660,10
1638860,1
1639040,1
1639340,1
1639430,2
1639580,1
1639610,4
1639650,2
1639790,4
1639930,1
1640180,1
1640540,1
1640720,2
1640930,1
1641270,29
1641450,1
1641500,1
1641650,5
1641670,3
1641730,1
1641890,4
1641990,2
1642130,3
1642220,1
1642230,1
1642580,1
1643660,1
1643850,1
1644150,1
1644310,1
1644490,7
1644720,3
1644840,1
1644960,24
1644990,1
1645820,3
1646030,1
1646350,2
1647000,1
1647190,1
1648390,1
1648550,2
1648560,1
1648590,8
1648610,3
1648900,1
1649080,6
1649540,1
1649830,1
1650550,1
1650810,3
1651500,1
1651540,1
1651860,1
1651870,1
1651960,7
1652680,2
1653970,1
1654890,1
1654900,1
1655140,18
1655700,1
1655840,1
1656600,2
1656640,2
1656780,8
1656880,1
1657170,2
1657630,20
1658290,1
1658620,1
1658930,1
1659040,32
1659180,1
1659400,1
1659420,14
1659800,3
1660040,1
1660290,1
1660460,1
1660520,1
1660860,1
1660910,1
1661260,10
1661640,1
1661880,1
1662480,2
1662570,1
1662690,1
1662840,14
1662850,2
1662940,1
1663580,1
1664220,2
1664350,3
1664360,1
1665190,2
1665460,27
1665500,3
1666250,1
1666310,1
1666720,1
1667400,2
1668170,1
1668510,1
1668690,4
1668780,1
1669160,1
1669170,1
1669340,1
1669420,2
1669490,2
1670870,3
1671200,16
1671280,1
1671340,16
1671350,3
1671420,1
1671550,2
1671600,2
1671770,1
1672140,1
1672670,6
1672920,3
1672970,25
1673190,1
1673630,1
1674150,1
1674170,28
1674270,1
1674820,1
1674880,1
1674890,6
1675140,7
1675620,1
1675640,1
1675670,6
1676130,1
1676200,1
1677140,1
1677410,1
1677740,89
1678430,3
1678750,1
1679220,1
1679290,4
1679320,5
1679740,1
1680000,1
1680400,1
1680550,3
1681120,1
1681160,6
1681480,1
1681510,1
1681730,1
1681970,5
1682060,2
1682410,2
1683100,2
1683240,1
1683320,2
1683340,1
1683590,1
1683860,7
1683900,1
1684100,1
1684410,1
1684660,5
1684900,1
1684930,5
1685030,2
1685750,4
1686540,1
1686620,1
1686820,3
1687060,2
1687950,21
1688100,2
1688470,1
1688850,1
1689280,1
1689680,1
1689870,1
1689910,1
1690710,1
1691400,2
1692070,5
1692250,12
1692390,1
1692700,1
1693040,3
1693990,1
1694200,1
1694290,1
1694560,1
1694600,2
1694960,4
1695080,2
1695480,2
1695670,1
1695830,4
1695840,4
1696080,1
1696220,1
1696670,1
1696810,7
1697700,7
1697720,1
1698570,1
1698960,14
1699200,3
1699460,1
1699660,1
1699830,1
1700870,3
1701190,1
1701460,1
1701560,1
1702180,2
1702320,2
1702330,1
1702840,1
1703340,81
1704060,3
1705180,2
1705520,1
1705560,1
1705870,1
1706090,1
1706190,1
1706570,1
1706710,1
1706810,1
1706930,1
1707550,3
1707650,1
1707790,1
1707840,1
1707870,1
1708460,4
1708520,4
1708870,27
1709040,1
1709070,1
1709170,1
1709260,1
1709460,3
1709500,5
1709510,1
1709900,1
1709920,2
1710170,8
1710400,1
1710580,1
1710670,1
1710750,1
1710890,1
1710920,1
1710930,21
1711840,2
1711950,2
1712150,1
1712570,1
1712830,6
1713190,1
1713610,9
1713640,1
1713810,3
1714040,68
1714320,20
1714590,4
1715130,17
1715460,10
1715730,3
1715850,2
1715980,1
1716120,1
1716940,2
1717300,1
1717810,2
1718130,6
1718160,1
1718570,6
1718870,4
1719100,4
1719130,1
1719460,1
1719660,2
1720050,7
1720090,1
1720850,2
1721170,2
1721470,125
1721530,1
1721870,1
1721980,2
1722020,4
1722390,1
1722570,5
1722620,4
1722760,1
1722780,1
1723260,6
1723420,1
1723560,1
1724000,1
1724130,1
1724440,1
1725660,1
1725950,1
1726190,2
1726400,2
1726730,1
1726760,1
1727000,1
1727180,1
1727220,1
1727520,1
1727650,66
1728460,1
1728830,1
1729410,1
1729700,1
1729710,1
1730360,4
1730590,1
1730680,2
1730920,1
1731070,1
1731200,5
1731270,3
1731520,6
1731870,3
1732190,18
1732650,1
1732740,13
1732750,2
1733030,1
1733880,2
1733890,1
1734320,1
1734680,2
1735950,4
1736400,2
1736450,1
1736490,1
1737690,2
1738150,1
1739300,1
1739530,1
1739610,1
1739630,1
1739880,2
1740000,2
1740100,21
1740140,1
1740150,1
1740240,1
1740540,1
1740680,1
1740720,14
1740730,3
1740760,1
1741640,1
1742530,1
1742610,1
1743410,1
1743850,2
1744570,1
1744910,3
1745170,1
1745480,1
1745510,10
1745550,2
1745750,1
1745790,1
1746520,1
1746870,1
1747050,1
1747590,1
1747650,7
1748230,1
1748390,2
1748610,1
1748740,1
1748890,1
1749200,1
1749350,1
1749630,23
1749750,1
1749980,1
1750570,3
1750600,1
1751630,4
1751980,1
1753090,2
1753100,3
1753530,1
1754150,1
1754840,5
1755030,1
1755350,4
1755910,1
1756090,1
1758920,2
1759440,6
1760020,1
1760090,2
1760160,1
1760240,1
1760250,1
1760980,1
1761010,1
1761390,29
1761820,2
1761860,3
1762010,2
1762270,1
1762550,1
1763050,8
1763830,1
1764390,17
1765150,1
1765520,1
1765780,3
1765820,1
1766010,1
1766100,2
1766740,6
1766790,2
1767170,1
1768550,2
1768880,1
1769170,1
1769420,2
1770390,1
1771200,1
1771360,1
1771380,3
1772750,1
1772820,2
1773200,1
1773320,1
1773700,1
1774100,3
1774980,2
1775110,1
1776160,3
1776400,2
1776970,9
1777430,1
1777620,3
1777750,2
1777760,2
1778590,1
1779200,1
1779460,2
1779690,1
1779710,1
1780270,1
1780690,3
1780850,1
1780990,1
1781030,1
1781160,4
1781750,1
1781880,1
1782210,620
1782330,4
1782600,1
1783200,1
1783510,1
1783540,1
1783740,1
1785680,1
1785820,5
1785910,1
1786640,1
1786790,5
1787090,2
1787500,1
1787760,1
1787820,13
1787860,1
1788040,1
1788170,3
1788780,1
1789480,17
1789650,1
1790630,1
1791030,1
1791610,1
1791790,1
1792010,3
1792250,6
1792610,2
1792820,2
1793020,1
1793420,1
1794250,2
1794680,214
1794780,2
1794960,4
1795170,1
1795430,1
1795770,1
1795960,2
1796200,1
1797040,1
1797680,2
1797880,2
1798780,4
1798930,2
1799930,1
1800730,5
1800790,1
1800890,2
1800900,1
1801030,1
1801650,7
1801850,1
1801860,1
1802330,3
1802420,2
1802720,3
1802860,5
1803190,1
1803420,1
1803840,1
1803960,1
1804580,1
1805140,1
1805670,1
1805930,5
1806040,20
1806840,17
1807080,6
1807450,1
1807480,1
1807610,1
1807660,1
1808060,3
1808120,8
1808400,1
1808780,4
1808800,11
1810000,1
1810210,1
1810580,1
1810600,1
1810960,1
1811040,2
1811260,9
1811480,1
1812060,1
1812090,1
1812280,2
1812390,5
1812620,1
1812780,1
1812820,17
1814010,1
1814710,1
1814780,1
1814980,1
1815230,1
1815340,2
1815400,1
1815440,1
1815780,4
1816670,12
1816880,1
1817070,157
1817190,7
1817250,1
1817470,1
1817910,1
1817940,2
1818240,1
1818690,1
1818750,2
1819020,1
1819180,1
1819230,1
1819250,1
1819570,9
1819800,1
1819980,2
1820160,1
1822190,3
1822710,1
1822910,3
1823340,2
1823360,1
1824080,2
1824170,1
1824220,71
1825650,1
1825740,1
1825910,1
1826860,2
1827180,6
1827680,5
1827940,1
1827980,1
1828210,2
1828320,1
1828410,1
1828630,4
1828640,1
1829420,1
1829650,2
1829910,2
1829980,12
1830840,15
1831630,2
1832640,41
1833000,3
1833040,3
1833300,1
1833960,4
1834870,7
1835200,1
1835440,1
1835530,1
1835810,1
1835840,2
1836310,2
1836450,5
1836860,4
1836940,1
1837200,3
1837750,1
1838140,1
1838560,1
1838800,1
1839180,1
1839660,3
1839940,1
1840490,3
1841060,1
1841100,1
1842410,1
1843030,2
1843090,5
1843350,1
1843760,9
1843940,5
1844410,1
1844510,1
1846170,18
1846380,1
1847130,1
1847390,1
1847600,2
1848160,1
1848450,10
1848710,1
1848960,1
1849040,2
1849900,3
1849930,1
1850480,6
1850510,2
1850570,36
1850740,10
1850840,1
1851280,6
1851380,1
1851640,1
1851730,1
1852520,2
1852990,1
1853200,3
1853890,1
1854120,1
1854430,12
1854580,1
1854740,1
1854940,1
1854980,7
1855660,1
1856480,1
1856540,2
1856680,2
1856740,1
1856910,1
1857140,1
1857580,1
1858530,1
1859280,2
1859360,2
1859370,1
1860570,1
1860860,3
1861780,1
1862210,1
1862520,2
1862940,3
1862960,1
1863100,1
1863540,1
1863750,5
1865060,1
1865130,1
1865370,33
1865440,17
1865780,6
1866180,11
1866880,1
1868000,2
1868140,3
1868300,3
1868410,2
1869590,14
1869710,1
1870320,1
1871510,1
1871830,1
1871990,1
1872790,3
1873030,8
1873570,1
1873800,1
1874170,2
1874400,1
1874490,1
1874840,1
1874880,18
1875670,1
1876560,1
1876730,2
1877440,1
1877960,1
1878070,2
1878210,1
1878570,2
1878740,4
1878970,1
1879330,1
1879380,3
1881250,1
1881340,3
1881350,5
1882040,2
1882160,1
1882240,1
1883260,3
1883580,1
1884540,1
1885690,2
1885750,2
1886850,1
1887250,2
1887550,1
1887930,1
1888010,2
1889520,2
1889640,3
1890120,4
1890520,1
1890710,1
1891700,15
1891930,2
1893200,1
1893330,1
1893350,1
1893620,1
1894230,1
1894680,1
1894790,2
1895130,1
1895630,1
1895920,1
1896450,1
1896700,1
1896820,1
1899400,1
1899700,1
1899710,1
1899800,1
1900340,6
1900490,2
1901340,2
1901370,4
1902710,2
1902750,1
1903270,1
1903370,3
1903400,1
1903730,1
1903780,1
1904040,1
1904610,1
1904730,1
1904820,3
1904860,2
1905180,32
1905260,1
1906020,1
1906160,2
1907070,1
1907720,1
1907900,1
1908250,1
1910580,8
1910680,2
1910780,1
1911390,21
1911450,1
1913190,1
1913490,4
1913730,2
1914570,1
1914580,1
1915550,1
1915910,1
1916930,1
1916970,5
1917090,6
1917450,1
1917920,1
1918450,1
1918520,1
1918530,1
1918680,3
1919040,1
1919060,1
1919140,1
1919460,7
1919500,5
1919550,1
1919590,6
1919740,1
1919750,1
1919910,1
1920390,1
1920400,2
1920540,1
1920650,1
1920660,2
1920790,1
1920940,1
1922210,1
1922560,31
1922870,1
1923690,1
1923790,1
1924310,1
1925600,1
1925970,1
1926170,1
1926890,1
1927140,1
1927720,3
1927740,1
1927780,10
1928910,1
1929360,3
1929870,11
1930600,1
1930640,4
1931980,1
1932570,1
1933650,5
1933740,1
1934800,1
1937650,1
1937840,1
1938090,75
1938670,1
1938990,1
1939160,1
1939560,1
1939790,1
1940310,1
1942280,21
1943610,1
1943950,11
1944240,3
1944250,3
1944570,1
1945030,1
1945250,1
1946550,2
1946970,1
1947940,1
1948280,39
1948430,1
1949190,4
1949370,1
1949740,12
1949960,1
1950020,1
1950570,1
1951380,1
1952170,1
1952760,1
1953060,1
1953520,1
1954200,7
1954750,2
1955330,3
1956370,1
1956600,5
1956740,1
1957990,3
1959480,1
1959960,1
1960710,1
1961460,3
1961950,1
1962570,1
1962920,1
1963210,1
1964810,1
1966580,1
1966690,1
1966900,53
1967320,2
1967510,2
1967620,1
1968730,1
1969080,4
1969440,1
1969870,10
1970580,4
1970980,1
1971820,1
1972440,4
1972820,2
1973700,1
1973710,3
1974080,2
1974090,1
1975120,1
1975180,3
1975360,2
1976440,1
1977030,1
1977530,9
1978760,1
1979160,1
1980390,1
1980420,1
1980530,1
1981190,1
1981500,1
1981570,1
1981710,1
1981970,1
1983000,1
1983270,2
1983430,1
1984390,1
1985240,1
1985260,4
1985360,1
1985500,2
1985510,1
1985690,24
1985930,1
1986010,1
1986310,1
1986840,4
1986900,2
1987080,32
1988540,2
1988630,1
1988830,1
1989990,3
1990690,2
1990740,1
1994230,2
1995120,1
1995680,1
1995870,1
1996760,1
1996930,4
1997040,5
1997080,1
1997680,3
1998120,1
1998130,1
1998530,2
1999170,1
1999360,5
1999970,1
2000110,1
2001690,1
2006330,1
2007530,1
2009300,1
2009340,1
2009380,2
2010420,3
2010720,1
2011160,1
2011470,2
2012270,1
2012840,3
2013300,1
2014780,1
2015500,1
2015620,2
2017370,2
2018130,1
2018220,1
2018250,1
2018280,1
2018640,1
2020530,1
2022180,1
2022270,2
2023050,2
2024230,3
2025750,1
2026370,2
2026520,1
2026750,1
2026870,1
2026880,1
2027350,2
2027370,1
2027550,1
2050450,1
2050480,1
2050590,1
2055220,1
2056560,3
2057080,1
2058150,1
2058180,10
2058190,3
2059650,1
2059790,2
2059810,2
2060130,5
2060550,1
2061020,1
2061250,1
2061440,4
2062210,1
2062550,1
2063050,1
2064650,1
2065330,2
2066020,4
2066240,2
2066250,1
2066360,4
2066550,2
2067000,1
2067170,1
2067920,12
2070550,2
2071360,1
2073470,6
2074780,1
2077180,1
2078780,2
2081060,1
2081460,1
2081470,1
2083900,1
2084110,1
2085800,1
2086570,1
2087030,38
2088250,3
2088270,1
2088570,1
2089920,1
2090230,2
2091130,1
2091250,1
2094250,1
2095450,1
2096790,1
2097720,1
2098350,1
2098470,1
2100980,1
2101220,1
2102020,1
2104770,1
2104790,1
2105910,1
2105960,1
2107280,1
2109640,2
2113050,2
2115050,1
2123840,1
2124420,1
2124780,3
2135500,2
2135690,1
2138700,3
2141690,2
2141730,3
2156260,1
2157340,1
2158860,3
2159780,1
2163810,1
2165610,1
2171920,1
2181830,1
2190290,1
2191670,1
2206340,1
2207540,2
2208920,1
